[INFO] === OmniScope IR Analysis ===

[INFO] File: /Users/scc/code/zigcode/OmniScope/corpus/real_world/other/abseil2024.ll


[DEBUG] Loading file: /Users/scc/code/zigcode/OmniScope/corpus/real_world/other/abseil2024.ll
[INFO] Loaded: 1124 functions


[2m[DEBUG][0m NOISE-SKIP [COMPILER_GEN]: _ZN4absl4CordC2INSt3__112basic_stringIcNS2_11char_traitsIcEENS2_9allocatorIcEEEETnNS2_9enable_ifIXsr3std7is_sameIT_S8_EE5valueEiE4typeELi0EEEOSA_
[2m[DEBUG][0m ANALYZE [USER]: _ZN4absl4Cord9InlineRepC1ENS_13cord_internal10InlineData15DefaultInitTypeE
[2m[DEBUG][0m NOISE-SKIP [COMPILER_GEN]: _ZNKSt3__112basic_stringIcNS_11char_traitsIcEENS_9allocatorIcEEE4sizeB8ne210108Ev
[2m[DEBUG][0m ANALYZE [USER]: _ZN4absl4Cord9InlineRep8set_dataEPKcm
[2m[DEBUG][0m NOISE-SKIP [COMPILER_GEN]: _ZNSt3__112basic_stringIcNS_11char_traitsIcEENS_9allocatorIcEEE4dataB8ne210108Ev
[2m[DEBUG][0m NOISE-SKIP [COMPILER_GEN]: _ZN4abslL17CordRepFromStringEONSt3__112basic_stringIcNS0_11char_traitsIcEENS0_9allocatorIcEEEE
[2m[DEBUG][0m ANALYZE [USER]: _ZN4absl4Cord9InlineRep11EmplaceTreeEPNS_13cord_internal7CordRepENS2_18CordzUpdateTracker16MethodIdentifierE
[2m[DEBUG][0m NOISE-SKIP [COMPILER_GEN]: _ZN4absl4CordC1INSt3__112basic_stringIcNS2_11char_traitsIcEENS2_9allocatorIcEEEETnNS2_9enable_ifIXsr3std7is_sameIT_S8_EE5valueEiE4typeELi0EEEOSA_
[2m[DEBUG][0m NOISE-SKIP [COMPILER_GEN]: _ZN4absl4Cord6AppendINSt3__112basic_stringIcNS2_11char_traitsIcEENS2_9allocatorIcEEEETnNS2_9enable_ifIXsr3std7is_sameIT_S8_EE5valueEiE4typeELi0EEEvOSA_
[2m[DEBUG][0m NOISE-SKIP [COMPILER_GEN]: _ZN4absl4Cord6AppendENSt3__117basic_string_viewIcNS1_11char_traitsIcEEEE
[2m[DEBUG][0m NOISE-SKIP [COMPILER_GEN]: _ZNKSt3__112basic_stringIcNS_11char_traitsIcEENS_9allocatorIcEEEcvNS_17basic_string_viewIcS2_EEB8ne210108Ev
[2m[DEBUG][0m ANALYZE [USER]: _ZN4absl4Cord9InlineRep10AppendTreeEPNS_13cord_internal7CordRepENS2_18CordzUpdateTracker16MethodIdentifierE
[2m[DEBUG][0m NOISE-SKIP [COMPILER_GEN]: _ZN4absl4Cord7PrependINSt3__112basic_stringIcNS2_11char_traitsIcEENS2_9allocatorIcEEEETnNS2_9enable_ifIXsr3std7is_sameIT_S8_EE5valueEiE4typeELi0EEEvOSA_
[2m[DEBUG][0m NOISE-SKIP [COMPILER_GEN]: _ZN4absl4Cord7PrependENSt3__117basic_string_viewIcNS1_11char_traitsIcEEEE
[2m[DEBUG][0m ANALYZE [USER]: _ZN4absl4Cord9InlineRep11PrependTreeEPNS_13cord_internal7CordRepENS2_18CordzUpdateTracker16MethodIdentifierE
[2m[DEBUG][0m NOISE-SKIP [COMPILER_GEN]: _ZN4absl13cord_internal25InitializeCordRepExternalENSt3__117basic_string_viewIcNS1_11char_traitsIcEEEEPNS0_15CordRepExternalE
[2m[DEBUG][0m NOISE-SKIP [COMPILER_GEN]: _ZNKSt3__117basic_string_viewIcNS_11char_traitsIcEEE5emptyB8ne210108Ev
[2m[DEBUG][0m NOISE-SKIP [COMPILER_GEN]: _ZNKSt3__117basic_string_viewIcNS_11char_traitsIcEEE4sizeB8ne210108Ev
[2m[DEBUG][0m NOISE-SKIP [COMPILER_GEN]: _ZNKSt3__117basic_string_viewIcNS_11char_traitsIcEEE4dataB8ne210108Ev
[2m[DEBUG][0m ANALYZE [USER]: _ZN4abslL10VerifyTreeEPNS_13cord_internal7CordRepE
[2m[DEBUG][0m ANALYZE [USER]: _ZN4absl4Cord9InlineRep19AppendTreeToInlinedEPNS_13cord_internal7CordRepENS2_18CordzUpdateTracker16MethodIdentifierE
[2m[DEBUG][0m ANALYZE [USER]: _ZNK4absl4Cord9InlineRep7is_treeEv
[2m[DEBUG][0m ANALYZE [USER]: _ZNK4absl13cord_internal10InlineData8is_emptyEv
[2m[DEBUG][0m ANALYZE [USER]: _ZN4absl4Cord9InlineRep25MakeFlatWithExtraCapacityEm
[2m[DEBUG][0m ANALYZE [USER]: _ZN4absl13cord_internal12CordRepBtree6AppendEPS1_PNS0_7CordRepE
[2m[DEBUG][0m ANALYZE [USER]: _ZN4absl13cord_internal12CordRepBtree6CreateEPNS0_7CordRepE
[2m[DEBUG][0m ANALYZE [USER]: _ZN4absl4Cord9InlineRep16AppendTreeToTreeEPNS_13cord_internal7CordRepENS2_18CordzUpdateTracker16MethodIdentifierE
[2m[DEBUG][0m ANALYZE [USER]: _ZNK4absl13cord_internal10InlineData10cordz_infoEv
[2m[DEBUG][0m ANALYZE [USER]: _ZN4absl13cord_internal16CordzUpdateScopeC1EPNS0_9CordzInfoENS0_18CordzUpdateTracker16MethodIdentifierE
[2m[DEBUG][0m ANALYZE [USER]: _ZN4abslL10ForceBtreeEPNS_13cord_internal7CordRepE
[2m[DEBUG][0m ANALYZE [USER]: _ZNK4absl13cord_internal10InlineData7as_treeEv
[2m[DEBUG][0m ANALYZE [USER]: _ZN4absl4Cord9InlineRep7SetTreeEPNS_13cord_internal7CordRepERKNS2_16CordzUpdateScopeE
[2m[DEBUG][0m ANALYZE [USER]: _ZN4absl13cord_internal16CordzUpdateScopeD1Ev
[2m[DEBUG][0m ANALYZE [USER]: _ZNK4absl13cord_internal7CordRep5IsCrcEv
[2m[DEBUG][0m ANALYZE [USER]: _ZNK4absl13cord_internal10InlineData7is_treeEv
[2m[DEBUG][0m ANALYZE [USER]: _ZN4absl4Cord9InlineRep20PrependTreeToInlinedEPNS_13cord_internal7CordRepENS2_18CordzUpdateTracker16MethodIdentifierE
[2m[DEBUG][0m ANALYZE [USER]: _ZN4absl13cord_internal12CordRepBtree7PrependEPS1_PNS0_7CordRepE
[2m[DEBUG][0m ANALYZE [USER]: _ZN4absl4Cord9InlineRep17PrependTreeToTreeEPNS_13cord_internal7CordRepENS2_18CordzUpdateTracker16MethodIdentifierE
[2m[DEBUG][0m ANALYZE [USER]: _ZN4absl4Cord9InlineRep10AssignSlowERKS1_
[2m[DEBUG][0m ANALYZE [USER]: _ZN4absl4Cord9InlineRep11EmplaceTreeEPNS_13cord_internal7CordRepERKNS2_10InlineDataENS2_18CordzUpdateTracker16MethodIdentifierE
[2m[DEBUG][0m ANALYZE [USER]: _ZN4absl13cord_internal7CordRep3RefEPS1_
[2m[DEBUG][0m ANALYZE [USER]: _ZNK4absl4Cord9InlineRep7as_treeEv
[2m[DEBUG][0m ANALYZE [USER]: _ZNK4absl4Cord9InlineRep4treeEv
[2m[DEBUG][0m ANALYZE [USER]: _ZN4absl13cord_internal10InlineData8set_treeEPNS0_7CordRepE
[2m[DEBUG][0m ANALYZE [USER]: _ZN4absl13cord_internal10InlineDataaSERKS1_
[2m[DEBUG][0m ANALYZE [USER]: _ZN4absl13cord_internal7CordRep5UnrefEPS1_
[2m[DEBUG][0m ANALYZE [USER]: _ZN4absl4Cord9InlineRep9UnrefTreeEv
[2m[DEBUG][0m NOISE-SKIP [COMPILER_GEN]: _ZN4absl4CordC2ENSt3__117basic_string_viewIcNS1_11char_traitsIcEEEENS_13cord_internal18CordzUpdateTracker16MethodIdentifierE
[2m[DEBUG][0m ANALYZE [USER]: _ZN4abslL7NewTreeEPKcmm
[2m[DEBUG][0m NOISE-SKIP [COMPILER_GEN]: _ZN4absl4CordC1ENSt3__117basic_string_viewIcNS1_11char_traitsIcEEEENS_13cord_internal18CordzUpdateTracker16MethodIdentifierE
[2m[DEBUG][0m ANALYZE [USER]: _ZN4absl4Cord15DestroyCordSlowEv
[2m[DEBUG][0m ANALYZE [USER]: _ZNK4absl4Cord9InlineRep10cordz_infoEv
[2m[DEBUG][0m ANALYZE [USER]: _ZN4absl4Cord5ClearEv
[2m[DEBUG][0m ANALYZE [USER]: _ZN4absl4Cord9InlineRep5clearEv
[2m[DEBUG][0m NOISE-SKIP [COMPILER_GEN]: _ZN4absl4Cord17AssignLargeStringEONSt3__112basic_stringIcNS1_11char_traitsIcEENS1_9allocatorIcEEEE
[2m[DEBUG][0m NOISE-SKIP [COMPILER_GEN]: _ZN4absl4CordaSENSt3__117basic_string_viewIcNS1_11char_traitsIcEEEE
[2m[DEBUG][0m ANALYZE [USER]: _ZNK4absl13cord_internal7CordRep6IsFlatEv
[2m[DEBUG][0m ANALYZE [USER]: _ZN4absl13cord_internal7CordRep4flatEv
[2m[DEBUG][0m ANALYZE [USER]: _ZNK4absl13cord_internal11CordRepFlat8CapacityEv
[2m[DEBUG][0m ANALYZE [USER]: _ZN4absl13cord_internal16RefcountAndFlags5IsOneEv
[2m[DEBUG][0m ANALYZE [USER]: _ZN4absl13cord_internal11CordRepFlat4DataEv
[2m[DEBUG][0m NOISE-SKIP [COMPILER_GEN]: _ZN4absl4Cord9InlineRep11AppendArrayENSt3__117basic_string_viewIcNS2_11char_traitsIcEEEENS_13cord_internal18CordzUpdateTracker16MethodIdentifierE
[2m[DEBUG][0m ANALYZE [USER]: _ZN4absl4Cord9InlineRep23MaybeRemoveEmptyCrcNodeEv
[2m[DEBUG][0m ANALYZE [USER]: _ZN4absl13cord_internal13RemoveCrcNodeEPNS0_7CordRepE
[2m[DEBUG][0m ANALYZE [USER]: _ZN4abslL19PrepareAppendRegionEPNS_13cord_internal7CordRepEPPcPmm
[2m[DEBUG][0m ANALYZE [USER]: _ZNK4absl4Cord9InlineRep11inline_sizeEv
[2m[DEBUG][0m ANALYZE [USER]: _ZN4absl4Cord9InlineRep15set_inline_sizeEm
[2m[DEBUG][0m ANALYZE [USER]: _ZN4absl13cord_internal10InlineData8as_charsEv
[2m[DEBUG][0m ANALYZE [USER]: _ZN4absl13cord_internal11CordRepFlat3NewEm
[2m[DEBUG][0m STDLIB-SKIP: _ZNSt3__13minB8ne210108ImEERKT_S3_S3_
[2m[DEBUG][0m NOISE-SKIP [COMPILER_GEN]: _ZNSt3__117basic_string_viewIcNS_11char_traitsIcEEE13remove_prefixB8ne210108Em
[2m[DEBUG][0m ANALYZE [USER]: _ZN4absl4Cord9InlineRep10CommitTreeEPKNS_13cord_internal7CordRepEPS3_RKNS2_16CordzUpdateScopeENS2_18CordzUpdateTracker16MethodIdentifierE
[2m[DEBUG][0m STDLIB-SKIP: _ZNSt3__13maxB8ne210108ImEERKT_S3_S3_
[2m[DEBUG][0m ANALYZE [USER]: _ZN4absl13cord_internal7CordRep5btreeEv
[2m[DEBUG][0m ANALYZE [USER]: _ZN4absl4Cord23GetAppendBufferSlowPathEmmm
[2m[DEBUG][0m ANALYZE [USER]: _ZN4abslL19ExtractAppendBufferEPNS_13cord_internal7CordRepEm
[2m[DEBUG][0m ANALYZE [USER]: _ZN4absl4Cord9InlineRep14SetTreeOrEmptyEPNS_13cord_internal7CordRepERKNS2_16CordzUpdateScopeE
[2m[DEBUG][0m ANALYZE [USER]: _ZN4absl10CordBufferC1EPNS_13cord_internal11CordRepFlatE
[2m[DEBUG][0m ANALYZE [USER]: _ZN4absl10CordBuffer21CreateWithCustomLimitEmm
[2m[DEBUG][0m ANALYZE [USER]: _ZN4absl10CordBuffer22CreateWithDefaultLimitEm
[2m[DEBUG][0m ANALYZE [USER]: _ZN4abslL18CreateAppendBufferERNS_13cord_internal10InlineDataEmm
[2m[DEBUG][0m ANALYZE [USER]: _ZN4absl4Cord6AppendERKS0_
[2m[DEBUG][0m ANALYZE [USER]: _ZN4absl4Cord10AppendImplIRKS0_EEvOT_
[2m[DEBUG][0m ANALYZE [USER]: _ZN4absl4Cord6AppendEOS0_
[2m[DEBUG][0m ANALYZE [USER]: _ZN4absl4Cord10AppendImplIS0_EEvOT_
[2m[DEBUG][0m ANALYZE [USER]: _ZN4absl4Cord7PrependERKS0_
[2m[DEBUG][0m ANALYZE [USER]: _ZNK4absl4Cord5emptyEv
[2m[DEBUG][0m ANALYZE [USER]: _ZNK4absl4Cord9InlineRep4dataEv
[2m[DEBUG][0m ANALYZE [USER]: _ZNK4absl4Cord9InlineRep4sizeEv
[2m[DEBUG][0m NOISE-SKIP [COMPILER_GEN]: _ZNSt3__117basic_string_viewIcNS_11char_traitsIcEEEC1B8ne210108EPKcm
[2m[DEBUG][0m NOISE-SKIP [COMPILER_GEN]: _ZN4absl4Cord12PrependArrayENSt3__117basic_string_viewIcNS1_11char_traitsIcEEEENS_13cord_internal18CordzUpdateTracker16MethodIdentifierE
[2m[DEBUG][0m ANALYZE [USER]: _ZN4absl13cord_internal10InlineDataC1Ev
[2m[DEBUG][0m ANALYZE [USER]: _ZN4absl13cord_internal10InlineData15set_inline_sizeEm
[2m[DEBUG][0m NOISE-SKIP [COMPILER_GEN]: _ZN4absl4Cord13AppendPreciseENSt3__117basic_string_viewIcNS1_11char_traitsIcEEEENS_13cord_internal18CordzUpdateTracker16MethodIdentifierE
[2m[DEBUG][0m ANALYZE [USER]: _ZNK4absl4Cord9InlineRep25remaining_inline_capacityEv
[2m[DEBUG][0m NOISE-SKIP [COMPILER_GEN]: _ZN4absl13cord_internal11CordRepFlat6CreateENSt3__117basic_string_viewIcNS2_11char_traitsIcEEEEm
[2m[DEBUG][0m NOISE-SKIP [COMPILER_GEN]: _ZN4absl4Cord14PrependPreciseENSt3__117basic_string_viewIcNS1_11char_traitsIcEEEENS_13cord_internal18CordzUpdateTracker16MethodIdentifierE
[2m[DEBUG][0m ANALYZE [USER]: _ZN4absl4Cord12RemovePrefixEm
[2m[DEBUG][0m ANALYZE [USER]: _ZNK4absl4Cord4sizeEv
[2m[DEBUG][0m NOISE-SKIP [COMPILER_GEN]: _ZNSt3__112basic_stringIcNS_11char_traitsIcEENS_9allocatorIcEEEC1B8ne210108ILi0EEEPKc
[2m[DEBUG][0m ANALYZE [USER]: _ZN4absl8AlphaNumC1EPKc
[2m[DEBUG][0m ANALYZE [USER]: _ZN4absl8AlphaNumC1Em
[2m[DEBUG][0m NOISE-SKIP [COMPILER_GEN]: _ZNSt3__112basic_stringIcNS_11char_traitsIcEENS_9allocatorIcEEEpLB8ne210108ERKS5_
[2m[DEBUG][0m NOISE-SKIP [COMPILER_GEN]: _ZNK4absl13base_internal10AtomicHookIPFvNS_11LogSeverityEPKciRKNSt3__112basic_stringIcNS5_11char_traitsIcEENS5_9allocatorIcEEEEEEclIJS2_RKS4_iRSB_EEEvDpOT_
[2m[DEBUG][0m ANALYZE [USER]: _ZN4absl4Cord9InlineRep13remove_prefixEm
[2m[DEBUG][0m ANALYZE [USER]: _ZNK4absl13cord_internal7CordRep7IsBtreeEv
[2m[DEBUG][0m ANALYZE [USER]: _ZNK4absl13cord_internal7CordRep11IsSubstringEv
[2m[DEBUG][0m ANALYZE [USER]: _ZN4absl13cord_internal7CordRep9substringEv
[2m[DEBUG][0m ANALYZE [USER]: _ZN4absl13cord_internal16CordRepSubstring9SubstringEPNS0_7CordRepEmm
[2m[DEBUG][0m ANALYZE [USER]: _ZN4absl4Cord12RemoveSuffixEm
[2m[DEBUG][0m ANALYZE [USER]: _ZN4absl4Cord9InlineRep11reduce_sizeEm
[2m[DEBUG][0m ANALYZE [USER]: _ZNK4absl13cord_internal7CordRep10IsExternalEv
[2m[DEBUG][0m ANALYZE [USER]: _ZNK4absl4Cord7SubcordEmm
[2m[DEBUG][0m ANALYZE [USER]: _ZN4absl4CordC1Ev
[2m[DEBUG][0m ANALYZE [USER]: _ZNK4absl4Cord11chunk_beginEv
[2m[DEBUG][0m NOISE-SKIP [COMPILER_GEN]: _ZN4absl4Cord13ChunkIterator12AdvanceBytesEm
[2m[DEBUG][0m NOISE-SKIP [COMPILER_GEN]: _ZNK4absl4Cord13ChunkIteratorptEv
[2m[DEBUG][0m ANALYZE [USER]: _ZN4absl13cord_internal12SmallMemmoveILb0EEEvPcPKcm
[2m[DEBUG][0m NOISE-SKIP [COMPILER_GEN]: _ZN4absl4Cord13ChunkIteratorppEv
[2m[DEBUG][0m ANALYZE [USER]: _ZN4absl13cord_internal11SkipCrcNodeEPNS0_7CordRepE
[2m[DEBUG][0m ANALYZE [USER]: _ZN4absl4CordD1Ev
[2m[DEBUG][0m ANALYZE [USER]: _ZN4absl4Cord15SetCrcCordStateENS_12crc_internal12CrcCordStateE
[2m[DEBUG][0m ANALYZE [USER]: _ZN4absl4Cord19SetExpectedChecksumEj
[2m[DEBUG][0m ANALYZE [USER]: _ZN4absl12crc_internal12CrcCordState11mutable_repEv
[2m[DEBUG][0m STDLIB-SKIP: _ZNSt3__15dequeIN4absl12crc_internal12CrcCordState9PrefixCrcENS_9allocatorIS4_EEE9push_backEOS4_
[2m[DEBUG][0m ANALYZE [USER]: _ZN4absl8crc32c_tC1Ej
[2m[DEBUG][0m ANALYZE [USER]: _ZN4absl12crc_internal12CrcCordState9PrefixCrcC1EmNS_8crc32c_tE
[2m[DEBUG][0m ANALYZE [USER]: _ZNK4absl4Cord20MaybeGetCrcCordStateEv
[2m[DEBUG][0m ANALYZE [USER]: _ZN4absl13cord_internal7CordRep3crcEv
[2m[DEBUG][0m ANALYZE [USER]: _ZNK4absl4Cord16ExpectedChecksumEv
[2m[DEBUG][0m STDLIB-SKIP: _ZNSt3__18optionalIjEC1B8ne210108ENS_9nullopt_tE
[2m[DEBUG][0m ANALYZE [USER]: _ZNK4absl8crc32c_tcvjEv
[2m[DEBUG][0m STDLIB-SKIP: _ZNSt3__18optionalIjEC1B8ne210108IjTnNS_9enable_ifIXclsr22_CheckOptionalArgsCtorIT_EE17__enable_implicitIS4_EEEiE4typeELi0EEEOS4_
[2m[DEBUG][0m NOISE-SKIP [COMPILER_GEN]: _ZNK4absl4Cord10EqualsImplENSt3__117basic_string_viewIcNS1_11char_traitsIcEEEEm
[2m[DEBUG][0m NOISE-SKIP [COMPILER_GEN]: _ZN4absl14GenericCompareIbNSt3__117basic_string_viewIcNS1_11char_traitsIcEEEEEET_RKNS_4CordERKT0_m
[2m[DEBUG][0m ANALYZE [USER]: _ZNK4absl4Cord10EqualsImplERKS0_m
[2m[DEBUG][0m ANALYZE [USER]: _ZN4absl14GenericCompareIbNS_4CordEEET_RKS1_RKT0_m
[2m[DEBUG][0m NOISE-SKIP [COMPILER_GEN]: _ZNK4absl4Cord7CompareENSt3__117basic_string_viewIcNS1_11char_traitsIcEEEE
[2m[DEBUG][0m NOISE-SKIP [COMPILER_GEN]: _ZN4absl17SharedCompareImplINSt3__117basic_string_viewIcNS1_11char_traitsIcEEEEEEiRKNS_4CordERKT_
[2m[DEBUG][0m ANALYZE [USER]: _ZNK4absl4Cord11CompareImplERKS0_
[2m[DEBUG][0m ANALYZE [USER]: _ZN4absl17SharedCompareImplINS_4CordEEEiRKS1_RKT_
[2m[DEBUG][0m NOISE-SKIP [COMPILER_GEN]: _ZNK4absl4Cord8EndsWithENSt3__117basic_string_viewIcNS1_11char_traitsIcEEEE
[2m[DEBUG][0m ANALYZE [USER]: _ZN4absl4CordC1ERKS0_
[2m[DEBUG][0m ANALYZE [USER]: _ZNK4absl4Cord8EndsWithERKS0_
[2m[DEBUG][0m NOISE-SKIP [COMPILER_GEN]: _ZNK4absl4CordcvNSt3__112basic_stringIcNS1_11char_traitsIcEENS1_9allocatorIcEEEEEv
[2m[DEBUG][0m NOISE-SKIP [COMPILER_GEN]: _ZNSt3__112basic_stringIcNS_11char_traitsIcEENS_9allocatorIcEEEC1B8ne210108Ev
[2m[DEBUG][0m NOISE-SKIP [COMPILER_GEN]: _ZN4absl16CopyCordToStringERKNS_4CordEPNSt3__112basic_stringIcNS3_11char_traitsIcEENS3_9allocatorIcEEEE
[2m[DEBUG][0m NOISE-SKIP [COMPILER_GEN]: _ZNK4absl4Cord9InlineRep6CopyToEPNSt3__112basic_stringIcNS2_11char_traitsIcEENS2_9allocatorIcEEEE
[2m[DEBUG][0m NOISE-SKIP [COMPILER_GEN]: _ZN4absl24StringResizeAndOverwriteINSt3__112basic_stringIcNS1_11char_traitsIcEENS1_9allocatorIcEEEEZNS_16CopyCordToStringERKNS_4CordEPS7_E3$_0EEvRT_NSD_9size_typeET0_
[2m[DEBUG][0m NOISE-SKIP [COMPILER_GEN]: _ZN4absl18AppendCordToStringERKNS_4CordEPNSt3__112basic_stringIcNS3_11char_traitsIcEENS3_9allocatorIcEEEE
[2m[DEBUG][0m NOISE-SKIP [COMPILER_GEN]: _ZN4absl16strings_internal24StringAppendAndOverwriteINSt3__112basic_stringIcNS2_11char_traitsIcEENS2_9allocatorIcEEEEZNS_18AppendCordToStringERKNS_4CordEPS8_E3$_0EEvRT_NSE_9size_typeET0_
[2m[DEBUG][0m ANALYZE [USER]: _ZNK4absl4Cord19CopyToArraySlowPathEPc
[2m[DEBUG][0m NOISE-SKIP [COMPILER_GEN]: _ZNSt3__117basic_string_viewIcNS_11char_traitsIcEEEC1B8ne210108Ev
[2m[DEBUG][0m NOISE-SKIP [COMPILER_GEN]: _ZN4absl4Cord10GetFlatAuxEPNS_13cord_internal7CordRepEPNSt3__117basic_string_viewIcNS4_11char_traitsIcEEEE
[2m[DEBUG][0m ANALYZE [USER]: _ZNK4absl4Cord6ChunksEv
[2m[DEBUG][0m ANALYZE [USER]: _ZNK4absl4Cord10ChunkRange5beginEv
[2m[DEBUG][0m ANALYZE [USER]: _ZNK4absl4Cord10ChunkRange3endEv
[2m[DEBUG][0m NOISE-SKIP [COMPILER_GEN]: _ZNK4absl4Cord13ChunkIteratorneERKS1_
[2m[DEBUG][0m NOISE-SKIP [COMPILER_GEN]: _ZNK4absl4Cord13ChunkIteratordeEv
[2m[DEBUG][0m NOISE-SKIP [COMPILER_GEN]: _ZN4absl4Cord13ChunkIterator19AdvanceAndReadBytesEm
[2m[DEBUG][0m ANALYZE [USER]: _ZN4absl4Cord9InlineRep8set_dataEm
[2m[DEBUG][0m NOISE-SKIP [COMPILER_GEN]: _ZN4absl4Cord13ChunkIterator17RemoveChunkPrefixEm
[2m[DEBUG][0m ANALYZE [USER]: _ZNK4absl13cord_internal18CordRepBtreeReadercvbEv
[2m[DEBUG][0m NOISE-SKIP [COMPILER_GEN]: _ZNKSt3__117basic_string_viewIcNS_11char_traitsIcEEE6substrB8ne210108Emm
[2m[DEBUG][0m ANALYZE [USER]: _ZN4absl4CordaSEOS0_
[2m[DEBUG][0m ANALYZE [USER]: _ZN4absl13cord_internal18CordRepBtreeReader4NextEv
[2m[DEBUG][0m ANALYZE [USER]: _ZN4absl13cord_internal7CordRep8externalEv
[2m[DEBUG][0m ANALYZE [USER]: _ZNK4absl4CordixEm
[2m[DEBUG][0m ANALYZE [USER]: _ZN4absl13cord_internal11SkipCrcNodeEPKNS0_7CordRepE
[2m[DEBUG][0m ANALYZE [USER]: _ZNK4absl13cord_internal7CordRep4flatEv
[2m[DEBUG][0m ANALYZE [USER]: _ZNK4absl13cord_internal11CordRepFlat4DataEv
[2m[DEBUG][0m ANALYZE [USER]: _ZNK4absl13cord_internal7CordRep5btreeEv
[2m[DEBUG][0m ANALYZE [USER]: _ZNK4absl13cord_internal7CordRep8externalEv
[2m[DEBUG][0m ANALYZE [USER]: _ZNK4absl13cord_internal7CordRep9substringEv
[2m[DEBUG][0m NOISE-SKIP [COMPILER_GEN]: _ZNK4absl4Cord8FindImplENS0_12CharIteratorENSt3__117basic_string_viewIcNS2_11char_traitsIcEEEE
[2m[DEBUG][0m NOISE-SKIP [COMPILER_GEN]: _ZN4absl4Cord14ChunkRemainingERKNS0_12CharIteratorE
[2m[DEBUG][0m NOISE-SKIP [COMPILER_GEN]: _ZNKSt3__117basic_string_viewIcNS_11char_traitsIcEEE4findB8ne210108Ecm
[2m[DEBUG][0m NOISE-SKIP [COMPILER_GEN]: _ZNKSt3__117basic_string_viewIcNS_11char_traitsIcEEE5frontB8ne210108Ev
[2m[DEBUG][0m NOISE-SKIP [COMPILER_GEN]: _ZN4absl4Cord7AdvanceEPNS0_12CharIteratorEm
[2m[DEBUG][0m NOISE-SKIP [COMPILER_GEN]: _ZN4absl12_GLOBAL__N_119IsSubstringInCordAtENS_4Cord12CharIteratorENSt3__117basic_string_viewIcNS3_11char_traitsIcEEEE
[2m[DEBUG][0m ANALYZE [USER]: _ZNK4absl4Cord8char_endEv
[2m[DEBUG][0m NOISE-SKIP [COMPILER_GEN]: _ZNK4absl4Cord4FindENSt3__117basic_string_viewIcNS1_11char_traitsIcEEEE
[2m[DEBUG][0m ANALYZE [USER]: _ZNK4absl4Cord10char_beginEv
[2m[DEBUG][0m NOISE-SKIP [COMPILER_GEN]: _ZN4absleqERKNS_4CordENSt3__117basic_string_viewIcNS3_11char_traitsIcEEEE
[2m[DEBUG][0m ANALYZE [USER]: _ZNK4absl4Cord4FindERKS0_
[2m[DEBUG][0m ANALYZE [USER]: _ZN4absleqERKNS_4CordES2_
[2m[DEBUG][0m NOISE-SKIP [COMPILER_GEN]: _ZNK4absl4Cord12CharIteratoreqERKS1_
[2m[DEBUG][0m NOISE-SKIP [COMPILER_GEN]: _ZN4absl12_GLOBAL__N_117IsSubcordInCordAtENS_4Cord12CharIteratorES2_S2_
[2m[DEBUG][0m NOISE-SKIP [COMPILER_GEN]: _ZN4absl12_GLOBAL__N_117IsSubcordInCordAtENS_4Cord12CharIteratorERKS1_
[2m[DEBUG][0m NOISE-SKIP [COMPILER_GEN]: _ZNK4absl4Cord8ContainsENSt3__117basic_string_viewIcNS1_11char_traitsIcEEEE
[2m[DEBUG][0m NOISE-SKIP [COMPILER_GEN]: _ZNK4absl4Cord12CharIteratorneERKS1_
[2m[DEBUG][0m ANALYZE [USER]: _ZNK4absl4Cord8ContainsERKS0_
[2m[DEBUG][0m ANALYZE [USER]: _ZN4absl4Cord15FlattenSlowPathEv
[2m[DEBUG][0m STDLIB-SKIP: _ZNSt3__19allocatorIcEC1B8ne210108Ev
[2m[DEBUG][0m STDLIB-SKIP: _ZNSt3__19allocatorIcE8allocateB8ne210108Em
[2m[DEBUG][0m NOISE-SKIP [COMPILER_GEN]: _ZN4absl13cord_internal14NewExternalRepIZNS_4Cord15FlattenSlowPathEvE3$_0EEPNS0_7CordRepENSt3__117basic_string_viewIcNS6_11char_traitsIcEEEEOT_
[2m[DEBUG][0m NOISE-SKIP [COMPILER_GEN]: _ZN4absl4Cord15ForEachChunkAuxEPNS_13cord_internal7CordRepENS_11FunctionRefIFvNSt3__117basic_string_viewIcNS5_11char_traitsIcEEEEEEE
[2m[DEBUG][0m NOISE-SKIP [COMPILER_GEN]: _ZN4absl4Cord13ChunkIteratorC1EPNS_13cord_internal7CordRepE
[2m[DEBUG][0m NOISE-SKIP [COMPILER_GEN]: _ZN4absl4Cord13ChunkIteratorC1Ev
[2m[DEBUG][0m NOISE-SKIP [COMPILER_GEN]: _ZNK4absl11FunctionRefIFvNSt3__117basic_string_viewIcNS1_11char_traitsIcEEEEEEclES5_
[2m[DEBUG][0m ANALYZE [USER]: _ZN4absllsERNSt3__113basic_ostreamIcNS0_11char_traitsIcEEEERKNS_4CordE
[2m[DEBUG][0m ANALYZE [USER]: _ZN4absl16strings_internal14CordTestAccess12FlatOverheadEv
[2m[DEBUG][0m ANALYZE [USER]: _ZN4absl16strings_internal14CordTestAccess13MaxFlatLengthEv
[2m[DEBUG][0m ANALYZE [USER]: _ZN4absl16strings_internal14CordTestAccess15FlatTagToLengthEh
[2m[DEBUG][0m ANALYZE [USER]: _ZN4absl13cord_internal11TagToLengthEh
[2m[DEBUG][0m ANALYZE [USER]: _ZN4absl16strings_internal14CordTestAccess11LengthToTagEm
[2m[DEBUG][0m ANALYZE [USER]: _ZN4absl13cord_internal18AllocatedSizeToTagEm
[2m[DEBUG][0m ANALYZE [USER]: _ZN4absl16strings_internal14CordTestAccess21SizeofCordRepExternalEv
[2m[DEBUG][0m ANALYZE [USER]: _ZN4absl16strings_internal14CordTestAccess22SizeofCordRepSubstringEv
[2m[DEBUG][0m ANALYZE [USER]: _ZN4absl4Cord9InlineRepC2ENS_13cord_internal10InlineData15DefaultInitTypeE
[2m[DEBUG][0m ANALYZE [USER]: _ZN4absl13cord_internal10InlineDataC1ENS1_15DefaultInitTypeE
[2m[DEBUG][0m ANALYZE [USER]: _ZN4absl13cord_internal10InlineDataC2ENS1_15DefaultInitTypeE
[2m[DEBUG][0m ANALYZE [USER]: _ZN4absl13cord_internal10InlineData3RepC1ENS1_15DefaultInitTypeE
[2m[DEBUG][0m NOISE-SKIP [COMPILER_GEN]: __clang_call_terminate
[2m[DEBUG][0m ANALYZE [USER]: _ZN4absl13cord_internal10InlineData11poison_thisEv
[2m[DEBUG][0m ANALYZE [USER]: _ZN4absl13cord_internal10InlineData3RepC2ENS1_15DefaultInitTypeE
[2m[DEBUG][0m ANALYZE [USER]: _ZN4absl13cord_internal10InlineData9make_treeEPNS0_7CordRepE
[2m[DEBUG][0m ANALYZE [USER]: _ZN4absl13cord_internal10InlineData8unpoisonEv
[2m[DEBUG][0m ANALYZE [USER]: _ZN4absl13cord_internal10InlineData3Rep9make_treeEPNS0_7CordRepE
[2m[DEBUG][0m ANALYZE [USER]: _ZN4absl13cord_internal10InlineData3Rep4selfEv
[2m[DEBUG][0m ANALYZE [USER]: _ZN4absl13cord_internal20cordz_should_profileEv
[2m[DEBUG][0m ANALYZE [USER]: _ZN4abslL10VerifyNodeEPNS_13cord_internal7CordRepES2_
[2m[DEBUG][0m ANALYZE [USER]: _ZN4absl13InlinedVectorIPNS_13cord_internal7CordRepELm2ENSt3__19allocatorIS3_EEEC1Ev
[2m[DEBUG][0m ANALYZE [USER]: _ZN4absl13InlinedVectorIPNS_13cord_internal7CordRepELm2ENSt3__19allocatorIS3_EEE9push_backERKS3_
[2m[DEBUG][0m ANALYZE [USER]: _ZN4absl13InlinedVectorIPNS_13cord_internal7CordRepELm2ENSt3__19allocatorIS3_EEE4backEv
[2m[DEBUG][0m ANALYZE [USER]: _ZN4absl13InlinedVectorIPNS_13cord_internal7CordRepELm2ENSt3__19allocatorIS3_EEE8pop_backEv
[2m[DEBUG][0m ANALYZE [USER]: _ZN4abslL11ReportErrorEPNS_13cord_internal7CordRepES2_
[2m[DEBUG][0m ANALYZE [USER]: _ZNK4absl13InlinedVectorIPNS_13cord_internal7CordRepELm2ENSt3__19allocatorIS3_EEE5emptyEv
[2m[DEBUG][0m ANALYZE [USER]: _ZN4absl13InlinedVectorIPNS_13cord_internal7CordRepELm2ENSt3__19allocatorIS3_EEED1Ev
[2m[DEBUG][0m ANALYZE [USER]: _ZN4absl13InlinedVectorIPNS_13cord_internal7CordRepELm2ENSt3__19allocatorIS3_EEEC2Ev
[2m[DEBUG][0m ANALYZE [USER]: _ZN4absl23inlined_vector_internal7StorageIPNS_13cord_internal7CordRepELm2ENSt3__19allocatorIS4_EEEC1Ev
[2m[DEBUG][0m ANALYZE [USER]: _ZN4absl23inlined_vector_internal7StorageIPNS_13cord_internal7CordRepELm2ENSt3__19allocatorIS4_EEEC2Ev
[2m[DEBUG][0m STDLIB-SKIP: _ZNSt3__19allocatorIPN4absl13cord_internal7CordRepEEC1B8ne210108Ev
[2m[DEBUG][0m ANALYZE [USER]: _ZN4absl18container_internal15CompressedTupleIJNSt3__19allocatorIPNS_13cord_internal7CordRepEEEmEEC1IS7_JjETnNS2_9enable_ifIXsr3std11conjunctionINS2_8negationINS2_7is_sameIFvS8_EFvu7__decayIT_EEEEEENS0_25internal_compressed_tuple27TupleItemsMoveConstructibleIS8_JSE_DpT0_EEEEE5valueEbE4typeELb1EEEOSE_DpOSL_
[2m[DEBUG][0m STDLIB-SKIP: _ZNSt3__19allocatorIPN4absl13cord_internal7CordRepEEC2B8ne210108Ev
[2m[DEBUG][0m STDLIB-SKIP: _ZNSt3__116__non_trivial_ifILb1ENS_9allocatorIPN4absl13cord_internal7CordRepEEEEC2B8ne210108Ev
[2m[DEBUG][0m ANALYZE [USER]: _ZN4absl18container_internal15CompressedTupleIJNSt3__19allocatorIPNS_13cord_internal7CordRepEEEmEEC2IS7_JjETnNS2_9enable_ifIXsr3std11conjunctionINS2_8negationINS2_7is_sameIFvS8_EFvu7__decayIT_EEEEEENS0_25internal_compressed_tuple27TupleItemsMoveConstructibleIS8_JSE_DpT0_EEEEE5valueEbE4typeELb1EEEOSE_DpOSL_
[2m[DEBUG][0m ANALYZE [USER]: _ZN4absl18container_internal25internal_compressed_tuple19CompressedTupleImplINS0_15CompressedTupleIJNSt3__19allocatorIPNS_13cord_internal7CordRepEEEmEEENS4_16integer_sequenceImJLm0ELm1EEEELb1EEC2IJS9_jEEENS4_10in_place_tEDpOT_
[2m[DEBUG][0m ANALYZE [USER]: _ZN4absl18container_internal25internal_compressed_tuple7StorageINSt3__19allocatorIPNS_13cord_internal7CordRepEEELm0ENS1_10StorageTagIJS8_mEEELb1EEC2IS8_EENS3_10in_place_tEOT_
[2m[DEBUG][0m ANALYZE [USER]: _ZN4absl18container_internal25internal_compressed_tuple7StorageImLm1ENS1_10StorageTagIJNSt3__19allocatorIPNS_13cord_internal7CordRepEEEmEEELb0EEC2IjEENS4_10in_place_tEOT_
[2m[DEBUG][0m ANALYZE [USER]: _ZN4absl13InlinedVectorIPNS_13cord_internal7CordRepELm2ENSt3__19allocatorIS3_EEE12emplace_backIJRKS3_EEERS3_DpOT_
[2m[DEBUG][0m ANALYZE [USER]: _ZN4absl23inlined_vector_internal7StorageIPNS_13cord_internal7CordRepELm2ENSt3__19allocatorIS4_EEE11EmplaceBackIJRKS4_EEERS4_DpOT_
[2m[DEBUG][0m ANALYZE [USER]: _ZN4absl23inlined_vector_internal7StorageIPNS_13cord_internal7CordRepELm2ENSt3__19allocatorIS4_EEE15MakeStorageViewEv
[2m[DEBUG][0m STDLIB-SKIP: _ZNSt3__116allocator_traitsINS_9allocatorIPN4absl13cord_internal7CordRepEEEE9constructB8ne210108IS5_JRKS5_ETnNS_9enable_ifIX17__has_construct_vIS6_PT_DpT0_EEiE4typeELi0EEEvRS6_SD_DpOSE_
[2m[DEBUG][0m ANALYZE [USER]: _ZN4absl23inlined_vector_internal7StorageIPNS_13cord_internal7CordRepELm2ENSt3__19allocatorIS4_EEE12GetAllocatorEv
[2m[DEBUG][0m ANALYZE [USER]: _ZN4absl23inlined_vector_internal7StorageIPNS_13cord_internal7CordRepELm2ENSt3__19allocatorIS4_EEE7AddSizeEm
[2m[DEBUG][0m ANALYZE [USER]: _ZN4absl23inlined_vector_internal7StorageIPNS_13cord_internal7CordRepELm2ENSt3__19allocatorIS4_EEE15EmplaceBackSlowIJRKS4_EEERS4_DpOT_
[2m[DEBUG][0m ANALYZE [USER]: _ZNK4absl23inlined_vector_internal7StorageIPNS_13cord_internal7CordRepELm2ENSt3__19allocatorIS4_EEE14GetIsAllocatedEv
[2m[DEBUG][0m ANALYZE [USER]: _ZN4absl23inlined_vector_internal7StorageIPNS_13cord_internal7CordRepELm2ENSt3__19allocatorIS4_EEE16GetAllocatedDataEv
[2m[DEBUG][0m ANALYZE [USER]: _ZNK4absl23inlined_vector_internal7StorageIPNS_13cord_internal7CordRepELm2ENSt3__19allocatorIS4_EEE7GetSizeEv
[2m[DEBUG][0m ANALYZE [USER]: _ZNK4absl23inlined_vector_internal7StorageIPNS_13cord_internal7CordRepELm2ENSt3__19allocatorIS4_EEE20GetAllocatedCapacityEv
[2m[DEBUG][0m ANALYZE [USER]: _ZN4absl23inlined_vector_internal7StorageIPNS_13cord_internal7CordRepELm2ENSt3__19allocatorIS4_EEE14GetInlinedDataEv
[2m[DEBUG][0m ANALYZE [USER]: _ZNK4absl23inlined_vector_internal7StorageIPNS_13cord_internal7CordRepELm2ENSt3__19allocatorIS4_EEE18GetInlinedCapacityEv
[2m[DEBUG][0m ANALYZE [USER]: _ZNK4absl23inlined_vector_internal7StorageIPNS_13cord_internal7CordRepELm2ENSt3__19allocatorIS4_EEE21GetSizeAndIsAllocatedEv
[2m[DEBUG][0m ANALYZE [USER]: _ZNKR4absl18container_internal15CompressedTupleIJNSt3__19allocatorIPNS_13cord_internal7CordRepEEEmEE3getILi1EEERKNS0_25internal_compressed_tuple4ElemIS8_XT_EE4typeEv
[2m[DEBUG][0m ANALYZE [USER]: _ZNKR4absl18container_internal25internal_compressed_tuple7StorageImLm1ENS1_10StorageTagIJNSt3__19allocatorIPNS_13cord_internal7CordRepEEEmEEELb0EE3getEv
[2m[DEBUG][0m STDLIB-SKIP: _ZNSt3__19allocatorIPN4absl13cord_internal7CordRepEE9constructB8ne210108IS4_JRKS4_EEEvPT_DpOT0_
[2m[DEBUG][0m ANALYZE [USER]: _ZNR4absl18container_internal15CompressedTupleIJNSt3__19allocatorIPNS_13cord_internal7CordRepEEEmEE3getILi0EEERNS0_25internal_compressed_tuple4ElemIS8_XT_EE4typeEv
[2m[DEBUG][0m ANALYZE [USER]: _ZNR4absl18container_internal25internal_compressed_tuple7StorageINSt3__19allocatorIPNS_13cord_internal7CordRepEEELm0ENS1_10StorageTagIJS8_mEEELb1EE3getEv
[2m[DEBUG][0m ANALYZE [USER]: _ZN4absl23inlined_vector_internal7StorageIPNS_13cord_internal7CordRepELm2ENSt3__19allocatorIS4_EEE21GetSizeAndIsAllocatedEv
[2m[DEBUG][0m ANALYZE [USER]: _ZNR4absl18container_internal15CompressedTupleIJNSt3__19allocatorIPNS_13cord_internal7CordRepEEEmEE3getILi1EEERNS0_25internal_compressed_tuple4ElemIS8_XT_EE4typeEv
[2m[DEBUG][0m ANALYZE [USER]: _ZNR4absl18container_internal25internal_compressed_tuple7StorageImLm1ENS1_10StorageTagIJNSt3__19allocatorIPNS_13cord_internal7CordRepEEEmEEELb0EE3getEv
[2m[DEBUG][0m ANALYZE [USER]: _ZN4absl23inlined_vector_internal21AllocationTransactionINSt3__19allocatorIPNS_13cord_internal7CordRepEEEEC1ERS7_
[2m[DEBUG][0m STDLIB-SKIP: _ZNSt3__113move_iteratorIPPN4absl13cord_internal7CordRepEEC1B8ne210108ES5_
[2m[DEBUG][0m NOISE-SKIP [COMPILER_GEN]: _ZN4absl23inlined_vector_internal20IteratorValueAdapterINSt3__19allocatorIPNS_13cord_internal7CordRepEEENS2_13move_iteratorIPS6_EEEC1ERKSA_
[2m[DEBUG][0m ANALYZE [USER]: _ZN4absl23inlined_vector_internal7StorageIPNS_13cord_internal7CordRepELm2ENSt3__19allocatorIS4_EEE12NextCapacityEm
[2m[DEBUG][0m ANALYZE [USER]: _ZN4absl23inlined_vector_internal21AllocationTransactionINSt3__19allocatorIPNS_13cord_internal7CordRepEEEE8AllocateEm
[2m[DEBUG][0m NOISE-SKIP [COMPILER_GEN]: _ZN4absl23inlined_vector_internal17ConstructElementsINSt3__19allocatorIPNS_13cord_internal7CordRepEEENS0_20IteratorValueAdapterIS7_NS2_13move_iteratorIPS6_EEEEEEvRNS_13type_identityIT_E4typeENS2_16allocator_traitsISE_E7pointerERT0_NSJ_9size_typeE
[2m[DEBUG][0m ANALYZE [USER]: _ZN4absl23inlined_vector_internal21AllocationTransactionINSt3__19allocatorIPNS_13cord_internal7CordRepEEEE7GetDataEv
[2m[DEBUG][0m STDLIB-SKIP: _ZNSt3__116allocator_traitsINS_9allocatorIPN4absl13cord_internal7CordRepEEEE7destroyB8ne210108IS5_TnNS_9enable_ifIX15__has_destroy_vIS6_PT_EEiE4typeELi0EEEvRS6_SB_
[2m[DEBUG][0m ANALYZE [USER]: _ZN4absl23inlined_vector_internal14DestroyAdapterINSt3__19allocatorIPNS_13cord_internal7CordRepEEELb1EE15DestroyElementsERS7_PS6_m
[2m[DEBUG][0m ANALYZE [USER]: _ZN4absl23inlined_vector_internal7StorageIPNS_13cord_internal7CordRepELm2ENSt3__19allocatorIS4_EEE21DeallocateIfAllocatedEv
[2m[DEBUG][0m ANALYZE [USER]: _ZN4absl23inlined_vector_internal7StorageIPNS_13cord_internal7CordRepELm2ENSt3__19allocatorIS4_EEE13SetAllocationENS0_10AllocationIS7_EE
[2m[DEBUG][0m ANALYZE [USER]: _ZNO4absl23inlined_vector_internal21AllocationTransactionINSt3__19allocatorIPNS_13cord_internal7CordRepEEEE7ReleaseEv
[2m[DEBUG][0m ANALYZE [USER]: _ZN4absl23inlined_vector_internal7StorageIPNS_13cord_internal7CordRepELm2ENSt3__19allocatorIS4_EEE14SetIsAllocatedEv
[2m[DEBUG][0m ANALYZE [USER]: _ZN4absl23inlined_vector_internal21AllocationTransactionINSt3__19allocatorIPNS_13cord_internal7CordRepEEEED1Ev
[2m[DEBUG][0m ANALYZE [USER]: _ZN4absl23inlined_vector_internal21AllocationTransactionINSt3__19allocatorIPNS_13cord_internal7CordRepEEEEC2ERS7_
[2m[DEBUG][0m ANALYZE [USER]: _ZN4absl18container_internal15CompressedTupleIJNSt3__19allocatorIPNS_13cord_internal7CordRepEEEPS6_EEC1IRS7_JDnETnNS2_9enable_ifIXsr3std11conjunctionINS2_8negationINS2_7is_sameIFvS9_EFvu7__decayIT_EEEEEENS0_25internal_compressed_tuple27TupleItemsMoveConstructibleIS9_JSG_DpT0_EEEEE5valueEbE4typeELb1EEEOSG_DpOSN_
[2m[DEBUG][0m ANALYZE [USER]: _ZN4absl18container_internal15CompressedTupleIJNSt3__19allocatorIPNS_13cord_internal7CordRepEEEPS6_EEC2IRS7_JDnETnNS2_9enable_ifIXsr3std11conjunctionINS2_8negationINS2_7is_sameIFvS9_EFvu7__decayIT_EEEEEENS0_25internal_compressed_tuple27TupleItemsMoveConstructibleIS9_JSG_DpT0_EEEEE5valueEbE4typeELb1EEEOSG_DpOSN_
[2m[DEBUG][0m ANALYZE [USER]: _ZN4absl18container_internal25internal_compressed_tuple19CompressedTupleImplINS0_15CompressedTupleIJNSt3__19allocatorIPNS_13cord_internal7CordRepEEEPS8_EEENS4_16integer_sequenceImJLm0ELm1EEEELb1EEC2IJRS9_DnEEENS4_10in_place_tEDpOT_
[2m[DEBUG][0m ANALYZE [USER]: _ZN4absl18container_internal25internal_compressed_tuple7StorageINSt3__19allocatorIPNS_13cord_internal7CordRepEEELm0ENS1_10StorageTagIJS8_PS7_EEELb1EEC2IRS8_EENS3_10in_place_tEOT_
[2m[DEBUG][0m ANALYZE [USER]: _ZN4absl18container_internal25internal_compressed_tuple7StorageIPPNS_13cord_internal7CordRepELm1ENS1_10StorageTagIJNSt3__19allocatorIS5_EES6_EEELb0EEC2IDnEENS8_10in_place_tEOT_
[2m[DEBUG][0m STDLIB-SKIP: _ZNSt3__113move_iteratorIPPN4absl13cord_internal7CordRepEEC2B8ne210108ES5_
[2m[DEBUG][0m NOISE-SKIP [COMPILER_GEN]: _ZN4absl23inlined_vector_internal20IteratorValueAdapterINSt3__19allocatorIPNS_13cord_internal7CordRepEEENS2_13move_iteratorIPS6_EEEC2ERKSA_
[2m[DEBUG][0m ANALYZE [USER]: _ZN4absl23inlined_vector_internal13MallocAdapterINSt3__19allocatorIPNS_13cord_internal7CordRepEEELb0EE8AllocateERS7_m
[2m[DEBUG][0m ANALYZE [USER]: _ZN4absl23inlined_vector_internal21AllocationTransactionINSt3__19allocatorIPNS_13cord_internal7CordRepEEEE12GetAllocatorEv
[2m[DEBUG][0m ANALYZE [USER]: _ZN4absl23inlined_vector_internal21AllocationTransactionINSt3__19allocatorIPNS_13cord_internal7CordRepEEEE11GetCapacityEv
[2m[DEBUG][0m STDLIB-SKIP: _ZNSt3__116allocator_traitsINS_9allocatorIPN4absl13cord_internal7CordRepEEEE8allocateB8ne210108ERS6_m
[2m[DEBUG][0m STDLIB-SKIP: _ZNSt3__19allocatorIPN4absl13cord_internal7CordRepEE8allocateB8ne210108Em
[2m[DEBUG][0m STDLIB-SKIP: _ZNSt3__116allocator_traitsINS_9allocatorIPN4absl13cord_internal7CordRepEEEE8max_sizeB8ne210108IS6_TnNS_9enable_ifIX16__has_max_size_vIKT_EEiE4typeELi0EEEmRKS6_
[2m[DEBUG][0m STDLIB-SKIP: _ZSt28__throw_bad_array_new_lengthB8ne210108v
[2m[DEBUG][0m STDLIB-SKIP: _ZNSt3__117__libcpp_allocateB8ne210108IPN4absl13cord_internal7CordRepEEEPT_NS_15__element_countEm
[2m[DEBUG][0m STDLIB-SKIP: _ZNKSt3__19allocatorIPN4absl13cord_internal7CordRepEE8max_sizeB8ne210108Ev
[2m[DEBUG][0m STDLIB-SKIP: _ZNSt3__124__is_overaligned_for_newB8ne210108Em
[2m[DEBUG][0m ANALYZE [USER]: _ZNR4absl18container_internal15CompressedTupleIJNSt3__19allocatorIPNS_13cord_internal7CordRepEEEPS6_EE3getILi0EEERNS0_25internal_compressed_tuple4ElemIS9_XT_EE4typeEv
[2m[DEBUG][0m ANALYZE [USER]: _ZNR4absl18container_internal25internal_compressed_tuple7StorageINSt3__19allocatorIPNS_13cord_internal7CordRepEEELm0ENS1_10StorageTagIJS8_PS7_EEELb1EE3getEv
[2m[DEBUG][0m NOISE-SKIP [COMPILER_GEN]: _ZN4absl23inlined_vector_internal20IteratorValueAdapterINSt3__19allocatorIPNS_13cord_internal7CordRepEEENS2_13move_iteratorIPS6_EEE13ConstructNextERS7_S9_
[2m[DEBUG][0m STDLIB-SKIP: _ZNSt3__116allocator_traitsINS_9allocatorIPN4absl13cord_internal7CordRepEEEE9constructB8ne210108IS5_JS5_ETnNS_9enable_ifIX17__has_construct_vIS6_PT_DpT0_EEiE4typeELi0EEEvRS6_SB_DpOSC_
[2m[DEBUG][0m STDLIB-SKIP: _ZNKSt3__113move_iteratorIPPN4absl13cord_internal7CordRepEEdeB8ne210108Ev
[2m[DEBUG][0m STDLIB-SKIP: _ZNSt3__113move_iteratorIPPN4absl13cord_internal7CordRepEEppB8ne210108Ev
[2m[DEBUG][0m STDLIB-SKIP: _ZNSt3__19allocatorIPN4absl13cord_internal7CordRepEE9constructB8ne210108IS4_JS4_EEEvPT_DpOT0_
[2m[DEBUG][0m ANALYZE [USER]: _ZNR4absl18container_internal15CompressedTupleIJNSt3__19allocatorIPNS_13cord_internal7CordRepEEEPS6_EE3getILi1EEERNS0_25internal_compressed_tuple4ElemIS9_XT_EE4typeEv
[2m[DEBUG][0m ANALYZE [USER]: _ZNR4absl18container_internal25internal_compressed_tuple7StorageIPPNS_13cord_internal7CordRepELm1ENS1_10StorageTagIJNSt3__19allocatorIS5_EES6_EEELb0EE3getEv
[2m[DEBUG][0m STDLIB-SKIP: _ZNSt3__19allocatorIPN4absl13cord_internal7CordRepEE7destroyB8ne210108EPS4_
[2m[DEBUG][0m ANALYZE [USER]: _ZN4absl23inlined_vector_internal13MallocAdapterINSt3__19allocatorIPNS_13cord_internal7CordRepEEELb0EE10DeallocateERS7_PS6_m
[2m[DEBUG][0m STDLIB-SKIP: _ZNSt3__116allocator_traitsINS_9allocatorIPN4absl13cord_internal7CordRepEEEE10deallocateB8ne210108ERS6_PS5_m
[2m[DEBUG][0m STDLIB-SKIP: _ZNSt3__19allocatorIPN4absl13cord_internal7CordRepEE10deallocateB8ne210108EPS4_m
[2m[DEBUG][0m STDLIB-SKIP: _ZNSt3__119__libcpp_deallocateB8ne210108IPN4absl13cord_internal7CordRepEEEvPNS_15__type_identityIT_E4typeENS_15__element_countEm
[2m[DEBUG][0m ANALYZE [USER]: _ZN4absl23inlined_vector_internal21AllocationTransactionINSt3__19allocatorIPNS_13cord_internal7CordRepEEEE5ResetEv
[2m[DEBUG][0m ANALYZE [USER]: _ZN4absl23inlined_vector_internal21AllocationTransactionINSt3__19allocatorIPNS_13cord_internal7CordRepEEEED2Ev
[2m[DEBUG][0m ANALYZE [USER]: _ZN4absl23inlined_vector_internal21AllocationTransactionINSt3__19allocatorIPNS_13cord_internal7CordRepEEEE11DidAllocateEv
[2m[DEBUG][0m ANALYZE [USER]: _ZN4absl13InlinedVectorIPNS_13cord_internal7CordRepELm2ENSt3__19allocatorIS3_EEE4dataEv
[2m[DEBUG][0m ANALYZE [USER]: _ZNK4absl13InlinedVectorIPNS_13cord_internal7CordRepELm2ENSt3__19allocatorIS3_EEE4sizeEv
[2m[DEBUG][0m ANALYZE [USER]: _ZN4absl23inlined_vector_internal7StorageIPNS_13cord_internal7CordRepELm2ENSt3__19allocatorIS4_EEE12SubtractSizeEm
[2m[DEBUG][0m STDLIB-SKIP: _ZNSt3__119basic_ostringstreamIcNS_11char_traitsIcEENS_9allocatorIcEEEC1B8ne210108Ev
[2m[DEBUG][0m STDLIB-SKIP: _ZNSt3__1lsB8ne210108INS_11char_traitsIcEEEERNS_13basic_ostreamIcT_EES6_PKc
[2m[DEBUG][0m ANALYZE [USER]: _ZN4abslL8DumpNodeEPNS_13cord_internal7CordRepEbPNSt3__113basic_ostreamIcNS3_11char_traitsIcEEEEi
[2m[DEBUG][0m STDLIB-SKIP: _ZNKSt3__119basic_ostringstreamIcNS_11char_traitsIcEENS_9allocatorIcEEE3strB8ne210108Ev
[2m[DEBUG][0m STDLIB-SKIP: _ZNSt3__119basic_ostringstreamIcNS_11char_traitsIcEENS_9allocatorIcEEED1Ev
[2m[DEBUG][0m STDLIB-SKIP: _ZNSt3__19basic_iosIcNS_11char_traitsIcEEEC2B8ne210108Ev
[2m[DEBUG][0m STDLIB-SKIP: _ZNSt3__113basic_ostreamIcNS_11char_traitsIcEEEC2B8ne210108EPNS_15basic_streambufIcS2_EE
[2m[DEBUG][0m NOISE-SKIP [COMPILER_GEN]: _ZNSt3__115basic_stringbufIcNS_11char_traitsIcEENS_9allocatorIcEEEC1B8ne210108Ej
[2m[DEBUG][0m STDLIB-SKIP: _ZNSt3__18ios_baseC2B8ne210108Ev
[2m[DEBUG][0m STDLIB-SKIP: _ZNSt3__19basic_iosIcNS_11char_traitsIcEEE4initB8ne210108EPNS_15basic_streambufIcS2_EE
[2m[DEBUG][0m STDLIB-SKIP: _ZNSt3__118_SentinelValueFillINS_11char_traitsIcEEE6__initB8ne210108Ev
[2m[DEBUG][0m STDLIB-SKIP: _ZNSt3__111char_traitsIcE3eofB8ne210108Ev
[2m[DEBUG][0m NOISE-SKIP [COMPILER_GEN]: _ZNSt3__115basic_stringbufIcNS_11char_traitsIcEENS_9allocatorIcEEEC2B8ne210108Ej
[2m[DEBUG][0m NOISE-SKIP [COMPILER_GEN]: _ZNSt3__115basic_stringbufIcNS_11char_traitsIcEENS_9allocatorIcEEE15__init_buf_ptrsB8ne210108Ev
[2m[DEBUG][0m STDLIB-SKIP: _ZNSt3__115basic_streambufIcNS_11char_traitsIcEEE4setgB8ne210108EPcS4_S4_
[2m[DEBUG][0m NOISE-SKIP [COMPILER_GEN]: _ZNSt3__112basic_stringIcNS_11char_traitsIcEENS_9allocatorIcEEE6resizeB8ne210108Em
[2m[DEBUG][0m NOISE-SKIP [COMPILER_GEN]: _ZNKSt3__112basic_stringIcNS_11char_traitsIcEENS_9allocatorIcEEE8capacityB8ne210108Ev
[2m[DEBUG][0m STDLIB-SKIP: _ZNSt3__115basic_streambufIcNS_11char_traitsIcEEE4setpB8ne210108EPcS4_
[2m[DEBUG][0m STDLIB-SKIP: _ZNSt3__115basic_streambufIcNS_11char_traitsIcEEE5pbumpB8ne210108Ei
[2m[DEBUG][0m NOISE-SKIP [COMPILER_GEN]: _ZNKSt3__112basic_stringIcNS_11char_traitsIcEENS_9allocatorIcEEE9__is_longB8ne210108Ev
[2m[DEBUG][0m NOISE-SKIP [COMPILER_GEN]: _ZNKSt3__112basic_stringIcNS_11char_traitsIcEENS_9allocatorIcEEE14__get_long_capB8ne210108Ev
[2m[DEBUG][0m STDLIB-SKIP: _ZNSt3__124__put_character_sequenceB8ne210108IcNS_11char_traitsIcEEEERNS_13basic_ostreamIT_T0_EES7_PKS4_m
[2m[DEBUG][0m STDLIB-SKIP: _ZNSt3__111char_traitsIcE6lengthB8ne210108EPKc
[2m[DEBUG][0m STDLIB-SKIP: _ZNKSt3__113basic_ostreamIcNS_11char_traitsIcEEE6sentrycvbB8ne210108Ev
[2m[DEBUG][0m STDLIB-SKIP: _ZNSt3__116__pad_and_outputB8ne210108IcNS_11char_traitsIcEEEENS_19ostreambuf_iteratorIT_T0_EES6_PKS4_S8_S8_RNS_8ios_baseES4_
[2m[DEBUG][0m STDLIB-SKIP: _ZNSt3__119ostreambuf_iteratorIcNS_11char_traitsIcEEEC1B8ne210108ERNS_13basic_ostreamIcS2_EE
[2m[DEBUG][0m STDLIB-SKIP: _ZNKSt3__18ios_base5flagsB8ne210108Ev
[2m[DEBUG][0m STDLIB-SKIP: _ZNKSt3__19basic_iosIcNS_11char_traitsIcEEE4fillB8ne210108Ev
[2m[DEBUG][0m STDLIB-SKIP: _ZNKSt3__119ostreambuf_iteratorIcNS_11char_traitsIcEEE6failedB8ne210108Ev
[2m[DEBUG][0m STDLIB-SKIP: _ZNSt3__19basic_iosIcNS_11char_traitsIcEEE8setstateB8ne210108Ej
[2m[DEBUG][0m STDLIB-SKIP: _ZNKSt3__18ios_base5widthB8ne210108Ev
[2m[DEBUG][0m STDLIB-SKIP: _ZNSt3__115basic_streambufIcNS_11char_traitsIcEEE5sputnB8ne210108EPKcl
[2m[DEBUG][0m NOISE-SKIP [COMPILER_GEN]: _ZNSt3__112basic_stringIcNS_11char_traitsIcEENS_9allocatorIcEEEC1B8ne210108Emc
[2m[DEBUG][0m STDLIB-SKIP: _ZNSt3__18ios_base5widthB8ne210108El
[2m[DEBUG][0m NOISE-SKIP [COMPILER_GEN]: _ZNSt3__112basic_stringIcNS_11char_traitsIcEENS_9allocatorIcEEEC2B8ne210108Emc
[2m[DEBUG][0m STDLIB-SKIP: _ZNSt3__119ostreambuf_iteratorIcNS_11char_traitsIcEEEC2B8ne210108ERNS_13basic_ostreamIcS2_EE
[2m[DEBUG][0m STDLIB-SKIP: _ZNKSt3__19basic_iosIcNS_11char_traitsIcEEE5rdbufB8ne210108Ev
[2m[DEBUG][0m STDLIB-SKIP: _ZNKSt3__18ios_base5rdbufB8ne210108Ev
[2m[DEBUG][0m STDLIB-SKIP: _ZNKSt3__118_SentinelValueFillINS_11char_traitsIcEEE8__is_setB8ne210108Ev
[2m[DEBUG][0m STDLIB-SKIP: _ZNKSt3__19basic_iosIcNS_11char_traitsIcEEE5widenB8ne210108Ec
[2m[DEBUG][0m STDLIB-SKIP: _ZNSt3__118_SentinelValueFillINS_11char_traitsIcEEEaSB8ne210108Ei
[2m[DEBUG][0m STDLIB-SKIP: _ZNKSt3__118_SentinelValueFillINS_11char_traitsIcEEE5__getB8ne210108Ev
[2m[DEBUG][0m STDLIB-SKIP: _ZNSt3__19use_facetB8ne210108INS_5ctypeIcEEEERKT_RKNS_6localeE
[2m[DEBUG][0m STDLIB-SKIP: _ZNKSt3__15ctypeIcE5widenB8ne210108Ec
[2m[DEBUG][0m STDLIB-SKIP: _ZNSt3__18ios_base8setstateB8ne210108Ej
[2m[DEBUG][0m STDLIB-SKIP: _ZNSt3__118__constexpr_strlenB8ne210108IcEEmPKT_
[2m[DEBUG][0m STDLIB-SKIP: _ZNSt3__1lsB8ne210108IcNS_11char_traitsIcEEEERNS_13basic_ostreamIT_T0_EES7_RKNS_8__iom_t6E
[2m[DEBUG][0m STDLIB-SKIP: _ZNSt3__14setwB8ne210108Ei
[2m[DEBUG][0m ANALYZE [USER]: _ZNK4absl13cord_internal16RefcountAndFlags3GetEv
[2m[DEBUG][0m ANALYZE [USER]: _ZN4absllsERNSt3__113basic_ostreamIcNS0_11char_traitsIcEEEENS_8crc32c_tE
[2m[DEBUG][0m NOISE-SKIP [COMPILER_GEN]: _ZNSt3__1lsB8ne210108IcNS_11char_traitsIcEENS_9allocatorIcEEEERNS_13basic_ostreamIT_T0_EES9_RKNS_12basic_stringIS6_S7_T1_EE
[2m[DEBUG][0m NOISE-SKIP [COMPILER_GEN]: _ZNSt3__117basic_string_viewIcNS_11char_traitsIcEEEC1B8ne210108EPKc
[2m[DEBUG][0m STDLIB-SKIP: _ZNSt3__18__iom_t6C1B8ne210108Ei
[2m[DEBUG][0m STDLIB-SKIP: _ZNSt3__18__iom_t6C2B8ne210108Ei
[2m[DEBUG][0m STDLIB-SKIP: _ZNKSt3__113__atomic_baseIiLb0EE4loadB8ne210108ENS_12memory_orderE
[2m[DEBUG][0m STDLIB-SKIP: _ZNSt3__117__cxx_atomic_loadB8ne210108IiEET_PKNS_22__cxx_atomic_base_implIS1_EENS_12memory_orderE
[2m[DEBUG][0m ANALYZE [USER]: _ZN4absl19str_format_internallsERNSt3__113basic_ostreamIcNS1_11char_traitsIcEEEERKNS0_10StreamableE
[2m[DEBUG][0m ANALYZE [USER]: _ZN4absl12StreamFormatIJjEEENS_19str_format_internal10StreamableERKNS1_18FormatSpecTemplateIJXspclsr19str_format_internalE14ArgumentToConvIT_EEEEEEDpRKS4_
[2m[DEBUG][0m NOISE-SKIP [COMPILER_GEN]: _ZN4absl19str_format_internal18FormatSpecTemplateIJLNS_23FormatConversionCharSetE655355EEEC1EUa9enable_ifIXclL_ZNS0_15ValidFormatImplIJLS2_655355EEEEbNSt3__117basic_string_viewIcNS5_11char_traitsIcEEEEEfL0p_EEEPKc
[2m[DEBUG][0m ANALYZE [USER]: _ZN4absl19str_format_internal10StreamableD1Ev
[2m[DEBUG][0m ANALYZE [USER]: _ZN4absl19str_format_internal21UntypedFormatSpecImpl7ExtractINS0_18FormatSpecTemplateIJLNS_23FormatConversionCharSetE655355EEEEEERKS1_RKT_
[2m[DEBUG][0m ANALYZE [USER]: _ZN4absl19str_format_internal13FormatArgImplC1IjEERKT_
[2m[DEBUG][0m ANALYZE [USER]: _ZN4absl4SpanIKNS_19str_format_internal13FormatArgImplEEC1IS3_S3_EESt16initializer_listIS2_E
[2m[DEBUG][0m ANALYZE [USER]: _ZN4absl19str_format_internal10StreamableC1ERKNS0_21UntypedFormatSpecImplENS_4SpanIKNS0_13FormatArgImplEEE
[2m[DEBUG][0m ANALYZE [USER]: _ZN4absl19str_format_internal13FormatArgImplC2IjEERKT_
[2m[DEBUG][0m ANALYZE [USER]: _ZN4absl19str_format_internal13FormatArgImpl4InitIjEEvRKT_
[2m[DEBUG][0m ANALYZE [USER]: _ZN4absl19str_format_internal13FormatArgImpl7ManagerIjLNS1_13StoragePolicyE2EE8SetValueERKj
[2m[DEBUG][0m STDLIB-SKIP: _ZNKSt16initializer_listIN4absl19str_format_internal13FormatArgImplEE5beginB8ne210108Ev
[2m[DEBUG][0m STDLIB-SKIP: _ZNKSt16initializer_listIN4absl19str_format_internal13FormatArgImplEE4sizeB8ne210108Ev
[2m[DEBUG][0m ANALYZE [USER]: _ZN4absl4SpanIKNS_19str_format_internal13FormatArgImplEEC1EPS3_m
[2m[DEBUG][0m ANALYZE [USER]: _ZN4absl4SpanIKNS_19str_format_internal13FormatArgImplEEC2EPS3_m
[2m[DEBUG][0m ANALYZE [USER]: _ZN4absl19str_format_internal10StreamableC2ERKNS0_21UntypedFormatSpecImplENS_4SpanIKNS0_13FormatArgImplEEE
[2m[DEBUG][0m ANALYZE [USER]: _ZNK4absl4SpanIKNS_19str_format_internal13FormatArgImplEE5beginEv
[2m[DEBUG][0m ANALYZE [USER]: _ZNK4absl4SpanIKNS_19str_format_internal13FormatArgImplEE3endEv
[2m[DEBUG][0m STDLIB-SKIP: _ZNSt3__19allocatorIN4absl19str_format_internal13FormatArgImplEEC1B8ne210108Ev
[2m[DEBUG][0m NOISE-SKIP [COMPILER_GEN]: _ZN4absl13InlinedVectorINS_19str_format_internal13FormatArgImplELm4ENSt3__19allocatorIS2_EEEC1IPKS2_TnNS3_9enable_ifIXsr13base_internal24IsAtLeastForwardIteratorIT_EE5valueEiE4typeELi0EEESB_SB_RKS5_
[2m[DEBUG][0m ANALYZE [USER]: _ZNK4absl4SpanIKNS_19str_format_internal13FormatArgImplEE4dataEv
[2m[DEBUG][0m ANALYZE [USER]: _ZNK4absl4SpanIKNS_19str_format_internal13FormatArgImplEE4sizeEv
[2m[DEBUG][0m STDLIB-SKIP: _ZNSt3__19allocatorIN4absl19str_format_internal13FormatArgImplEEC2B8ne210108Ev
[2m[DEBUG][0m STDLIB-SKIP: _ZNSt3__116__non_trivial_ifILb1ENS_9allocatorIN4absl19str_format_internal13FormatArgImplEEEEC2B8ne210108Ev
[2m[DEBUG][0m NOISE-SKIP [COMPILER_GEN]: _ZN4absl13InlinedVectorINS_19str_format_internal13FormatArgImplELm4ENSt3__19allocatorIS2_EEEC2IPKS2_TnNS3_9enable_ifIXsr13base_internal24IsAtLeastForwardIteratorIT_EE5valueEiE4typeELi0EEESB_SB_RKS5_
[2m[DEBUG][0m ANALYZE [USER]: _ZN4absl23inlined_vector_internal7StorageINS_19str_format_internal13FormatArgImplELm4ENSt3__19allocatorIS3_EEEC1ERKS6_
[2m[DEBUG][0m NOISE-SKIP [COMPILER_GEN]: _ZN4absl23inlined_vector_internal7StorageINS_19str_format_internal13FormatArgImplELm4ENSt3__19allocatorIS3_EEE10InitializeINS0_20IteratorValueAdapterIS6_PKS3_EEEEvT_m
[2m[DEBUG][0m NOISE-SKIP [COMPILER_GEN]: _ZN4absl23inlined_vector_internal20IteratorValueAdapterINSt3__19allocatorINS_19str_format_internal13FormatArgImplEEEPKS5_EC1ERKS8_
[2m[DEBUG][0m STDLIB-SKIP: _ZNSt3__18distanceB8ne210108IPKN4absl19str_format_internal13FormatArgImplEEENS_15iterator_traitsIT_E15difference_typeES7_S7_
[2m[DEBUG][0m ANALYZE [USER]: _ZN4absl23inlined_vector_internal7StorageINS_19str_format_internal13FormatArgImplELm4ENSt3__19allocatorIS3_EEED1Ev
[2m[DEBUG][0m ANALYZE [USER]: _ZN4absl23inlined_vector_internal7StorageINS_19str_format_internal13FormatArgImplELm4ENSt3__19allocatorIS3_EEEC2ERKS6_
[2m[DEBUG][0m ANALYZE [USER]: _ZN4absl18container_internal15CompressedTupleIJNSt3__19allocatorINS_19str_format_internal13FormatArgImplEEEmEEC1IRKS6_JjETnNS2_9enable_ifIXsr3std11conjunctionINS2_8negationINS2_7is_sameIFvS7_EFvu7__decayIT_EEEEEENS0_25internal_compressed_tuple27TupleItemsMoveConstructibleIS7_JSF_DpT0_EEEEE5valueEbE4typeELb1EEEOSF_DpOSM_
[2m[DEBUG][0m ANALYZE [USER]: _ZN4absl18container_internal15CompressedTupleIJNSt3__19allocatorINS_19str_format_internal13FormatArgImplEEEmEEC2IRKS6_JjETnNS2_9enable_ifIXsr3std11conjunctionINS2_8negationINS2_7is_sameIFvS7_EFvu7__decayIT_EEEEEENS0_25internal_compressed_tuple27TupleItemsMoveConstructibleIS7_JSF_DpT0_EEEEE5valueEbE4typeELb1EEEOSF_DpOSM_
[2m[DEBUG][0m ANALYZE [USER]: _ZN4absl18container_internal25internal_compressed_tuple19CompressedTupleImplINS0_15CompressedTupleIJNSt3__19allocatorINS_19str_format_internal13FormatArgImplEEEmEEENS4_16integer_sequenceImJLm0ELm1EEEELb1EEC2IJRKS8_jEEENS4_10in_place_tEDpOT_
[2m[DEBUG][0m ANALYZE [USER]: _ZN4absl18container_internal25internal_compressed_tuple7StorageINSt3__19allocatorINS_19str_format_internal13FormatArgImplEEELm0ENS1_10StorageTagIJS7_mEEELb1EEC2IRKS7_EENS3_10in_place_tEOT_
[2m[DEBUG][0m ANALYZE [USER]: _ZN4absl18container_internal25internal_compressed_tuple7StorageImLm1ENS1_10StorageTagIJNSt3__19allocatorINS_19str_format_internal13FormatArgImplEEEmEEELb0EEC2IjEENS4_10in_place_tEOT_
[2m[DEBUG][0m ANALYZE [USER]: _ZNK4absl23inlined_vector_internal7StorageINS_19str_format_internal13FormatArgImplELm4ENSt3__19allocatorIS3_EEE14GetIsAllocatedEv
[2m[DEBUG][0m ANALYZE [USER]: _ZNK4absl23inlined_vector_internal7StorageINS_19str_format_internal13FormatArgImplELm4ENSt3__19allocatorIS3_EEE7GetSizeEv
[2m[DEBUG][0m ANALYZE [USER]: _ZNK4absl23inlined_vector_internal7StorageINS_19str_format_internal13FormatArgImplELm4ENSt3__19allocatorIS3_EEE18GetInlinedCapacityEv
[2m[DEBUG][0m ANALYZE [USER]: _ZN4absl23inlined_vector_internal7StorageINS_19str_format_internal13FormatArgImplELm4ENSt3__19allocatorIS3_EEE15ComputeCapacityEmm
[2m[DEBUG][0m ANALYZE [USER]: _ZN4absl23inlined_vector_internal13MallocAdapterINSt3__19allocatorINS_19str_format_internal13FormatArgImplEEELb0EE8AllocateERS6_m
[2m[DEBUG][0m ANALYZE [USER]: _ZN4absl23inlined_vector_internal7StorageINS_19str_format_internal13FormatArgImplELm4ENSt3__19allocatorIS3_EEE12GetAllocatorEv
[2m[DEBUG][0m ANALYZE [USER]: _ZN4absl23inlined_vector_internal7StorageINS_19str_format_internal13FormatArgImplELm4ENSt3__19allocatorIS3_EEE13SetAllocationENS0_10AllocationIS6_EE
[2m[DEBUG][0m ANALYZE [USER]: _ZN4absl23inlined_vector_internal7StorageINS_19str_format_internal13FormatArgImplELm4ENSt3__19allocatorIS3_EEE14SetIsAllocatedEv
[2m[DEBUG][0m ANALYZE [USER]: _ZN4absl23inlined_vector_internal7StorageINS_19str_format_internal13FormatArgImplELm4ENSt3__19allocatorIS3_EEE14GetInlinedDataEv
[2m[DEBUG][0m NOISE-SKIP [COMPILER_GEN]: _ZN4absl23inlined_vector_internal17ConstructElementsINSt3__19allocatorINS_19str_format_internal13FormatArgImplEEENS0_20IteratorValueAdapterIS6_PKS5_EEEEvRNS_13type_identityIT_E4typeENS2_16allocator_traitsISC_E7pointerERT0_NSH_9size_typeE
[2m[DEBUG][0m ANALYZE [USER]: _ZN4absl23inlined_vector_internal7StorageINS_19str_format_internal13FormatArgImplELm4ENSt3__19allocatorIS3_EEE7AddSizeEm
[2m[DEBUG][0m ANALYZE [USER]: _ZNK4absl23inlined_vector_internal7StorageINS_19str_format_internal13FormatArgImplELm4ENSt3__19allocatorIS3_EEE21GetSizeAndIsAllocatedEv
[2m[DEBUG][0m ANALYZE [USER]: _ZNKR4absl18container_internal15CompressedTupleIJNSt3__19allocatorINS_19str_format_internal13FormatArgImplEEEmEE3getILi1EEERKNS0_25internal_compressed_tuple4ElemIS7_XT_EE4typeEv
[2m[DEBUG][0m ANALYZE [USER]: _ZNKR4absl18container_internal25internal_compressed_tuple7StorageImLm1ENS1_10StorageTagIJNSt3__19allocatorINS_19str_format_internal13FormatArgImplEEEmEEELb0EE3getEv
[2m[DEBUG][0m ANALYZE [USER]: _ZN4absl23inlined_vector_internal7StorageINS_19str_format_internal13FormatArgImplELm4ENSt3__19allocatorIS3_EEE12NextCapacityEm
[2m[DEBUG][0m STDLIB-SKIP: _ZNSt3__116allocator_traitsINS_9allocatorIN4absl19str_format_internal13FormatArgImplEEEE8allocateB8ne210108ERS5_m
[2m[DEBUG][0m STDLIB-SKIP: _ZNSt3__19allocatorIN4absl19str_format_internal13FormatArgImplEE8allocateB8ne210108Em
[2m[DEBUG][0m STDLIB-SKIP: _ZNSt3__116allocator_traitsINS_9allocatorIN4absl19str_format_internal13FormatArgImplEEEE8max_sizeB8ne210108IS5_TnNS_9enable_ifIX16__has_max_size_vIKT_EEiE4typeELi0EEEmRKS5_
[2m[DEBUG][0m STDLIB-SKIP: _ZNSt3__117__libcpp_allocateB8ne210108IN4absl19str_format_internal13FormatArgImplEEEPT_NS_15__element_countEm
[2m[DEBUG][0m STDLIB-SKIP: _ZNKSt3__19allocatorIN4absl19str_format_internal13FormatArgImplEE8max_sizeB8ne210108Ev
[2m[DEBUG][0m ANALYZE [USER]: _ZNR4absl18container_internal15CompressedTupleIJNSt3__19allocatorINS_19str_format_internal13FormatArgImplEEEmEE3getILi0EEERNS0_25internal_compressed_tuple4ElemIS7_XT_EE4typeEv
[2m[DEBUG][0m ANALYZE [USER]: _ZNR4absl18container_internal25internal_compressed_tuple7StorageINSt3__19allocatorINS_19str_format_internal13FormatArgImplEEELm0ENS1_10StorageTagIJS7_mEEELb1EE3getEv
[2m[DEBUG][0m ANALYZE [USER]: _ZN4absl23inlined_vector_internal7StorageINS_19str_format_internal13FormatArgImplELm4ENSt3__19allocatorIS3_EEE21GetSizeAndIsAllocatedEv
[2m[DEBUG][0m ANALYZE [USER]: _ZNR4absl18container_internal15CompressedTupleIJNSt3__19allocatorINS_19str_format_internal13FormatArgImplEEEmEE3getILi1EEERNS0_25internal_compressed_tuple4ElemIS7_XT_EE4typeEv
[2m[DEBUG][0m ANALYZE [USER]: _ZNR4absl18container_internal25internal_compressed_tuple7StorageImLm1ENS1_10StorageTagIJNSt3__19allocatorINS_19str_format_internal13FormatArgImplEEEmEEELb0EE3getEv
[2m[DEBUG][0m NOISE-SKIP [COMPILER_GEN]: _ZN4absl23inlined_vector_internal20IteratorValueAdapterINSt3__19allocatorINS_19str_format_internal13FormatArgImplEEEPKS5_E13ConstructNextERS6_PS5_
[2m[DEBUG][0m ANALYZE [USER]: _ZN4absl23inlined_vector_internal14DestroyAdapterINSt3__19allocatorINS_19str_format_internal13FormatArgImplEEELb1EE15DestroyElementsERS6_PS5_m
[2m[DEBUG][0m STDLIB-SKIP: _ZNSt3__116allocator_traitsINS_9allocatorIN4absl19str_format_internal13FormatArgImplEEEE9constructB8ne210108IS4_JRKS4_ETnNS_9enable_ifIX17__has_construct_vIS5_PT_DpT0_EEiE4typeELi0EEEvRS5_SC_DpOSD_
[2m[DEBUG][0m STDLIB-SKIP: _ZNSt3__19allocatorIN4absl19str_format_internal13FormatArgImplEE9constructB8ne210108IS3_JRKS3_EEEvPT_DpOT0_
[2m[DEBUG][0m NOISE-SKIP [COMPILER_GEN]: _ZN4absl23inlined_vector_internal20IteratorValueAdapterINSt3__19allocatorINS_19str_format_internal13FormatArgImplEEEPKS5_EC2ERKS8_
[2m[DEBUG][0m STDLIB-SKIP: _ZNSt3__110__distanceB8ne210108IPKN4absl19str_format_internal13FormatArgImplEEENS_15iterator_traitsIT_E15difference_typeES7_S7_NS_26random_access_iterator_tagE
[2m[DEBUG][0m ANALYZE [USER]: _ZN4absl23inlined_vector_internal7StorageINS_19str_format_internal13FormatArgImplELm4ENSt3__19allocatorIS3_EEED2Ev
[2m[DEBUG][0m ANALYZE [USER]: _ZN4absl23inlined_vector_internal7StorageINS_19str_format_internal13FormatArgImplELm4ENSt3__19allocatorIS3_EEE21DeallocateIfAllocatedEv
[2m[DEBUG][0m ANALYZE [USER]: _ZN4absl23inlined_vector_internal13MallocAdapterINSt3__19allocatorINS_19str_format_internal13FormatArgImplEEELb0EE10DeallocateERS6_PS5_m
[2m[DEBUG][0m ANALYZE [USER]: _ZN4absl23inlined_vector_internal7StorageINS_19str_format_internal13FormatArgImplELm4ENSt3__19allocatorIS3_EEE16GetAllocatedDataEv
[2m[DEBUG][0m ANALYZE [USER]: _ZNK4absl23inlined_vector_internal7StorageINS_19str_format_internal13FormatArgImplELm4ENSt3__19allocatorIS3_EEE20GetAllocatedCapacityEv
[2m[DEBUG][0m STDLIB-SKIP: _ZNSt3__116allocator_traitsINS_9allocatorIN4absl19str_format_internal13FormatArgImplEEEE10deallocateB8ne210108ERS5_PS4_m
[2m[DEBUG][0m STDLIB-SKIP: _ZNSt3__19allocatorIN4absl19str_format_internal13FormatArgImplEE10deallocateB8ne210108EPS3_m
[2m[DEBUG][0m STDLIB-SKIP: _ZNSt3__119__libcpp_deallocateB8ne210108IN4absl19str_format_internal13FormatArgImplEEEvPNS_15__type_identityIT_E4typeENS_15__element_countEm
[2m[DEBUG][0m NOISE-SKIP [COMPILER_GEN]: _ZN4absl19str_format_internal18FormatSpecTemplateIJLNS_23FormatConversionCharSetE655355EEEC2EUa9enable_ifIXclL_ZNS0_15ValidFormatImplIJLS2_655355EEEEbNSt3__117basic_string_viewIcNS5_11char_traitsIcEEEEEfL0p_EEEPKc
[2m[DEBUG][0m NOISE-SKIP [COMPILER_GEN]: _ZN4absl17UntypedFormatSpecC2ENSt3__117basic_string_viewIcNS1_11char_traitsIcEEEE
[2m[DEBUG][0m NOISE-SKIP [COMPILER_GEN]: _ZN4absl19str_format_internal21UntypedFormatSpecImplC1ENSt3__117basic_string_viewIcNS2_11char_traitsIcEEEE
[2m[DEBUG][0m NOISE-SKIP [COMPILER_GEN]: _ZN4absl19str_format_internal21UntypedFormatSpecImplC2ENSt3__117basic_string_viewIcNS2_11char_traitsIcEEEE
[2m[DEBUG][0m ANALYZE [USER]: _ZN4absl19str_format_internal10StreamableD2Ev
[2m[DEBUG][0m ANALYZE [USER]: _ZN4absl13InlinedVectorINS_19str_format_internal13FormatArgImplELm4ENSt3__19allocatorIS2_EEED1Ev
[2m[DEBUG][0m ANALYZE [USER]: _ZN4absl13InlinedVectorINS_19str_format_internal13FormatArgImplELm4ENSt3__19allocatorIS2_EEED2Ev
[2m[DEBUG][0m NOISE-SKIP [COMPILER_GEN]: _ZNKSt3__112basic_stringIcNS_11char_traitsIcEENS_9allocatorIcEEE4dataB8ne210108Ev
[2m[DEBUG][0m STDLIB-SKIP: _ZNSt3__112__to_addressB8ne210108IKcEEPT_S3_
[2m[DEBUG][0m NOISE-SKIP [COMPILER_GEN]: _ZNKSt3__112basic_stringIcNS_11char_traitsIcEENS_9allocatorIcEEE13__get_pointerB8ne210108Ev
[2m[DEBUG][0m NOISE-SKIP [COMPILER_GEN]: _ZNKSt3__112basic_stringIcNS_11char_traitsIcEENS_9allocatorIcEEE18__get_long_pointerB8ne210108Ev
[2m[DEBUG][0m NOISE-SKIP [COMPILER_GEN]: _ZNKSt3__112basic_stringIcNS_11char_traitsIcEENS_9allocatorIcEEE19__get_short_pointerB8ne210108Ev
[2m[DEBUG][0m STDLIB-SKIP: _ZNSt3__114pointer_traitsIPKcE10pointer_toB8ne210108ERS1_
[2m[DEBUG][0m NOISE-SKIP [COMPILER_GEN]: _ZNSt3__117basic_string_viewIcNS_11char_traitsIcEEEC2B8ne210108EPKc
[2m[DEBUG][0m STDLIB-SKIP: _ZNSt3__128__char_traits_length_checkedB8ne210108INS_11char_traitsIcEEEEmPKNT_9char_typeE
[2m[DEBUG][0m STDLIB-SKIP: _ZNSt3__119basic_ostringstreamIcNS_11char_traitsIcEENS_9allocatorIcEEED2Ev
[2m[DEBUG][0m STDLIB-SKIP: _ZTv0_n24_NSt3__119basic_ostringstreamIcNS_11char_traitsIcEENS_9allocatorIcEEED1Ev
[2m[DEBUG][0m NOISE-SKIP [COMPILER_GEN]: _ZNSt3__115basic_stringbufIcNS_11char_traitsIcEENS_9allocatorIcEEED1Ev
[2m[DEBUG][0m NOISE-SKIP [COMPILER_GEN]: _ZNSt3__115basic_stringbufIcNS_11char_traitsIcEENS_9allocatorIcEEED2Ev
[2m[DEBUG][0m ANALYZE [USER]: _ZN4absl13InlinedVectorIPNS_13cord_internal7CordRepELm2ENSt3__19allocatorIS3_EEED2Ev
[2m[DEBUG][0m ANALYZE [USER]: _ZN4absl23inlined_vector_internal7StorageIPNS_13cord_internal7CordRepELm2ENSt3__19allocatorIS4_EEED1Ev
[2m[DEBUG][0m ANALYZE [USER]: _ZN4absl23inlined_vector_internal7StorageIPNS_13cord_internal7CordRepELm2ENSt3__19allocatorIS4_EEED2Ev
[2m[DEBUG][0m NOISE-SKIP [COMPILER_GEN]: _ZNKSt3__112basic_stringIcNS_11char_traitsIcEENS_9allocatorIcEEE6lengthB8ne210108Ev
[2m[DEBUG][0m NOISE-SKIP [COMPILER_GEN]: _ZN4absl13cord_internal14NewExternalRepIZNS_L17CordRepFromStringEONSt3__112basic_stringIcNS2_11char_traitsIcEENS2_9allocatorIcEEEEE14StringReleaserEEPNS0_7CordRepENS2_17basic_string_viewIcS5_EEOT_
[2m[DEBUG][0m NOISE-SKIP [COMPILER_GEN]: _ZNSt3__112basic_stringIcNS_11char_traitsIcEENS_9allocatorIcEEEC1B8ne210108EOS5_
[2m[DEBUG][0m NOISE-SKIP [COMPILER_GEN]: _ZZN4abslL17CordRepFromStringEONSt3__112basic_stringIcNS0_11char_traitsIcEENS0_9allocatorIcEEEEEN14StringReleaserD1Ev
[2m[DEBUG][0m NOISE-SKIP [COMPILER_GEN]: _ZNR4absl18container_internal15CompressedTupleIJZNS_L17CordRepFromStringEONSt3__112basic_stringIcNS2_11char_traitsIcEENS2_9allocatorIcEEEEE14StringReleaserEE3getILi0EEERNS0_25internal_compressed_tuple4ElemISB_XT_EE4typeEv
[2m[DEBUG][0m NOISE-SKIP [COMPILER_GEN]: _ZN4absl13cord_internal19CordRepExternalImplIZNS_L17CordRepFromStringEONSt3__112basic_stringIcNS2_11char_traitsIcEENS2_9allocatorIcEEEEE14StringReleaserEC1ISA_EEOT_i
[2m[DEBUG][0m NOISE-SKIP [COMPILER_GEN]: _ZN4absl13cord_internal19CordRepExternalImplIZNS_L17CordRepFromStringEONSt3__112basic_stringIcNS2_11char_traitsIcEENS2_9allocatorIcEEEEE14StringReleaserEC2ISA_EEOT_i
[2m[DEBUG][0m ANALYZE [USER]: _ZN4absl13cord_internal15CordRepExternalC2Ev
[2m[DEBUG][0m NOISE-SKIP [COMPILER_GEN]: _ZN4absl18container_internal15CompressedTupleIJZNS_L17CordRepFromStringEONSt3__112basic_stringIcNS2_11char_traitsIcEENS2_9allocatorIcEEEEE14StringReleaserEEC2ISA_JETnNS2_9enable_ifIXsr3std11conjunctionINS2_8negationINS2_7is_sameIFvSB_EFvu7__decayIT_EEEEEENS0_25internal_compressed_tuple27TupleItemsMoveConstructibleISB_JSH_DpT0_EEEEE5valueEbE4typeELb1EEEOSH_DpOSO_
[2m[DEBUG][0m NOISE-SKIP [COMPILER_GEN]: _ZN4absl13cord_internal19CordRepExternalImplIZNS_L17CordRepFromStringEONSt3__112basic_stringIcNS2_11char_traitsIcEENS2_9allocatorIcEEEEE14StringReleaserE7ReleaseEPNS0_15CordRepExternalE
[2m[DEBUG][0m ANALYZE [USER]: _ZN4absl13cord_internal7CordRepC2Ev
[2m[DEBUG][0m ANALYZE [USER]: _ZN4absl13cord_internal16RefcountAndFlagsC1Ev
[2m[DEBUG][0m ANALYZE [USER]: _ZN4absl13cord_internal16RefcountAndFlagsC2Ev
[2m[DEBUG][0m STDLIB-SKIP: _ZNSt3__16atomicIiEC1B8ne210108Ei
[2m[DEBUG][0m STDLIB-SKIP: _ZNSt3__16atomicIiEC2B8ne210108Ei
[2m[DEBUG][0m STDLIB-SKIP: _ZNSt3__113__atomic_baseIiLb1EEC2B8ne210108Ei
[2m[DEBUG][0m STDLIB-SKIP: _ZNSt3__113__atomic_baseIiLb0EEC2B8ne210108Ei
[2m[DEBUG][0m STDLIB-SKIP: _ZNSt3__117__cxx_atomic_implIiNS_22__cxx_atomic_base_implIiEEEC1B8ne210108Ei
[2m[DEBUG][0m STDLIB-SKIP: _ZNSt3__117__cxx_atomic_implIiNS_22__cxx_atomic_base_implIiEEEC2B8ne210108Ei
[2m[DEBUG][0m STDLIB-SKIP: _ZNSt3__122__cxx_atomic_base_implIiEC2Ei
[2m[DEBUG][0m NOISE-SKIP [COMPILER_GEN]: _ZN4absl18container_internal25internal_compressed_tuple19CompressedTupleImplINS0_15CompressedTupleIJZNS_L17CordRepFromStringEONSt3__112basic_stringIcNS4_11char_traitsIcEENS4_9allocatorIcEEEEE14StringReleaserEEENS4_16integer_sequenceImJLm0EEEELb0EEC2IJSC_EEENS4_10in_place_tEDpOT_
[2m[DEBUG][0m NOISE-SKIP [COMPILER_GEN]: _ZN4absl18container_internal25internal_compressed_tuple7StorageIZNS_L17CordRepFromStringEONSt3__112basic_stringIcNS3_11char_traitsIcEENS3_9allocatorIcEEEEE14StringReleaserLm0ENS1_10StorageTagIJSB_EEELb0EEC2ISB_EENS3_10in_place_tEOT_
[2m[DEBUG][0m NOISE-SKIP [COMPILER_GEN]: _ZZN4abslL17CordRepFromStringEONSt3__112basic_stringIcNS0_11char_traitsIcEENS0_9allocatorIcEEEEEN14StringReleaserC1EOS8_
[2m[DEBUG][0m NOISE-SKIP [COMPILER_GEN]: _ZZN4abslL17CordRepFromStringEONSt3__112basic_stringIcNS0_11char_traitsIcEENS0_9allocatorIcEEEEEN14StringReleaserC2EOS8_
[2m[DEBUG][0m NOISE-SKIP [COMPILER_GEN]: _ZN4absl13cord_internal19CordRepExternalImplIZNS_L17CordRepFromStringEONSt3__112basic_stringIcNS2_11char_traitsIcEENS2_9allocatorIcEEEEE14StringReleaserED1Ev
[2m[DEBUG][0m NOISE-SKIP [COMPILER_GEN]: _ZN4absl13cord_internal19CordRepExternalImplIZNS_L17CordRepFromStringEONSt3__112basic_stringIcNS2_11char_traitsIcEENS2_9allocatorIcEEEEE14StringReleaserED2Ev
[2m[DEBUG][0m NOISE-SKIP [COMPILER_GEN]: _ZN4absl13cord_internal14InvokeReleaserIZNS_L17CordRepFromStringEONSt3__112basic_stringIcNS2_11char_traitsIcEENS2_9allocatorIcEEEEE14StringReleaservEEvNS0_5Rank1EOT_NS2_17basic_string_viewIcS5_EE
[2m[DEBUG][0m NOISE-SKIP [COMPILER_GEN]: _ZN4absl18container_internal15CompressedTupleIJZNS_L17CordRepFromStringEONSt3__112basic_stringIcNS2_11char_traitsIcEENS2_9allocatorIcEEEEE14StringReleaserEED2Ev
[2m[DEBUG][0m NOISE-SKIP [COMPILER_GEN]: _ZNSt3__16invokeB8ne210108IZN4abslL17CordRepFromStringEONS_12basic_stringIcNS_11char_traitsIcEENS_9allocatorIcEEEEE14StringReleaserJRNS_17basic_string_viewIcS4_EEEEENS_20__invoke_result_implIvJT_DpT0_EE4typeEOSE_DpOSF_
[2m[DEBUG][0m NOISE-SKIP [COMPILER_GEN]: _ZNSt3__18__invokeB8ne210108IJZN4abslL17CordRepFromStringEONS_12basic_stringIcNS_11char_traitsIcEENS_9allocatorIcEEEEE14StringReleaserRNS_17basic_string_viewIcS4_EEEEENS_20__invoke_result_implIvJDpT_EE4typeEDpOSE_
[2m[DEBUG][0m NOISE-SKIP [COMPILER_GEN]: _ZZN4abslL17CordRepFromStringEONSt3__112basic_stringIcNS0_11char_traitsIcEENS0_9allocatorIcEEEEEN14StringReleaserclENS0_17basic_string_viewIcS3_EE
[2m[DEBUG][0m NOISE-SKIP [COMPILER_GEN]: _ZN4absl18container_internal25internal_compressed_tuple19CompressedTupleImplINS0_15CompressedTupleIJZNS_L17CordRepFromStringEONSt3__112basic_stringIcNS4_11char_traitsIcEENS4_9allocatorIcEEEEE14StringReleaserEEENS4_16integer_sequenceImJLm0EEEELb0EED2Ev
[2m[DEBUG][0m NOISE-SKIP [COMPILER_GEN]: _ZN4absl18container_internal25internal_compressed_tuple7StorageIZNS_L17CordRepFromStringEONSt3__112basic_stringIcNS3_11char_traitsIcEENS3_9allocatorIcEEEEE14StringReleaserLm0ENS1_10StorageTagIJSB_EEELb0EED2Ev
[2m[DEBUG][0m NOISE-SKIP [COMPILER_GEN]: _ZNSt3__112basic_stringIcNS_11char_traitsIcEENS_9allocatorIcEEEC2B8ne210108EOS5_
[2m[DEBUG][0m NOISE-SKIP [COMPILER_GEN]: _ZZNSt3__112basic_stringIcNS_11char_traitsIcEENS_9allocatorIcEEEC1B8ne210108EOS5_ENKUlRS5_E_clES7_
[2m[DEBUG][0m NOISE-SKIP [COMPILER_GEN]: _ZNKSt3__112basic_stringIcNS_11char_traitsIcEENS_9allocatorIcEEE14__annotate_newB8ne210108Em
[2m[DEBUG][0m NOISE-SKIP [COMPILER_GEN]: _ZNKSt3__112basic_stringIcNS_11char_traitsIcEENS_9allocatorIcEEE17__annotate_deleteB8ne210108Ev
[2m[DEBUG][0m NOISE-SKIP [COMPILER_GEN]: _ZNKSt3__112basic_stringIcNS_11char_traitsIcEENS_9allocatorIcEEE31__annotate_contiguous_containerB8ne210108EPKvS7_
[2m[DEBUG][0m NOISE-SKIP [COMPILER_GEN]: _ZZN4abslL17CordRepFromStringEONSt3__112basic_stringIcNS0_11char_traitsIcEENS0_9allocatorIcEEEEEN14StringReleaserD2Ev
[2m[DEBUG][0m NOISE-SKIP [COMPILER_GEN]: _ZNR4absl18container_internal25internal_compressed_tuple7StorageIZNS_L17CordRepFromStringEONSt3__112basic_stringIcNS3_11char_traitsIcEENS3_9allocatorIcEEEEE14StringReleaserLm0ENS1_10StorageTagIJSB_EEELb0EE3getEv
[2m[DEBUG][0m ANALYZE [USER]: _ZN4absl13cord_internal10InlineData15set_inline_dataEPKcm
[2m[DEBUG][0m ANALYZE [USER]: _ZN4absl13cord_internal10InlineData3Rep7set_tagEa
[2m[DEBUG][0m ANALYZE [USER]: _ZN4absl13cord_internal12SmallMemmoveILb1EEEvPcPKcm
[2m[DEBUG][0m ANALYZE [USER]: _ZN4absl13cord_internal10InlineData3Rep8as_charsEv
[2m[DEBUG][0m ANALYZE [USER]: _ZN4absl13cord_internal10InlineData6poisonEv
[2m[DEBUG][0m ANALYZE [USER]: _ZNK4absl13cord_internal10InlineData3Rep3tagEv
[2m[DEBUG][0m ANALYZE [USER]: _ZNK4absl13cord_internal10InlineData11inline_sizeEv
[2m[DEBUG][0m ANALYZE [USER]: _ZNK4absl13cord_internal10InlineData18copy_max_inline_toEPc
[2m[DEBUG][0m ANALYZE [USER]: _ZNK4absl13cord_internal10InlineData3Rep11inline_sizeEv
[2m[DEBUG][0m ANALYZE [USER]: _ZNK4absl13cord_internal10InlineData3Rep4selfEv
[2m[DEBUG][0m ANALYZE [USER]: _ZNK4absl13cord_internal10InlineData3Rep7is_treeEv
[2m[DEBUG][0m ANALYZE [USER]: _ZNK4absl13cord_internal10InlineData3Rep17SanitizerSafeCopyEv
[2m[DEBUG][0m ANALYZE [USER]: _ZNK4absl13cord_internal10InlineData3Rep8as_charsEv
[2m[DEBUG][0m ANALYZE [USER]: _ZN4absl13cord_internal10IsDataEdgeEPKNS0_7CordRepE
[2m[DEBUG][0m ANALYZE [USER]: _ZN4absl13cord_internal12CordRepBtree3NewEPNS0_7CordRepE
[2m[DEBUG][0m ANALYZE [USER]: _ZN4absl13cord_internal12CordRepBtreeC1Ev
[2m[DEBUG][0m ANALYZE [USER]: _ZNK4absl13cord_internal12CordRepBtree6heightEv
[2m[DEBUG][0m ANALYZE [USER]: _ZN4absl13cord_internal12CordRepBtree12InitInstanceEimm
[2m[DEBUG][0m ANALYZE [USER]: _ZN4absl13cord_internal12CordRepBtreeC2Ev
[2m[DEBUG][0m ANALYZE [USER]: _ZN4absl13little_endian8ToHost64Ey
[2m[DEBUG][0m ANALYZE [USER]: _ZNK4absl13cord_internal10InlineData3Rep10cordz_infoEv
[2m[DEBUG][0m ANALYZE [USER]: _ZN4absl13cord_internal16CordzUpdateScopeC2EPNS0_9CordzInfoENS0_18CordzUpdateTracker16MethodIdentifierE
[2m[DEBUG][0m ANALYZE [USER]: _ZNK4absl13cord_internal10InlineData3Rep4treeEv
[2m[DEBUG][0m ANALYZE [USER]: _ZNK4absl13cord_internal16CordzUpdateScope10SetCordRepEPNS0_7CordRepE
[2m[DEBUG][0m ANALYZE [USER]: _ZN4absl13cord_internal9CordzInfo10SetCordRepEPNS0_7CordRepE
[2m[DEBUG][0m ANALYZE [USER]: _ZN4absl13cord_internal9CordzInfo10AssertHeldEv
[2m[DEBUG][0m ANALYZE [USER]: _ZN4absl13cord_internal16CordzUpdateScopeD2Ev
[2m[DEBUG][0m ANALYZE [USER]: _ZN4absl13cord_internal16RefcountAndFlags9IncrementEv
[2m[DEBUG][0m STDLIB-SKIP: _ZNSt3__113__atomic_baseIiLb1EE9fetch_addB8ne210108EiNS_12memory_orderE
[2m[DEBUG][0m STDLIB-SKIP: _ZNSt3__122__cxx_atomic_fetch_addB8ne210108IiEET_PNS_22__cxx_atomic_base_implIS1_EES1_NS_12memory_orderE
[2m[DEBUG][0m ANALYZE [USER]: _ZN4absl13cord_internal10InlineData3Rep8set_treeEPNS0_7CordRepE
[2m[DEBUG][0m ANALYZE [USER]: _ZN4absl13cord_internal10InlineData18is_either_profiledERKS1_S3_
[2m[DEBUG][0m ANALYZE [USER]: _ZN4absl13cord_internal16RefcountAndFlags27DecrementExpectHighRefcountEv
[2m[DEBUG][0m STDLIB-SKIP: _ZNSt3__113__atomic_baseIiLb1EE9fetch_subB8ne210108EiNS_12memory_orderE
[2m[DEBUG][0m STDLIB-SKIP: _ZNSt3__122__cxx_atomic_fetch_subB8ne210108IiEET_PNS_22__cxx_atomic_base_implIS1_EES1_NS_12memory_orderE
[2m[DEBUG][0m ANALYZE [USER]: _ZN4abslL8NewBtreeEPKcmm
[2m[DEBUG][0m ANALYZE [USER]: _ZN4abslL10CreateFlatEPKcmm
[2m[DEBUG][0m ANALYZE [USER]: _ZN4absl4Cord9InlineRep12ResetToEmptyEv
[2m[DEBUG][0m ANALYZE [USER]: _ZN4absl13cord_internal10CordRepCrcD1Ev
[2m[DEBUG][0m ANALYZE [USER]: _ZN4absl13cord_internal10CordRepCrcD2Ev
[2m[DEBUG][0m ANALYZE [USER]: _ZN4absl13cord_internal12CordRepBtree15GetAppendBufferEm
[2m[DEBUG][0m ANALYZE [USER]: _ZNK4absl4SpanIcE5emptyEv
[2m[DEBUG][0m ANALYZE [USER]: _ZNK4absl4SpanIcE4dataEv
[2m[DEBUG][0m ANALYZE [USER]: _ZNK4absl4SpanIcE4sizeEv
[2m[DEBUG][0m ANALYZE [USER]: _ZNK4absl13cord_internal12CordRepBtree4EdgeENS1_8EdgeTypeE
[2m[DEBUG][0m ANALYZE [USER]: _ZN4absl4SpanIcEC1Ev
[2m[DEBUG][0m ANALYZE [USER]: _ZN4absl4SpanIcEC1EPcm
[2m[DEBUG][0m ANALYZE [USER]: _ZNK4absl13cord_internal12CordRepBtree5beginEv
[2m[DEBUG][0m ANALYZE [USER]: _ZNK4absl13cord_internal12CordRepBtree4backEv
[2m[DEBUG][0m ANALYZE [USER]: _ZN4absl4SpanIcEC2EPcm
[2m[DEBUG][0m ANALYZE [USER]: _ZN4absl13cord_internal11CordRepFlat7NewImplILm4096EJEEEPS1_mDpT0_
[2m[DEBUG][0m ANALYZE [USER]: _ZN4absl13cord_internal13RoundUpForTagEm
[2m[DEBUG][0m ANALYZE [USER]: _ZN4absl13cord_internal11CordRepFlatC1Ev
[2m[DEBUG][0m ANALYZE [USER]: _ZN4absl13cord_internal7RoundUpEmm
[2m[DEBUG][0m ANALYZE [USER]: _ZN4absl13cord_internal11CordRepFlatC2Ev
[2m[DEBUG][0m STDLIB-SKIP: _ZNSt3__13minB8ne210108ImNS_6__lessIvvEEEERKT_S5_S5_T0_
[2m[DEBUG][0m STDLIB-SKIP: _ZNKSt3__16__lessIvvEclB8ne210108ImmEEbRKT_RKT0_
[2m[DEBUG][0m STDLIB-SKIP: _ZNSt3__13maxB8ne210108ImNS_6__lessIvvEEEERKT_S5_S5_T0_
[2m[DEBUG][0m ANALYZE [USER]: _ZN4absl10CordBufferC2EPNS_13cord_internal11CordRepFlatE
[2m[DEBUG][0m ANALYZE [USER]: _ZN4absl10CordBuffer3RepC1EPNS_13cord_internal11CordRepFlatE
[2m[DEBUG][0m ANALYZE [USER]: _ZN4absl10CordBuffer3RepC2EPNS_13cord_internal11CordRepFlatE
[2m[DEBUG][0m ANALYZE [USER]: _ZN4absl10CordBuffer3Rep4LongC1EPNS_13cord_internal11CordRepFlatE
[2m[DEBUG][0m ANALYZE [USER]: _ZN4absl10CordBuffer3Rep4LongC2EPNS_13cord_internal11CordRepFlatE
[2m[DEBUG][0m ANALYZE [USER]: _ZN4absl10CordBuffer25CreateWithCustomLimitImplIJEEES0_mmDpT_
[2m[DEBUG][0m ANALYZE [USER]: _ZN4absl10CordBuffer6IsPow2Em
[2m[DEBUG][0m ANALYZE [USER]: _ZN4absl10CordBuffer8Log2CeilEm
[2m[DEBUG][0m ANALYZE [USER]: _ZN4absl10CordBuffer9Log2FloorEm
[2m[DEBUG][0m ANALYZE [USER]: _ZN4absl13cord_internal11CordRepFlat3NewENS1_5LargeEm
[2m[DEBUG][0m ANALYZE [USER]: _ZN4absl14has_single_bitImEENSt3__19enable_ifIXsr3std11is_unsignedIT_EE5valueEbE4typeES3_
[2m[DEBUG][0m ANALYZE [USER]: _ZN4absl9bit_widthImEENSt3__19enable_ifIXsr3std11is_unsignedIT_EE5valueEiE4typeES3_
[2m[DEBUG][0m ANALYZE [USER]: _ZN4absl11countl_zeroImEENSt3__19enable_ifIXsr3std11is_unsignedIT_EE5valueEiE4typeES3_
[2m[DEBUG][0m ANALYZE [USER]: _ZN4absl13cord_internal11CordRepFlat7NewImplILm262144EJEEEPS1_mDpT0_
[2m[DEBUG][0m ANALYZE [USER]: _ZN4absl10CordBufferC1Ev
[2m[DEBUG][0m ANALYZE [USER]: _ZN4absl10CordBufferC2Ev
[2m[DEBUG][0m ANALYZE [USER]: _ZN4absl10CordBuffer3RepC1Ev
[2m[DEBUG][0m ANALYZE [USER]: _ZN4absl10CordBuffer3RepC2Ev
[2m[DEBUG][0m STDLIB-SKIP: _ZNSt3__114numeric_limitsImE3maxB8ne210108Ev
[2m[DEBUG][0m ANALYZE [USER]: _ZN4absl10CordBuffer4dataEv
[2m[DEBUG][0m ANALYZE [USER]: _ZN4absl10CordBuffer9SetLengthEm
[2m[DEBUG][0m ANALYZE [USER]: _ZN4absl10CordBufferD1Ev
[2m[DEBUG][0m STDLIB-SKIP: _ZNSt3__123__libcpp_numeric_limitsImLb1EE3maxB8ne210108Ev
[2m[DEBUG][0m ANALYZE [USER]: _ZNK4absl10CordBuffer3Rep8is_shortEv
[2m[DEBUG][0m ANALYZE [USER]: _ZN4absl10CordBuffer3Rep4dataEv
[2m[DEBUG][0m ANALYZE [USER]: _ZNK4absl10CordBuffer3Rep3repEv
[2m[DEBUG][0m ANALYZE [USER]: _ZNK4absl10CordBuffer8capacityEv
[2m[DEBUG][0m ANALYZE [USER]: _ZN4absl10CordBuffer3Rep16set_short_lengthEm
[2m[DEBUG][0m ANALYZE [USER]: _ZN4absl10CordBufferD2Ev
[2m[DEBUG][0m ANALYZE [USER]: _ZN4absl13cord_internal11CordRepFlat6DeleteEPNS0_7CordRepE
[2m[DEBUG][0m ANALYZE [USER]: _ZN4absl13cord_internal18TagToAllocatedSizeEh
[2m[DEBUG][0m ANALYZE [USER]: _ZNK4absl13cord_internal10InlineData8as_charsEv
[2m[DEBUG][0m NOISE-SKIP [COMPILER_GEN]: _ZNSt3__117basic_string_viewIcNS_11char_traitsIcEEEC2B8ne210108EPKcm
[2m[DEBUG][0m ANALYZE [USER]: _ZN4absl13cord_internal10InlineDataC2Ev
[2m[DEBUG][0m ANALYZE [USER]: _ZN4absl13cord_internal10InlineData3RepC1Ev
[2m[DEBUG][0m ANALYZE [USER]: _ZN4absl13cord_internal10InlineData3RepC2Ev
[2m[DEBUG][0m ANALYZE [USER]: _ZN4absl13cord_internal10InlineData3Rep15set_inline_sizeEm
[2m[DEBUG][0m ANALYZE [USER]: _ZN4absl8AlphaNumC2EPKc
[2m[DEBUG][0m ANALYZE [USER]: _ZN4absl18NullSafeStringViewEPKc
[2m[DEBUG][0m ANALYZE [USER]: _ZN4absl8AlphaNumC2Em
[2m[DEBUG][0m ANALYZE [USER]: _ZN4absl16numbers_internal15FastIntToBufferImEEPcT_S2_
[2m[DEBUG][0m ANALYZE [USER]: _ZN4absl13cord_internal16CordRepSubstringC1Ev
[2m[DEBUG][0m ANALYZE [USER]: _ZN4absl13cord_internal16CordRepSubstringC2Ev
[2m[DEBUG][0m ANALYZE [USER]: _ZN4absl4CordC2Ev
[2m[DEBUG][0m ANALYZE [USER]: _ZN4absl4Cord9InlineRepC1Ev
[2m[DEBUG][0m ANALYZE [USER]: _ZN4absl4Cord9InlineRepC2Ev
[2m[DEBUG][0m NOISE-SKIP [COMPILER_GEN]: _ZN4absl4Cord13ChunkIteratorC1EPKS0_
[2m[DEBUG][0m NOISE-SKIP [COMPILER_GEN]: _ZN4absl4Cord13ChunkIteratorC2EPKS0_
[2m[DEBUG][0m ANALYZE [USER]: _ZN4absl13cord_internal18CordRepBtreeReaderC1Ev
[2m[DEBUG][0m NOISE-SKIP [COMPILER_GEN]: _ZN4absl4Cord13ChunkIterator8InitTreeEPNS_13cord_internal7CordRepE
[2m[DEBUG][0m ANALYZE [USER]: _ZN4absl13cord_internal18CordRepBtreeReaderC2Ev
[2m[DEBUG][0m ANALYZE [USER]: _ZN4absl13cord_internal21CordRepBtreeNavigatorC1Ev
[2m[DEBUG][0m ANALYZE [USER]: _ZN4absl13cord_internal21CordRepBtreeNavigatorC2Ev
[2m[DEBUG][0m ANALYZE [USER]: _ZN4absl13cord_internal18CordRepBtreeReader4InitEPNS0_12CordRepBtreeE
[2m[DEBUG][0m ANALYZE [USER]: _ZN4absl13cord_internal8EdgeDataEPKNS0_7CordRepE
[2m[DEBUG][0m ANALYZE [USER]: _ZN4absl13cord_internal21CordRepBtreeNavigator9InitFirstEPNS0_12CordRepBtreeE
[2m[DEBUG][0m ANALYZE [USER]: _ZN4absl13cord_internal21CordRepBtreeNavigator4InitILNS0_12CordRepBtree8EdgeTypeE0EEEPNS0_7CordRepEPS3_
[2m[DEBUG][0m ANALYZE [USER]: _ZNK4absl13cord_internal12CordRepBtree4sizeEv
[2m[DEBUG][0m ANALYZE [USER]: _ZNK4absl13cord_internal12CordRepBtree5indexENS1_8EdgeTypeE
[2m[DEBUG][0m ANALYZE [USER]: _ZNK4absl13cord_internal12CordRepBtree4EdgeEm
[2m[DEBUG][0m ANALYZE [USER]: _ZNK4absl13cord_internal12CordRepBtree3endEv
[2m[DEBUG][0m NOISE-SKIP [COMPILER_GEN]: _ZN4absl4Cord13ChunkIterator17AdvanceBytesBtreeEm
[2m[DEBUG][0m ANALYZE [USER]: _ZNK4absl13cord_internal18CordRepBtreeReader6lengthEv
[2m[DEBUG][0m ANALYZE [USER]: _ZN4absl13cord_internal18CordRepBtreeReader4SeekEm
[2m[DEBUG][0m ANALYZE [USER]: _ZNK4absl13cord_internal18CordRepBtreeReader5btreeEv
[2m[DEBUG][0m ANALYZE [USER]: _ZNK4absl13cord_internal21CordRepBtreeNavigator5btreeEv
[2m[DEBUG][0m ANALYZE [USER]: _ZN4absl13cord_internal21CordRepBtreeNavigator4SeekEm
[2m[DEBUG][0m NOISE-SKIP [COMPILER_GEN]: _ZNKSt3__117basic_string_viewIcNS_11char_traitsIcEEE6lengthB8ne210108Ev
[2m[DEBUG][0m ANALYZE [USER]: _ZNK4absl13cord_internal12CordRepBtree7IndexOfEm
[2m[DEBUG][0m NOISE-SKIP [COMPILER_GEN]: _ZN4absl4Cord13ChunkIterator12AdvanceBtreeEv
[2m[DEBUG][0m ANALYZE [USER]: _ZN4absl4CordD2Ev
[2m[DEBUG][0m ANALYZE [USER]: _ZN4absl12crc_internal12CrcCordState13RefcountedRepC1Ev
[2m[DEBUG][0m ANALYZE [USER]: _ZN4absl12crc_internal12CrcCordState3RepaSERKS2_
[2m[DEBUG][0m ANALYZE [USER]: _ZN4absl12crc_internal12CrcCordState5UnrefEPNS1_13RefcountedRepE
[2m[DEBUG][0m ANALYZE [USER]: _ZN4absl12crc_internal12CrcCordState13RefcountedRepC2Ev
[2m[DEBUG][0m ANALYZE [USER]: _ZN4absl12crc_internal12CrcCordState3RepC1Ev
[2m[DEBUG][0m ANALYZE [USER]: _ZN4absl12crc_internal12CrcCordState3RepC2Ev
[2m[DEBUG][0m ANALYZE [USER]: _ZN4absl12crc_internal12CrcCordState9PrefixCrcC1Ev
[2m[DEBUG][0m STDLIB-SKIP: _ZNSt3__15dequeIN4absl12crc_internal12CrcCordState9PrefixCrcENS_9allocatorIS4_EEEC1B8ne210108Ev
[2m[DEBUG][0m ANALYZE [USER]: _ZN4absl12crc_internal12CrcCordState9PrefixCrcC2Ev
[2m[DEBUG][0m STDLIB-SKIP: _ZNSt3__15dequeIN4absl12crc_internal12CrcCordState9PrefixCrcENS_9allocatorIS4_EEEC2B8ne210108Ev
[2m[DEBUG][0m STDLIB-SKIP: _ZNSt3__114__split_bufferIPN4absl12crc_internal12CrcCordState9PrefixCrcENS_9allocatorIS5_EEEC1B8ne210108Ev
[2m[DEBUG][0m STDLIB-SKIP: _ZNSt3__19allocatorIN4absl12crc_internal12CrcCordState9PrefixCrcEEC1B8ne210108Ev
[2m[DEBUG][0m STDLIB-SKIP: _ZNKSt3__15dequeIN4absl12crc_internal12CrcCordState9PrefixCrcENS_9allocatorIS4_EEE14__annotate_newB8ne210108Em
[2m[DEBUG][0m STDLIB-SKIP: _ZNSt3__114__split_bufferIPN4absl12crc_internal12CrcCordState9PrefixCrcENS_9allocatorIS5_EEEC2B8ne210108Ev
[2m[DEBUG][0m STDLIB-SKIP: _ZNSt3__19allocatorIPN4absl12crc_internal12CrcCordState9PrefixCrcEEC1B8ne210108Ev
[2m[DEBUG][0m STDLIB-SKIP: _ZNSt3__19allocatorIPN4absl12crc_internal12CrcCordState9PrefixCrcEEC2B8ne210108Ev
[2m[DEBUG][0m STDLIB-SKIP: _ZNSt3__116__non_trivial_ifILb1ENS_9allocatorIPN4absl12crc_internal12CrcCordState9PrefixCrcEEEEC2B8ne210108Ev
[2m[DEBUG][0m STDLIB-SKIP: _ZNSt3__19allocatorIN4absl12crc_internal12CrcCordState9PrefixCrcEEC2B8ne210108Ev
[2m[DEBUG][0m STDLIB-SKIP: _ZNSt3__116__non_trivial_ifILb1ENS_9allocatorIN4absl12crc_internal12CrcCordState9PrefixCrcEEEEC2B8ne210108Ev
[2m[DEBUG][0m STDLIB-SKIP: _ZNSt3__15dequeIN4absl12crc_internal12CrcCordState9PrefixCrcENS_9allocatorIS4_EEEaSERKS7_
[2m[DEBUG][0m STDLIB-SKIP: _ZNSt3__15dequeIN4absl12crc_internal12CrcCordState9PrefixCrcENS_9allocatorIS4_EEE19__copy_assign_allocB8ne210108ERKS7_
[2m[DEBUG][0m STDLIB-SKIP: _ZNSt3__15dequeIN4absl12crc_internal12CrcCordState9PrefixCrcENS_9allocatorIS4_EEE6assignINS_16__deque_iteratorIS4_PKS4_RSA_PKSB_lLl256EEETnNS_9enable_ifIXsr37__has_random_access_iterator_categoryIT_EE5valueEiE4typeELi0EEEvSH_SH_
[2m[DEBUG][0m STDLIB-SKIP: _ZNKSt3__15dequeIN4absl12crc_internal12CrcCordState9PrefixCrcENS_9allocatorIS4_EEE5beginB8ne210108Ev
[2m[DEBUG][0m STDLIB-SKIP: _ZNKSt3__15dequeIN4absl12crc_internal12CrcCordState9PrefixCrcENS_9allocatorIS4_EEE3endB8ne210108Ev
[2m[DEBUG][0m STDLIB-SKIP: _ZNSt3__15dequeIN4absl12crc_internal12CrcCordState9PrefixCrcENS_9allocatorIS4_EEE19__copy_assign_allocB8ne210108ERKS7_NS_17integral_constantIbLb0EEE
[2m[DEBUG][0m STDLIB-SKIP: _ZNSt3__15dequeIN4absl12crc_internal12CrcCordState9PrefixCrcENS_9allocatorIS4_EEE32__assign_with_size_random_accessB8ne210108INS_16__deque_iteratorIS4_PKS4_RSA_PKSB_lLl256EEEEEvT_l
[2m[DEBUG][0m STDLIB-SKIP: _ZNSt3__1miB8ne210108ERKNS_16__deque_iteratorIN4absl12crc_internal12CrcCordState9PrefixCrcEPKS4_RS5_PKS6_lLl256EEESC_
[2m[DEBUG][0m STDLIB-SKIP: _ZNKSt3__15dequeIN4absl12crc_internal12CrcCordState9PrefixCrcENS_9allocatorIS4_EEE4sizeB8ne210108Ev
[2m[DEBUG][0m STDLIB-SKIP: _ZNKSt3__116__deque_iteratorIN4absl12crc_internal12CrcCordState9PrefixCrcEPKS4_RS5_PKS6_lLl256EEplB8ne210108El
[2m[DEBUG][0m STDLIB-SKIP: _ZNSt3__14copyB8ne210108INS_16__deque_iteratorIN4absl12crc_internal12CrcCordState9PrefixCrcEPKS5_RS6_PKS7_lLl256EEENS1_IS5_PS5_RS5_PSC_lLl256EEEEET0_T_SH_SG_
[2m[DEBUG][0m STDLIB-SKIP: _ZNSt3__15dequeIN4absl12crc_internal12CrcCordState9PrefixCrcENS_9allocatorIS4_EEE5beginB8ne210108Ev
[2m[DEBUG][0m STDLIB-SKIP: _ZNSt3__15dequeIN4absl12crc_internal12CrcCordState9PrefixCrcENS_9allocatorIS4_EEE18__append_with_sizeB8ne210108INS_16__deque_iteratorIS4_PKS4_RSA_PKSB_lLl256EEEEEvT_m
[2m[DEBUG][0m STDLIB-SKIP: _ZNSt3__15dequeIN4absl12crc_internal12CrcCordState9PrefixCrcENS_9allocatorIS4_EEE14__erase_to_endENS_16__deque_iteratorIS4_PKS4_RS9_PKSA_lLl256EEE
[2m[DEBUG][0m STDLIB-SKIP: _ZNSt3__16copy_nB8ne210108INS_16__deque_iteratorIN4absl12crc_internal12CrcCordState9PrefixCrcEPKS5_RS6_PKS7_lLl256EEElNS1_IS5_PS5_RS5_PSC_lLl256EEETnNS_9enable_ifIXsr37__has_random_access_iterator_categoryIT_EE5valueEiE4typeELi0EEET1_SH_T0_SK_
[2m[DEBUG][0m STDLIB-SKIP: _ZNSt3__116__deque_iteratorIN4absl12crc_internal12CrcCordState9PrefixCrcEPKS4_RS5_PKS6_lLl256EEC1B8ne210108IPS4_RS4_PSC_TnNS_9enable_ifIXsr14is_convertibleIT_S6_EE5valueEiE4typeELi0EEERKNS0_IS4_SG_T0_T1_lLl256EEE
[2m[DEBUG][0m STDLIB-SKIP: _ZNKSt3__15dequeIN4absl12crc_internal12CrcCordState9PrefixCrcENS_9allocatorIS4_EEE6__sizeB8ne210108Ev
[2m[DEBUG][0m STDLIB-SKIP: _ZNSt3__116__deque_iteratorIN4absl12crc_internal12CrcCordState9PrefixCrcEPKS4_RS5_PKS6_lLl256EEpLB8ne210108El
[2m[DEBUG][0m STDLIB-SKIP: _ZNSt3__16__copyB8ne210108INS_16__deque_iteratorIN4absl12crc_internal12CrcCordState9PrefixCrcEPKS5_RS6_PKS7_lLl256EEESB_NS1_IS5_PS5_RS5_PSC_lLl256EEEEENS_4pairIT_T1_EESH_T0_SI_
[2m[DEBUG][0m STDLIB-SKIP: _ZNSt3__124__copy_move_unwrap_itersB8ne210108INS_11__copy_implENS_16__deque_iteratorIN4absl12crc_internal12CrcCordState9PrefixCrcEPKS6_RS7_PKS8_lLl256EEESC_NS2_IS6_PS6_RS6_PSD_lLl256EEETnNS_9enable_ifIXsr12__can_rewrapIT0_T2_EE5valueEiE4typeELi0EEENS_4pairISI_SJ_EESI_T1_SJ_
[2m[DEBUG][0m STDLIB-SKIP: _ZNSt3__114__unwrap_rangeB8ne210108INS_16__deque_iteratorIN4absl12crc_internal12CrcCordState9PrefixCrcEPKS5_RS6_PKS7_lLl256EEESB_EENS_4pairIT0_SD_EET_SF_
[2m[DEBUG][0m STDLIB-SKIP: _ZNKSt3__111__copy_implclB8ne210108INS_16__deque_iteratorIN4absl12crc_internal12CrcCordState9PrefixCrcEPKS6_RS7_PKS8_lLl256EEENS2_IS6_PS6_RS6_PSD_lLl256EEETnNS_9enable_ifIXsr23__is_segmented_iteratorIT_EE5valueEiE4typeELi0EEENS_4pairISI_T0_EESI_SI_SM_
[2m[DEBUG][0m STDLIB-SKIP: _ZNSt3__113__unwrap_iterB8ne210108INS_16__deque_iteratorIN4absl12crc_internal12CrcCordState9PrefixCrcEPS5_RS5_PS6_lLl256EEENS_18__unwrap_iter_implIS9_Lb0EEETnNS_9enable_ifIXsr21is_copy_constructibleIT_EE5valueEiE4typeELi0EEEDTclsrT0_8__unwrapclsr3stdE7declvalISD_EEEESD_
[2m[DEBUG][0m STDLIB-SKIP: _ZNSt3__19make_pairB8ne210108INS_16__deque_iteratorIN4absl12crc_internal12CrcCordState9PrefixCrcEPKS5_RS6_PKS7_lLl256EEENS1_IS5_PS5_RS5_PSC_lLl256EEEEENS_4pairINS_18__unwrap_referenceIu7__decayIT_EE4typeENSH_Iu7__decayIT0_EE4typeEEEOSI_OSM_
[2m[DEBUG][0m STDLIB-SKIP: _ZNSt3__114__rewrap_rangeB8ne210108INS_16__deque_iteratorIN4absl12crc_internal12CrcCordState9PrefixCrcEPKS5_RS6_PKS7_lLl256EEESB_EET_SC_T0_
[2m[DEBUG][0m STDLIB-SKIP: _ZNSt3__113__rewrap_iterB8ne210108INS_16__deque_iteratorIN4absl12crc_internal12CrcCordState9PrefixCrcEPS5_RS5_PS6_lLl256EEES9_NS_18__unwrap_iter_implIS9_Lb0EEEEET_SC_T0_
[2m[DEBUG][0m STDLIB-SKIP: _ZNSt3__19make_pairB8ne210108INS_16__deque_iteratorIN4absl12crc_internal12CrcCordState9PrefixCrcEPKS5_RS6_PKS7_lLl256EEESB_EENS_4pairINS_18__unwrap_referenceIu7__decayIT_EE4typeENSD_Iu7__decayIT0_EE4typeEEEOSE_OSI_
[2m[DEBUG][0m STDLIB-SKIP: _ZNSt3__113__unwrap_iterB8ne210108INS_16__deque_iteratorIN4absl12crc_internal12CrcCordState9PrefixCrcEPKS5_RS6_PKS7_lLl256EEENS_18__unwrap_iter_implISB_Lb0EEETnNS_9enable_ifIXsr21is_copy_constructibleIT_EE5valueEiE4typeELi0EEEDTclsrT0_8__unwrapclsr3stdE7declvalISF_EEEESF_
[2m[DEBUG][0m STDLIB-SKIP: _ZNSt3__14pairINS_16__deque_iteratorIN4absl12crc_internal12CrcCordState9PrefixCrcEPKS5_RS6_PKS7_lLl256EEESB_EC1B8ne210108ISB_SB_TnNS_9enable_ifIXclsr25__check_pair_constructionISB_SB_EE23__is_pair_constructibleIT_T0_EEEiE4typeELi0EEEOSF_OSG_
[2m[DEBUG][0m STDLIB-SKIP: _ZNSt3__14pairINS_16__deque_iteratorIN4absl12crc_internal12CrcCordState9PrefixCrcEPKS5_RS6_PKS7_lLl256EEESB_EC2B8ne210108ISB_SB_TnNS_9enable_ifIXclsr25__check_pair_constructionISB_SB_EE23__is_pair_constructibleIT_T0_EEEiE4typeELi0EEEOSF_OSG_
[2m[DEBUG][0m STDLIB-SKIP: _ZNSt3__118__unwrap_iter_implINS_16__deque_iteratorIN4absl12crc_internal12CrcCordState9PrefixCrcEPKS5_RS6_PKS7_lLl256EEELb0EE8__unwrapB8ne210108ESB_
[2m[DEBUG][0m STDLIB-SKIP: _ZNSt3__118__for_each_segmentB8ne210108INS_16__deque_iteratorIN4absl12crc_internal12CrcCordState9PrefixCrcEPKS5_RS6_PKS7_lLl256EEENS_11__copy_impl12_CopySegmentISB_NS1_IS5_PS5_RS5_PSE_lLl256EEEEEEEvT_SJ_T0_
[2m[DEBUG][0m STDLIB-SKIP: _ZNSt3__111__copy_impl12_CopySegmentINS_16__deque_iteratorIN4absl12crc_internal12CrcCordState9PrefixCrcEPKS6_RS7_PKS8_lLl256EEENS2_IS6_PS6_RS6_PSD_lLl256EEEEC1B8ne210108ERSG_
[2m[DEBUG][0m STDLIB-SKIP: _ZNSt3__19make_pairB8ne210108IRNS_16__deque_iteratorIN4absl12crc_internal12CrcCordState9PrefixCrcEPKS5_RS6_PKS7_lLl256EEENS1_IS5_PS5_RS5_PSD_lLl256EEEEENS_4pairINS_18__unwrap_referenceIu7__decayIT_EE4typeENSI_Iu7__decayIT0_EE4typeEEEOSJ_OSN_
[2m[DEBUG][0m STDLIB-SKIP: _ZNSt3__127__segmented_iterator_traitsINS_16__deque_iteratorIN4absl12crc_internal12CrcCordState9PrefixCrcEPKS5_RS6_PKS7_lLl256EEEE9__segmentB8ne210108ESB_
[2m[DEBUG][0m STDLIB-SKIP: _ZNSt3__111__copy_impl12_CopySegmentINS_16__deque_iteratorIN4absl12crc_internal12CrcCordState9PrefixCrcEPKS6_RS7_PKS8_lLl256EEENS2_IS6_PS6_RS6_PSD_lLl256EEEEclB8ne210108ES8_S8_
[2m[DEBUG][0m STDLIB-SKIP: _ZNSt3__127__segmented_iterator_traitsINS_16__deque_iteratorIN4absl12crc_internal12CrcCordState9PrefixCrcEPKS5_RS6_PKS7_lLl256EEEE7__localB8ne210108ESB_
[2m[DEBUG][0m STDLIB-SKIP: _ZNSt3__127__segmented_iterator_traitsINS_16__deque_iteratorIN4absl12crc_internal12CrcCordState9PrefixCrcEPKS5_RS6_PKS7_lLl256EEEE5__endB8ne210108ESA_
[2m[DEBUG][0m STDLIB-SKIP: _ZNSt3__127__segmented_iterator_traitsINS_16__deque_iteratorIN4absl12crc_internal12CrcCordState9PrefixCrcEPKS5_RS6_PKS7_lLl256EEEE7__beginB8ne210108ESA_
[2m[DEBUG][0m STDLIB-SKIP: _ZNSt3__16__copyB8ne210108IPKN4absl12crc_internal12CrcCordState9PrefixCrcES6_NS_16__deque_iteratorIS4_PS4_RS4_PS8_lLl256EEEEENS_4pairIT_T1_EESD_T0_SE_
[2m[DEBUG][0m STDLIB-SKIP: _ZNSt3__124__copy_move_unwrap_itersB8ne210108INS_11__copy_implEPKN4absl12crc_internal12CrcCordState9PrefixCrcES7_NS_16__deque_iteratorIS5_PS5_RS5_PS9_lLl256EEETnNS_9enable_ifIXsr12__can_rewrapIT0_T2_EE5valueEiE4typeELi0EEENS_4pairISE_SF_EESE_T1_SF_
[2m[DEBUG][0m STDLIB-SKIP: _ZNSt3__114__unwrap_rangeB8ne210108IPKN4absl12crc_internal12CrcCordState9PrefixCrcES6_EENS_4pairIT0_S8_EET_SA_
[2m[DEBUG][0m STDLIB-SKIP: _ZNKSt3__111__copy_implclB8ne210108IPKN4absl12crc_internal12CrcCordState9PrefixCrcENS_16__deque_iteratorIS5_PS5_RS5_PS9_lLl256EEETnNS_9enable_ifIXaaaasr37__has_random_access_iterator_categoryIT_EE5valuentsr23__is_segmented_iteratorISE_EE5valuesr23__is_segmented_iteratorIT0_EE5valueEiE4typeELi0EEENS_4pairISE_SF_EESE_SE_SF_
[2m[DEBUG][0m STDLIB-SKIP: _ZNSt3__19make_pairB8ne210108IPKN4absl12crc_internal12CrcCordState9PrefixCrcENS_16__deque_iteratorIS4_PS4_RS4_PS8_lLl256EEEEENS_4pairINS_18__unwrap_referenceIu7__decayIT_EE4typeENSD_Iu7__decayIT0_EE4typeEEEOSE_OSI_
[2m[DEBUG][0m STDLIB-SKIP: _ZNSt3__114__rewrap_rangeB8ne210108IPKN4absl12crc_internal12CrcCordState9PrefixCrcES6_EET_S7_T0_
[2m[DEBUG][0m STDLIB-SKIP: _ZNSt3__19make_pairB8ne210108IPKN4absl12crc_internal12CrcCordState9PrefixCrcES6_EENS_4pairINS_18__unwrap_referenceIu7__decayIT_EE4typeENS8_Iu7__decayIT0_EE4typeEEEOS9_OSD_
[2m[DEBUG][0m STDLIB-SKIP: _ZNSt3__113__unwrap_iterB8ne210108IPKN4absl12crc_internal12CrcCordState9PrefixCrcENS_18__unwrap_iter_implIS6_Lb1EEETnNS_9enable_ifIXsr21is_copy_constructibleIT_EE5valueEiE4typeELi0EEEDTclsrT0_8__unwrapclsr3stdE7declvalISA_EEEESA_
[2m[DEBUG][0m STDLIB-SKIP: _ZNSt3__14pairIPKN4absl12crc_internal12CrcCordState9PrefixCrcES6_EC1B8ne210108IS6_S6_TnNS_9enable_ifIXclsr25__check_pair_constructionIS6_S6_EE23__is_pair_constructibleIT_T0_EEEiE4typeELi0EEEOSA_OSB_
[2m[DEBUG][0m STDLIB-SKIP: _ZNSt3__14pairIPKN4absl12crc_internal12CrcCordState9PrefixCrcES6_EC2B8ne210108IS6_S6_TnNS_9enable_ifIXclsr25__check_pair_constructionIS6_S6_EE23__is_pair_constructibleIT_T0_EEEiE4typeELi0EEEOSA_OSB_
[2m[DEBUG][0m STDLIB-SKIP: _ZNSt3__118__unwrap_iter_implIPKN4absl12crc_internal12CrcCordState9PrefixCrcELb1EE8__unwrapB8ne210108ES6_
[2m[DEBUG][0m STDLIB-SKIP: _ZNSt3__112__to_addressB8ne210108IKN4absl12crc_internal12CrcCordState9PrefixCrcEEEPT_S7_
[2m[DEBUG][0m STDLIB-SKIP: _ZNSt3__127__segmented_iterator_traitsINS_16__deque_iteratorIN4absl12crc_internal12CrcCordState9PrefixCrcEPS5_RS5_PS6_lLl256EEEE7__localB8ne210108ES9_
[2m[DEBUG][0m STDLIB-SKIP: _ZNSt3__127__segmented_iterator_traitsINS_16__deque_iteratorIN4absl12crc_internal12CrcCordState9PrefixCrcEPS5_RS5_PS6_lLl256EEEE9__segmentB8ne210108ES9_
[2m[DEBUG][0m STDLIB-SKIP: _ZNSt3__127__segmented_iterator_traitsINS_16__deque_iteratorIN4absl12crc_internal12CrcCordState9PrefixCrcEPS5_RS5_PS6_lLl256EEEE5__endB8ne210108ES8_
[2m[DEBUG][0m STDLIB-SKIP: _ZNSt3__13minB8ne210108IlEERKT_S3_S3_
[2m[DEBUG][0m STDLIB-SKIP: _ZNSt3__16__copyB8ne210108IPKN4absl12crc_internal12CrcCordState9PrefixCrcES6_PS4_EENS_4pairIT_T1_EES9_T0_SA_
[2m[DEBUG][0m STDLIB-SKIP: _ZNSt3__127__segmented_iterator_traitsINS_16__deque_iteratorIN4absl12crc_internal12CrcCordState9PrefixCrcEPS5_RS5_PS6_lLl256EEEE9__composeB8ne210108ES8_S6_
[2m[DEBUG][0m STDLIB-SKIP: _ZNSt3__127__segmented_iterator_traitsINS_16__deque_iteratorIN4absl12crc_internal12CrcCordState9PrefixCrcEPS5_RS5_PS6_lLl256EEEE7__beginB8ne210108ES8_
[2m[DEBUG][0m STDLIB-SKIP: _ZNSt3__13minB8ne210108IlNS_6__lessIvvEEEERKT_S5_S5_T0_
[2m[DEBUG][0m STDLIB-SKIP: _ZNKSt3__16__lessIvvEclB8ne210108IllEEbRKT_RKT0_
[2m[DEBUG][0m STDLIB-SKIP: _ZNSt3__124__copy_move_unwrap_itersB8ne210108INS_11__copy_implEPKN4absl12crc_internal12CrcCordState9PrefixCrcES7_PS5_TnNS_9enable_ifIXsr12__can_rewrapIT0_T2_EE5valueEiE4typeELi0EEENS_4pairISA_SB_EESA_T1_SB_
[2m[DEBUG][0m STDLIB-SKIP: _ZNKSt3__111__copy_implclB8ne210108IKN4absl12crc_internal12CrcCordState9PrefixCrcES5_TnNS_9enable_ifIXsr38__can_lower_copy_assignment_to_memmoveIT_T0_EE5valueEiE4typeELi0EEENS_4pairIPS8_PS9_EESD_SD_SE_
[2m[DEBUG][0m STDLIB-SKIP: _ZNSt3__113__unwrap_iterB8ne210108IPN4absl12crc_internal12CrcCordState9PrefixCrcENS_18__unwrap_iter_implIS5_Lb1EEETnNS_9enable_ifIXsr21is_copy_constructibleIT_EE5valueEiE4typeELi0EEEDTclsrT0_8__unwrapclsr3stdE7declvalIS9_EEEES9_
[2m[DEBUG][0m STDLIB-SKIP: _ZNSt3__19make_pairB8ne210108IPKN4absl12crc_internal12CrcCordState9PrefixCrcEPS4_EENS_4pairINS_18__unwrap_referenceIu7__decayIT_EE4typeENS9_Iu7__decayIT0_EE4typeEEEOSA_OSE_
[2m[DEBUG][0m STDLIB-SKIP: _ZNSt3__113__rewrap_iterB8ne210108IPN4absl12crc_internal12CrcCordState9PrefixCrcES5_NS_18__unwrap_iter_implIS5_Lb1EEEEET_S8_T0_
[2m[DEBUG][0m STDLIB-SKIP: _ZNSt3__119__copy_trivial_implB8ne210108IKN4absl12crc_internal12CrcCordState9PrefixCrcES4_EENS_4pairIPT_PT0_EES8_S8_SA_
[2m[DEBUG][0m STDLIB-SKIP: _ZNSt3__119__constexpr_memmoveB8ne210108IN4absl12crc_internal12CrcCordState9PrefixCrcEKS4_EEPT_S7_PT0_NS_15__element_countE
[2m[DEBUG][0m STDLIB-SKIP: _ZNSt3__19make_pairB8ne210108IRPKN4absl12crc_internal12CrcCordState9PrefixCrcEPS4_EENS_4pairINS_18__unwrap_referenceIu7__decayIT_EE4typeENSA_Iu7__decayIT0_EE4typeEEEOSB_OSF_
[2m[DEBUG][0m STDLIB-SKIP: _ZNSt3__14pairIPKN4absl12crc_internal12CrcCordState9PrefixCrcEPS4_EC1B8ne210108IRS6_S7_TnNS_9enable_ifIXclsr25__check_pair_constructionIS6_S7_EE23__is_pair_constructibleIT_T0_EEEiE4typeELi0EEEOSC_OSD_
[2m[DEBUG][0m STDLIB-SKIP: _ZNSt3__14pairIPKN4absl12crc_internal12CrcCordState9PrefixCrcEPS4_EC2B8ne210108IRS6_S7_TnNS_9enable_ifIXclsr25__check_pair_constructionIS6_S7_EE23__is_pair_constructibleIT_T0_EEEiE4typeELi0EEEOSC_OSD_
[2m[DEBUG][0m STDLIB-SKIP: _ZNSt3__118__unwrap_iter_implIPN4absl12crc_internal12CrcCordState9PrefixCrcELb1EE8__unwrapB8ne210108ES5_
[2m[DEBUG][0m STDLIB-SKIP: _ZNSt3__112__to_addressB8ne210108IN4absl12crc_internal12CrcCordState9PrefixCrcEEEPT_S6_
[2m[DEBUG][0m STDLIB-SKIP: _ZNSt3__14pairIPKN4absl12crc_internal12CrcCordState9PrefixCrcEPS4_EC1B8ne210108IS6_S7_TnNS_9enable_ifIXclsr25__check_pair_constructionIS6_S7_EE23__is_pair_constructibleIT_T0_EEEiE4typeELi0EEEOSB_OSC_
[2m[DEBUG][0m STDLIB-SKIP: _ZNSt3__14pairIPKN4absl12crc_internal12CrcCordState9PrefixCrcEPS4_EC2B8ne210108IS6_S7_TnNS_9enable_ifIXclsr25__check_pair_constructionIS6_S7_EE23__is_pair_constructibleIT_T0_EEEiE4typeELi0EEEOSB_OSC_
[2m[DEBUG][0m STDLIB-SKIP: _ZNSt3__118__unwrap_iter_implIPN4absl12crc_internal12CrcCordState9PrefixCrcELb1EE8__rewrapB8ne210108ES5_S5_
[2m[DEBUG][0m STDLIB-SKIP: _ZNSt3__116__deque_iteratorIN4absl12crc_internal12CrcCordState9PrefixCrcEPS4_RS4_PS5_lLl256EEC1B8ne210108ES7_S5_
[2m[DEBUG][0m STDLIB-SKIP: _ZNSt3__116__deque_iteratorIN4absl12crc_internal12CrcCordState9PrefixCrcEPS4_RS4_PS5_lLl256EEC2B8ne210108ES7_S5_
[2m[DEBUG][0m STDLIB-SKIP: _ZNSt3__14pairIPKN4absl12crc_internal12CrcCordState9PrefixCrcENS_16__deque_iteratorIS4_PS4_RS4_PS8_lLl256EEEEC1B8ne210108IS6_SB_TnNS_9enable_ifIXclsr25__check_pair_constructionIS6_SB_EE23__is_pair_constructibleIT_T0_EEEiE4typeELi0EEEOSF_OSG_
[2m[DEBUG][0m STDLIB-SKIP: _ZNSt3__14pairIPKN4absl12crc_internal12CrcCordState9PrefixCrcENS_16__deque_iteratorIS4_PS4_RS4_PS8_lLl256EEEEC2B8ne210108IS6_SB_TnNS_9enable_ifIXclsr25__check_pair_constructionIS6_SB_EE23__is_pair_constructibleIT_T0_EEEiE4typeELi0EEEOSF_OSG_
[2m[DEBUG][0m STDLIB-SKIP: _ZNSt3__113__rewrap_iterB8ne210108IPKN4absl12crc_internal12CrcCordState9PrefixCrcES6_NS_18__unwrap_iter_implIS6_Lb1EEEEET_S9_T0_
[2m[DEBUG][0m STDLIB-SKIP: _ZNSt3__118__unwrap_iter_implIPKN4absl12crc_internal12CrcCordState9PrefixCrcELb1EE8__rewrapB8ne210108ES6_S6_
[2m[DEBUG][0m STDLIB-SKIP: _ZNSt3__111__copy_impl12_CopySegmentINS_16__deque_iteratorIN4absl12crc_internal12CrcCordState9PrefixCrcEPKS6_RS7_PKS8_lLl256EEENS2_IS6_PS6_RS6_PSD_lLl256EEEEC2B8ne210108ERSG_
[2m[DEBUG][0m STDLIB-SKIP: _ZNSt3__14pairINS_16__deque_iteratorIN4absl12crc_internal12CrcCordState9PrefixCrcEPKS5_RS6_PKS7_lLl256EEENS1_IS5_PS5_RS5_PSC_lLl256EEEEC1B8ne210108IRSB_SF_TnNS_9enable_ifIXclsr25__check_pair_constructionISB_SF_EE23__is_pair_constructibleIT_T0_EEEiE4typeELi0EEEOSK_OSL_
[2m[DEBUG][0m STDLIB-SKIP: _ZNSt3__14pairINS_16__deque_iteratorIN4absl12crc_internal12CrcCordState9PrefixCrcEPKS5_RS6_PKS7_lLl256EEENS1_IS5_PS5_RS5_PSC_lLl256EEEEC2B8ne210108IRSB_SF_TnNS_9enable_ifIXclsr25__check_pair_constructionISB_SF_EE23__is_pair_constructibleIT_T0_EEEiE4typeELi0EEEOSK_OSL_
[2m[DEBUG][0m STDLIB-SKIP: _ZNSt3__118__unwrap_iter_implINS_16__deque_iteratorIN4absl12crc_internal12CrcCordState9PrefixCrcEPS5_RS5_PS6_lLl256EEELb0EE8__unwrapB8ne210108ES9_
[2m[DEBUG][0m STDLIB-SKIP: _ZNSt3__14pairINS_16__deque_iteratorIN4absl12crc_internal12CrcCordState9PrefixCrcEPKS5_RS6_PKS7_lLl256EEENS1_IS5_PS5_RS5_PSC_lLl256EEEEC1B8ne210108ISB_SF_TnNS_9enable_ifIXclsr25__check_pair_constructionISB_SF_EE23__is_pair_constructibleIT_T0_EEEiE4typeELi0EEEOSJ_OSK_
[2m[DEBUG][0m STDLIB-SKIP: _ZNSt3__14pairINS_16__deque_iteratorIN4absl12crc_internal12CrcCordState9PrefixCrcEPKS5_RS6_PKS7_lLl256EEENS1_IS5_PS5_RS5_PSC_lLl256EEEEC2B8ne210108ISB_SF_TnNS_9enable_ifIXclsr25__check_pair_constructionISB_SF_EE23__is_pair_constructibleIT_T0_EEEiE4typeELi0EEEOSJ_OSK_
[2m[DEBUG][0m STDLIB-SKIP: _ZNSt3__113__rewrap_iterB8ne210108INS_16__deque_iteratorIN4absl12crc_internal12CrcCordState9PrefixCrcEPKS5_RS6_PKS7_lLl256EEESB_NS_18__unwrap_iter_implISB_Lb0EEEEET_SE_T0_
[2m[DEBUG][0m STDLIB-SKIP: _ZNSt3__118__unwrap_iter_implINS_16__deque_iteratorIN4absl12crc_internal12CrcCordState9PrefixCrcEPKS5_RS6_PKS7_lLl256EEELb0EE8__rewrapB8ne210108ESB_SB_
[2m[DEBUG][0m STDLIB-SKIP: _ZNSt3__118__unwrap_iter_implINS_16__deque_iteratorIN4absl12crc_internal12CrcCordState9PrefixCrcEPS5_RS5_PS6_lLl256EEELb0EE8__rewrapB8ne210108ES9_S9_
[2m[DEBUG][0m STDLIB-SKIP: _ZNSt3__114__split_bufferIPN4absl12crc_internal12CrcCordState9PrefixCrcENS_9allocatorIS5_EEE5beginB8ne210108Ev
[2m[DEBUG][0m STDLIB-SKIP: _ZNKSt3__114__split_bufferIPN4absl12crc_internal12CrcCordState9PrefixCrcENS_9allocatorIS5_EEE5emptyB8ne210108Ev
[2m[DEBUG][0m STDLIB-SKIP: _ZNSt3__15dequeIN4absl12crc_internal12CrcCordState9PrefixCrcENS_9allocatorIS4_EEE7__allocB8ne210108Ev
[2m[DEBUG][0m STDLIB-SKIP: _ZNKSt3__15dequeIN4absl12crc_internal12CrcCordState9PrefixCrcENS_9allocatorIS4_EEE12__back_spareB8ne210108Ev
[2m[DEBUG][0m STDLIB-SKIP: _ZNSt3__15dequeIN4absl12crc_internal12CrcCordState9PrefixCrcENS_9allocatorIS4_EEE19__add_back_capacityEm
[2m[DEBUG][0m STDLIB-SKIP: _ZNKSt3__15dequeIN4absl12crc_internal12CrcCordState9PrefixCrcENS_9allocatorIS4_EEE24__annotate_increase_backB8ne210108Em
[2m[DEBUG][0m STDLIB-SKIP: _ZNSt3__15dequeIN4absl12crc_internal12CrcCordState9PrefixCrcENS_9allocatorIS4_EEE3endB8ne210108Ev
[2m[DEBUG][0m STDLIB-SKIP: _ZNKSt3__116__deque_iteratorIN4absl12crc_internal12CrcCordState9PrefixCrcEPS4_RS4_PS5_lLl256EEplB8ne210108El
[2m[DEBUG][0m STDLIB-SKIP: _ZNSt3__15dequeIN4absl12crc_internal12CrcCordState9PrefixCrcENS_9allocatorIS4_EEE13__deque_rangeC1B8ne210108ENS_16__deque_iteratorIS4_PS4_RS4_PSA_lLl256EEESD_
[2m[DEBUG][0m STDLIB-SKIP: _ZNKSt3__15dequeIN4absl12crc_internal12CrcCordState9PrefixCrcENS_9allocatorIS4_EEE13__deque_range5beginB8ne210108Ev
[2m[DEBUG][0m STDLIB-SKIP: _ZNKSt3__15dequeIN4absl12crc_internal12CrcCordState9PrefixCrcENS_9allocatorIS4_EEE13__deque_range3endB8ne210108Ev
[2m[DEBUG][0m STDLIB-SKIP: _ZNSt3__1neB8ne210108ERKNS_5dequeIN4absl12crc_internal12CrcCordState9PrefixCrcENS_9allocatorIS4_EEE13__deque_rangeESA_
[2m[DEBUG][0m STDLIB-SKIP: _ZNKSt3__15dequeIN4absl12crc_internal12CrcCordState9PrefixCrcENS_9allocatorIS4_EEE13__deque_rangedeB8ne210108Ev
[2m[DEBUG][0m STDLIB-SKIP: _ZNSt3__15dequeIN4absl12crc_internal12CrcCordState9PrefixCrcENS_9allocatorIS4_EEE21_ConstructTransactionC1B8ne210108EPS7_RNS7_19__deque_block_rangeE
[2m[DEBUG][0m STDLIB-SKIP: _ZNSt3__116allocator_traitsINS_9allocatorIN4absl12crc_internal12CrcCordState9PrefixCrcEEEE9constructB8ne210108IS5_JRKS5_ETnNS_9enable_ifIX17__has_construct_vIS6_PT_DpT0_EEiE4typeELi0EEEvRS6_SD_DpOSE_
[2m[DEBUG][0m STDLIB-SKIP: _ZNKSt3__116__deque_iteratorIN4absl12crc_internal12CrcCordState9PrefixCrcEPKS4_RS5_PKS6_lLl256EEdeB8ne210108Ev
[2m[DEBUG][0m STDLIB-SKIP: _ZNSt3__116__deque_iteratorIN4absl12crc_internal12CrcCordState9PrefixCrcEPKS4_RS5_PKS6_lLl256EEppB8ne210108Ev
[2m[DEBUG][0m STDLIB-SKIP: _ZNSt3__15dequeIN4absl12crc_internal12CrcCordState9PrefixCrcENS_9allocatorIS4_EEE21_ConstructTransactionD1B8ne210108Ev
[2m[DEBUG][0m STDLIB-SKIP: _ZNSt3__15dequeIN4absl12crc_internal12CrcCordState9PrefixCrcENS_9allocatorIS4_EEE13__deque_rangeppB8ne210108Ev
[2m[DEBUG][0m STDLIB-SKIP: _ZNKSt3__15dequeIN4absl12crc_internal12CrcCordState9PrefixCrcENS_9allocatorIS4_EEE10__capacityB8ne210108Ev
[2m[DEBUG][0m STDLIB-SKIP: _ZNKSt3__114__split_bufferIPN4absl12crc_internal12CrcCordState9PrefixCrcENS_9allocatorIS5_EEE4sizeB8ne210108Ev
[2m[DEBUG][0m STDLIB-SKIP: _ZNSt3__15dequeIN4absl12crc_internal12CrcCordState9PrefixCrcENS_9allocatorIS4_EEE18__recommend_blocksB8ne210108Em
[2m[DEBUG][0m STDLIB-SKIP: _ZNKSt3__15dequeIN4absl12crc_internal12CrcCordState9PrefixCrcENS_9allocatorIS4_EEE13__front_spareB8ne210108Ev
[2m[DEBUG][0m STDLIB-SKIP: _ZNSt3__114__split_bufferIPN4absl12crc_internal12CrcCordState9PrefixCrcENS_9allocatorIS5_EEE5frontB8ne210108Ev
[2m[DEBUG][0m STDLIB-SKIP: _ZNSt3__114__split_bufferIPN4absl12crc_internal12CrcCordState9PrefixCrcENS_9allocatorIS5_EEE9pop_frontB8ne210108Ev
[2m[DEBUG][0m STDLIB-SKIP: _ZNSt3__114__split_bufferIPN4absl12crc_internal12CrcCordState9PrefixCrcENS_9allocatorIS5_EEE12emplace_backIJRS5_EEEvDpOT_
[2m[DEBUG][0m STDLIB-SKIP: _ZNKSt3__114__split_bufferIPN4absl12crc_internal12CrcCordState9PrefixCrcENS_9allocatorIS5_EEE8capacityB8ne210108Ev
[2m[DEBUG][0m STDLIB-SKIP: _ZNKSt3__114__split_bufferIPN4absl12crc_internal12CrcCordState9PrefixCrcENS_9allocatorIS5_EEE12__back_spareB8ne210108Ev
[2m[DEBUG][0m STDLIB-SKIP: _ZNSt3__114__split_bufferIPN4absl12crc_internal12CrcCordState9PrefixCrcENS_9allocatorIS5_EEE12emplace_backIJS5_EEEvDpOT_
[2m[DEBUG][0m STDLIB-SKIP: _ZNSt3__116allocator_traitsINS_9allocatorIN4absl12crc_internal12CrcCordState9PrefixCrcEEEE8allocateB8ne210108ERS6_m
[2m[DEBUG][0m STDLIB-SKIP: _ZNKSt3__15dequeIN4absl12crc_internal12CrcCordState9PrefixCrcENS_9allocatorIS4_EEE22__annotate_whole_blockB8ne210108EmNS7_22__asan_annotation_typeE
[2m[DEBUG][0m STDLIB-SKIP: _ZNSt3__114__split_bufferIPN4absl12crc_internal12CrcCordState9PrefixCrcENS_9allocatorIS5_EEE13emplace_frontIJS5_EEEvDpOT_
[2m[DEBUG][0m STDLIB-SKIP: _ZNSt3__114__split_bufferIPN4absl12crc_internal12CrcCordState9PrefixCrcERNS_9allocatorIS5_EEEC1EmmS8_
[2m[DEBUG][0m STDLIB-SKIP: _ZNSt3__114__split_bufferIPN4absl12crc_internal12CrcCordState9PrefixCrcERNS_9allocatorIS5_EEE12emplace_backIJS5_EEEvDpOT_
[2m[DEBUG][0m STDLIB-SKIP: _ZNKSt3__15dequeIN4absl12crc_internal12CrcCordState9PrefixCrcENS_9allocatorIS4_EEE23__annotate_poison_blockB8ne210108EPKvS9_
[2m[DEBUG][0m STDLIB-SKIP: _ZNSt3__114__split_bufferIPN4absl12crc_internal12CrcCordState9PrefixCrcERNS_9allocatorIS5_EEE4backB8ne210108Ev
[2m[DEBUG][0m STDLIB-SKIP: _ZNKSt3__15dequeIN4absl12crc_internal12CrcCordState9PrefixCrcENS_9allocatorIS4_EEE17__annotate_deleteB8ne210108Ev
[2m[DEBUG][0m STDLIB-SKIP: _ZNSt3__114__split_bufferIPN4absl12crc_internal12CrcCordState9PrefixCrcERNS_9allocatorIS5_EEE5beginB8ne210108Ev
[2m[DEBUG][0m STDLIB-SKIP: _ZNSt3__114__split_bufferIPN4absl12crc_internal12CrcCordState9PrefixCrcERNS_9allocatorIS5_EEE3endB8ne210108Ev
[2m[DEBUG][0m STDLIB-SKIP: _ZNSt3__116allocator_traitsINS_9allocatorIN4absl12crc_internal12CrcCordState9PrefixCrcEEEE10deallocateB8ne210108ERS6_PS5_m
[2m[DEBUG][0m STDLIB-SKIP: _ZNSt3__114__split_bufferIPN4absl12crc_internal12CrcCordState9PrefixCrcERNS_9allocatorIS5_EEE12emplace_backIJRS5_EEEvDpOT_
[2m[DEBUG][0m STDLIB-SKIP: _ZNSt3__114__split_bufferIPN4absl12crc_internal12CrcCordState9PrefixCrcENS_9allocatorIS5_EEE3endB8ne210108Ev
[2m[DEBUG][0m STDLIB-SKIP: _ZNSt3__114__split_bufferIPN4absl12crc_internal12CrcCordState9PrefixCrcERNS_9allocatorIS5_EEE13emplace_frontIJRS5_EEEvDpOT_
[2m[DEBUG][0m STDLIB-SKIP: _ZNSt3__14swapB8ne210108IPPN4absl12crc_internal12CrcCordState9PrefixCrcEEENS_9enable_ifIXaasr21is_move_constructibleIT_EE5valuesr18is_move_assignableIS8_EE5valueEvE4typeERS8_SB_
[2m[DEBUG][0m STDLIB-SKIP: _ZNSt3__114__split_bufferIPN4absl12crc_internal12CrcCordState9PrefixCrcERNS_9allocatorIS5_EEED1Ev
[2m[DEBUG][0m STDLIB-SKIP: _ZNSt3__114__split_bufferIPN4absl12crc_internal12CrcCordState9PrefixCrcENS_9allocatorIS5_EEE19__destruct_at_beginB8ne210108EPS5_
[2m[DEBUG][0m STDLIB-SKIP: _ZNSt3__114__split_bufferIPN4absl12crc_internal12CrcCordState9PrefixCrcENS_9allocatorIS5_EEE19__destruct_at_beginEPS5_NS_17integral_constantIbLb1EEE
[2m[DEBUG][0m STDLIB-SKIP: _ZNSt3__14moveB8ne210108IPPN4absl12crc_internal12CrcCordState9PrefixCrcES6_EET0_T_S8_S7_
[2m[DEBUG][0m STDLIB-SKIP: _ZNSt3__114__split_bufferIPN4absl12crc_internal12CrcCordState9PrefixCrcERNS_9allocatorIS5_EEE18__construct_at_endINS_13move_iteratorIPS5_EETnNS_9enable_ifIXsr31__has_forward_iterator_categoryIT_EE5valueEiE4typeELi0EEEvSF_SF_
[2m[DEBUG][0m STDLIB-SKIP: _ZNSt3__113move_iteratorIPPN4absl12crc_internal12CrcCordState9PrefixCrcEEC1B8ne210108ES6_
[2m[DEBUG][0m STDLIB-SKIP: _ZNSt3__116allocator_traitsINS_9allocatorIPN4absl12crc_internal12CrcCordState9PrefixCrcEEEE9constructB8ne210108IS6_JRS6_ETnNS_9enable_ifIX17__has_construct_vIS7_PT_DpT0_EEiE4typeELi0EEEvRS7_SD_DpOSE_
[2m[DEBUG][0m STDLIB-SKIP: _ZNSt3__112__to_addressB8ne210108IPN4absl12crc_internal12CrcCordState9PrefixCrcEEEPT_S7_
[2m[DEBUG][0m STDLIB-SKIP: _ZNSt3__16__moveB8ne210108INS_17_ClassicAlgPolicyEPPN4absl12crc_internal12CrcCordState9PrefixCrcES7_S7_EENS_4pairIT0_T2_EES9_T1_SA_
[2m[DEBUG][0m STDLIB-SKIP: _ZNSt3__124__copy_move_unwrap_itersB8ne210108INS_11__move_implINS_17_ClassicAlgPolicyEEEPPN4absl12crc_internal12CrcCordState9PrefixCrcES9_S9_TnNS_9enable_ifIXsr12__can_rewrapIT0_T2_EE5valueEiE4typeELi0EEENS_4pairISB_SC_EESB_T1_SC_
[2m[DEBUG][0m STDLIB-SKIP: _ZNSt3__114__unwrap_rangeB8ne210108IPPN4absl12crc_internal12CrcCordState9PrefixCrcES6_EENS_4pairIT0_S8_EET_SA_
[2m[DEBUG][0m STDLIB-SKIP: _ZNKSt3__111__move_implINS_17_ClassicAlgPolicyEEclB8ne210108IPN4absl12crc_internal12CrcCordState9PrefixCrcES8_TnNS_9enable_ifIXsr38__can_lower_move_assignment_to_memmoveIT_T0_EE5valueEiE4typeELi0EEENS_4pairIPSA_PSB_EESF_SF_SG_
[2m[DEBUG][0m STDLIB-SKIP: _ZNSt3__113__unwrap_iterB8ne210108IPPN4absl12crc_internal12CrcCordState9PrefixCrcENS_18__unwrap_iter_implIS6_Lb1EEETnNS_9enable_ifIXsr21is_copy_constructibleIT_EE5valueEiE4typeELi0EEEDTclsrT0_8__unwrapclsr3stdE7declvalISA_EEEESA_
[2m[DEBUG][0m STDLIB-SKIP: _ZNSt3__19make_pairB8ne210108IPPN4absl12crc_internal12CrcCordState9PrefixCrcES6_EENS_4pairINS_18__unwrap_referenceIu7__decayIT_EE4typeENS8_Iu7__decayIT0_EE4typeEEEOS9_OSD_
[2m[DEBUG][0m STDLIB-SKIP: _ZNSt3__114__rewrap_rangeB8ne210108IPPN4absl12crc_internal12CrcCordState9PrefixCrcES6_EET_S7_T0_
[2m[DEBUG][0m STDLIB-SKIP: _ZNSt3__113__rewrap_iterB8ne210108IPPN4absl12crc_internal12CrcCordState9PrefixCrcES6_NS_18__unwrap_iter_implIS6_Lb1EEEEET_S9_T0_
[2m[DEBUG][0m STDLIB-SKIP: _ZNSt3__119__copy_trivial_implB8ne210108IPN4absl12crc_internal12CrcCordState9PrefixCrcES5_EENS_4pairIPT_PT0_EES8_S8_SA_
[2m[DEBUG][0m STDLIB-SKIP: _ZNSt3__119__constexpr_memmoveB8ne210108IPN4absl12crc_internal12CrcCordState9PrefixCrcES5_EEPT_S7_PT0_NS_15__element_countE
[2m[DEBUG][0m STDLIB-SKIP: _ZNSt3__19make_pairB8ne210108IRPPN4absl12crc_internal12CrcCordState9PrefixCrcES6_EENS_4pairINS_18__unwrap_referenceIu7__decayIT_EE4typeENS9_Iu7__decayIT0_EE4typeEEEOSA_OSE_
[2m[DEBUG][0m STDLIB-SKIP: _ZNSt3__14pairIPPN4absl12crc_internal12CrcCordState9PrefixCrcES6_EC1B8ne210108IRS6_S6_TnNS_9enable_ifIXclsr25__check_pair_constructionIS6_S6_EE23__is_pair_constructibleIT_T0_EEEiE4typeELi0EEEOSB_OSC_
[2m[DEBUG][0m STDLIB-SKIP: _ZNSt3__14pairIPPN4absl12crc_internal12CrcCordState9PrefixCrcES6_EC2B8ne210108IRS6_S6_TnNS_9enable_ifIXclsr25__check_pair_constructionIS6_S6_EE23__is_pair_constructibleIT_T0_EEEiE4typeELi0EEEOSB_OSC_
[2m[DEBUG][0m STDLIB-SKIP: _ZNSt3__118__unwrap_iter_implIPPN4absl12crc_internal12CrcCordState9PrefixCrcELb1EE8__unwrapB8ne210108ES6_
[2m[DEBUG][0m STDLIB-SKIP: _ZNSt3__14pairIPPN4absl12crc_internal12CrcCordState9PrefixCrcES6_EC1B8ne210108IS6_S6_TnNS_9enable_ifIXclsr25__check_pair_constructionIS6_S6_EE23__is_pair_constructibleIT_T0_EEEiE4typeELi0EEEOSA_OSB_
[2m[DEBUG][0m STDLIB-SKIP: _ZNSt3__14pairIPPN4absl12crc_internal12CrcCordState9PrefixCrcES6_EC2B8ne210108IS6_S6_TnNS_9enable_ifIXclsr25__check_pair_constructionIS6_S6_EE23__is_pair_constructibleIT_T0_EEEiE4typeELi0EEEOSA_OSB_
[2m[DEBUG][0m STDLIB-SKIP: _ZNSt3__118__unwrap_iter_implIPPN4absl12crc_internal12CrcCordState9PrefixCrcELb1EE8__rewrapB8ne210108ES6_S6_
[2m[DEBUG][0m STDLIB-SKIP: _ZNSt3__114__split_bufferIPN4absl12crc_internal12CrcCordState9PrefixCrcERNS_9allocatorIS5_EEE28__construct_at_end_with_sizeINS_13move_iteratorIPS5_EEEEvT_m
[2m[DEBUG][0m STDLIB-SKIP: _ZNSt3__18distanceB8ne210108INS_13move_iteratorIPPN4absl12crc_internal12CrcCordState9PrefixCrcEEEEENS_15iterator_traitsIT_E15difference_typeESA_SA_
[2m[DEBUG][0m STDLIB-SKIP: _ZNSt3__114__split_bufferIPN4absl12crc_internal12CrcCordState9PrefixCrcERNS_9allocatorIS5_EEE21_ConstructTransactionC1B8ne210108EPPS5_m
[2m[DEBUG][0m STDLIB-SKIP: _ZNSt3__116allocator_traitsINS_9allocatorIPN4absl12crc_internal12CrcCordState9PrefixCrcEEEE9constructB8ne210108IS6_JS6_ETnNS_9enable_ifIX17__has_construct_vIS7_PT_DpT0_EEiE4typeELi0EEEvRS7_SC_DpOSD_
[2m[DEBUG][0m STDLIB-SKIP: _ZNKSt3__113move_iteratorIPPN4absl12crc_internal12CrcCordState9PrefixCrcEEdeB8ne210108Ev
[2m[DEBUG][0m STDLIB-SKIP: _ZNSt3__113move_iteratorIPPN4absl12crc_internal12CrcCordState9PrefixCrcEEppB8ne210108Ev
[2m[DEBUG][0m STDLIB-SKIP: _ZNSt3__114__split_bufferIPN4absl12crc_internal12CrcCordState9PrefixCrcERNS_9allocatorIS5_EEE21_ConstructTransactionD1B8ne210108Ev
[2m[DEBUG][0m STDLIB-SKIP: _ZNSt3__114__split_bufferIPN4absl12crc_internal12CrcCordState9PrefixCrcERNS_9allocatorIS5_EEE21_ConstructTransactionC2B8ne210108EPPS5_m
[2m[DEBUG][0m STDLIB-SKIP: _ZNSt3__19allocatorIPN4absl12crc_internal12CrcCordState9PrefixCrcEE9constructB8ne210108IS5_JS5_EEEvPT_DpOT0_
[2m[DEBUG][0m STDLIB-SKIP: _ZNSt3__114__split_bufferIPN4absl12crc_internal12CrcCordState9PrefixCrcERNS_9allocatorIS5_EEE21_ConstructTransactionD2B8ne210108Ev
[2m[DEBUG][0m STDLIB-SKIP: _ZNSt3__110__distanceB8ne210108INS_13move_iteratorIPPN4absl12crc_internal12CrcCordState9PrefixCrcEEEEENS_15iterator_traitsIT_E15difference_typeESA_SA_NS_26random_access_iterator_tagE
[2m[DEBUG][0m STDLIB-SKIP: _ZNSt3__1miB8ne210108IPPN4absl12crc_internal12CrcCordState9PrefixCrcES6_EEDTmicldtfp_4baseEcldtfp0_4baseEERKNS_13move_iteratorIT_EERKNS8_IT0_EE
[2m[DEBUG][0m STDLIB-SKIP: _ZNKSt3__113move_iteratorIPPN4absl12crc_internal12CrcCordState9PrefixCrcEE4baseB8ne210108Ev
[2m[DEBUG][0m STDLIB-SKIP: _ZNSt3__113move_iteratorIPPN4absl12crc_internal12CrcCordState9PrefixCrcEEC2B8ne210108ES6_
[2m[DEBUG][0m STDLIB-SKIP: _ZNSt3__19allocatorIPN4absl12crc_internal12CrcCordState9PrefixCrcEE9constructB8ne210108IS5_JRS5_EEEvPT_DpOT0_
[2m[DEBUG][0m STDLIB-SKIP: _ZNSt3__19allocatorIN4absl12crc_internal12CrcCordState9PrefixCrcEE8allocateB8ne210108Em
[2m[DEBUG][0m STDLIB-SKIP: _ZNSt3__116allocator_traitsINS_9allocatorIN4absl12crc_internal12CrcCordState9PrefixCrcEEEE8max_sizeB8ne210108IS6_TnNS_9enable_ifIX16__has_max_size_vIKT_EEiE4typeELi0EEEmRKS6_
[2m[DEBUG][0m STDLIB-SKIP: _ZNSt3__117__libcpp_allocateB8ne210108IN4absl12crc_internal12CrcCordState9PrefixCrcEEEPT_NS_15__element_countEm
[2m[DEBUG][0m STDLIB-SKIP: _ZNKSt3__19allocatorIN4absl12crc_internal12CrcCordState9PrefixCrcEE8max_sizeB8ne210108Ev
[2m[DEBUG][0m STDLIB-SKIP: _ZNSt3__113move_backwardB8ne210108IPPN4absl12crc_internal12CrcCordState9PrefixCrcES6_EET0_T_S8_S7_
[2m[DEBUG][0m STDLIB-SKIP: _ZNSt3__115__move_backwardB8ne210108INS_17_ClassicAlgPolicyEPPN4absl12crc_internal12CrcCordState9PrefixCrcES7_S7_EENS_4pairIT0_T2_EES9_T1_SA_
[2m[DEBUG][0m STDLIB-SKIP: _ZNSt3__124__copy_move_unwrap_itersB8ne210108INS_20__move_backward_implINS_17_ClassicAlgPolicyEEEPPN4absl12crc_internal12CrcCordState9PrefixCrcES9_S9_TnNS_9enable_ifIXsr12__can_rewrapIT0_T2_EE5valueEiE4typeELi0EEENS_4pairISB_SC_EESB_T1_SC_
[2m[DEBUG][0m STDLIB-SKIP: _ZNKSt3__120__move_backward_implINS_17_ClassicAlgPolicyEEclB8ne210108IPN4absl12crc_internal12CrcCordState9PrefixCrcES8_TnNS_9enable_ifIXsr38__can_lower_move_assignment_to_memmoveIT_T0_EE5valueEiE4typeELi0EEENS_4pairIPSA_PSB_EESF_SF_SG_
[2m[DEBUG][0m STDLIB-SKIP: _ZNSt3__128__copy_backward_trivial_implB8ne210108IPN4absl12crc_internal12CrcCordState9PrefixCrcES5_EENS_4pairIPT_PT0_EES8_S8_SA_
[2m[DEBUG][0m STDLIB-SKIP: _ZNSt3__19make_pairB8ne210108IRPPN4absl12crc_internal12CrcCordState9PrefixCrcES7_EENS_4pairINS_18__unwrap_referenceIu7__decayIT_EE4typeENS9_Iu7__decayIT0_EE4typeEEEOSA_OSE_
[2m[DEBUG][0m STDLIB-SKIP: _ZNSt3__14pairIPPN4absl12crc_internal12CrcCordState9PrefixCrcES6_EC1B8ne210108IRS6_S9_TnNS_9enable_ifIXclsr25__check_pair_constructionIS6_S6_EE23__is_pair_constructibleIT_T0_EEEiE4typeELi0EEEOSB_OSC_
[2m[DEBUG][0m STDLIB-SKIP: _ZNSt3__14pairIPPN4absl12crc_internal12CrcCordState9PrefixCrcES6_EC2B8ne210108IRS6_S9_TnNS_9enable_ifIXclsr25__check_pair_constructionIS6_S6_EE23__is_pair_constructibleIT_T0_EEEiE4typeELi0EEEOSB_OSC_
[2m[DEBUG][0m STDLIB-SKIP: _ZNSt3__114__split_bufferIPN4absl12crc_internal12CrcCordState9PrefixCrcERNS_9allocatorIS5_EEEC2EmmS8_
[2m[DEBUG][0m STDLIB-SKIP: _ZNSt3__119__allocate_at_leastB8ne210108INS_9allocatorIPN4absl12crc_internal12CrcCordState9PrefixCrcEEEEENS_19__allocation_resultINS_16allocator_traitsIT_E7pointerEEERSA_m
[2m[DEBUG][0m STDLIB-SKIP: _ZNSt3__19allocatorIPN4absl12crc_internal12CrcCordState9PrefixCrcEE8allocateB8ne210108Em
[2m[DEBUG][0m STDLIB-SKIP: _ZNSt3__116allocator_traitsINS_9allocatorIPN4absl12crc_internal12CrcCordState9PrefixCrcEEEE8max_sizeB8ne210108IS7_TnNS_9enable_ifIX16__has_max_size_vIKT_EEiE4typeELi0EEEmRKS7_
[2m[DEBUG][0m STDLIB-SKIP: _ZNSt3__117__libcpp_allocateB8ne210108IPN4absl12crc_internal12CrcCordState9PrefixCrcEEEPT_NS_15__element_countEm
[2m[DEBUG][0m STDLIB-SKIP: _ZNKSt3__19allocatorIPN4absl12crc_internal12CrcCordState9PrefixCrcEE8max_sizeB8ne210108Ev
[2m[DEBUG][0m STDLIB-SKIP: _ZNSt3__144__annotate_double_ended_contiguous_containerB8ne210108INS_9allocatorIN4absl12crc_internal12CrcCordState9PrefixCrcEEEEEvPKvS8_S8_S8_S8_S8_
[2m[DEBUG][0m STDLIB-SKIP: _ZNSt3__19allocatorIN4absl12crc_internal12CrcCordState9PrefixCrcEE10deallocateB8ne210108EPS4_m
[2m[DEBUG][0m STDLIB-SKIP: _ZNSt3__119__libcpp_deallocateB8ne210108IN4absl12crc_internal12CrcCordState9PrefixCrcEEEvPNS_15__type_identityIT_E4typeENS_15__element_countEm
[2m[DEBUG][0m STDLIB-SKIP: _ZNSt3__114__split_bufferIPN4absl12crc_internal12CrcCordState9PrefixCrcERNS_9allocatorIS5_EEED2Ev
[2m[DEBUG][0m STDLIB-SKIP: _ZNSt3__114__split_bufferIPN4absl12crc_internal12CrcCordState9PrefixCrcERNS_9allocatorIS5_EEE5clearB8ne210108Ev
[2m[DEBUG][0m STDLIB-SKIP: _ZNSt3__116allocator_traitsINS_9allocatorIPN4absl12crc_internal12CrcCordState9PrefixCrcEEEE10deallocateB8ne210108ERS7_PS6_m
[2m[DEBUG][0m STDLIB-SKIP: _ZNKSt3__114__split_bufferIPN4absl12crc_internal12CrcCordState9PrefixCrcERNS_9allocatorIS5_EEE8capacityB8ne210108Ev
[2m[DEBUG][0m STDLIB-SKIP: _ZNSt3__114__split_bufferIPN4absl12crc_internal12CrcCordState9PrefixCrcERNS_9allocatorIS5_EEE17__destruct_at_endB8ne210108EPS5_
[2m[DEBUG][0m STDLIB-SKIP: _ZNSt3__114__split_bufferIPN4absl12crc_internal12CrcCordState9PrefixCrcERNS_9allocatorIS5_EEE17__destruct_at_endB8ne210108EPS5_NS_17integral_constantIbLb0EEE
[2m[DEBUG][0m STDLIB-SKIP: _ZNSt3__116allocator_traitsINS_9allocatorIPN4absl12crc_internal12CrcCordState9PrefixCrcEEEE7destroyB8ne210108IS6_TnNS_9enable_ifIX15__has_destroy_vIS7_PT_EEiE4typeELi0EEEvRS7_SC_
[2m[DEBUG][0m STDLIB-SKIP: _ZNSt3__19allocatorIPN4absl12crc_internal12CrcCordState9PrefixCrcEE7destroyB8ne210108EPS5_
[2m[DEBUG][0m STDLIB-SKIP: _ZNSt3__19allocatorIPN4absl12crc_internal12CrcCordState9PrefixCrcEE10deallocateB8ne210108EPS5_m
[2m[DEBUG][0m STDLIB-SKIP: _ZNSt3__119__libcpp_deallocateB8ne210108IPN4absl12crc_internal12CrcCordState9PrefixCrcEEEvPNS_15__type_identityIT_E4typeENS_15__element_countEm
[2m[DEBUG][0m STDLIB-SKIP: _ZNSt3__116__deque_iteratorIN4absl12crc_internal12CrcCordState9PrefixCrcEPS4_RS4_PS5_lLl256EEpLB8ne210108El
[2m[DEBUG][0m STDLIB-SKIP: _ZNSt3__15dequeIN4absl12crc_internal12CrcCordState9PrefixCrcENS_9allocatorIS4_EEE13__deque_rangeC2B8ne210108ENS_16__deque_iteratorIS4_PS4_RS4_PSA_lLl256EEESD_
[2m[DEBUG][0m STDLIB-SKIP: _ZNSt3__1eqB8ne210108ERKNS_5dequeIN4absl12crc_internal12CrcCordState9PrefixCrcENS_9allocatorIS4_EEE13__deque_rangeESA_
[2m[DEBUG][0m STDLIB-SKIP: _ZNSt3__1eqB8ne210108ERKNS_16__deque_iteratorIN4absl12crc_internal12CrcCordState9PrefixCrcEPS4_RS4_PS5_lLl256EEESA_
[2m[DEBUG][0m STDLIB-SKIP: _ZNSt3__15dequeIN4absl12crc_internal12CrcCordState9PrefixCrcENS_9allocatorIS4_EEE19__deque_block_rangeC1B8ne210108EPS4_S9_
[2m[DEBUG][0m STDLIB-SKIP: _ZNSt3__15dequeIN4absl12crc_internal12CrcCordState9PrefixCrcENS_9allocatorIS4_EEE19__deque_block_rangeC2B8ne210108EPS4_S9_
[2m[DEBUG][0m STDLIB-SKIP: _ZNSt3__15dequeIN4absl12crc_internal12CrcCordState9PrefixCrcENS_9allocatorIS4_EEE21_ConstructTransactionC2B8ne210108EPS7_RNS7_19__deque_block_rangeE
[2m[DEBUG][0m STDLIB-SKIP: _ZNSt3__19allocatorIN4absl12crc_internal12CrcCordState9PrefixCrcEE9constructB8ne210108IS4_JRKS4_EEEvPT_DpOT0_
[2m[DEBUG][0m STDLIB-SKIP: _ZNSt3__15dequeIN4absl12crc_internal12CrcCordState9PrefixCrcENS_9allocatorIS4_EEE21_ConstructTransactionD2B8ne210108Ev
[2m[DEBUG][0m STDLIB-SKIP: _ZNSt3__15dequeIN4absl12crc_internal12CrcCordState9PrefixCrcENS_9allocatorIS4_EEE6__sizeB8ne210108Ev
[2m[DEBUG][0m STDLIB-SKIP: _ZNSt3__1neB8ne210108ERKNS_16__deque_iteratorIN4absl12crc_internal12CrcCordState9PrefixCrcEPS4_RS4_PS5_lLl256EEESA_
[2m[DEBUG][0m STDLIB-SKIP: _ZNSt3__116allocator_traitsINS_9allocatorIN4absl12crc_internal12CrcCordState9PrefixCrcEEEE7destroyB8ne210108IS5_TnNS_9enable_ifIX15__has_destroy_vIS6_PT_EEiE4typeELi0EEEvRS6_SB_
[2m[DEBUG][0m STDLIB-SKIP: _ZNKSt3__116__deque_iteratorIN4absl12crc_internal12CrcCordState9PrefixCrcEPS4_RS4_PS5_lLl256EEdeB8ne210108Ev
[2m[DEBUG][0m STDLIB-SKIP: _ZNSt3__116__deque_iteratorIN4absl12crc_internal12CrcCordState9PrefixCrcEPS4_RS4_PS5_lLl256EEppB8ne210108Ev
[2m[DEBUG][0m STDLIB-SKIP: _ZNKSt3__15dequeIN4absl12crc_internal12CrcCordState9PrefixCrcENS_9allocatorIS4_EEE22__annotate_shrink_backB8ne210108Emm
[2m[DEBUG][0m STDLIB-SKIP: _ZNSt3__15dequeIN4absl12crc_internal12CrcCordState9PrefixCrcENS_9allocatorIS4_EEE25__maybe_remove_back_spareB8ne210108Eb
[2m[DEBUG][0m STDLIB-SKIP: _ZNSt3__19allocatorIN4absl12crc_internal12CrcCordState9PrefixCrcEE7destroyB8ne210108EPS4_
[2m[DEBUG][0m STDLIB-SKIP: _ZNKSt3__15dequeIN4absl12crc_internal12CrcCordState9PrefixCrcENS_9allocatorIS4_EEE19__back_spare_blocksB8ne210108Ev
[2m[DEBUG][0m STDLIB-SKIP: _ZNSt3__114__split_bufferIPN4absl12crc_internal12CrcCordState9PrefixCrcENS_9allocatorIS5_EEE4backB8ne210108Ev
[2m[DEBUG][0m STDLIB-SKIP: _ZNSt3__114__split_bufferIPN4absl12crc_internal12CrcCordState9PrefixCrcENS_9allocatorIS5_EEE8pop_backB8ne210108Ev
[2m[DEBUG][0m STDLIB-SKIP: _ZNSt3__114__split_bufferIPN4absl12crc_internal12CrcCordState9PrefixCrcENS_9allocatorIS5_EEE17__destruct_at_endB8ne210108EPS5_
[2m[DEBUG][0m STDLIB-SKIP: _ZNSt3__114__split_bufferIPN4absl12crc_internal12CrcCordState9PrefixCrcENS_9allocatorIS5_EEE17__destruct_at_endB8ne210108EPS5_NS_17integral_constantIbLb0EEE
[2m[DEBUG][0m STDLIB-SKIP: _ZNSt3__116__deque_iteratorIN4absl12crc_internal12CrcCordState9PrefixCrcEPKS4_RS5_PKS6_lLl256EEC2B8ne210108IPS4_RS4_PSC_TnNS_9enable_ifIXsr14is_convertibleIT_S6_EE5valueEiE4typeELi0EEERKNS0_IS4_SG_T0_T1_lLl256EEE
[2m[DEBUG][0m STDLIB-SKIP: _ZNSt3__1neB8ne210108ERKNS_16__deque_iteratorIN4absl12crc_internal12CrcCordState9PrefixCrcEPKS4_RS5_PKS6_lLl256EEESC_
[2m[DEBUG][0m STDLIB-SKIP: _ZNSt3__1eqB8ne210108ERKNS_16__deque_iteratorIN4absl12crc_internal12CrcCordState9PrefixCrcEPKS4_RS5_PKS6_lLl256EEESC_
[2m[DEBUG][0m STDLIB-SKIP: _ZNKSt3__114__split_bufferIPN4absl12crc_internal12CrcCordState9PrefixCrcENS_9allocatorIS5_EEE5beginB8ne210108Ev
[2m[DEBUG][0m STDLIB-SKIP: _ZNSt3__116__deque_iteratorIN4absl12crc_internal12CrcCordState9PrefixCrcEPKS4_RS5_PKS6_lLl256EEC1B8ne210108ES9_S6_
[2m[DEBUG][0m STDLIB-SKIP: _ZNSt3__116__deque_iteratorIN4absl12crc_internal12CrcCordState9PrefixCrcEPKS4_RS5_PKS6_lLl256EEC2B8ne210108ES9_S6_
[2m[DEBUG][0m ANALYZE [USER]: _ZN4absl12crc_internal12CrcCordState13RefcountedRepD1Ev
[2m[DEBUG][0m ANALYZE [USER]: _ZN4absl12crc_internal12CrcCordState13RefcountedRepD2Ev
[2m[DEBUG][0m ANALYZE [USER]: _ZN4absl12crc_internal12CrcCordState3RepD1Ev
[2m[DEBUG][0m ANALYZE [USER]: _ZN4absl12crc_internal12CrcCordState3RepD2Ev
[2m[DEBUG][0m STDLIB-SKIP: _ZNSt3__15dequeIN4absl12crc_internal12CrcCordState9PrefixCrcENS_9allocatorIS4_EEED1B8ne210108Ev
[2m[DEBUG][0m STDLIB-SKIP: _ZNSt3__15dequeIN4absl12crc_internal12CrcCordState9PrefixCrcENS_9allocatorIS4_EEED2B8ne210108Ev
[2m[DEBUG][0m STDLIB-SKIP: _ZNSt3__15dequeIN4absl12crc_internal12CrcCordState9PrefixCrcENS_9allocatorIS4_EEE5clearEv
[2m[DEBUG][0m STDLIB-SKIP: _ZNSt3__114__split_bufferIPN4absl12crc_internal12CrcCordState9PrefixCrcENS_9allocatorIS5_EEED1Ev
[2m[DEBUG][0m STDLIB-SKIP: _ZNSt3__114__split_bufferIPN4absl12crc_internal12CrcCordState9PrefixCrcENS_9allocatorIS5_EEED2Ev
[2m[DEBUG][0m STDLIB-SKIP: _ZNSt3__114__split_bufferIPN4absl12crc_internal12CrcCordState9PrefixCrcENS_9allocatorIS5_EEE5clearB8ne210108Ev
[2m[DEBUG][0m ANALYZE [USER]: _ZN4absl8crc32c_tC2Ej
[2m[DEBUG][0m ANALYZE [USER]: _ZN4absl12crc_internal12CrcCordState9PrefixCrcC2EmNS_8crc32c_tE
[2m[DEBUG][0m STDLIB-SKIP: _ZNSt3__18optionalIjEC2B8ne210108ENS_9nullopt_tE
[2m[DEBUG][0m STDLIB-SKIP: _ZNSt3__127__optional_move_assign_baseIjLb1EEC2Ev
[2m[DEBUG][0m STDLIB-SKIP: _ZNSt3__127__optional_copy_assign_baseIjLb1EEC2Ev
[2m[DEBUG][0m STDLIB-SKIP: _ZNSt3__120__optional_move_baseIjLb1EEC2Ev
[2m[DEBUG][0m STDLIB-SKIP: _ZNSt3__120__optional_copy_baseIjLb1EEC2Ev
[2m[DEBUG][0m STDLIB-SKIP: _ZNSt3__123__optional_storage_baseIjLb0EEC2Ev
[2m[DEBUG][0m STDLIB-SKIP: _ZNSt3__124__optional_destruct_baseIjLb1EEC2B8ne210108Ev
[2m[DEBUG][0m STDLIB-SKIP: _ZNSt3__18optionalIjEC2B8ne210108IjTnNS_9enable_ifIXclsr22_CheckOptionalArgsCtorIT_EE17__enable_implicitIS4_EEEiE4typeELi0EEEOS4_
[2m[DEBUG][0m STDLIB-SKIP: _ZNSt3__127__optional_move_assign_baseIjLb1EECI2NS_24__optional_destruct_baseIjLb1EEEIJjEEENS_10in_place_tEDpOT_
[2m[DEBUG][0m STDLIB-SKIP: _ZNSt3__127__optional_copy_assign_baseIjLb1EECI2NS_24__optional_destruct_baseIjLb1EEEIJjEEENS_10in_place_tEDpOT_
[2m[DEBUG][0m STDLIB-SKIP: _ZNSt3__120__optional_move_baseIjLb1EECI2NS_24__optional_destruct_baseIjLb1EEEIJjEEENS_10in_place_tEDpOT_
[2m[DEBUG][0m STDLIB-SKIP: _ZNSt3__120__optional_copy_baseIjLb1EECI2NS_24__optional_destruct_baseIjLb1EEEIJjEEENS_10in_place_tEDpOT_
[2m[DEBUG][0m STDLIB-SKIP: _ZNSt3__123__optional_storage_baseIjLb0EECI2NS_24__optional_destruct_baseIjLb1EEEIJjEEENS_10in_place_tEDpOT_
[2m[DEBUG][0m STDLIB-SKIP: _ZNSt3__124__optional_destruct_baseIjLb1EEC2B8ne210108IJjEEENS_10in_place_tEDpOT_
[2m[DEBUG][0m ANALYZE [USER]: _ZN4absl4CordC2ERKS0_
[2m[DEBUG][0m ANALYZE [USER]: _ZN4absl4Cord9InlineRepC1ERKS1_
[2m[DEBUG][0m ANALYZE [USER]: _ZN4absl4Cord9InlineRepC2ERKS1_
[2m[DEBUG][0m NOISE-SKIP [COMPILER_GEN]: _ZNK4absl13cord_internal10InlineData18CopyInlineToStringEPNSt3__112basic_stringIcNS2_11char_traitsIcEENS2_9allocatorIcEEEE
[2m[DEBUG][0m NOISE-SKIP [COMPILER_GEN]: _ZNSt3__117basic_string_viewIcNS_11char_traitsIcEEEC2B8ne210108Ev
[2m[DEBUG][0m ANALYZE [USER]: _ZN4absl4Cord10ChunkRangeC1EPKS0_
[2m[DEBUG][0m ANALYZE [USER]: _ZN4absl4Cord10ChunkRangeC2EPKS0_
[2m[DEBUG][0m ANALYZE [USER]: _ZNK4absl4Cord9chunk_endEv
[2m[DEBUG][0m NOISE-SKIP [COMPILER_GEN]: _ZNK4absl4Cord13ChunkIteratoreqERKS1_
[2m[DEBUG][0m STDLIB-SKIP: _ZNSt3__120__throw_out_of_rangeB8ne210108EPKc
[2m[DEBUG][0m NOISE-SKIP [COMPILER_GEN]: _ZNSt3__117basic_string_viewIcNS_11char_traitsIcEEEC1B8ne210108ENS3_14__assume_validEPKcm
[2m[DEBUG][0m STDLIB-SKIP: _ZNSt12out_of_rangeC1B8ne210108EPKc
[2m[DEBUG][0m STDLIB-SKIP: _ZNSt12out_of_rangeC2B8ne210108EPKc
[2m[DEBUG][0m NOISE-SKIP [COMPILER_GEN]: _ZNSt3__117basic_string_viewIcNS_11char_traitsIcEEEC2B8ne210108ENS3_14__assume_validEPKcm
[2m[DEBUG][0m ANALYZE [USER]: _ZN4absl4Cord9InlineRepaSEOS1_
[2m[DEBUG][0m ANALYZE [USER]: _ZN4absl13cord_internal21CordRepBtreeNavigator4NextEv
[2m[DEBUG][0m ANALYZE [USER]: _ZN4absl13cord_internal21CordRepBtreeNavigator6NextUpEv
[2m[DEBUG][0m ANALYZE [USER]: _ZNK4absl13cord_internal7CordRep3crcEv
[2m[DEBUG][0m STDLIB-SKIP: _ZNSt3__110__str_findB8ne210108IcmNS_11char_traitsIcEETnT0_Lm18446744073709551615EEES3_PKT_S3_S4_S3_
[2m[DEBUG][0m STDLIB-SKIP: _ZNSt3__111char_traitsIcE4findB8ne210108EPKcmRS2_
[2m[DEBUG][0m STDLIB-SKIP: _ZNSt3__118__constexpr_memchrB8ne210108IKccEEPT_S3_T0_m
[2m[DEBUG][0m NOISE-SKIP [COMPILER_GEN]: _ZN4absl13ConsumePrefixEPNSt3__117basic_string_viewIcNS0_11char_traitsIcEEEES4_
[2m[DEBUG][0m NOISE-SKIP [COMPILER_GEN]: _ZN4absl10StartsWithENSt3__117basic_string_viewIcNS0_11char_traitsIcEEEES4_
[2m[DEBUG][0m NOISE-SKIP [COMPILER_GEN]: _ZNSt3__1eqB8ne210108IcNS_11char_traitsIcEEEEbNS_17basic_string_viewIT_T0_EES6_
[2m[DEBUG][0m NOISE-SKIP [COMPILER_GEN]: _ZNKSt3__117basic_string_viewIcNS_11char_traitsIcEEE7compareES3_
[2m[DEBUG][0m STDLIB-SKIP: _ZNSt3__111char_traitsIcE7compareB8ne210108EPKcS3_m
[2m[DEBUG][0m NOISE-SKIP [COMPILER_GEN]: _ZN4absl4Cord12CharIteratorC1Ev
[2m[DEBUG][0m NOISE-SKIP [COMPILER_GEN]: _ZN4absl4Cord12CharIteratorC2Ev
[2m[DEBUG][0m NOISE-SKIP [COMPILER_GEN]: _ZN4absl4Cord12CharIteratorC1EPKS0_
[2m[DEBUG][0m NOISE-SKIP [COMPILER_GEN]: _ZN4absl4Cord12CharIteratorC2EPKS0_
[2m[DEBUG][0m ANALYZE [USER]: _ZNK4absl4Cord9InlineRep6IsSameERKS1_
[2m[DEBUG][0m ANALYZE [USER]: _ZN4absl13cord_internaleqERKNS0_10InlineDataES3_
[2m[DEBUG][0m NOISE-SKIP [COMPILER_GEN]: _ZNSt3__1neB8ne210108IcNS_11char_traitsIcEEEEbNS_17basic_string_viewIT_T0_EES6_
[2m[DEBUG][0m STDLIB-SKIP: _ZNSt3__19allocatorIcEC2B8ne210108Ev
[2m[DEBUG][0m STDLIB-SKIP: _ZNSt3__116__non_trivial_ifILb1ENS_9allocatorIcEEEC2B8ne210108Ev
[2m[DEBUG][0m NOISE-SKIP [COMPILER_GEN]: _ZN4absl4Cord13ChunkIteratorC2EPNS_13cord_internal7CordRepE
[2m[DEBUG][0m NOISE-SKIP [COMPILER_GEN]: _ZN4absl4Cord13ChunkIteratorC2Ev
[2m[DEBUG][0m ANALYZE [USER]: _ZN4absl13cord_internal27AllocatedSizeToTagUncheckedEm
[2m[DEBUG][0m NOISE-SKIP [COMPILER_GEN]: _ZNSt3__112basic_stringIcNS_11char_traitsIcEENS_9allocatorIcEEEC2B8ne210108Ev
[2m[DEBUG][0m NOISE-SKIP [COMPILER_GEN]: _ZNSt3__112basic_stringIcNS_11char_traitsIcEENS_9allocatorIcEEE6appendB8ne210108ERKS5_
[2m[DEBUG][0m STDLIB-SKIP: _ZNSt3__112__to_addressB8ne210108IcEEPT_S2_
[2m[DEBUG][0m NOISE-SKIP [COMPILER_GEN]: _ZNSt3__112basic_stringIcNS_11char_traitsIcEENS_9allocatorIcEEE13__get_pointerB8ne210108Ev
[2m[DEBUG][0m NOISE-SKIP [COMPILER_GEN]: _ZNSt3__112basic_stringIcNS_11char_traitsIcEENS_9allocatorIcEEE18__get_long_pointerB8ne210108Ev
[2m[DEBUG][0m NOISE-SKIP [COMPILER_GEN]: _ZNSt3__112basic_stringIcNS_11char_traitsIcEENS_9allocatorIcEEE19__get_short_pointerB8ne210108Ev
[2m[DEBUG][0m STDLIB-SKIP: _ZNSt3__114pointer_traitsIPcE10pointer_toB8ne210108ERc
[2m[DEBUG][0m NOISE-SKIP [COMPILER_GEN]: _ZNKSt3__112basic_stringIcNS_11char_traitsIcEENS_9allocatorIcEEE15__get_long_sizeB8ne210108Ev
[2m[DEBUG][0m NOISE-SKIP [COMPILER_GEN]: _ZNKSt3__112basic_stringIcNS_11char_traitsIcEENS_9allocatorIcEEE16__get_short_sizeB8ne210108Ev
[2m[DEBUG][0m ANALYZE [USER]: _ZNKR4absl4Cord7TakeRepEv
[2m[DEBUG][0m ANALYZE [USER]: _ZNO4absl4Cord7TakeRepEv
[2m[DEBUG][0m NOISE-SKIP [COMPILER_GEN]: _ZNSt3__112basic_stringIcNS_11char_traitsIcEENS_9allocatorIcEEEC2B8ne210108ILi0EEEPKc
[2m[DEBUG][0m NOISE-SKIP [COMPILER_GEN]: _ZNK4absl13base_internal10AtomicHookIPFvNS_11LogSeverityEPKciRKNSt3__112basic_stringIcNS5_11char_traitsIcEENS5_9allocatorIcEEEEEE6DoLoadEv
[2m[DEBUG][0m NOISE-SKIP [COMPILER_GEN]: _ZNKSt3__113__atomic_baseIPFvN4absl11LogSeverityEPKciRKNS_12basic_stringIcNS_11char_traitsIcEENS_9allocatorIcEEEEELb0EE4loadB8ne210108ENS_12memory_orderE
[2m[DEBUG][0m NOISE-SKIP [COMPILER_GEN]: _ZNSt3__117__cxx_atomic_loadB8ne210108IPFvN4absl11LogSeverityEPKciRKNS_12basic_stringIcNS_11char_traitsIcEENS_9allocatorIcEEEEEEET_PKNS_22__cxx_atomic_base_implISF_EENS_12memory_orderE
[2m[DEBUG][0m STDLIB-SKIP: _ZNSt3__15dequeIN4absl12crc_internal12CrcCordState9PrefixCrcENS_9allocatorIS4_EEE19__add_back_capacityEv
[2m[DEBUG][0m STDLIB-SKIP: _ZNSt3__116allocator_traitsINS_9allocatorIN4absl12crc_internal12CrcCordState9PrefixCrcEEEE9constructB8ne210108IS5_JS5_ETnNS_9enable_ifIX17__has_construct_vIS6_PT_DpT0_EEiE4typeELi0EEEvRS6_SB_DpOSC_
[2m[DEBUG][0m STDLIB-SKIP: _ZNSt3__122__allocator_destructorINS_9allocatorIN4absl12crc_internal12CrcCordState9PrefixCrcEEEEC1B8ne210108ERS6_m
[2m[DEBUG][0m STDLIB-SKIP: _ZNSt3__110unique_ptrIPN4absl12crc_internal12CrcCordState9PrefixCrcENS_22__allocator_destructorINS_9allocatorIS4_EEEEEC1B8ne210108ILb1EvEES5_NS_16__dependent_typeINS_27__unique_ptr_deleter_sfinaeIS9_EEXT_EE20__good_rval_ref_typeE
[2m[DEBUG][0m STDLIB-SKIP: _ZNKSt3__110unique_ptrIPN4absl12crc_internal12CrcCordState9PrefixCrcENS_22__allocator_destructorINS_9allocatorIS4_EEEEE3getB8ne210108Ev
[2m[DEBUG][0m STDLIB-SKIP: _ZNSt3__110unique_ptrIPN4absl12crc_internal12CrcCordState9PrefixCrcENS_22__allocator_destructorINS_9allocatorIS4_EEEEE7releaseB8ne210108Ev
[2m[DEBUG][0m STDLIB-SKIP: _ZNSt3__110unique_ptrIPN4absl12crc_internal12CrcCordState9PrefixCrcENS_22__allocator_destructorINS_9allocatorIS4_EEEEED1B8ne210108Ev
[2m[DEBUG][0m STDLIB-SKIP: _ZNSt3__122__allocator_destructorINS_9allocatorIN4absl12crc_internal12CrcCordState9PrefixCrcEEEEC2B8ne210108ERS6_m
[2m[DEBUG][0m STDLIB-SKIP: _ZNSt3__110unique_ptrIPN4absl12crc_internal12CrcCordState9PrefixCrcENS_22__allocator_destructorINS_9allocatorIS4_EEEEEC2B8ne210108ILb1EvEES5_NS_16__dependent_typeINS_27__unique_ptr_deleter_sfinaeIS9_EEXT_EE20__good_rval_ref_typeE
[2m[DEBUG][0m STDLIB-SKIP: _ZNSt3__110unique_ptrIPN4absl12crc_internal12CrcCordState9PrefixCrcENS_22__allocator_destructorINS_9allocatorIS4_EEEEED2B8ne210108Ev
[2m[DEBUG][0m STDLIB-SKIP: _ZNSt3__110unique_ptrIPN4absl12crc_internal12CrcCordState9PrefixCrcENS_22__allocator_destructorINS_9allocatorIS4_EEEEE5resetB8ne210108ES5_
[2m[DEBUG][0m STDLIB-SKIP: _ZNSt3__122__allocator_destructorINS_9allocatorIN4absl12crc_internal12CrcCordState9PrefixCrcEEEEclB8ne210108EPS5_
[2m[DEBUG][0m STDLIB-SKIP: _ZNSt3__19allocatorIN4absl12crc_internal12CrcCordState9PrefixCrcEE9constructB8ne210108IS4_JS4_EEEvPT_DpOT0_
[2m[DEBUG][0m ANALYZE [USER]: _ZN4absl4Cord13GetFirstChunkERKS0_
[2m[DEBUG][0m NOISE-SKIP [COMPILER_GEN]: _ZN4absl4Cord13GetFirstChunkENSt3__117basic_string_viewIcNS1_11char_traitsIcEEEE
[2m[DEBUG][0m ANALYZE [USER]: _ZN4absl12_GLOBAL__N_120ComputeCompareResultIbEET_i
[2m[DEBUG][0m NOISE-SKIP [COMPILER_GEN]: _ZNK4absl4Cord15CompareSlowPathENSt3__117basic_string_viewIcNS1_11char_traitsIcEEEEmm
[2m[DEBUG][0m ANALYZE [USER]: _ZNK4absl4Cord9InlineRep18FindFlatStartPieceEv
[2m[DEBUG][0m ANALYZE [USER]: _ZNK4absl13cord_internal12CordRepBtree4DataEm
[2m[DEBUG][0m NOISE-SKIP [COMPILER_GEN]: _ZZNK4absl4Cord15CompareSlowPathENSt3__117basic_string_viewIcNS1_11char_traitsIcEEEEmmENKUlPNS0_13ChunkIteratorEPS5_E_clES7_S8_
[2m[DEBUG][0m NOISE-SKIP [COMPILER_GEN]: _ZN4absl12_GLOBAL__N_113CompareChunksEPNSt3__117basic_string_viewIcNS1_11char_traitsIcEEEES6_Pm
[2m[DEBUG][0m ANALYZE [USER]: _ZNK4absl4Cord15CompareSlowPathERKS0_mm
[2m[DEBUG][0m NOISE-SKIP [COMPILER_GEN]: _ZZNK4absl4Cord15CompareSlowPathERKS0_mmENKUlPNS0_13ChunkIteratorEPNSt3__117basic_string_viewIcNS5_11char_traitsIcEEEEE_clES4_SA_
[2m[DEBUG][0m NOISE-SKIP [COMPILER_GEN]: _ZN4absl14GenericCompareIiNSt3__117basic_string_viewIcNS1_11char_traitsIcEEEEEET_RKNS_4CordERKT0_m
[2m[DEBUG][0m ANALYZE [USER]: _ZN4absl12_GLOBAL__N_120ComputeCompareResultIiEET_i
[2m[DEBUG][0m ANALYZE [USER]: _ZN4absl12_GLOBAL__N_111ClampResultEi
[2m[DEBUG][0m ANALYZE [USER]: _ZN4absl14GenericCompareIiNS_4CordEEET_RKS1_RKT0_m
[2m[DEBUG][0m NOISE-SKIP [COMPILER_GEN]: _ZN4absl16strings_internal28StringResizeAndOverwriteImplINSt3__112basic_stringIcNS2_11char_traitsIcEENS2_9allocatorIcEEEEZNS_16CopyCordToStringERKNS_4CordEPS8_E3$_0EEvRT_NSE_9size_typeET0_
[2m[DEBUG][0m NOISE-SKIP [COMPILER_GEN]: _ZNSt3__112basic_stringIcNS_11char_traitsIcEENS_9allocatorIcEEE21__resize_default_initB8ne210108Em
[2m[DEBUG][0m NOISE-SKIP [COMPILER_GEN]: _ZZN4absl16CopyCordToStringERKNS_4CordEPNSt3__112basic_stringIcNS3_11char_traitsIcEENS3_9allocatorIcEEEEENK3$_0clEPcm
[2m[DEBUG][0m NOISE-SKIP [COMPILER_GEN]: _ZNSt3__112basic_stringIcNS_11char_traitsIcEENS_9allocatorIcEEE21__append_default_initB8ne210108Em
[2m[DEBUG][0m NOISE-SKIP [COMPILER_GEN]: _ZNSt3__112basic_stringIcNS_11char_traitsIcEENS_9allocatorIcEEE14__erase_to_endB8ne210108Em
[2m[DEBUG][0m NOISE-SKIP [COMPILER_GEN]: _ZNSt3__112basic_stringIcNS_11char_traitsIcEENS_9allocatorIcEEE25__grow_by_without_replaceB8ne210108Emmmmmm
[2m[DEBUG][0m NOISE-SKIP [COMPILER_GEN]: _ZNKSt3__112basic_stringIcNS_11char_traitsIcEENS_9allocatorIcEEE19__annotate_increaseB8ne210108Em
[2m[DEBUG][0m NOISE-SKIP [COMPILER_GEN]: _ZNSt3__112basic_stringIcNS_11char_traitsIcEENS_9allocatorIcEEE10__set_sizeB8ne210108Em
[2m[DEBUG][0m STDLIB-SKIP: _ZNSt3__111char_traitsIcE6assignB8ne210108ERcRKc
[2m[DEBUG][0m NOISE-SKIP [COMPILER_GEN]: _ZNSt3__118__make_scope_guardB8ne210108INS_12basic_stringIcNS_11char_traitsIcEENS_9allocatorIcEEE19__annotate_new_sizeEEENS_13__scope_guardIT_EES9_
[2m[DEBUG][0m NOISE-SKIP [COMPILER_GEN]: _ZNSt3__112basic_stringIcNS_11char_traitsIcEENS_9allocatorIcEEE19__annotate_new_sizeC1B8ne210108ERS5_
[2m[DEBUG][0m NOISE-SKIP [COMPILER_GEN]: _ZNSt3__112basic_stringIcNS_11char_traitsIcEENS_9allocatorIcEEE15__set_long_sizeB8ne210108Em
[2m[DEBUG][0m NOISE-SKIP [COMPILER_GEN]: _ZNSt3__113__scope_guardINS_12basic_stringIcNS_11char_traitsIcEENS_9allocatorIcEEE19__annotate_new_sizeEED1B8ne210108Ev
[2m[DEBUG][0m NOISE-SKIP [COMPILER_GEN]: _ZNSt3__113__scope_guardINS_12basic_stringIcNS_11char_traitsIcEENS_9allocatorIcEEE19__annotate_new_sizeEEC1B8ne210108ES7_
[2m[DEBUG][0m NOISE-SKIP [COMPILER_GEN]: _ZNSt3__113__scope_guardINS_12basic_stringIcNS_11char_traitsIcEENS_9allocatorIcEEE19__annotate_new_sizeEEC2B8ne210108ES7_
[2m[DEBUG][0m NOISE-SKIP [COMPILER_GEN]: _ZNSt3__112basic_stringIcNS_11char_traitsIcEENS_9allocatorIcEEE19__annotate_new_sizeC2B8ne210108ERS5_
[2m[DEBUG][0m NOISE-SKIP [COMPILER_GEN]: _ZNSt3__113__scope_guardINS_12basic_stringIcNS_11char_traitsIcEENS_9allocatorIcEEE19__annotate_new_sizeEED2B8ne210108Ev
[2m[DEBUG][0m NOISE-SKIP [COMPILER_GEN]: _ZNSt3__112basic_stringIcNS_11char_traitsIcEENS_9allocatorIcEEE19__annotate_new_sizeclB8ne210108Ev
[2m[DEBUG][0m NOISE-SKIP [COMPILER_GEN]: _ZNSt3__112basic_stringIcNS_11char_traitsIcEENS_9allocatorIcEEE16__set_short_sizeB8ne210108Em
[2m[DEBUG][0m NOISE-SKIP [COMPILER_GEN]: _ZNSt3__112basic_stringIcNS_11char_traitsIcEENS_9allocatorIcEEE19__null_terminate_atB8ne210108EPcm
[2m[DEBUG][0m NOISE-SKIP [COMPILER_GEN]: _ZNKSt3__112basic_stringIcNS_11char_traitsIcEENS_9allocatorIcEEE17__annotate_shrinkB8ne210108Em
[2m[DEBUG][0m NOISE-SKIP [COMPILER_GEN]: _ZNKSt3__112basic_stringIcNS_11char_traitsIcEENS_9allocatorIcEEE8max_sizeB8ne210108Ev
[2m[DEBUG][0m NOISE-SKIP [COMPILER_GEN]: _ZN4absl16strings_internal28StringResizeAndOverwriteImplINSt3__112basic_stringIcNS2_11char_traitsIcEENS2_9allocatorIcEEEEZNS0_24StringAppendAndOverwriteIS8_ZNS_18AppendCordToStringERKNS_4CordEPS8_E3$_0EEvRT_NSF_9size_typeET0_EUlPcmE_EEvSG_SH_SI_
[2m[DEBUG][0m STDLIB-SKIP: _ZNSt3__116allocator_traitsINS_9allocatorIcEEE8max_sizeB8ne210108IS2_TnNS_9enable_ifIX16__has_max_size_vIKT_EEiE4typeELi0EEEmRKS2_
[2m[DEBUG][0m STDLIB-SKIP: _ZNKSt3__19allocatorIcE8max_sizeB8ne210108Ev
[2m[DEBUG][0m NOISE-SKIP [COMPILER_GEN]: _ZZN4absl16strings_internal24StringAppendAndOverwriteINSt3__112basic_stringIcNS2_11char_traitsIcEENS2_9allocatorIcEEEEZNS_18AppendCordToStringERKNS_4CordEPS8_E3$_0EEvRT_NSE_9size_typeET0_ENUlPcmE_clESI_m
[2m[DEBUG][0m NOISE-SKIP [COMPILER_GEN]: _ZZN4absl18AppendCordToStringERKNS_4CordEPNSt3__112basic_stringIcNS3_11char_traitsIcEENS3_9allocatorIcEEEEENK3$_0clEPcm
[2m[DEBUG][0m ANALYZE [USER]: _ZNK4absl4Cord15CopyToArrayImplEPc
[2m[DEBUG][0m ANALYZE [USER]: _ZNK4absl4Cord9InlineRep11CopyToArrayEPc
[2m[DEBUG][0m STDLIB-SKIP: _ZNSt3__117__libcpp_allocateB8ne210108IcEEPT_NS_15__element_countEm
[2m[DEBUG][0m ANALYZE [USER]: _ZN4absl13cord_internal19CordRepExternalImplIZNS_4Cord15FlattenSlowPathEvE3$_0EC1IS3_EEOT_i
[2m[DEBUG][0m ANALYZE [USER]: _ZN4absl13cord_internal19CordRepExternalImplIZNS_4Cord15FlattenSlowPathEvE3$_0EC2IS3_EEOT_i
[2m[DEBUG][0m ANALYZE [USER]: _ZN4absl18container_internal15CompressedTupleIJZNS_4Cord15FlattenSlowPathEvE3$_0EEC2IS3_JETnNSt3__19enable_ifIXsr3std11conjunctionINS6_8negationINS6_7is_sameIFvS4_EFvu7__decayIT_EEEEEENS0_25internal_compressed_tuple27TupleItemsMoveConstructibleIS4_JSB_DpT0_EEEEE5valueEbE4typeELb1EEEOSB_DpOSI_
[2m[DEBUG][0m ANALYZE [USER]: _ZN4absl13cord_internal19CordRepExternalImplIZNS_4Cord15FlattenSlowPathEvE3$_0E7ReleaseEPNS0_15CordRepExternalE
[2m[DEBUG][0m ANALYZE [USER]: _ZN4absl18container_internal25internal_compressed_tuple19CompressedTupleImplINS0_15CompressedTupleIJZNS_4Cord15FlattenSlowPathEvE3$_0EEENSt3__116integer_sequenceImJLm0EEEELb1EEC2IJS5_EEENS7_10in_place_tEDpOT_
[2m[DEBUG][0m ANALYZE [USER]: _ZN4absl18container_internal25internal_compressed_tuple7StorageIZNS_4Cord15FlattenSlowPathEvE3$_0Lm0ENS1_10StorageTagIJS4_EEELb1EEC2IS4_EENSt3__110in_place_tEOT_
[2m[DEBUG][0m ANALYZE [USER]: _ZN4absl13cord_internal19CordRepExternalImplIZNS_4Cord15FlattenSlowPathEvE3$_0ED1Ev
[2m[DEBUG][0m ANALYZE [USER]: _ZN4absl13cord_internal19CordRepExternalImplIZNS_4Cord15FlattenSlowPathEvE3$_0ED2Ev
[2m[DEBUG][0m NOISE-SKIP [COMPILER_GEN]: _ZN4absl13cord_internal14InvokeReleaserIZNS_4Cord15FlattenSlowPathEvE3$_0vEEvNS0_5Rank1EOT_NSt3__117basic_string_viewIcNS7_11char_traitsIcEEEE
[2m[DEBUG][0m ANALYZE [USER]: _ZNR4absl18container_internal15CompressedTupleIJZNS_4Cord15FlattenSlowPathEvE3$_0EE3getILi0EEERNS0_25internal_compressed_tuple4ElemIS4_XT_EE4typeEv
[2m[DEBUG][0m NOISE-SKIP [COMPILER_GEN]: _ZNSt3__16invokeB8ne210108IZN4absl4Cord15FlattenSlowPathEvE3$_0JRNS_17basic_string_viewIcNS_11char_traitsIcEEEEEEENS_20__invoke_result_implIvJT_DpT0_EE4typeEOSA_DpOSB_
[2m[DEBUG][0m NOISE-SKIP [COMPILER_GEN]: _ZNSt3__18__invokeB8ne210108IJZN4absl4Cord15FlattenSlowPathEvE3$_0RNS_17basic_string_viewIcNS_11char_traitsIcEEEEEEENS_20__invoke_result_implIvJDpT_EE4typeEDpOSA_
[2m[DEBUG][0m NOISE-SKIP [COMPILER_GEN]: _ZZN4absl4Cord15FlattenSlowPathEvENK3$_0clENSt3__117basic_string_viewIcNS2_11char_traitsIcEEEE
[2m[DEBUG][0m STDLIB-SKIP: _ZNSt3__19allocatorIcE10deallocateB8ne210108EPcm
[2m[DEBUG][0m STDLIB-SKIP: _ZNSt3__119__libcpp_deallocateB8ne210108IcEEvPNS_15__type_identityIT_E4typeENS_15__element_countEm
[2m[DEBUG][0m ANALYZE [USER]: _ZNR4absl18container_internal25internal_compressed_tuple7StorageIZNS_4Cord15FlattenSlowPathEvE3$_0Lm0ENS1_10StorageTagIJS4_EEELb1EE3getEv
[32m[INFO][0m FFI Analysis Summary:
[32m[INFO][0m   Functions analyzed: 1124
[32m[INFO][0m   FFI Boundaries: 259
[32m[INFO][0m     - Cross-language: 0
[32m[INFO][0m     - External unknown: 160
[32m[INFO][0m     - LibC calls: 0
[32m[INFO][0m   Dangerous calls: 0
[32m[INFO][0m RAII: 4 functions identified as RAII-managed (skipped)
[32m[INFO][0m RC-Container: 50 functions identified as refcount-managed (skipped)
[33m[WARN][0m MEMORY LEAK [MEDIUM]: Memory allocated but never freed in _ZN4absl13cord_internal11CordRepFlat7NewImplILm4096EJEEEPS1_mDpT0_
[33m[WARN][0m MEMORY LEAK [MEDIUM]: Memory allocated but never freed in _ZN4absl13cord_internal11CordRepFlat7NewImplILm262144EJEEEPS1_mDpT0_
[2m[DEBUG][0m DOUBLE-FREE: No free sites, skipping
[32m[INFO][0m PointerOwnership: Found 2 memory leaks (formalized as issues)
[32m[INFO][0m PointerOwnership: Found 20 allocations, 0 frees, 20 tracked pointers
[32m[INFO][0m PointerOwnership: 20 cross-FFI ownership transfers detected
[32m[INFO][0m PointerOwnership: No cross-language ownership violations detected
[32m[INFO][0m   (Checks for Rust-alloc/C-free or C-alloc/Rust-free mismatches)
[32m[INFO][0m PointerOwnership: Memory pool stats - allocated: 20, reused: 0, in_use: 20

[36m═══════════════════════════════════════════════════════════════[0m
[1mZone Classification Summary[0m
[36m═══════════════════════════════════════════════════════════════[0m

  Total functions analyzed:    1040
  Safe zone (skipped):         0 (0.0%)
  Runtime internal (skipped):  0
  Unsafe zone (analyzed):      0
  FFI zone (analyzed):         0
  Unknown zone:                1040

[32m  Escape zone functions:       0 (0.0% of total)[0m
[33m  Issues found:                22[0m

[36m═══════════════════════════════════════════════════════════════[0m


=== Performance Profile Report ===

Operation                           Calls   Total (ms)     Avg (us)     Max (us)
--------------------------------------------------------------------------------
init                                    1       692.94    692944.25    692944.25
detect                                  2         1.91       957.10       986.58
total                                   1       692.96    692963.83    692963.83
analysis                                1       661.18    661181.29    661181.29
[32m[INFO][0m PointerOwnership: 4 ops, 2049.00ms total
[32m[INFO][0m FFIUnsafe: Analyzed 259 boundaries, found 0 issues
[INFO] Analysis complete

[INFO] Functions processed: 1124

[INFO] Facts generated: 40

[INFO] Report saved to: /Users/scc/code/zigcode/OmniScope/outputs/realworld/abseil2024.json

