[INFO] === OmniScope IR Analysis ===

[INFO] File: /Users/scc/code/zigcode/OmniScope/corpus/real_world/zkp/ark_ff.ll


[DEBUG] Loading file: /Users/scc/code/zigcode/OmniScope/corpus/real_world/zkp/ark_ff.ll
[INFO] Loaded: 36 functions


[2m[DEBUG][0m NOISE-SKIP [COMPILER_GEN]: _ZN5alloc7raw_vec19RawVec$LT$T$C$A$GT$8grow_one17hfa9f949b2c7017f8E
[2m[DEBUG][0m NOISE-SKIP [COMPILER_GEN]: _ZN5alloc7raw_vec20RawVecInner$LT$A$GT$11finish_grow17h855eb00d3b28eec9E
[2m[DEBUG][0m ANALYZE [USER]: _ZN6ark_ff10biginteger10arithmetic16find_relaxed_naf17h84ddcc088a1711edE
[2m[DEBUG][0m ANALYZE [USER]: _ZN6ark_ff10biginteger10arithmetic8find_naf17hb5df30b7e88862beE
[2m[DEBUG][0m ANALYZE [USER]: _ZN6ark_ff6fields13field_hashers8expander3DST10copy_bytes17h2aa6e6e874a78b33E
[2m[DEBUG][0m ANALYZE [USER]: _ZN6ark_ff6fields13field_hashers8expander3DST5slice17hfe198f086ae7fd2eE
[2m[DEBUG][0m ANALYZE [USER]: _ZN6ark_ff6fields4sqrt14LegendreSymbol5is_qr17h5fe9e0c2d6610697E
[2m[DEBUG][0m ANALYZE [USER]: _ZN6ark_ff6fields4sqrt14LegendreSymbol6is_qnr17h58a2e000841edb22E
[2m[DEBUG][0m ANALYZE [USER]: _ZN6ark_ff6fields4sqrt14LegendreSymbol7is_zero17h5484778ce4720405E
[2m[DEBUG][0m ANALYZE [USER]: _ZN6ark_ff6fields5utils17k_adicity_big_int17h6a0086abe5b008abE
[2m[DEBUG][0m ANALYZE [USER]: _ZN6ark_ff6fields5utils9k_adicity17h328c89b837868a54E
[2m[DEBUG][0m ANALYZE [USER]: _ZN6ark_ff6fields6models16fp12_2over3over234characteristic_square_mod_6_is_one17hdb2819c10acc2405E
[2m[DEBUG][0m ANALYZE [USER]: _ZN6ark_ff6fields6models8small_fp16small_fp_backend15const_to_bigint17hb024cf6604231c29E
[2m[DEBUG][0m ANALYZE [USER]: _ZN6ark_ff6fields6models8small_fp16small_fp_backend19const_num_bits_u12817h8c1792a24c968431E
[2m[DEBUG][0m ANALYZE [USER]: _ZN6ark_ff6fields6models8small_fp16small_fp_backend23primitive_type_bit_size17h859fb51e2bddbe22E
[2m[DEBUG][0m NOISE-SKIP [COMPILER_GEN]: _ZN70_$LT$ark_ff..fields..sqrt..LegendreSymbol$u20$as$u20$core..cmp..Eq$GT$20assert_fields_are_eq17h2dcee772bc23442aE
[32m[INFO][0m FFI Analysis Summary:
[32m[INFO][0m   Functions analyzed: 36
[32m[INFO][0m   FFI Boundaries: 56
[32m[INFO][0m     - Cross-language: 0
[32m[INFO][0m     - External unknown: 41
[32m[INFO][0m     - LibC calls: 0
[32m[INFO][0m   Dangerous calls: 0
[2m[DEBUG][0m [SUPPRESSED] C API output parameter pattern: _ZN6ark_ff6fields13field_hashers8expander3DST10copy_bytes17h2aa6e6e874a78b33E returns non-pointer (likely using output params)
[2m[DEBUG][0m [SUPPRESSED] C API output parameter pattern: _ZN6ark_ff6fields13field_hashers8expander3DST5slice17hfe198f086ae7fd2eE returns non-pointer (likely using output params)
[2m[DEBUG][0m [SUPPRESSED] C API output parameter pattern: _ZN6ark_ff6fields4sqrt14LegendreSymbol5is_qr17h5fe9e0c2d6610697E returns non-pointer (likely using output params)
[2m[DEBUG][0m [SUPPRESSED] C API output parameter pattern: _ZN6ark_ff6fields4sqrt14LegendreSymbol6is_qnr17h58a2e000841edb22E returns non-pointer (likely using output params)
[2m[DEBUG][0m [SUPPRESSED] C API output parameter pattern: _ZN6ark_ff6fields4sqrt14LegendreSymbol7is_zero17h5484778ce4720405E returns non-pointer (likely using output params)
[2m[DEBUG][0m [SUPPRESSED] C API output parameter pattern: _ZN6ark_ff6fields5utils17k_adicity_big_int17h6a0086abe5b008abE returns non-pointer (likely using output params)
[2m[DEBUG][0m [SUPPRESSED] C API output parameter pattern: _ZN6ark_ff6fields5utils9k_adicity17h328c89b837868a54E returns non-pointer (likely using output params)
[2m[DEBUG][0m [SUPPRESSED] C API output parameter pattern: _ZN6ark_ff6fields6models16fp12_2over3over234characteristic_square_mod_6_is_one17hdb2819c10acc2405E returns non-pointer (likely using output params)
[2m[DEBUG][0m [SUPPRESSED] C API output parameter pattern: _ZN6ark_ff6fields6models8small_fp16small_fp_backend15const_to_bigint17hb024cf6604231c29E returns non-pointer (likely using output params)
[2m[DEBUG][0m [SUPPRESSED] C API output parameter pattern: _ZN6ark_ff6fields6models8small_fp16small_fp_backend19const_num_bits_u12817h8c1792a24c968431E returns non-pointer (likely using output params)
[2m[DEBUG][0m [SUPPRESSED] C API output parameter pattern: _ZN6ark_ff6fields6models8small_fp16small_fp_backend23primitive_type_bit_size17h859fb51e2bddbe22E returns non-pointer (likely using output params)
[32m[INFO][0m PtrLifetime: analyzed 13 funcs, tracked 6 ptrs, found 0 violations
[32m[INFO][0m CallbackEscape: analyzed 13 funcs, 0 cgo boundaries, 0 issues found
[32m[INFO][0m ReturnCheck: Analyzed functions, found 0 unchecked return values
[32m[INFO][0m MemorySafety: Analyzed 36 functions with cross-function tracking, found 0 memory issues
[33m[WARN][0m Invalid _RNvCsfLfy6EI15iL_7___rustc14___rust_dealloc on function parameter pointer in function: _ZN6ark_ff6fields5utils17k_adicity_big_int17h6a0086abe5b008abE
[33m[WARN][0m Invalid _RNvCsfLfy6EI15iL_7___rustc14___rust_dealloc on function parameter pointer in function: _ZN6ark_ff6fields5utils17k_adicity_big_int17h6a0086abe5b008abE
[33m[WARN][0m Invalid _RNvCsfLfy6EI15iL_7___rustc14___rust_dealloc on function parameter pointer in function: _ZN6ark_ff6fields5utils17k_adicity_big_int17h6a0086abe5b008abE
[33m[WARN][0m Invalid _RNvCsfLfy6EI15iL_7___rustc14___rust_dealloc on function parameter pointer in function: _ZN6ark_ff6fields5utils17k_adicity_big_int17h6a0086abe5b008abE
[33m[WARN][0m Invalid _RNvCsfLfy6EI15iL_7___rustc14___rust_dealloc on function parameter pointer in function: _ZN6ark_ff6fields5utils17k_adicity_big_int17h6a0086abe5b008abE
[32m[INFO][0m FreeValidation: Analyzed functions, found 5 invalid free calls
[32m[INFO][0m TIP: Rebuild with -g for file/line diagnostics
[2m[DEBUG][0m ZONE-SKIP: _ZN5alloc7raw_vec19RawVec$LT$T$C$A$GT$8grow_one17hfa9f949b2c7017f8E is runtime_internal zone — language guarantees apply
[2m[DEBUG][0m ZONE-SKIP: _ZN5alloc7raw_vec20RawVecInner$LT$A$GT$11finish_grow17h855eb00d3b28eec9E is runtime_internal zone — language guarantees apply
[2m[DEBUG][0m ZONE-SKIP: _ZN70_$LT$ark_ff..fields..sqrt..LegendreSymbol$u20$as$u20$core..cmp..Eq$GT$20assert_fields_are_eq17h2dcee772bc23442aE is safe zone — language guarantees apply
[2m[DEBUG][0m DOUBLE-FREE: No free sites, skipping
[32m[INFO][0m PointerOwnership: Found 0 allocations, 0 frees, 0 tracked pointers
[32m[INFO][0m PointerOwnership: No cross-language ownership violations detected
[32m[INFO][0m   (Checks for Rust-alloc/C-free or C-alloc/Rust-free mismatches)
[32m[INFO][0m PointerOwnership: Memory pool stats - allocated: 0, reused: 0, in_use: 0

[36m═══════════════════════════════════════════════════════════════[0m
[1mZone Classification Summary[0m
[36m═══════════════════════════════════════════════════════════════[0m

  Total functions analyzed:    108
  Safe zone (skipped):         3 (33.3%)
  Runtime internal (skipped):  33
  Unsafe zone (analyzed):      0
  FFI zone (analyzed):         33
  Unknown zone:                39

[32m  Escape zone functions:       33 (30.6% of total)[0m
[33m  Issues found:              1[0m

    [1mIssue breakdown by category:[0m
      Invalid free:             1

[36m═══════════════════════════════════════════════════════════════[0m


=== Performance Profile Report ===

Operation                           Calls   Total (ms)     Avg (us)     Max (us)
--------------------------------------------------------------------------------
init                                    1        13.32     13321.83     13321.83
detect                                  2         0.09        43.17        73.71
total                                   1        13.33     13329.08     13329.08
analysis                                1        12.57     12572.38     12572.38
[32m[INFO][0m PointerOwnership: 4 ops, 39.31ms total
[32m[INFO][0m FFIUnsafe: Analyzed 56 boundaries, found 0 issues
[32m[INFO][0m FFIBodyCheck: Analyzing 56 FFI boundaries for dangerous function calls
[32m[INFO][0m FFIBodyCheck: Found 0 dangerous function calls
[INFO] Analysis complete

[INFO] Functions processed: 36

[INFO] Facts generated: 0

[INFO] Report saved to: /Users/scc/code/zigcode/OmniScope/outputs/realworld/ark_ff.json

error(gpa): memory address 0x102600740 leaked: 
/Users/scc/.zvm/0.15.2/lib/std/mem/Allocator.zig:436:40: 0x1021f1ff7 in dupe__anon_5732 (OmniScope)
    const new_buf = try allocator.alloc(T, m.len);
                                       ^
/Users/scc/code/zigcode/OmniScope/src/semantics/memory_relations.zig:102:41: 0x1022dfa6b in recordCall (OmniScope)
        const caller_copy = try gpa.dupe(u8, caller_func);
                                        ^
/Users/scc/code/zigcode/OmniScope/src/pass/analysis/issue/memory_safety.zig:77:53: 0x1022e091f in buildRelations (OmniScope)
                            try relations.recordCall(func_name, called_name);
                                                    ^
/Users/scc/code/zigcode/OmniScope/src/pass/analysis/issue/memory_safety.zig:45:31: 0x10227c7bf in run (OmniScope)
            try buildRelations(func, &relations);
                              ^
/Users/scc/code/zigcode/OmniScope/src/pass/manager.zig:198:46: 0x10227f7f3 in run (OmniScope)
            try self.passes.items[idx].run_fn(ctx, diag);
                                             ^
/Users/scc/code/zigcode/OmniScope/src/pipeline/pipeline.zig:88:34: 0x10227fabf in run (OmniScope)
        try self.pass_manager.run(&ctx, &diag);
                                 ^

error(gpa): memory address 0x1026007c0 leaked: 
/Users/scc/.zvm/0.15.2/lib/std/mem/Allocator.zig:436:40: 0x1021f1ff7 in dupe__anon_5732 (OmniScope)
    const new_buf = try allocator.alloc(T, m.len);
                                       ^
/Users/scc/code/zigcode/OmniScope/src/semantics/memory_relations.zig:117:39: 0x1022dff0f in recordAlloc (OmniScope)
        const func_copy = try gpa.dupe(u8, func_name);
                                      ^
/Users/scc/code/zigcode/OmniScope/src/pass/analysis/issue/memory_safety.zig:82:58: 0x1022e0a73 in buildRelations (OmniScope)
                                try relations.recordAlloc(func_name, ret_as_int);
                                                         ^
/Users/scc/code/zigcode/OmniScope/src/pass/analysis/issue/memory_safety.zig:45:31: 0x10227c7bf in run (OmniScope)
            try buildRelations(func, &relations);
                              ^
/Users/scc/code/zigcode/OmniScope/src/pass/manager.zig:198:46: 0x10227f7f3 in run (OmniScope)
            try self.passes.items[idx].run_fn(ctx, diag);
                                             ^
/Users/scc/code/zigcode/OmniScope/src/pipeline/pipeline.zig:88:34: 0x10227fabf in run (OmniScope)
        try self.pass_manager.run(&ctx, &diag);
                                 ^

error(gpa): memory address 0x102600880 leaked: 
/Users/scc/.zvm/0.15.2/lib/std/mem/Allocator.zig:436:40: 0x1021f1ff7 in dupe__anon_5732 (OmniScope)
    const new_buf = try allocator.alloc(T, m.len);
                                       ^
/Users/scc/code/zigcode/OmniScope/src/semantics/memory_relations.zig:102:41: 0x1022dfa6b in recordCall (OmniScope)
        const caller_copy = try gpa.dupe(u8, caller_func);
                                        ^
/Users/scc/code/zigcode/OmniScope/src/pass/analysis/issue/memory_safety.zig:77:53: 0x1022e091f in buildRelations (OmniScope)
                            try relations.recordCall(func_name, called_name);
                                                    ^
/Users/scc/code/zigcode/OmniScope/src/pass/analysis/issue/memory_safety.zig:45:31: 0x10227c7bf in run (OmniScope)
            try buildRelations(func, &relations);
                              ^
/Users/scc/code/zigcode/OmniScope/src/pass/manager.zig:198:46: 0x10227f7f3 in run (OmniScope)
            try self.passes.items[idx].run_fn(ctx, diag);
                                             ^
/Users/scc/code/zigcode/OmniScope/src/pipeline/pipeline.zig:88:34: 0x10227fabf in run (OmniScope)
        try self.pass_manager.run(&ctx, &diag);
                                 ^

error(gpa): memory address 0x102600900 leaked: 
/Users/scc/.zvm/0.15.2/lib/std/mem/Allocator.zig:436:40: 0x1021f1ff7 in dupe__anon_5732 (OmniScope)
    const new_buf = try allocator.alloc(T, m.len);
                                       ^
/Users/scc/code/zigcode/OmniScope/src/semantics/memory_relations.zig:117:39: 0x1022dff0f in recordAlloc (OmniScope)
        const func_copy = try gpa.dupe(u8, func_name);
                                      ^
/Users/scc/code/zigcode/OmniScope/src/pass/analysis/issue/memory_safety.zig:82:58: 0x1022e0a73 in buildRelations (OmniScope)
                                try relations.recordAlloc(func_name, ret_as_int);
                                                         ^
/Users/scc/code/zigcode/OmniScope/src/pass/analysis/issue/memory_safety.zig:45:31: 0x10227c7bf in run (OmniScope)
            try buildRelations(func, &relations);
                              ^
/Users/scc/code/zigcode/OmniScope/src/pass/manager.zig:198:46: 0x10227f7f3 in run (OmniScope)
            try self.passes.items[idx].run_fn(ctx, diag);
                                             ^
/Users/scc/code/zigcode/OmniScope/src/pipeline/pipeline.zig:88:34: 0x10227fabf in run (OmniScope)
        try self.pass_manager.run(&ctx, &diag);
                                 ^

error(gpa): memory address 0x1026009c0 leaked: 
/Users/scc/.zvm/0.15.2/lib/std/mem/Allocator.zig:436:40: 0x1021f1ff7 in dupe__anon_5732 (OmniScope)
    const new_buf = try allocator.alloc(T, m.len);
                                       ^
/Users/scc/code/zigcode/OmniScope/src/semantics/memory_relations.zig:102:41: 0x1022dfa6b in recordCall (OmniScope)
        const caller_copy = try gpa.dupe(u8, caller_func);
                                        ^
/Users/scc/code/zigcode/OmniScope/src/pass/analysis/issue/memory_safety.zig:77:53: 0x1022e091f in buildRelations (OmniScope)
                            try relations.recordCall(func_name, called_name);
                                                    ^
/Users/scc/code/zigcode/OmniScope/src/pass/analysis/issue/memory_safety.zig:45:31: 0x10227c7bf in run (OmniScope)
            try buildRelations(func, &relations);
                              ^
/Users/scc/code/zigcode/OmniScope/src/pass/manager.zig:198:46: 0x10227f7f3 in run (OmniScope)
            try self.passes.items[idx].run_fn(ctx, diag);
                                             ^
/Users/scc/code/zigcode/OmniScope/src/pipeline/pipeline.zig:88:34: 0x10227fabf in run (OmniScope)
        try self.pass_manager.run(&ctx, &diag);
                                 ^

error(gpa): memory address 0x102600a00 leaked: 
/Users/scc/.zvm/0.15.2/lib/std/mem/Allocator.zig:436:40: 0x1021f1ff7 in dupe__anon_5732 (OmniScope)
    const new_buf = try allocator.alloc(T, m.len);
                                       ^
/Users/scc/code/zigcode/OmniScope/src/semantics/memory_relations.zig:102:41: 0x1022dfa6b in recordCall (OmniScope)
        const caller_copy = try gpa.dupe(u8, caller_func);
                                        ^
/Users/scc/code/zigcode/OmniScope/src/pass/analysis/issue/memory_safety.zig:77:53: 0x1022e091f in buildRelations (OmniScope)
                            try relations.recordCall(func_name, called_name);
                                                    ^
/Users/scc/code/zigcode/OmniScope/src/pass/analysis/issue/memory_safety.zig:45:31: 0x10227c7bf in run (OmniScope)
            try buildRelations(func, &relations);
                              ^
/Users/scc/code/zigcode/OmniScope/src/pass/manager.zig:198:46: 0x10227f7f3 in run (OmniScope)
            try self.passes.items[idx].run_fn(ctx, diag);
                                             ^
/Users/scc/code/zigcode/OmniScope/src/pipeline/pipeline.zig:88:34: 0x10227fabf in run (OmniScope)
        try self.pass_manager.run(&ctx, &diag);
                                 ^

error(gpa): memory address 0x102600a40 leaked: 
/Users/scc/.zvm/0.15.2/lib/std/mem/Allocator.zig:436:40: 0x1021f1ff7 in dupe__anon_5732 (OmniScope)
    const new_buf = try allocator.alloc(T, m.len);
                                       ^
/Users/scc/code/zigcode/OmniScope/src/semantics/memory_relations.zig:102:41: 0x1022dfa6b in recordCall (OmniScope)
        const caller_copy = try gpa.dupe(u8, caller_func);
                                        ^
/Users/scc/code/zigcode/OmniScope/src/pass/analysis/issue/memory_safety.zig:77:53: 0x1022e091f in buildRelations (OmniScope)
                            try relations.recordCall(func_name, called_name);
                                                    ^
/Users/scc/code/zigcode/OmniScope/src/pass/analysis/issue/memory_safety.zig:45:31: 0x10227c7bf in run (OmniScope)
            try buildRelations(func, &relations);
                              ^
/Users/scc/code/zigcode/OmniScope/src/pass/manager.zig:198:46: 0x10227f7f3 in run (OmniScope)
            try self.passes.items[idx].run_fn(ctx, diag);
                                             ^
/Users/scc/code/zigcode/OmniScope/src/pipeline/pipeline.zig:88:34: 0x10227fabf in run (OmniScope)
        try self.pass_manager.run(&ctx, &diag);
                                 ^

error(gpa): memory address 0x102600a80 leaked: 
/Users/scc/.zvm/0.15.2/lib/std/mem/Allocator.zig:436:40: 0x1021f1ff7 in dupe__anon_5732 (OmniScope)
    const new_buf = try allocator.alloc(T, m.len);
                                       ^
/Users/scc/code/zigcode/OmniScope/src/semantics/memory_relations.zig:102:41: 0x1022dfa6b in recordCall (OmniScope)
        const caller_copy = try gpa.dupe(u8, caller_func);
                                        ^
/Users/scc/code/zigcode/OmniScope/src/pass/analysis/issue/memory_safety.zig:77:53: 0x1022e091f in buildRelations (OmniScope)
                            try relations.recordCall(func_name, called_name);
                                                    ^
/Users/scc/code/zigcode/OmniScope/src/pass/analysis/issue/memory_safety.zig:45:31: 0x10227c7bf in run (OmniScope)
            try buildRelations(func, &relations);
                              ^
/Users/scc/code/zigcode/OmniScope/src/pass/manager.zig:198:46: 0x10227f7f3 in run (OmniScope)
            try self.passes.items[idx].run_fn(ctx, diag);
                                             ^
/Users/scc/code/zigcode/OmniScope/src/pipeline/pipeline.zig:88:34: 0x10227fabf in run (OmniScope)
        try self.pass_manager.run(&ctx, &diag);
                                 ^

error(gpa): memory address 0x102600ac0 leaked: 
/Users/scc/.zvm/0.15.2/lib/std/mem/Allocator.zig:436:40: 0x1021f1ff7 in dupe__anon_5732 (OmniScope)
    const new_buf = try allocator.alloc(T, m.len);
                                       ^
/Users/scc/code/zigcode/OmniScope/src/semantics/memory_relations.zig:102:41: 0x1022dfa6b in recordCall (OmniScope)
        const caller_copy = try gpa.dupe(u8, caller_func);
                                        ^
/Users/scc/code/zigcode/OmniScope/src/pass/analysis/issue/memory_safety.zig:77:53: 0x1022e091f in buildRelations (OmniScope)
                            try relations.recordCall(func_name, called_name);
                                                    ^
/Users/scc/code/zigcode/OmniScope/src/pass/analysis/issue/memory_safety.zig:45:31: 0x10227c7bf in run (OmniScope)
            try buildRelations(func, &relations);
                              ^
/Users/scc/code/zigcode/OmniScope/src/pass/manager.zig:198:46: 0x10227f7f3 in run (OmniScope)
            try self.passes.items[idx].run_fn(ctx, diag);
                                             ^
/Users/scc/code/zigcode/OmniScope/src/pipeline/pipeline.zig:88:34: 0x10227fabf in run (OmniScope)
        try self.pass_manager.run(&ctx, &diag);
                                 ^

error(gpa): memory address 0x102600b40 leaked: 
/Users/scc/.zvm/0.15.2/lib/std/mem/Allocator.zig:436:40: 0x1021f1ff7 in dupe__anon_5732 (OmniScope)
    const new_buf = try allocator.alloc(T, m.len);
                                       ^
/Users/scc/code/zigcode/OmniScope/src/semantics/memory_relations.zig:117:39: 0x1022dff0f in recordAlloc (OmniScope)
        const func_copy = try gpa.dupe(u8, func_name);
                                      ^
/Users/scc/code/zigcode/OmniScope/src/pass/analysis/issue/memory_safety.zig:82:58: 0x1022e0a73 in buildRelations (OmniScope)
                                try relations.recordAlloc(func_name, ret_as_int);
                                                         ^
/Users/scc/code/zigcode/OmniScope/src/pass/analysis/issue/memory_safety.zig:45:31: 0x10227c7bf in run (OmniScope)
            try buildRelations(func, &relations);
                              ^
/Users/scc/code/zigcode/OmniScope/src/pass/manager.zig:198:46: 0x10227f7f3 in run (OmniScope)
            try self.passes.items[idx].run_fn(ctx, diag);
                                             ^
/Users/scc/code/zigcode/OmniScope/src/pipeline/pipeline.zig:88:34: 0x10227fabf in run (OmniScope)
        try self.pass_manager.run(&ctx, &diag);
                                 ^

error(gpa): memory address 0x102600c00 leaked: 
/Users/scc/.zvm/0.15.2/lib/std/mem/Allocator.zig:436:40: 0x1021f1ff7 in dupe__anon_5732 (OmniScope)
    const new_buf = try allocator.alloc(T, m.len);
                                       ^
/Users/scc/code/zigcode/OmniScope/src/semantics/memory_relations.zig:102:41: 0x1022dfa6b in recordCall (OmniScope)
        const caller_copy = try gpa.dupe(u8, caller_func);
                                        ^
/Users/scc/code/zigcode/OmniScope/src/pass/analysis/issue/memory_safety.zig:77:53: 0x1022e091f in buildRelations (OmniScope)
                            try relations.recordCall(func_name, called_name);
                                                    ^
/Users/scc/code/zigcode/OmniScope/src/pass/analysis/issue/memory_safety.zig:45:31: 0x10227c7bf in run (OmniScope)
            try buildRelations(func, &relations);
                              ^
/Users/scc/code/zigcode/OmniScope/src/pass/manager.zig:198:46: 0x10227f7f3 in run (OmniScope)
            try self.passes.items[idx].run_fn(ctx, diag);
                                             ^
/Users/scc/code/zigcode/OmniScope/src/pipeline/pipeline.zig:88:34: 0x10227fabf in run (OmniScope)
        try self.pass_manager.run(&ctx, &diag);
                                 ^

error(gpa): memory address 0x102600c80 leaked: 
/Users/scc/.zvm/0.15.2/lib/std/mem/Allocator.zig:436:40: 0x1021f1ff7 in dupe__anon_5732 (OmniScope)
    const new_buf = try allocator.alloc(T, m.len);
                                       ^
/Users/scc/code/zigcode/OmniScope/src/semantics/memory_relations.zig:102:41: 0x1022dfa6b in recordCall (OmniScope)
        const caller_copy = try gpa.dupe(u8, caller_func);
                                        ^
/Users/scc/code/zigcode/OmniScope/src/pass/analysis/issue/memory_safety.zig:77:53: 0x1022e091f in buildRelations (OmniScope)
                            try relations.recordCall(func_name, called_name);
                                                    ^
/Users/scc/code/zigcode/OmniScope/src/pass/analysis/issue/memory_safety.zig:45:31: 0x10227c7bf in run (OmniScope)
            try buildRelations(func, &relations);
                              ^
/Users/scc/code/zigcode/OmniScope/src/pass/manager.zig:198:46: 0x10227f7f3 in run (OmniScope)
            try self.passes.items[idx].run_fn(ctx, diag);
                                             ^
/Users/scc/code/zigcode/OmniScope/src/pipeline/pipeline.zig:88:34: 0x10227fabf in run (OmniScope)
        try self.pass_manager.run(&ctx, &diag);
                                 ^

error(gpa): memory address 0x102600d00 leaked: 
/Users/scc/.zvm/0.15.2/lib/std/mem/Allocator.zig:436:40: 0x1021f1ff7 in dupe__anon_5732 (OmniScope)
    const new_buf = try allocator.alloc(T, m.len);
                                       ^
/Users/scc/code/zigcode/OmniScope/src/semantics/memory_relations.zig:102:41: 0x1022dfa6b in recordCall (OmniScope)
        const caller_copy = try gpa.dupe(u8, caller_func);
                                        ^
/Users/scc/code/zigcode/OmniScope/src/pass/analysis/issue/memory_safety.zig:77:53: 0x1022e091f in buildRelations (OmniScope)
                            try relations.recordCall(func_name, called_name);
                                                    ^
/Users/scc/code/zigcode/OmniScope/src/pass/analysis/issue/memory_safety.zig:45:31: 0x10227c7bf in run (OmniScope)
            try buildRelations(func, &relations);
                              ^
/Users/scc/code/zigcode/OmniScope/src/pass/manager.zig:198:46: 0x10227f7f3 in run (OmniScope)
            try self.passes.items[idx].run_fn(ctx, diag);
                                             ^
/Users/scc/code/zigcode/OmniScope/src/pipeline/pipeline.zig:88:34: 0x10227fabf in run (OmniScope)
        try self.pass_manager.run(&ctx, &diag);
                                 ^

error(gpa): memory address 0x102600d40 leaked: 
/Users/scc/.zvm/0.15.2/lib/std/mem/Allocator.zig:436:40: 0x1021f1ff7 in dupe__anon_5732 (OmniScope)
    const new_buf = try allocator.alloc(T, m.len);
                                       ^
/Users/scc/code/zigcode/OmniScope/src/semantics/memory_relations.zig:117:39: 0x1022dff0f in recordAlloc (OmniScope)
        const func_copy = try gpa.dupe(u8, func_name);
                                      ^
/Users/scc/code/zigcode/OmniScope/src/pass/analysis/issue/memory_safety.zig:82:58: 0x1022e0a73 in buildRelations (OmniScope)
                                try relations.recordAlloc(func_name, ret_as_int);
                                                         ^
/Users/scc/code/zigcode/OmniScope/src/pass/analysis/issue/memory_safety.zig:45:31: 0x10227c7bf in run (OmniScope)
            try buildRelations(func, &relations);
                              ^
/Users/scc/code/zigcode/OmniScope/src/pass/manager.zig:198:46: 0x10227f7f3 in run (OmniScope)
            try self.passes.items[idx].run_fn(ctx, diag);
                                             ^
/Users/scc/code/zigcode/OmniScope/src/pipeline/pipeline.zig:88:34: 0x10227fabf in run (OmniScope)
        try self.pass_manager.run(&ctx, &diag);
                                 ^

error(gpa): memory address 0x102600e00 leaked: 
/Users/scc/.zvm/0.15.2/lib/std/mem/Allocator.zig:436:40: 0x1021f1ff7 in dupe__anon_5732 (OmniScope)
    const new_buf = try allocator.alloc(T, m.len);
                                       ^
/Users/scc/code/zigcode/OmniScope/src/semantics/memory_relations.zig:102:41: 0x1022dfa6b in recordCall (OmniScope)
        const caller_copy = try gpa.dupe(u8, caller_func);
                                        ^
/Users/scc/code/zigcode/OmniScope/src/pass/analysis/issue/memory_safety.zig:77:53: 0x1022e091f in buildRelations (OmniScope)
                            try relations.recordCall(func_name, called_name);
                                                    ^
/Users/scc/code/zigcode/OmniScope/src/pass/analysis/issue/memory_safety.zig:45:31: 0x10227c7bf in run (OmniScope)
            try buildRelations(func, &relations);
                              ^
/Users/scc/code/zigcode/OmniScope/src/pass/manager.zig:198:46: 0x10227f7f3 in run (OmniScope)
            try self.passes.items[idx].run_fn(ctx, diag);
                                             ^
/Users/scc/code/zigcode/OmniScope/src/pipeline/pipeline.zig:88:34: 0x10227fabf in run (OmniScope)
        try self.pass_manager.run(&ctx, &diag);
                                 ^

error(gpa): memory address 0x102600e40 leaked: 
/Users/scc/.zvm/0.15.2/lib/std/mem/Allocator.zig:436:40: 0x1021f1ff7 in dupe__anon_5732 (OmniScope)
    const new_buf = try allocator.alloc(T, m.len);
                                       ^
/Users/scc/code/zigcode/OmniScope/src/semantics/memory_relations.zig:102:41: 0x1022dfa6b in recordCall (OmniScope)
        const caller_copy = try gpa.dupe(u8, caller_func);
                                        ^
/Users/scc/code/zigcode/OmniScope/src/pass/analysis/issue/memory_safety.zig:77:53: 0x1022e091f in buildRelations (OmniScope)
                            try relations.recordCall(func_name, called_name);
                                                    ^
/Users/scc/code/zigcode/OmniScope/src/pass/analysis/issue/memory_safety.zig:45:31: 0x10227c7bf in run (OmniScope)
            try buildRelations(func, &relations);
                              ^
/Users/scc/code/zigcode/OmniScope/src/pass/manager.zig:198:46: 0x10227f7f3 in run (OmniScope)
            try self.passes.items[idx].run_fn(ctx, diag);
                                             ^
/Users/scc/code/zigcode/OmniScope/src/pipeline/pipeline.zig:88:34: 0x10227fabf in run (OmniScope)
        try self.pass_manager.run(&ctx, &diag);
                                 ^

error(gpa): memory address 0x102600f80 leaked: 
/Users/scc/.zvm/0.15.2/lib/std/mem/Allocator.zig:436:40: 0x1021f1ff7 in dupe__anon_5732 (OmniScope)
    const new_buf = try allocator.alloc(T, m.len);
                                       ^
/Users/scc/code/zigcode/OmniScope/src/semantics/memory_relations.zig:102:41: 0x1022dfa6b in recordCall (OmniScope)
        const caller_copy = try gpa.dupe(u8, caller_func);
                                        ^
/Users/scc/code/zigcode/OmniScope/src/pass/analysis/issue/memory_safety.zig:77:53: 0x1022e091f in buildRelations (OmniScope)
                            try relations.recordCall(func_name, called_name);
                                                    ^
/Users/scc/code/zigcode/OmniScope/src/pass/analysis/issue/memory_safety.zig:45:31: 0x10227c7bf in run (OmniScope)
            try buildRelations(func, &relations);
                              ^
/Users/scc/code/zigcode/OmniScope/src/pass/manager.zig:198:46: 0x10227f7f3 in run (OmniScope)
            try self.passes.items[idx].run_fn(ctx, diag);
                                             ^
/Users/scc/code/zigcode/OmniScope/src/pipeline/pipeline.zig:88:34: 0x10227fabf in run (OmniScope)
        try self.pass_manager.run(&ctx, &diag);
                                 ^

error(gpa): memory address 0x1026010c0 leaked: 
/Users/scc/.zvm/0.15.2/lib/std/mem/Allocator.zig:436:40: 0x1021f1ff7 in dupe__anon_5732 (OmniScope)
    const new_buf = try allocator.alloc(T, m.len);
                                       ^
/Users/scc/code/zigcode/OmniScope/src/semantics/memory_relations.zig:102:41: 0x1022dfa6b in recordCall (OmniScope)
        const caller_copy = try gpa.dupe(u8, caller_func);
                                        ^
/Users/scc/code/zigcode/OmniScope/src/pass/analysis/issue/memory_safety.zig:77:53: 0x1022e091f in buildRelations (OmniScope)
                            try relations.recordCall(func_name, called_name);
                                                    ^
/Users/scc/code/zigcode/OmniScope/src/pass/analysis/issue/memory_safety.zig:45:31: 0x10227c7bf in run (OmniScope)
            try buildRelations(func, &relations);
                              ^
/Users/scc/code/zigcode/OmniScope/src/pass/manager.zig:198:46: 0x10227f7f3 in run (OmniScope)
            try self.passes.items[idx].run_fn(ctx, diag);
                                             ^
/Users/scc/code/zigcode/OmniScope/src/pipeline/pipeline.zig:88:34: 0x10227fabf in run (OmniScope)
        try self.pass_manager.run(&ctx, &diag);
                                 ^

error(gpa): memory address 0x102601140 leaked: 
/Users/scc/.zvm/0.15.2/lib/std/mem/Allocator.zig:436:40: 0x1021f1ff7 in dupe__anon_5732 (OmniScope)
    const new_buf = try allocator.alloc(T, m.len);
                                       ^
/Users/scc/code/zigcode/OmniScope/src/semantics/memory_relations.zig:117:39: 0x1022dff0f in recordAlloc (OmniScope)
        const func_copy = try gpa.dupe(u8, func_name);
                                      ^
/Users/scc/code/zigcode/OmniScope/src/pass/analysis/issue/memory_safety.zig:82:58: 0x1022e0a73 in buildRelations (OmniScope)
                                try relations.recordAlloc(func_name, ret_as_int);
                                                         ^
/Users/scc/code/zigcode/OmniScope/src/pass/analysis/issue/memory_safety.zig:45:31: 0x10227c7bf in run (OmniScope)
            try buildRelations(func, &relations);
                              ^
/Users/scc/code/zigcode/OmniScope/src/pass/manager.zig:198:46: 0x10227f7f3 in run (OmniScope)
            try self.passes.items[idx].run_fn(ctx, diag);
                                             ^
/Users/scc/code/zigcode/OmniScope/src/pipeline/pipeline.zig:88:34: 0x10227fabf in run (OmniScope)
        try self.pass_manager.run(&ctx, &diag);
                                 ^

error(gpa): memory address 0x102601200 leaked: 
/Users/scc/.zvm/0.15.2/lib/std/mem/Allocator.zig:436:40: 0x1021f1ff7 in dupe__anon_5732 (OmniScope)
    const new_buf = try allocator.alloc(T, m.len);
                                       ^
/Users/scc/code/zigcode/OmniScope/src/semantics/memory_relations.zig:102:41: 0x1022dfa6b in recordCall (OmniScope)
        const caller_copy = try gpa.dupe(u8, caller_func);
                                        ^
/Users/scc/code/zigcode/OmniScope/src/pass/analysis/issue/memory_safety.zig:77:53: 0x1022e091f in buildRelations (OmniScope)
                            try relations.recordCall(func_name, called_name);
                                                    ^
/Users/scc/code/zigcode/OmniScope/src/pass/analysis/issue/memory_safety.zig:45:31: 0x10227c7bf in run (OmniScope)
            try buildRelations(func, &relations);
                              ^
/Users/scc/code/zigcode/OmniScope/src/pass/manager.zig:198:46: 0x10227f7f3 in run (OmniScope)
            try self.passes.items[idx].run_fn(ctx, diag);
                                             ^
/Users/scc/code/zigcode/OmniScope/src/pipeline/pipeline.zig:88:34: 0x10227fabf in run (OmniScope)
        try self.pass_manager.run(&ctx, &diag);
                                 ^

error(gpa): memory address 0x102601280 leaked: 
/Users/scc/.zvm/0.15.2/lib/std/mem/Allocator.zig:436:40: 0x1021f1ff7 in dupe__anon_5732 (OmniScope)
    const new_buf = try allocator.alloc(T, m.len);
                                       ^
/Users/scc/code/zigcode/OmniScope/src/semantics/memory_relations.zig:102:41: 0x1022dfa6b in recordCall (OmniScope)
        const caller_copy = try gpa.dupe(u8, caller_func);
                                        ^
/Users/scc/code/zigcode/OmniScope/src/pass/analysis/issue/memory_safety.zig:77:53: 0x1022e091f in buildRelations (OmniScope)
                            try relations.recordCall(func_name, called_name);
                                                    ^
/Users/scc/code/zigcode/OmniScope/src/pass/analysis/issue/memory_safety.zig:45:31: 0x10227c7bf in run (OmniScope)
            try buildRelations(func, &relations);
                              ^
/Users/scc/code/zigcode/OmniScope/src/pass/manager.zig:198:46: 0x10227f7f3 in run (OmniScope)
            try self.passes.items[idx].run_fn(ctx, diag);
                                             ^
/Users/scc/code/zigcode/OmniScope/src/pipeline/pipeline.zig:88:34: 0x10227fabf in run (OmniScope)
        try self.pass_manager.run(&ctx, &diag);
                                 ^

error(gpa): memory address 0x102601300 leaked: 
/Users/scc/.zvm/0.15.2/lib/std/mem/Allocator.zig:436:40: 0x1021f1ff7 in dupe__anon_5732 (OmniScope)
    const new_buf = try allocator.alloc(T, m.len);
                                       ^
/Users/scc/code/zigcode/OmniScope/src/semantics/memory_relations.zig:102:41: 0x1022dfa6b in recordCall (OmniScope)
        const caller_copy = try gpa.dupe(u8, caller_func);
                                        ^
/Users/scc/code/zigcode/OmniScope/src/pass/analysis/issue/memory_safety.zig:77:53: 0x1022e091f in buildRelations (OmniScope)
                            try relations.recordCall(func_name, called_name);
                                                    ^
/Users/scc/code/zigcode/OmniScope/src/pass/analysis/issue/memory_safety.zig:45:31: 0x10227c7bf in run (OmniScope)
            try buildRelations(func, &relations);
                              ^
/Users/scc/code/zigcode/OmniScope/src/pass/manager.zig:198:46: 0x10227f7f3 in run (OmniScope)
            try self.passes.items[idx].run_fn(ctx, diag);
                                             ^
/Users/scc/code/zigcode/OmniScope/src/pipeline/pipeline.zig:88:34: 0x10227fabf in run (OmniScope)
        try self.pass_manager.run(&ctx, &diag);
                                 ^

error(gpa): memory address 0x102601340 leaked: 
/Users/scc/.zvm/0.15.2/lib/std/mem/Allocator.zig:436:40: 0x1021f1ff7 in dupe__anon_5732 (OmniScope)
    const new_buf = try allocator.alloc(T, m.len);
                                       ^
/Users/scc/code/zigcode/OmniScope/src/semantics/memory_relations.zig:102:41: 0x1022dfa6b in recordCall (OmniScope)
        const caller_copy = try gpa.dupe(u8, caller_func);
                                        ^
/Users/scc/code/zigcode/OmniScope/src/pass/analysis/issue/memory_safety.zig:77:53: 0x1022e091f in buildRelations (OmniScope)
                            try relations.recordCall(func_name, called_name);
                                                    ^
/Users/scc/code/zigcode/OmniScope/src/pass/analysis/issue/memory_safety.zig:45:31: 0x10227c7bf in run (OmniScope)
            try buildRelations(func, &relations);
                              ^
/Users/scc/code/zigcode/OmniScope/src/pass/manager.zig:198:46: 0x10227f7f3 in run (OmniScope)
            try self.passes.items[idx].run_fn(ctx, diag);
                                             ^
/Users/scc/code/zigcode/OmniScope/src/pipeline/pipeline.zig:88:34: 0x10227fabf in run (OmniScope)
        try self.pass_manager.run(&ctx, &diag);
                                 ^

error(gpa): memory address 0x102601380 leaked: 
/Users/scc/.zvm/0.15.2/lib/std/mem/Allocator.zig:436:40: 0x1021f1ff7 in dupe__anon_5732 (OmniScope)
    const new_buf = try allocator.alloc(T, m.len);
                                       ^
/Users/scc/code/zigcode/OmniScope/src/semantics/memory_relations.zig:102:41: 0x1022dfa6b in recordCall (OmniScope)
        const caller_copy = try gpa.dupe(u8, caller_func);
                                        ^
/Users/scc/code/zigcode/OmniScope/src/pass/analysis/issue/memory_safety.zig:77:53: 0x1022e091f in buildRelations (OmniScope)
                            try relations.recordCall(func_name, called_name);
                                                    ^
/Users/scc/code/zigcode/OmniScope/src/pass/analysis/issue/memory_safety.zig:45:31: 0x10227c7bf in run (OmniScope)
            try buildRelations(func, &relations);
                              ^
/Users/scc/code/zigcode/OmniScope/src/pass/manager.zig:198:46: 0x10227f7f3 in run (OmniScope)
            try self.passes.items[idx].run_fn(ctx, diag);
                                             ^
/Users/scc/code/zigcode/OmniScope/src/pipeline/pipeline.zig:88:34: 0x10227fabf in run (OmniScope)
        try self.pass_manager.run(&ctx, &diag);
                                 ^

error(gpa): memory address 0x102601400 leaked: 
/Users/scc/.zvm/0.15.2/lib/std/mem/Allocator.zig:436:40: 0x1021f1ff7 in dupe__anon_5732 (OmniScope)
    const new_buf = try allocator.alloc(T, m.len);
                                       ^
/Users/scc/code/zigcode/OmniScope/src/semantics/memory_relations.zig:117:39: 0x1022dff0f in recordAlloc (OmniScope)
        const func_copy = try gpa.dupe(u8, func_name);
                                      ^
/Users/scc/code/zigcode/OmniScope/src/pass/analysis/issue/memory_safety.zig:82:58: 0x1022e0a73 in buildRelations (OmniScope)
                                try relations.recordAlloc(func_name, ret_as_int);
                                                         ^
/Users/scc/code/zigcode/OmniScope/src/pass/analysis/issue/memory_safety.zig:45:31: 0x10227c7bf in run (OmniScope)
            try buildRelations(func, &relations);
                              ^
/Users/scc/code/zigcode/OmniScope/src/pass/manager.zig:198:46: 0x10227f7f3 in run (OmniScope)
            try self.passes.items[idx].run_fn(ctx, diag);
                                             ^
/Users/scc/code/zigcode/OmniScope/src/pipeline/pipeline.zig:88:34: 0x10227fabf in run (OmniScope)
        try self.pass_manager.run(&ctx, &diag);
                                 ^

error(gpa): memory address 0x1026014c0 leaked: 
/Users/scc/.zvm/0.15.2/lib/std/mem/Allocator.zig:436:40: 0x1021f1ff7 in dupe__anon_5732 (OmniScope)
    const new_buf = try allocator.alloc(T, m.len);
                                       ^
/Users/scc/code/zigcode/OmniScope/src/semantics/memory_relations.zig:102:41: 0x1022dfa6b in recordCall (OmniScope)
        const caller_copy = try gpa.dupe(u8, caller_func);
                                        ^
/Users/scc/code/zigcode/OmniScope/src/pass/analysis/issue/memory_safety.zig:77:53: 0x1022e091f in buildRelations (OmniScope)
                            try relations.recordCall(func_name, called_name);
                                                    ^
/Users/scc/code/zigcode/OmniScope/src/pass/analysis/issue/memory_safety.zig:45:31: 0x10227c7bf in run (OmniScope)
            try buildRelations(func, &relations);
                              ^
/Users/scc/code/zigcode/OmniScope/src/pass/manager.zig:198:46: 0x10227f7f3 in run (OmniScope)
            try self.passes.items[idx].run_fn(ctx, diag);
                                             ^
/Users/scc/code/zigcode/OmniScope/src/pipeline/pipeline.zig:88:34: 0x10227fabf in run (OmniScope)
        try self.pass_manager.run(&ctx, &diag);
                                 ^

error(gpa): memory address 0x102601500 leaked: 
/Users/scc/.zvm/0.15.2/lib/std/mem/Allocator.zig:436:40: 0x1021f1ff7 in dupe__anon_5732 (OmniScope)
    const new_buf = try allocator.alloc(T, m.len);
                                       ^
/Users/scc/code/zigcode/OmniScope/src/semantics/memory_relations.zig:102:41: 0x1022dfa6b in recordCall (OmniScope)
        const caller_copy = try gpa.dupe(u8, caller_func);
                                        ^
/Users/scc/code/zigcode/OmniScope/src/pass/analysis/issue/memory_safety.zig:77:53: 0x1022e091f in buildRelations (OmniScope)
                            try relations.recordCall(func_name, called_name);
                                                    ^
/Users/scc/code/zigcode/OmniScope/src/pass/analysis/issue/memory_safety.zig:45:31: 0x10227c7bf in run (OmniScope)
            try buildRelations(func, &relations);
                              ^
/Users/scc/code/zigcode/OmniScope/src/pass/manager.zig:198:46: 0x10227f7f3 in run (OmniScope)
            try self.passes.items[idx].run_fn(ctx, diag);
                                             ^
/Users/scc/code/zigcode/OmniScope/src/pipeline/pipeline.zig:88:34: 0x10227fabf in run (OmniScope)
        try self.pass_manager.run(&ctx, &diag);
                                 ^

error(gpa): memory address 0x102601580 leaked: 
/Users/scc/.zvm/0.15.2/lib/std/mem/Allocator.zig:436:40: 0x1021f1ff7 in dupe__anon_5732 (OmniScope)
    const new_buf = try allocator.alloc(T, m.len);
                                       ^
/Users/scc/code/zigcode/OmniScope/src/semantics/memory_relations.zig:102:41: 0x1022dfa6b in recordCall (OmniScope)
        const caller_copy = try gpa.dupe(u8, caller_func);
                                        ^
/Users/scc/code/zigcode/OmniScope/src/pass/analysis/issue/memory_safety.zig:77:53: 0x1022e091f in buildRelations (OmniScope)
                            try relations.recordCall(func_name, called_name);
                                                    ^
/Users/scc/code/zigcode/OmniScope/src/pass/analysis/issue/memory_safety.zig:45:31: 0x10227c7bf in run (OmniScope)
            try buildRelations(func, &relations);
                              ^
/Users/scc/code/zigcode/OmniScope/src/pass/manager.zig:198:46: 0x10227f7f3 in run (OmniScope)
            try self.passes.items[idx].run_fn(ctx, diag);
                                             ^
/Users/scc/code/zigcode/OmniScope/src/pipeline/pipeline.zig:88:34: 0x10227fabf in run (OmniScope)
        try self.pass_manager.run(&ctx, &diag);
                                 ^

error(gpa): memory address 0x1026015c0 leaked: 
/Users/scc/.zvm/0.15.2/lib/std/mem/Allocator.zig:436:40: 0x1021f1ff7 in dupe__anon_5732 (OmniScope)
    const new_buf = try allocator.alloc(T, m.len);
                                       ^
/Users/scc/code/zigcode/OmniScope/src/semantics/memory_relations.zig:102:41: 0x1022dfa6b in recordCall (OmniScope)
        const caller_copy = try gpa.dupe(u8, caller_func);
                                        ^
/Users/scc/code/zigcode/OmniScope/src/pass/analysis/issue/memory_safety.zig:77:53: 0x1022e091f in buildRelations (OmniScope)
                            try relations.recordCall(func_name, called_name);
                                                    ^
/Users/scc/code/zigcode/OmniScope/src/pass/analysis/issue/memory_safety.zig:45:31: 0x10227c7bf in run (OmniScope)
            try buildRelations(func, &relations);
                              ^
/Users/scc/code/zigcode/OmniScope/src/pass/manager.zig:198:46: 0x10227f7f3 in run (OmniScope)
            try self.passes.items[idx].run_fn(ctx, diag);
                                             ^
/Users/scc/code/zigcode/OmniScope/src/pipeline/pipeline.zig:88:34: 0x10227fabf in run (OmniScope)
        try self.pass_manager.run(&ctx, &diag);
                                 ^

error(gpa): memory address 0x102601600 leaked: 
/Users/scc/.zvm/0.15.2/lib/std/mem/Allocator.zig:436:40: 0x1021f1ff7 in dupe__anon_5732 (OmniScope)
    const new_buf = try allocator.alloc(T, m.len);
                                       ^
/Users/scc/code/zigcode/OmniScope/src/semantics/memory_relations.zig:102:41: 0x1022dfa6b in recordCall (OmniScope)
        const caller_copy = try gpa.dupe(u8, caller_func);
                                        ^
/Users/scc/code/zigcode/OmniScope/src/pass/analysis/issue/memory_safety.zig:77:53: 0x1022e091f in buildRelations (OmniScope)
                            try relations.recordCall(func_name, called_name);
                                                    ^
/Users/scc/code/zigcode/OmniScope/src/pass/analysis/issue/memory_safety.zig:45:31: 0x10227c7bf in run (OmniScope)
            try buildRelations(func, &relations);
                              ^
/Users/scc/code/zigcode/OmniScope/src/pass/manager.zig:198:46: 0x10227f7f3 in run (OmniScope)
            try self.passes.items[idx].run_fn(ctx, diag);
                                             ^
/Users/scc/code/zigcode/OmniScope/src/pipeline/pipeline.zig:88:34: 0x10227fabf in run (OmniScope)
        try self.pass_manager.run(&ctx, &diag);
                                 ^

error(gpa): memory address 0x102601640 leaked: 
/Users/scc/.zvm/0.15.2/lib/std/mem/Allocator.zig:436:40: 0x1021f1ff7 in dupe__anon_5732 (OmniScope)
    const new_buf = try allocator.alloc(T, m.len);
                                       ^
/Users/scc/code/zigcode/OmniScope/src/semantics/memory_relations.zig:102:41: 0x1022dfa6b in recordCall (OmniScope)
        const caller_copy = try gpa.dupe(u8, caller_func);
                                        ^
/Users/scc/code/zigcode/OmniScope/src/pass/analysis/issue/memory_safety.zig:77:53: 0x1022e091f in buildRelations (OmniScope)
                            try relations.recordCall(func_name, called_name);
                                                    ^
/Users/scc/code/zigcode/OmniScope/src/pass/analysis/issue/memory_safety.zig:45:31: 0x10227c7bf in run (OmniScope)
            try buildRelations(func, &relations);
                              ^
/Users/scc/code/zigcode/OmniScope/src/pass/manager.zig:198:46: 0x10227f7f3 in run (OmniScope)
            try self.passes.items[idx].run_fn(ctx, diag);
                                             ^
/Users/scc/code/zigcode/OmniScope/src/pipeline/pipeline.zig:88:34: 0x10227fabf in run (OmniScope)
        try self.pass_manager.run(&ctx, &diag);
                                 ^

error(gpa): memory address 0x102601680 leaked: 
/Users/scc/.zvm/0.15.2/lib/std/mem/Allocator.zig:436:40: 0x1021f1ff7 in dupe__anon_5732 (OmniScope)
    const new_buf = try allocator.alloc(T, m.len);
                                       ^
/Users/scc/code/zigcode/OmniScope/src/semantics/memory_relations.zig:102:41: 0x1022dfa6b in recordCall (OmniScope)
        const caller_copy = try gpa.dupe(u8, caller_func);
                                        ^
/Users/scc/code/zigcode/OmniScope/src/pass/analysis/issue/memory_safety.zig:77:53: 0x1022e091f in buildRelations (OmniScope)
                            try relations.recordCall(func_name, called_name);
                                                    ^
/Users/scc/code/zigcode/OmniScope/src/pass/analysis/issue/memory_safety.zig:45:31: 0x10227c7bf in run (OmniScope)
            try buildRelations(func, &relations);
                              ^
/Users/scc/code/zigcode/OmniScope/src/pass/manager.zig:198:46: 0x10227f7f3 in run (OmniScope)
            try self.passes.items[idx].run_fn(ctx, diag);
                                             ^
/Users/scc/code/zigcode/OmniScope/src/pipeline/pipeline.zig:88:34: 0x10227fabf in run (OmniScope)
        try self.pass_manager.run(&ctx, &diag);
                                 ^

error(gpa): memory address 0x1026016c0 leaked: 
/Users/scc/.zvm/0.15.2/lib/std/mem/Allocator.zig:436:40: 0x1021f1ff7 in dupe__anon_5732 (OmniScope)
    const new_buf = try allocator.alloc(T, m.len);
                                       ^
/Users/scc/code/zigcode/OmniScope/src/semantics/memory_relations.zig:102:41: 0x1022dfa6b in recordCall (OmniScope)
        const caller_copy = try gpa.dupe(u8, caller_func);
                                        ^
/Users/scc/code/zigcode/OmniScope/src/pass/analysis/issue/memory_safety.zig:77:53: 0x1022e091f in buildRelations (OmniScope)
                            try relations.recordCall(func_name, called_name);
                                                    ^
/Users/scc/code/zigcode/OmniScope/src/pass/analysis/issue/memory_safety.zig:45:31: 0x10227c7bf in run (OmniScope)
            try buildRelations(func, &relations);
                              ^
/Users/scc/code/zigcode/OmniScope/src/pass/manager.zig:198:46: 0x10227f7f3 in run (OmniScope)
            try self.passes.items[idx].run_fn(ctx, diag);
                                             ^
/Users/scc/code/zigcode/OmniScope/src/pipeline/pipeline.zig:88:34: 0x10227fabf in run (OmniScope)
        try self.pass_manager.run(&ctx, &diag);
                                 ^

error(gpa): memory address 0x102601700 leaked: 
/Users/scc/.zvm/0.15.2/lib/std/mem/Allocator.zig:436:40: 0x1021f1ff7 in dupe__anon_5732 (OmniScope)
    const new_buf = try allocator.alloc(T, m.len);
                                       ^
/Users/scc/code/zigcode/OmniScope/src/semantics/memory_relations.zig:117:39: 0x1022dff0f in recordAlloc (OmniScope)
        const func_copy = try gpa.dupe(u8, func_name);
                                      ^
/Users/scc/code/zigcode/OmniScope/src/pass/analysis/issue/memory_safety.zig:82:58: 0x1022e0a73 in buildRelations (OmniScope)
                                try relations.recordAlloc(func_name, ret_as_int);
                                                         ^
/Users/scc/code/zigcode/OmniScope/src/pass/analysis/issue/memory_safety.zig:45:31: 0x10227c7bf in run (OmniScope)
            try buildRelations(func, &relations);
                              ^
/Users/scc/code/zigcode/OmniScope/src/pass/manager.zig:198:46: 0x10227f7f3 in run (OmniScope)
            try self.passes.items[idx].run_fn(ctx, diag);
                                             ^
/Users/scc/code/zigcode/OmniScope/src/pipeline/pipeline.zig:88:34: 0x10227fabf in run (OmniScope)
        try self.pass_manager.run(&ctx, &diag);
                                 ^

error(gpa): memory address 0x1026017c0 leaked: 
/Users/scc/.zvm/0.15.2/lib/std/mem/Allocator.zig:436:40: 0x1021f1ff7 in dupe__anon_5732 (OmniScope)
    const new_buf = try allocator.alloc(T, m.len);
                                       ^
/Users/scc/code/zigcode/OmniScope/src/semantics/memory_relations.zig:102:41: 0x1022dfa6b in recordCall (OmniScope)
        const caller_copy = try gpa.dupe(u8, caller_func);
                                        ^
/Users/scc/code/zigcode/OmniScope/src/pass/analysis/issue/memory_safety.zig:77:53: 0x1022e091f in buildRelations (OmniScope)
                            try relations.recordCall(func_name, called_name);
                                                    ^
/Users/scc/code/zigcode/OmniScope/src/pass/analysis/issue/memory_safety.zig:45:31: 0x10227c7bf in run (OmniScope)
            try buildRelations(func, &relations);
                              ^
/Users/scc/code/zigcode/OmniScope/src/pass/manager.zig:198:46: 0x10227f7f3 in run (OmniScope)
            try self.passes.items[idx].run_fn(ctx, diag);
                                             ^
/Users/scc/code/zigcode/OmniScope/src/pipeline/pipeline.zig:88:34: 0x10227fabf in run (OmniScope)
        try self.pass_manager.run(&ctx, &diag);
                                 ^

error(gpa): memory address 0x102601800 leaked: 
/Users/scc/.zvm/0.15.2/lib/std/mem/Allocator.zig:436:40: 0x1021f1ff7 in dupe__anon_5732 (OmniScope)
    const new_buf = try allocator.alloc(T, m.len);
                                       ^
/Users/scc/code/zigcode/OmniScope/src/semantics/memory_relations.zig:102:41: 0x1022dfa6b in recordCall (OmniScope)
        const caller_copy = try gpa.dupe(u8, caller_func);
                                        ^
/Users/scc/code/zigcode/OmniScope/src/pass/analysis/issue/memory_safety.zig:77:53: 0x1022e091f in buildRelations (OmniScope)
                            try relations.recordCall(func_name, called_name);
                                                    ^
/Users/scc/code/zigcode/OmniScope/src/pass/analysis/issue/memory_safety.zig:45:31: 0x10227c7bf in run (OmniScope)
            try buildRelations(func, &relations);
                              ^
/Users/scc/code/zigcode/OmniScope/src/pass/manager.zig:198:46: 0x10227f7f3 in run (OmniScope)
            try self.passes.items[idx].run_fn(ctx, diag);
                                             ^
/Users/scc/code/zigcode/OmniScope/src/pipeline/pipeline.zig:88:34: 0x10227fabf in run (OmniScope)
        try self.pass_manager.run(&ctx, &diag);
                                 ^

error(gpa): memory address 0x102601840 leaked: 
/Users/scc/.zvm/0.15.2/lib/std/mem/Allocator.zig:436:40: 0x1021f1ff7 in dupe__anon_5732 (OmniScope)
    const new_buf = try allocator.alloc(T, m.len);
                                       ^
/Users/scc/code/zigcode/OmniScope/src/semantics/memory_relations.zig:102:41: 0x1022dfa6b in recordCall (OmniScope)
        const caller_copy = try gpa.dupe(u8, caller_func);
                                        ^
/Users/scc/code/zigcode/OmniScope/src/pass/analysis/issue/memory_safety.zig:77:53: 0x1022e091f in buildRelations (OmniScope)
                            try relations.recordCall(func_name, called_name);
                                                    ^
/Users/scc/code/zigcode/OmniScope/src/pass/analysis/issue/memory_safety.zig:45:31: 0x10227c7bf in run (OmniScope)
            try buildRelations(func, &relations);
                              ^
/Users/scc/code/zigcode/OmniScope/src/pass/manager.zig:198:46: 0x10227f7f3 in run (OmniScope)
            try self.passes.items[idx].run_fn(ctx, diag);
                                             ^
/Users/scc/code/zigcode/OmniScope/src/pipeline/pipeline.zig:88:34: 0x10227fabf in run (OmniScope)
        try self.pass_manager.run(&ctx, &diag);
                                 ^

error(gpa): memory address 0x102601880 leaked: 
/Users/scc/.zvm/0.15.2/lib/std/mem/Allocator.zig:436:40: 0x1021f1ff7 in dupe__anon_5732 (OmniScope)
    const new_buf = try allocator.alloc(T, m.len);
                                       ^
/Users/scc/code/zigcode/OmniScope/src/semantics/memory_relations.zig:102:41: 0x1022dfa6b in recordCall (OmniScope)
        const caller_copy = try gpa.dupe(u8, caller_func);
                                        ^
/Users/scc/code/zigcode/OmniScope/src/pass/analysis/issue/memory_safety.zig:77:53: 0x1022e091f in buildRelations (OmniScope)
                            try relations.recordCall(func_name, called_name);
                                                    ^
/Users/scc/code/zigcode/OmniScope/src/pass/analysis/issue/memory_safety.zig:45:31: 0x10227c7bf in run (OmniScope)
            try buildRelations(func, &relations);
                              ^
/Users/scc/code/zigcode/OmniScope/src/pass/manager.zig:198:46: 0x10227f7f3 in run (OmniScope)
            try self.passes.items[idx].run_fn(ctx, diag);
                                             ^
/Users/scc/code/zigcode/OmniScope/src/pipeline/pipeline.zig:88:34: 0x10227fabf in run (OmniScope)
        try self.pass_manager.run(&ctx, &diag);
                                 ^

error(gpa): memory address 0x102601900 leaked: 
/Users/scc/.zvm/0.15.2/lib/std/mem/Allocator.zig:436:40: 0x1021f1ff7 in dupe__anon_5732 (OmniScope)
    const new_buf = try allocator.alloc(T, m.len);
                                       ^
/Users/scc/code/zigcode/OmniScope/src/semantics/memory_relations.zig:117:39: 0x1022dff0f in recordAlloc (OmniScope)
        const func_copy = try gpa.dupe(u8, func_name);
                                      ^
/Users/scc/code/zigcode/OmniScope/src/pass/analysis/issue/memory_safety.zig:82:58: 0x1022e0a73 in buildRelations (OmniScope)
                                try relations.recordAlloc(func_name, ret_as_int);
                                                         ^
/Users/scc/code/zigcode/OmniScope/src/pass/analysis/issue/memory_safety.zig:45:31: 0x10227c7bf in run (OmniScope)
            try buildRelations(func, &relations);
                              ^
/Users/scc/code/zigcode/OmniScope/src/pass/manager.zig:198:46: 0x10227f7f3 in run (OmniScope)
            try self.passes.items[idx].run_fn(ctx, diag);
                                             ^
/Users/scc/code/zigcode/OmniScope/src/pipeline/pipeline.zig:88:34: 0x10227fabf in run (OmniScope)
        try self.pass_manager.run(&ctx, &diag);
                                 ^

error(gpa): memory address 0x1026019c0 leaked: 
/Users/scc/.zvm/0.15.2/lib/std/mem/Allocator.zig:436:40: 0x1021f1ff7 in dupe__anon_5732 (OmniScope)
    const new_buf = try allocator.alloc(T, m.len);
                                       ^
/Users/scc/code/zigcode/OmniScope/src/semantics/memory_relations.zig:102:41: 0x1022dfa6b in recordCall (OmniScope)
        const caller_copy = try gpa.dupe(u8, caller_func);
                                        ^
/Users/scc/code/zigcode/OmniScope/src/pass/analysis/issue/memory_safety.zig:77:53: 0x1022e091f in buildRelations (OmniScope)
                            try relations.recordCall(func_name, called_name);
                                                    ^
/Users/scc/code/zigcode/OmniScope/src/pass/analysis/issue/memory_safety.zig:45:31: 0x10227c7bf in run (OmniScope)
            try buildRelations(func, &relations);
                              ^
/Users/scc/code/zigcode/OmniScope/src/pass/manager.zig:198:46: 0x10227f7f3 in run (OmniScope)
            try self.passes.items[idx].run_fn(ctx, diag);
                                             ^
/Users/scc/code/zigcode/OmniScope/src/pipeline/pipeline.zig:88:34: 0x10227fabf in run (OmniScope)
        try self.pass_manager.run(&ctx, &diag);
                                 ^

error(gpa): memory address 0x102601a40 leaked: 
/Users/scc/.zvm/0.15.2/lib/std/mem/Allocator.zig:436:40: 0x1021f1ff7 in dupe__anon_5732 (OmniScope)
    const new_buf = try allocator.alloc(T, m.len);
                                       ^
/Users/scc/code/zigcode/OmniScope/src/semantics/memory_relations.zig:117:39: 0x1022dff0f in recordAlloc (OmniScope)
        const func_copy = try gpa.dupe(u8, func_name);
                                      ^
/Users/scc/code/zigcode/OmniScope/src/pass/analysis/issue/memory_safety.zig:82:58: 0x1022e0a73 in buildRelations (OmniScope)
                                try relations.recordAlloc(func_name, ret_as_int);
                                                         ^
/Users/scc/code/zigcode/OmniScope/src/pass/analysis/issue/memory_safety.zig:45:31: 0x10227c7bf in run (OmniScope)
            try buildRelations(func, &relations);
                              ^
/Users/scc/code/zigcode/OmniScope/src/pass/manager.zig:198:46: 0x10227f7f3 in run (OmniScope)
            try self.passes.items[idx].run_fn(ctx, diag);
                                             ^
/Users/scc/code/zigcode/OmniScope/src/pipeline/pipeline.zig:88:34: 0x10227fabf in run (OmniScope)
        try self.pass_manager.run(&ctx, &diag);
                                 ^

error(gpa): memory address 0x102601b00 leaked: 
/Users/scc/.zvm/0.15.2/lib/std/mem/Allocator.zig:436:40: 0x1021f1ff7 in dupe__anon_5732 (OmniScope)
    const new_buf = try allocator.alloc(T, m.len);
                                       ^
/Users/scc/code/zigcode/OmniScope/src/semantics/memory_relations.zig:102:41: 0x1022dfa6b in recordCall (OmniScope)
        const caller_copy = try gpa.dupe(u8, caller_func);
                                        ^
/Users/scc/code/zigcode/OmniScope/src/pass/analysis/issue/memory_safety.zig:77:53: 0x1022e091f in buildRelations (OmniScope)
                            try relations.recordCall(func_name, called_name);
                                                    ^
/Users/scc/code/zigcode/OmniScope/src/pass/analysis/issue/memory_safety.zig:45:31: 0x10227c7bf in run (OmniScope)
            try buildRelations(func, &relations);
                              ^
/Users/scc/code/zigcode/OmniScope/src/pass/manager.zig:198:46: 0x10227f7f3 in run (OmniScope)
            try self.passes.items[idx].run_fn(ctx, diag);
                                             ^
/Users/scc/code/zigcode/OmniScope/src/pipeline/pipeline.zig:88:34: 0x10227fabf in run (OmniScope)
        try self.pass_manager.run(&ctx, &diag);
                                 ^

error(gpa): memory address 0x102601b80 leaked: 
/Users/scc/.zvm/0.15.2/lib/std/mem/Allocator.zig:436:40: 0x1021f1ff7 in dupe__anon_5732 (OmniScope)
    const new_buf = try allocator.alloc(T, m.len);
                                       ^
/Users/scc/code/zigcode/OmniScope/src/semantics/memory_relations.zig:117:39: 0x1022dff0f in recordAlloc (OmniScope)
        const func_copy = try gpa.dupe(u8, func_name);
                                      ^
/Users/scc/code/zigcode/OmniScope/src/pass/analysis/issue/memory_safety.zig:82:58: 0x1022e0a73 in buildRelations (OmniScope)
                                try relations.recordAlloc(func_name, ret_as_int);
                                                         ^
/Users/scc/code/zigcode/OmniScope/src/pass/analysis/issue/memory_safety.zig:45:31: 0x10227c7bf in run (OmniScope)
            try buildRelations(func, &relations);
                              ^
/Users/scc/code/zigcode/OmniScope/src/pass/manager.zig:198:46: 0x10227f7f3 in run (OmniScope)
            try self.passes.items[idx].run_fn(ctx, diag);
                                             ^
/Users/scc/code/zigcode/OmniScope/src/pipeline/pipeline.zig:88:34: 0x10227fabf in run (OmniScope)
        try self.pass_manager.run(&ctx, &diag);
                                 ^

error(gpa): memory address 0x102601c40 leaked: 
/Users/scc/.zvm/0.15.2/lib/std/mem/Allocator.zig:436:40: 0x1021f1ff7 in dupe__anon_5732 (OmniScope)
    const new_buf = try allocator.alloc(T, m.len);
                                       ^
/Users/scc/code/zigcode/OmniScope/src/semantics/memory_relations.zig:102:41: 0x1022dfa6b in recordCall (OmniScope)
        const caller_copy = try gpa.dupe(u8, caller_func);
                                        ^
/Users/scc/code/zigcode/OmniScope/src/pass/analysis/issue/memory_safety.zig:77:53: 0x1022e091f in buildRelations (OmniScope)
                            try relations.recordCall(func_name, called_name);
                                                    ^
/Users/scc/code/zigcode/OmniScope/src/pass/analysis/issue/memory_safety.zig:45:31: 0x10227c7bf in run (OmniScope)
            try buildRelations(func, &relations);
                              ^
/Users/scc/code/zigcode/OmniScope/src/pass/manager.zig:198:46: 0x10227f7f3 in run (OmniScope)
            try self.passes.items[idx].run_fn(ctx, diag);
                                             ^
/Users/scc/code/zigcode/OmniScope/src/pipeline/pipeline.zig:88:34: 0x10227fabf in run (OmniScope)
        try self.pass_manager.run(&ctx, &diag);
                                 ^

error(gpa): memory address 0x102601c80 leaked: 
/Users/scc/.zvm/0.15.2/lib/std/mem/Allocator.zig:436:40: 0x1021f1ff7 in dupe__anon_5732 (OmniScope)
    const new_buf = try allocator.alloc(T, m.len);
                                       ^
/Users/scc/code/zigcode/OmniScope/src/semantics/memory_relations.zig:102:41: 0x1022dfa6b in recordCall (OmniScope)
        const caller_copy = try gpa.dupe(u8, caller_func);
                                        ^
/Users/scc/code/zigcode/OmniScope/src/pass/analysis/issue/memory_safety.zig:77:53: 0x1022e091f in buildRelations (OmniScope)
                            try relations.recordCall(func_name, called_name);
                                                    ^
/Users/scc/code/zigcode/OmniScope/src/pass/analysis/issue/memory_safety.zig:45:31: 0x10227c7bf in run (OmniScope)
            try buildRelations(func, &relations);
                              ^
/Users/scc/code/zigcode/OmniScope/src/pass/manager.zig:198:46: 0x10227f7f3 in run (OmniScope)
            try self.passes.items[idx].run_fn(ctx, diag);
                                             ^
/Users/scc/code/zigcode/OmniScope/src/pipeline/pipeline.zig:88:34: 0x10227fabf in run (OmniScope)
        try self.pass_manager.run(&ctx, &diag);
                                 ^

error(gpa): memory address 0x102601d00 leaked: 
/Users/scc/.zvm/0.15.2/lib/std/mem/Allocator.zig:436:40: 0x1021f1ff7 in dupe__anon_5732 (OmniScope)
    const new_buf = try allocator.alloc(T, m.len);
                                       ^
/Users/scc/code/zigcode/OmniScope/src/semantics/memory_relations.zig:117:39: 0x1022dff0f in recordAlloc (OmniScope)
        const func_copy = try gpa.dupe(u8, func_name);
                                      ^
/Users/scc/code/zigcode/OmniScope/src/pass/analysis/issue/memory_safety.zig:82:58: 0x1022e0a73 in buildRelations (OmniScope)
                                try relations.recordAlloc(func_name, ret_as_int);
                                                         ^
/Users/scc/code/zigcode/OmniScope/src/pass/analysis/issue/memory_safety.zig:45:31: 0x10227c7bf in run (OmniScope)
            try buildRelations(func, &relations);
                              ^
/Users/scc/code/zigcode/OmniScope/src/pass/manager.zig:198:46: 0x10227f7f3 in run (OmniScope)
            try self.passes.items[idx].run_fn(ctx, diag);
                                             ^
/Users/scc/code/zigcode/OmniScope/src/pipeline/pipeline.zig:88:34: 0x10227fabf in run (OmniScope)
        try self.pass_manager.run(&ctx, &diag);
                                 ^

error(gpa): memory address 0x102601dc0 leaked: 
/Users/scc/.zvm/0.15.2/lib/std/mem/Allocator.zig:436:40: 0x1021f1ff7 in dupe__anon_5732 (OmniScope)
    const new_buf = try allocator.alloc(T, m.len);
                                       ^
/Users/scc/code/zigcode/OmniScope/src/semantics/memory_relations.zig:102:41: 0x1022dfa6b in recordCall (OmniScope)
        const caller_copy = try gpa.dupe(u8, caller_func);
                                        ^
/Users/scc/code/zigcode/OmniScope/src/pass/analysis/issue/memory_safety.zig:77:53: 0x1022e091f in buildRelations (OmniScope)
                            try relations.recordCall(func_name, called_name);
                                                    ^
/Users/scc/code/zigcode/OmniScope/src/pass/analysis/issue/memory_safety.zig:45:31: 0x10227c7bf in run (OmniScope)
            try buildRelations(func, &relations);
                              ^
/Users/scc/code/zigcode/OmniScope/src/pass/manager.zig:198:46: 0x10227f7f3 in run (OmniScope)
            try self.passes.items[idx].run_fn(ctx, diag);
                                             ^
/Users/scc/code/zigcode/OmniScope/src/pipeline/pipeline.zig:88:34: 0x10227fabf in run (OmniScope)
        try self.pass_manager.run(&ctx, &diag);
                                 ^

error(gpa): memory address 0x102601e40 leaked: 
/Users/scc/.zvm/0.15.2/lib/std/mem/Allocator.zig:436:40: 0x1021f1ff7 in dupe__anon_5732 (OmniScope)
    const new_buf = try allocator.alloc(T, m.len);
                                       ^
/Users/scc/code/zigcode/OmniScope/src/semantics/memory_relations.zig:102:41: 0x1022dfa6b in recordCall (OmniScope)
        const caller_copy = try gpa.dupe(u8, caller_func);
                                        ^
/Users/scc/code/zigcode/OmniScope/src/pass/analysis/issue/memory_safety.zig:77:53: 0x1022e091f in buildRelations (OmniScope)
                            try relations.recordCall(func_name, called_name);
                                                    ^
/Users/scc/code/zigcode/OmniScope/src/pass/analysis/issue/memory_safety.zig:45:31: 0x10227c7bf in run (OmniScope)
            try buildRelations(func, &relations);
                              ^
/Users/scc/code/zigcode/OmniScope/src/pass/manager.zig:198:46: 0x10227f7f3 in run (OmniScope)
            try self.passes.items[idx].run_fn(ctx, diag);
                                             ^
/Users/scc/code/zigcode/OmniScope/src/pipeline/pipeline.zig:88:34: 0x10227fabf in run (OmniScope)
        try self.pass_manager.run(&ctx, &diag);
                                 ^

error(gpa): memory address 0x102601e80 leaked: 
/Users/scc/.zvm/0.15.2/lib/std/mem/Allocator.zig:436:40: 0x1021f1ff7 in dupe__anon_5732 (OmniScope)
    const new_buf = try allocator.alloc(T, m.len);
                                       ^
/Users/scc/code/zigcode/OmniScope/src/semantics/memory_relations.zig:102:41: 0x1022dfa6b in recordCall (OmniScope)
        const caller_copy = try gpa.dupe(u8, caller_func);
                                        ^
/Users/scc/code/zigcode/OmniScope/src/pass/analysis/issue/memory_safety.zig:77:53: 0x1022e091f in buildRelations (OmniScope)
                            try relations.recordCall(func_name, called_name);
                                                    ^
/Users/scc/code/zigcode/OmniScope/src/pass/analysis/issue/memory_safety.zig:45:31: 0x10227c7bf in run (OmniScope)
            try buildRelations(func, &relations);
                              ^
/Users/scc/code/zigcode/OmniScope/src/pass/manager.zig:198:46: 0x10227f7f3 in run (OmniScope)
            try self.passes.items[idx].run_fn(ctx, diag);
                                             ^
/Users/scc/code/zigcode/OmniScope/src/pipeline/pipeline.zig:88:34: 0x10227fabf in run (OmniScope)
        try self.pass_manager.run(&ctx, &diag);
                                 ^

error(gpa): memory address 0x102601ec0 leaked: 
/Users/scc/.zvm/0.15.2/lib/std/mem/Allocator.zig:436:40: 0x1021f1ff7 in dupe__anon_5732 (OmniScope)
    const new_buf = try allocator.alloc(T, m.len);
                                       ^
/Users/scc/code/zigcode/OmniScope/src/semantics/memory_relations.zig:102:41: 0x1022dfa6b in recordCall (OmniScope)
        const caller_copy = try gpa.dupe(u8, caller_func);
                                        ^
/Users/scc/code/zigcode/OmniScope/src/pass/analysis/issue/memory_safety.zig:77:53: 0x1022e091f in buildRelations (OmniScope)
                            try relations.recordCall(func_name, called_name);
                                                    ^
/Users/scc/code/zigcode/OmniScope/src/pass/analysis/issue/memory_safety.zig:45:31: 0x10227c7bf in run (OmniScope)
            try buildRelations(func, &relations);
                              ^
/Users/scc/code/zigcode/OmniScope/src/pass/manager.zig:198:46: 0x10227f7f3 in run (OmniScope)
            try self.passes.items[idx].run_fn(ctx, diag);
                                             ^
/Users/scc/code/zigcode/OmniScope/src/pipeline/pipeline.zig:88:34: 0x10227fabf in run (OmniScope)
        try self.pass_manager.run(&ctx, &diag);
                                 ^

error(gpa): memory address 0x102601f00 leaked: 
/Users/scc/.zvm/0.15.2/lib/std/mem/Allocator.zig:436:40: 0x1021f1ff7 in dupe__anon_5732 (OmniScope)
    const new_buf = try allocator.alloc(T, m.len);
                                       ^
/Users/scc/code/zigcode/OmniScope/src/semantics/memory_relations.zig:102:41: 0x1022dfa6b in recordCall (OmniScope)
        const caller_copy = try gpa.dupe(u8, caller_func);
                                        ^
/Users/scc/code/zigcode/OmniScope/src/pass/analysis/issue/memory_safety.zig:77:53: 0x1022e091f in buildRelations (OmniScope)
                            try relations.recordCall(func_name, called_name);
                                                    ^
/Users/scc/code/zigcode/OmniScope/src/pass/analysis/issue/memory_safety.zig:45:31: 0x10227c7bf in run (OmniScope)
            try buildRelations(func, &relations);
                              ^
/Users/scc/code/zigcode/OmniScope/src/pass/manager.zig:198:46: 0x10227f7f3 in run (OmniScope)
            try self.passes.items[idx].run_fn(ctx, diag);
                                             ^
/Users/scc/code/zigcode/OmniScope/src/pipeline/pipeline.zig:88:34: 0x10227fabf in run (OmniScope)
        try self.pass_manager.run(&ctx, &diag);
                                 ^

error(gpa): memory address 0x102601f40 leaked: 
/Users/scc/.zvm/0.15.2/lib/std/mem/Allocator.zig:436:40: 0x1021f1ff7 in dupe__anon_5732 (OmniScope)
    const new_buf = try allocator.alloc(T, m.len);
                                       ^
/Users/scc/code/zigcode/OmniScope/src/semantics/memory_relations.zig:102:41: 0x1022dfa6b in recordCall (OmniScope)
        const caller_copy = try gpa.dupe(u8, caller_func);
                                        ^
/Users/scc/code/zigcode/OmniScope/src/pass/analysis/issue/memory_safety.zig:77:53: 0x1022e091f in buildRelations (OmniScope)
                            try relations.recordCall(func_name, called_name);
                                                    ^
/Users/scc/code/zigcode/OmniScope/src/pass/analysis/issue/memory_safety.zig:45:31: 0x10227c7bf in run (OmniScope)
            try buildRelations(func, &relations);
                              ^
/Users/scc/code/zigcode/OmniScope/src/pass/manager.zig:198:46: 0x10227f7f3 in run (OmniScope)
            try self.passes.items[idx].run_fn(ctx, diag);
                                             ^
/Users/scc/code/zigcode/OmniScope/src/pipeline/pipeline.zig:88:34: 0x10227fabf in run (OmniScope)
        try self.pass_manager.run(&ctx, &diag);
                                 ^

error(gpa): memory address 0x102601fc0 leaked: 
/Users/scc/.zvm/0.15.2/lib/std/mem/Allocator.zig:436:40: 0x1021f1ff7 in dupe__anon_5732 (OmniScope)
    const new_buf = try allocator.alloc(T, m.len);
                                       ^
/Users/scc/code/zigcode/OmniScope/src/semantics/memory_relations.zig:117:39: 0x1022dff0f in recordAlloc (OmniScope)
        const func_copy = try gpa.dupe(u8, func_name);
                                      ^
/Users/scc/code/zigcode/OmniScope/src/pass/analysis/issue/memory_safety.zig:82:58: 0x1022e0a73 in buildRelations (OmniScope)
                                try relations.recordAlloc(func_name, ret_as_int);
                                                         ^
/Users/scc/code/zigcode/OmniScope/src/pass/analysis/issue/memory_safety.zig:45:31: 0x10227c7bf in run (OmniScope)
            try buildRelations(func, &relations);
                              ^
/Users/scc/code/zigcode/OmniScope/src/pass/manager.zig:198:46: 0x10227f7f3 in run (OmniScope)
            try self.passes.items[idx].run_fn(ctx, diag);
                                             ^
/Users/scc/code/zigcode/OmniScope/src/pipeline/pipeline.zig:88:34: 0x10227fabf in run (OmniScope)
        try self.pass_manager.run(&ctx, &diag);
                                 ^

error(gpa): memory address 0x102602080 leaked: 
/Users/scc/.zvm/0.15.2/lib/std/mem/Allocator.zig:436:40: 0x1021f1ff7 in dupe__anon_5732 (OmniScope)
    const new_buf = try allocator.alloc(T, m.len);
                                       ^
/Users/scc/code/zigcode/OmniScope/src/semantics/memory_relations.zig:102:41: 0x1022dfa6b in recordCall (OmniScope)
        const caller_copy = try gpa.dupe(u8, caller_func);
                                        ^
/Users/scc/code/zigcode/OmniScope/src/pass/analysis/issue/memory_safety.zig:77:53: 0x1022e091f in buildRelations (OmniScope)
                            try relations.recordCall(func_name, called_name);
                                                    ^
/Users/scc/code/zigcode/OmniScope/src/pass/analysis/issue/memory_safety.zig:45:31: 0x10227c7bf in run (OmniScope)
            try buildRelations(func, &relations);
                              ^
/Users/scc/code/zigcode/OmniScope/src/pass/manager.zig:198:46: 0x10227f7f3 in run (OmniScope)
            try self.passes.items[idx].run_fn(ctx, diag);
                                             ^
/Users/scc/code/zigcode/OmniScope/src/pipeline/pipeline.zig:88:34: 0x10227fabf in run (OmniScope)
        try self.pass_manager.run(&ctx, &diag);
                                 ^

error(gpa): memory address 0x1026020c0 leaked: 
/Users/scc/.zvm/0.15.2/lib/std/mem/Allocator.zig:436:40: 0x1021f1ff7 in dupe__anon_5732 (OmniScope)
    const new_buf = try allocator.alloc(T, m.len);
                                       ^
/Users/scc/code/zigcode/OmniScope/src/semantics/memory_relations.zig:102:41: 0x1022dfa6b in recordCall (OmniScope)
        const caller_copy = try gpa.dupe(u8, caller_func);
                                        ^
/Users/scc/code/zigcode/OmniScope/src/pass/analysis/issue/memory_safety.zig:77:53: 0x1022e091f in buildRelations (OmniScope)
                            try relations.recordCall(func_name, called_name);
                                                    ^
/Users/scc/code/zigcode/OmniScope/src/pass/analysis/issue/memory_safety.zig:45:31: 0x10227c7bf in run (OmniScope)
            try buildRelations(func, &relations);
                              ^
/Users/scc/code/zigcode/OmniScope/src/pass/manager.zig:198:46: 0x10227f7f3 in run (OmniScope)
            try self.passes.items[idx].run_fn(ctx, diag);
                                             ^
/Users/scc/code/zigcode/OmniScope/src/pipeline/pipeline.zig:88:34: 0x10227fabf in run (OmniScope)
        try self.pass_manager.run(&ctx, &diag);
                                 ^

error(gpa): memory address 0x102602140 leaked: 
/Users/scc/.zvm/0.15.2/lib/std/mem/Allocator.zig:436:40: 0x1021f1ff7 in dupe__anon_5732 (OmniScope)
    const new_buf = try allocator.alloc(T, m.len);
                                       ^
/Users/scc/code/zigcode/OmniScope/src/semantics/memory_relations.zig:117:39: 0x1022dff0f in recordAlloc (OmniScope)
        const func_copy = try gpa.dupe(u8, func_name);
                                      ^
/Users/scc/code/zigcode/OmniScope/src/pass/analysis/issue/memory_safety.zig:82:58: 0x1022e0a73 in buildRelations (OmniScope)
                                try relations.recordAlloc(func_name, ret_as_int);
                                                         ^
/Users/scc/code/zigcode/OmniScope/src/pass/analysis/issue/memory_safety.zig:45:31: 0x10227c7bf in run (OmniScope)
            try buildRelations(func, &relations);
                              ^
/Users/scc/code/zigcode/OmniScope/src/pass/manager.zig:198:46: 0x10227f7f3 in run (OmniScope)
            try self.passes.items[idx].run_fn(ctx, diag);
                                             ^
/Users/scc/code/zigcode/OmniScope/src/pipeline/pipeline.zig:88:34: 0x10227fabf in run (OmniScope)
        try self.pass_manager.run(&ctx, &diag);
                                 ^

error(gpa): memory address 0x102602200 leaked: 
/Users/scc/.zvm/0.15.2/lib/std/mem/Allocator.zig:436:40: 0x1021f1ff7 in dupe__anon_5732 (OmniScope)
    const new_buf = try allocator.alloc(T, m.len);
                                       ^
/Users/scc/code/zigcode/OmniScope/src/semantics/memory_relations.zig:102:41: 0x1022dfa6b in recordCall (OmniScope)
        const caller_copy = try gpa.dupe(u8, caller_func);
                                        ^
/Users/scc/code/zigcode/OmniScope/src/pass/analysis/issue/memory_safety.zig:77:53: 0x1022e091f in buildRelations (OmniScope)
                            try relations.recordCall(func_name, called_name);
                                                    ^
/Users/scc/code/zigcode/OmniScope/src/pass/analysis/issue/memory_safety.zig:45:31: 0x10227c7bf in run (OmniScope)
            try buildRelations(func, &relations);
                              ^
/Users/scc/code/zigcode/OmniScope/src/pass/manager.zig:198:46: 0x10227f7f3 in run (OmniScope)
            try self.passes.items[idx].run_fn(ctx, diag);
                                             ^
/Users/scc/code/zigcode/OmniScope/src/pipeline/pipeline.zig:88:34: 0x10227fabf in run (OmniScope)
        try self.pass_manager.run(&ctx, &diag);
                                 ^

error(gpa): memory address 0x102602240 leaked: 
/Users/scc/.zvm/0.15.2/lib/std/mem/Allocator.zig:436:40: 0x1021f1ff7 in dupe__anon_5732 (OmniScope)
    const new_buf = try allocator.alloc(T, m.len);
                                       ^
/Users/scc/code/zigcode/OmniScope/src/semantics/memory_relations.zig:102:41: 0x1022dfa6b in recordCall (OmniScope)
        const caller_copy = try gpa.dupe(u8, caller_func);
                                        ^
/Users/scc/code/zigcode/OmniScope/src/pass/analysis/issue/memory_safety.zig:77:53: 0x1022e091f in buildRelations (OmniScope)
                            try relations.recordCall(func_name, called_name);
                                                    ^
/Users/scc/code/zigcode/OmniScope/src/pass/analysis/issue/memory_safety.zig:45:31: 0x10227c7bf in run (OmniScope)
            try buildRelations(func, &relations);
                              ^
/Users/scc/code/zigcode/OmniScope/src/pass/manager.zig:198:46: 0x10227f7f3 in run (OmniScope)
            try self.passes.items[idx].run_fn(ctx, diag);
                                             ^
/Users/scc/code/zigcode/OmniScope/src/pipeline/pipeline.zig:88:34: 0x10227fabf in run (OmniScope)
        try self.pass_manager.run(&ctx, &diag);
                                 ^

error(gpa): memory address 0x1026023c0 leaked: 
/Users/scc/.zvm/0.15.2/lib/std/mem/Allocator.zig:436:40: 0x1021f1ff7 in dupe__anon_5732 (OmniScope)
    const new_buf = try allocator.alloc(T, m.len);
                                       ^
/Users/scc/code/zigcode/OmniScope/src/dataflow/graph.zig:371:48: 0x1022aba53 in addIssue (OmniScope)
            func_copy = try self.allocator.dupe(u8, issue.location.function);
                                               ^
/Users/scc/code/zigcode/OmniScope/src/pass/pass.zig:201:42: 0x1022abe13 in addIssue (OmniScope)
        try self.data_flow_graph.addIssue(issue.*);
                                         ^
/Users/scc/code/zigcode/OmniScope/src/pass/analysis/issue/free_validation.zig:351:25: 0x1022e41f7 in reportInvalidFree (OmniScope)
        try ctx.addIssue(&issue);
                        ^
/Users/scc/code/zigcode/OmniScope/src/pass/analysis/issue/free_validation.zig:273:38: 0x1022e4867 in checkFreeCall (OmniScope)
                try reportInvalidFree(ctx, caller_func, callee_name, ptr_arg, origin, origin_info, diag);
                                     ^
/Users/scc/code/zigcode/OmniScope/src/pass/analysis/issue/free_validation.zig:123:38: 0x1022e4fb3 in analyzeFunction (OmniScope)
                if (try checkFreeCall(ctx, inst, &pointer_origins, func, diag)) {
                                     ^

error(gpa): memory address 0x1026e1580 leaked: 
/Users/scc/.zvm/0.15.2/lib/std/mem/Allocator.zig:436:40: 0x1021f1ff7 in dupe__anon_5732 (OmniScope)
    const new_buf = try allocator.alloc(T, m.len);
                                       ^
/Users/scc/code/zigcode/OmniScope/src/semantics/memory_relations.zig:102:41: 0x1022dfa6b in recordCall (OmniScope)
        const caller_copy = try gpa.dupe(u8, caller_func);
                                        ^
/Users/scc/code/zigcode/OmniScope/src/pass/analysis/issue/memory_safety.zig:77:53: 0x1022e091f in buildRelations (OmniScope)
                            try relations.recordCall(func_name, called_name);
                                                    ^
/Users/scc/code/zigcode/OmniScope/src/pass/analysis/issue/memory_safety.zig:45:31: 0x10227c7bf in run (OmniScope)
            try buildRelations(func, &relations);
                              ^
/Users/scc/code/zigcode/OmniScope/src/pass/manager.zig:198:46: 0x10227f7f3 in run (OmniScope)
            try self.passes.items[idx].run_fn(ctx, diag);
                                             ^
/Users/scc/code/zigcode/OmniScope/src/pipeline/pipeline.zig:88:34: 0x10227fabf in run (OmniScope)
        try self.pass_manager.run(&ctx, &diag);
                                 ^

error(gpa): memory address 0x1026e1600 leaked: 
/Users/scc/.zvm/0.15.2/lib/std/mem/Allocator.zig:436:40: 0x1021f1ff7 in dupe__anon_5732 (OmniScope)
    const new_buf = try allocator.alloc(T, m.len);
                                       ^
/Users/scc/code/zigcode/OmniScope/src/semantics/memory_relations.zig:102:41: 0x1022dfa6b in recordCall (OmniScope)
        const caller_copy = try gpa.dupe(u8, caller_func);
                                        ^
/Users/scc/code/zigcode/OmniScope/src/pass/analysis/issue/memory_safety.zig:77:53: 0x1022e091f in buildRelations (OmniScope)
                            try relations.recordCall(func_name, called_name);
                                                    ^
/Users/scc/code/zigcode/OmniScope/src/pass/analysis/issue/memory_safety.zig:45:31: 0x10227c7bf in run (OmniScope)
            try buildRelations(func, &relations);
                              ^
/Users/scc/code/zigcode/OmniScope/src/pass/manager.zig:198:46: 0x10227f7f3 in run (OmniScope)
            try self.passes.items[idx].run_fn(ctx, diag);
                                             ^
/Users/scc/code/zigcode/OmniScope/src/pipeline/pipeline.zig:88:34: 0x10227fabf in run (OmniScope)
        try self.pass_manager.run(&ctx, &diag);
                                 ^

error(gpa): memory address 0x1026e1680 leaked: 
/Users/scc/.zvm/0.15.2/lib/std/mem/Allocator.zig:436:40: 0x1021f1ff7 in dupe__anon_5732 (OmniScope)
    const new_buf = try allocator.alloc(T, m.len);
                                       ^
/Users/scc/code/zigcode/OmniScope/src/semantics/memory_relations.zig:102:41: 0x1022dfa6b in recordCall (OmniScope)
        const caller_copy = try gpa.dupe(u8, caller_func);
                                        ^
/Users/scc/code/zigcode/OmniScope/src/pass/analysis/issue/memory_safety.zig:77:53: 0x1022e091f in buildRelations (OmniScope)
                            try relations.recordCall(func_name, called_name);
                                                    ^
/Users/scc/code/zigcode/OmniScope/src/pass/analysis/issue/memory_safety.zig:45:31: 0x10227c7bf in run (OmniScope)
            try buildRelations(func, &relations);
                              ^
/Users/scc/code/zigcode/OmniScope/src/pass/manager.zig:198:46: 0x10227f7f3 in run (OmniScope)
            try self.passes.items[idx].run_fn(ctx, diag);
                                             ^
/Users/scc/code/zigcode/OmniScope/src/pipeline/pipeline.zig:88:34: 0x10227fabf in run (OmniScope)
        try self.pass_manager.run(&ctx, &diag);
                                 ^

error(gpa): memory address 0x1026e1900 leaked: 
/Users/scc/.zvm/0.15.2/lib/std/mem/Allocator.zig:436:40: 0x1021f1ff7 in dupe__anon_5732 (OmniScope)
    const new_buf = try allocator.alloc(T, m.len);
                                       ^
/Users/scc/code/zigcode/OmniScope/src/semantics/memory_relations.zig:102:41: 0x1022dfa6b in recordCall (OmniScope)
        const caller_copy = try gpa.dupe(u8, caller_func);
                                        ^
/Users/scc/code/zigcode/OmniScope/src/pass/analysis/issue/memory_safety.zig:77:53: 0x1022e091f in buildRelations (OmniScope)
                            try relations.recordCall(func_name, called_name);
                                                    ^
/Users/scc/code/zigcode/OmniScope/src/pass/analysis/issue/memory_safety.zig:45:31: 0x10227c7bf in run (OmniScope)
            try buildRelations(func, &relations);
                              ^
/Users/scc/code/zigcode/OmniScope/src/pass/manager.zig:198:46: 0x10227f7f3 in run (OmniScope)
            try self.passes.items[idx].run_fn(ctx, diag);
                                             ^
/Users/scc/code/zigcode/OmniScope/src/pipeline/pipeline.zig:88:34: 0x10227fabf in run (OmniScope)
        try self.pass_manager.run(&ctx, &diag);
                                 ^

error(gpa): memory address 0x1026e1980 leaked: 
/Users/scc/.zvm/0.15.2/lib/std/mem/Allocator.zig:436:40: 0x1021f1ff7 in dupe__anon_5732 (OmniScope)
    const new_buf = try allocator.alloc(T, m.len);
                                       ^
/Users/scc/code/zigcode/OmniScope/src/semantics/memory_relations.zig:102:41: 0x1022dfa6b in recordCall (OmniScope)
        const caller_copy = try gpa.dupe(u8, caller_func);
                                        ^
/Users/scc/code/zigcode/OmniScope/src/pass/analysis/issue/memory_safety.zig:77:53: 0x1022e091f in buildRelations (OmniScope)
                            try relations.recordCall(func_name, called_name);
                                                    ^
/Users/scc/code/zigcode/OmniScope/src/pass/analysis/issue/memory_safety.zig:45:31: 0x10227c7bf in run (OmniScope)
            try buildRelations(func, &relations);
                              ^
/Users/scc/code/zigcode/OmniScope/src/pass/manager.zig:198:46: 0x10227f7f3 in run (OmniScope)
            try self.passes.items[idx].run_fn(ctx, diag);
                                             ^
/Users/scc/code/zigcode/OmniScope/src/pipeline/pipeline.zig:88:34: 0x10227fabf in run (OmniScope)
        try self.pass_manager.run(&ctx, &diag);
                                 ^

error(gpa): memory address 0x1026e1a00 leaked: 
/Users/scc/.zvm/0.15.2/lib/std/mem/Allocator.zig:436:40: 0x1021f1ff7 in dupe__anon_5732 (OmniScope)
    const new_buf = try allocator.alloc(T, m.len);
                                       ^
/Users/scc/code/zigcode/OmniScope/src/semantics/memory_relations.zig:117:39: 0x1022dff0f in recordAlloc (OmniScope)
        const func_copy = try gpa.dupe(u8, func_name);
                                      ^
/Users/scc/code/zigcode/OmniScope/src/pass/analysis/issue/memory_safety.zig:82:58: 0x1022e0a73 in buildRelations (OmniScope)
                                try relations.recordAlloc(func_name, ret_as_int);
                                                         ^
/Users/scc/code/zigcode/OmniScope/src/pass/analysis/issue/memory_safety.zig:45:31: 0x10227c7bf in run (OmniScope)
            try buildRelations(func, &relations);
                              ^
/Users/scc/code/zigcode/OmniScope/src/pass/manager.zig:198:46: 0x10227f7f3 in run (OmniScope)
            try self.passes.items[idx].run_fn(ctx, diag);
                                             ^
/Users/scc/code/zigcode/OmniScope/src/pipeline/pipeline.zig:88:34: 0x10227fabf in run (OmniScope)
        try self.pass_manager.run(&ctx, &diag);
                                 ^

error(gpa): memory address 0x1026e1b80 leaked: 
/Users/scc/.zvm/0.15.2/lib/std/mem/Allocator.zig:436:40: 0x1021f1ff7 in dupe__anon_5732 (OmniScope)
    const new_buf = try allocator.alloc(T, m.len);
                                       ^
/Users/scc/code/zigcode/OmniScope/src/semantics/memory_relations.zig:102:41: 0x1022dfa6b in recordCall (OmniScope)
        const caller_copy = try gpa.dupe(u8, caller_func);
                                        ^
/Users/scc/code/zigcode/OmniScope/src/pass/analysis/issue/memory_safety.zig:77:53: 0x1022e091f in buildRelations (OmniScope)
                            try relations.recordCall(func_name, called_name);
                                                    ^
/Users/scc/code/zigcode/OmniScope/src/pass/analysis/issue/memory_safety.zig:45:31: 0x10227c7bf in run (OmniScope)
            try buildRelations(func, &relations);
                              ^
/Users/scc/code/zigcode/OmniScope/src/pass/manager.zig:198:46: 0x10227f7f3 in run (OmniScope)
            try self.passes.items[idx].run_fn(ctx, diag);
                                             ^
/Users/scc/code/zigcode/OmniScope/src/pipeline/pipeline.zig:88:34: 0x10227fabf in run (OmniScope)
        try self.pass_manager.run(&ctx, &diag);
                                 ^

error(gpa): memory address 0x1026e1c00 leaked: 
/Users/scc/.zvm/0.15.2/lib/std/mem/Allocator.zig:436:40: 0x1021f1ff7 in dupe__anon_5732 (OmniScope)
    const new_buf = try allocator.alloc(T, m.len);
                                       ^
/Users/scc/code/zigcode/OmniScope/src/semantics/memory_relations.zig:102:41: 0x1022dfa6b in recordCall (OmniScope)
        const caller_copy = try gpa.dupe(u8, caller_func);
                                        ^
/Users/scc/code/zigcode/OmniScope/src/pass/analysis/issue/memory_safety.zig:77:53: 0x1022e091f in buildRelations (OmniScope)
                            try relations.recordCall(func_name, called_name);
                                                    ^
/Users/scc/code/zigcode/OmniScope/src/pass/analysis/issue/memory_safety.zig:45:31: 0x10227c7bf in run (OmniScope)
            try buildRelations(func, &relations);
                              ^
/Users/scc/code/zigcode/OmniScope/src/pass/manager.zig:198:46: 0x10227f7f3 in run (OmniScope)
            try self.passes.items[idx].run_fn(ctx, diag);
                                             ^
/Users/scc/code/zigcode/OmniScope/src/pipeline/pipeline.zig:88:34: 0x10227fabf in run (OmniScope)
        try self.pass_manager.run(&ctx, &diag);
                                 ^

error(gpa): memory address 0x1026e1d00 leaked: 
/Users/scc/.zvm/0.15.2/lib/std/mem/Allocator.zig:436:40: 0x1021f1ff7 in dupe__anon_5732 (OmniScope)
    const new_buf = try allocator.alloc(T, m.len);
                                       ^
/Users/scc/code/zigcode/OmniScope/src/semantics/memory_relations.zig:102:41: 0x1022dfa6b in recordCall (OmniScope)
        const caller_copy = try gpa.dupe(u8, caller_func);
                                        ^
/Users/scc/code/zigcode/OmniScope/src/pass/analysis/issue/memory_safety.zig:77:53: 0x1022e091f in buildRelations (OmniScope)
                            try relations.recordCall(func_name, called_name);
                                                    ^
/Users/scc/code/zigcode/OmniScope/src/pass/analysis/issue/memory_safety.zig:45:31: 0x10227c7bf in run (OmniScope)
            try buildRelations(func, &relations);
                              ^
/Users/scc/code/zigcode/OmniScope/src/pass/manager.zig:198:46: 0x10227f7f3 in run (OmniScope)
            try self.passes.items[idx].run_fn(ctx, diag);
                                             ^
/Users/scc/code/zigcode/OmniScope/src/pipeline/pipeline.zig:88:34: 0x10227fabf in run (OmniScope)
        try self.pass_manager.run(&ctx, &diag);
                                 ^

error(gpa): memory address 0x1026e1d80 leaked: 
/Users/scc/.zvm/0.15.2/lib/std/mem/Allocator.zig:436:40: 0x1021f1ff7 in dupe__anon_5732 (OmniScope)
    const new_buf = try allocator.alloc(T, m.len);
                                       ^
/Users/scc/code/zigcode/OmniScope/src/semantics/memory_relations.zig:102:41: 0x1022dfa6b in recordCall (OmniScope)
        const caller_copy = try gpa.dupe(u8, caller_func);
                                        ^
/Users/scc/code/zigcode/OmniScope/src/pass/analysis/issue/memory_safety.zig:77:53: 0x1022e091f in buildRelations (OmniScope)
                            try relations.recordCall(func_name, called_name);
                                                    ^
/Users/scc/code/zigcode/OmniScope/src/pass/analysis/issue/memory_safety.zig:45:31: 0x10227c7bf in run (OmniScope)
            try buildRelations(func, &relations);
                              ^
/Users/scc/code/zigcode/OmniScope/src/pass/manager.zig:198:46: 0x10227f7f3 in run (OmniScope)
            try self.passes.items[idx].run_fn(ctx, diag);
                                             ^
/Users/scc/code/zigcode/OmniScope/src/pipeline/pipeline.zig:88:34: 0x10227fabf in run (OmniScope)
        try self.pass_manager.run(&ctx, &diag);
                                 ^

error(gpa): memory address 0x1026e1f80 leaked: 
/Users/scc/.zvm/0.15.2/lib/std/mem/Allocator.zig:436:40: 0x1021f1ff7 in dupe__anon_5732 (OmniScope)
    const new_buf = try allocator.alloc(T, m.len);
                                       ^
/Users/scc/code/zigcode/OmniScope/src/semantics/memory_relations.zig:102:41: 0x1022dfa6b in recordCall (OmniScope)
        const caller_copy = try gpa.dupe(u8, caller_func);
                                        ^
/Users/scc/code/zigcode/OmniScope/src/pass/analysis/issue/memory_safety.zig:77:53: 0x1022e091f in buildRelations (OmniScope)
                            try relations.recordCall(func_name, called_name);
                                                    ^
/Users/scc/code/zigcode/OmniScope/src/pass/analysis/issue/memory_safety.zig:45:31: 0x10227c7bf in run (OmniScope)
            try buildRelations(func, &relations);
                              ^
/Users/scc/code/zigcode/OmniScope/src/pass/manager.zig:198:46: 0x10227f7f3 in run (OmniScope)
            try self.passes.items[idx].run_fn(ctx, diag);
                                             ^
/Users/scc/code/zigcode/OmniScope/src/pipeline/pipeline.zig:88:34: 0x10227fabf in run (OmniScope)
        try self.pass_manager.run(&ctx, &diag);
                                 ^

error(gpa): memory address 0x1026e2080 leaked: 
/Users/scc/.zvm/0.15.2/lib/std/mem/Allocator.zig:436:40: 0x1021f1ff7 in dupe__anon_5732 (OmniScope)
    const new_buf = try allocator.alloc(T, m.len);
                                       ^
/Users/scc/code/zigcode/OmniScope/src/semantics/memory_relations.zig:117:39: 0x1022dff0f in recordAlloc (OmniScope)
        const func_copy = try gpa.dupe(u8, func_name);
                                      ^
/Users/scc/code/zigcode/OmniScope/src/pass/analysis/issue/memory_safety.zig:82:58: 0x1022e0a73 in buildRelations (OmniScope)
                                try relations.recordAlloc(func_name, ret_as_int);
                                                         ^
/Users/scc/code/zigcode/OmniScope/src/pass/analysis/issue/memory_safety.zig:45:31: 0x10227c7bf in run (OmniScope)
            try buildRelations(func, &relations);
                              ^
/Users/scc/code/zigcode/OmniScope/src/pass/manager.zig:198:46: 0x10227f7f3 in run (OmniScope)
            try self.passes.items[idx].run_fn(ctx, diag);
                                             ^
/Users/scc/code/zigcode/OmniScope/src/pipeline/pipeline.zig:88:34: 0x10227fabf in run (OmniScope)
        try self.pass_manager.run(&ctx, &diag);
                                 ^

error(gpa): memory address 0x1026e2200 leaked: 
/Users/scc/.zvm/0.15.2/lib/std/mem/Allocator.zig:436:40: 0x1021f1ff7 in dupe__anon_5732 (OmniScope)
    const new_buf = try allocator.alloc(T, m.len);
                                       ^
/Users/scc/code/zigcode/OmniScope/src/semantics/memory_relations.zig:102:41: 0x1022dfa6b in recordCall (OmniScope)
        const caller_copy = try gpa.dupe(u8, caller_func);
                                        ^
/Users/scc/code/zigcode/OmniScope/src/pass/analysis/issue/memory_safety.zig:77:53: 0x1022e091f in buildRelations (OmniScope)
                            try relations.recordCall(func_name, called_name);
                                                    ^
/Users/scc/code/zigcode/OmniScope/src/pass/analysis/issue/memory_safety.zig:45:31: 0x10227c7bf in run (OmniScope)
            try buildRelations(func, &relations);
                              ^
/Users/scc/code/zigcode/OmniScope/src/pass/manager.zig:198:46: 0x10227f7f3 in run (OmniScope)
            try self.passes.items[idx].run_fn(ctx, diag);
                                             ^
/Users/scc/code/zigcode/OmniScope/src/pipeline/pipeline.zig:88:34: 0x10227fabf in run (OmniScope)
        try self.pass_manager.run(&ctx, &diag);
                                 ^

error(gpa): memory address 0x1026e2280 leaked: 
/Users/scc/.zvm/0.15.2/lib/std/mem/Allocator.zig:436:40: 0x1021f1ff7 in dupe__anon_5732 (OmniScope)
    const new_buf = try allocator.alloc(T, m.len);
                                       ^
/Users/scc/code/zigcode/OmniScope/src/semantics/memory_relations.zig:117:39: 0x1022dff0f in recordAlloc (OmniScope)
        const func_copy = try gpa.dupe(u8, func_name);
                                      ^
/Users/scc/code/zigcode/OmniScope/src/pass/analysis/issue/memory_safety.zig:82:58: 0x1022e0a73 in buildRelations (OmniScope)
                                try relations.recordAlloc(func_name, ret_as_int);
                                                         ^
/Users/scc/code/zigcode/OmniScope/src/pass/analysis/issue/memory_safety.zig:45:31: 0x10227c7bf in run (OmniScope)
            try buildRelations(func, &relations);
                              ^
/Users/scc/code/zigcode/OmniScope/src/pass/manager.zig:198:46: 0x10227f7f3 in run (OmniScope)
            try self.passes.items[idx].run_fn(ctx, diag);
                                             ^
/Users/scc/code/zigcode/OmniScope/src/pipeline/pipeline.zig:88:34: 0x10227fabf in run (OmniScope)
        try self.pass_manager.run(&ctx, &diag);
                                 ^

error(gpa): memory address 0x1026e2480 leaked: 
/Users/scc/.zvm/0.15.2/lib/std/mem/Allocator.zig:436:40: 0x1021f1ff7 in dupe__anon_5732 (OmniScope)
    const new_buf = try allocator.alloc(T, m.len);
                                       ^
/Users/scc/code/zigcode/OmniScope/src/semantics/memory_relations.zig:102:41: 0x1022dfa6b in recordCall (OmniScope)
        const caller_copy = try gpa.dupe(u8, caller_func);
                                        ^
/Users/scc/code/zigcode/OmniScope/src/pass/analysis/issue/memory_safety.zig:77:53: 0x1022e091f in buildRelations (OmniScope)
                            try relations.recordCall(func_name, called_name);
                                                    ^
/Users/scc/code/zigcode/OmniScope/src/pass/analysis/issue/memory_safety.zig:45:31: 0x10227c7bf in run (OmniScope)
            try buildRelations(func, &relations);
                              ^
/Users/scc/code/zigcode/OmniScope/src/pass/manager.zig:198:46: 0x10227f7f3 in run (OmniScope)
            try self.passes.items[idx].run_fn(ctx, diag);
                                             ^
/Users/scc/code/zigcode/OmniScope/src/pipeline/pipeline.zig:88:34: 0x10227fabf in run (OmniScope)
        try self.pass_manager.run(&ctx, &diag);
                                 ^

error(gpa): memory address 0x1026e2500 leaked: 
/Users/scc/.zvm/0.15.2/lib/std/mem/Allocator.zig:436:40: 0x1021f1ff7 in dupe__anon_5732 (OmniScope)
    const new_buf = try allocator.alloc(T, m.len);
                                       ^
/Users/scc/code/zigcode/OmniScope/src/semantics/memory_relations.zig:102:41: 0x1022dfa6b in recordCall (OmniScope)
        const caller_copy = try gpa.dupe(u8, caller_func);
                                        ^
/Users/scc/code/zigcode/OmniScope/src/pass/analysis/issue/memory_safety.zig:77:53: 0x1022e091f in buildRelations (OmniScope)
                            try relations.recordCall(func_name, called_name);
                                                    ^
/Users/scc/code/zigcode/OmniScope/src/pass/analysis/issue/memory_safety.zig:45:31: 0x10227c7bf in run (OmniScope)
            try buildRelations(func, &relations);
                              ^
/Users/scc/code/zigcode/OmniScope/src/pass/manager.zig:198:46: 0x10227f7f3 in run (OmniScope)
            try self.passes.items[idx].run_fn(ctx, diag);
                                             ^
/Users/scc/code/zigcode/OmniScope/src/pipeline/pipeline.zig:88:34: 0x10227fabf in run (OmniScope)
        try self.pass_manager.run(&ctx, &diag);
                                 ^

error(gpa): memory address 0x1026e2580 leaked: 
/Users/scc/.zvm/0.15.2/lib/std/mem/Allocator.zig:436:40: 0x1021f1ff7 in dupe__anon_5732 (OmniScope)
    const new_buf = try allocator.alloc(T, m.len);
                                       ^
/Users/scc/code/zigcode/OmniScope/src/semantics/memory_relations.zig:102:41: 0x1022dfa6b in recordCall (OmniScope)
        const caller_copy = try gpa.dupe(u8, caller_func);
                                        ^
/Users/scc/code/zigcode/OmniScope/src/pass/analysis/issue/memory_safety.zig:77:53: 0x1022e091f in buildRelations (OmniScope)
                            try relations.recordCall(func_name, called_name);
                                                    ^
/Users/scc/code/zigcode/OmniScope/src/pass/analysis/issue/memory_safety.zig:45:31: 0x10227c7bf in run (OmniScope)
            try buildRelations(func, &relations);
                              ^
/Users/scc/code/zigcode/OmniScope/src/pass/manager.zig:198:46: 0x10227f7f3 in run (OmniScope)
            try self.passes.items[idx].run_fn(ctx, diag);
                                             ^
/Users/scc/code/zigcode/OmniScope/src/pipeline/pipeline.zig:88:34: 0x10227fabf in run (OmniScope)
        try self.pass_manager.run(&ctx, &diag);
                                 ^

error(gpa): memory address 0x1026e2600 leaked: 
/Users/scc/.zvm/0.15.2/lib/std/mem/Allocator.zig:436:40: 0x1021f1ff7 in dupe__anon_5732 (OmniScope)
    const new_buf = try allocator.alloc(T, m.len);
                                       ^
/Users/scc/code/zigcode/OmniScope/src/semantics/memory_relations.zig:102:41: 0x1022dfa6b in recordCall (OmniScope)
        const caller_copy = try gpa.dupe(u8, caller_func);
                                        ^
/Users/scc/code/zigcode/OmniScope/src/pass/analysis/issue/memory_safety.zig:77:53: 0x1022e091f in buildRelations (OmniScope)
                            try relations.recordCall(func_name, called_name);
                                                    ^
/Users/scc/code/zigcode/OmniScope/src/pass/analysis/issue/memory_safety.zig:45:31: 0x10227c7bf in run (OmniScope)
            try buildRelations(func, &relations);
                              ^
/Users/scc/code/zigcode/OmniScope/src/pass/manager.zig:198:46: 0x10227f7f3 in run (OmniScope)
            try self.passes.items[idx].run_fn(ctx, diag);
                                             ^
/Users/scc/code/zigcode/OmniScope/src/pipeline/pipeline.zig:88:34: 0x10227fabf in run (OmniScope)
        try self.pass_manager.run(&ctx, &diag);
                                 ^

error(gpa): memory address 0x1026e2680 leaked: 
/Users/scc/.zvm/0.15.2/lib/std/mem/Allocator.zig:436:40: 0x1021f1ff7 in dupe__anon_5732 (OmniScope)
    const new_buf = try allocator.alloc(T, m.len);
                                       ^
/Users/scc/code/zigcode/OmniScope/src/semantics/memory_relations.zig:102:41: 0x1022dfa6b in recordCall (OmniScope)
        const caller_copy = try gpa.dupe(u8, caller_func);
                                        ^
/Users/scc/code/zigcode/OmniScope/src/pass/analysis/issue/memory_safety.zig:77:53: 0x1022e091f in buildRelations (OmniScope)
                            try relations.recordCall(func_name, called_name);
                                                    ^
/Users/scc/code/zigcode/OmniScope/src/pass/analysis/issue/memory_safety.zig:45:31: 0x10227c7bf in run (OmniScope)
            try buildRelations(func, &relations);
                              ^
/Users/scc/code/zigcode/OmniScope/src/pass/manager.zig:198:46: 0x10227f7f3 in run (OmniScope)
            try self.passes.items[idx].run_fn(ctx, diag);
                                             ^
/Users/scc/code/zigcode/OmniScope/src/pipeline/pipeline.zig:88:34: 0x10227fabf in run (OmniScope)
        try self.pass_manager.run(&ctx, &diag);
                                 ^

error(gpa): memory address 0x1026e2700 leaked: 
/Users/scc/.zvm/0.15.2/lib/std/mem/Allocator.zig:436:40: 0x1021f1ff7 in dupe__anon_5732 (OmniScope)
    const new_buf = try allocator.alloc(T, m.len);
                                       ^
/Users/scc/code/zigcode/OmniScope/src/semantics/memory_relations.zig:102:41: 0x1022dfa6b in recordCall (OmniScope)
        const caller_copy = try gpa.dupe(u8, caller_func);
                                        ^
/Users/scc/code/zigcode/OmniScope/src/pass/analysis/issue/memory_safety.zig:77:53: 0x1022e091f in buildRelations (OmniScope)
                            try relations.recordCall(func_name, called_name);
                                                    ^
/Users/scc/code/zigcode/OmniScope/src/pass/analysis/issue/memory_safety.zig:45:31: 0x10227c7bf in run (OmniScope)
            try buildRelations(func, &relations);
                              ^
/Users/scc/code/zigcode/OmniScope/src/pass/manager.zig:198:46: 0x10227f7f3 in run (OmniScope)
            try self.passes.items[idx].run_fn(ctx, diag);
                                             ^
/Users/scc/code/zigcode/OmniScope/src/pipeline/pipeline.zig:88:34: 0x10227fabf in run (OmniScope)
        try self.pass_manager.run(&ctx, &diag);
                                 ^

error(gpa): memory address 0x1026e2900 leaked: 
/Users/scc/.zvm/0.15.2/lib/std/mem/Allocator.zig:436:40: 0x1021f1ff7 in dupe__anon_5732 (OmniScope)
    const new_buf = try allocator.alloc(T, m.len);
                                       ^
/Users/scc/code/zigcode/OmniScope/src/semantics/memory_relations.zig:102:41: 0x1022dfa6b in recordCall (OmniScope)
        const caller_copy = try gpa.dupe(u8, caller_func);
                                        ^
/Users/scc/code/zigcode/OmniScope/src/pass/analysis/issue/memory_safety.zig:77:53: 0x1022e091f in buildRelations (OmniScope)
                            try relations.recordCall(func_name, called_name);
                                                    ^
/Users/scc/code/zigcode/OmniScope/src/pass/analysis/issue/memory_safety.zig:45:31: 0x10227c7bf in run (OmniScope)
            try buildRelations(func, &relations);
                              ^
/Users/scc/code/zigcode/OmniScope/src/pass/manager.zig:198:46: 0x10227f7f3 in run (OmniScope)
            try self.passes.items[idx].run_fn(ctx, diag);
                                             ^
/Users/scc/code/zigcode/OmniScope/src/pipeline/pipeline.zig:88:34: 0x10227fabf in run (OmniScope)
        try self.pass_manager.run(&ctx, &diag);
                                 ^

error(gpa): memory address 0x102780e00 leaked: 
/Users/scc/.zvm/0.15.2/lib/std/array_list.zig:1231:56: 0x102317397 in ensureTotalCapacityPrecise (OmniScope)
                const new_memory = try gpa.alignedAlloc(T, alignment, new_capacity);
                                                       ^
/Users/scc/.zvm/0.15.2/lib/std/array_list.zig:637:48: 0x1022d2d27 in initCapacity (OmniScope)
            try self.ensureTotalCapacityPrecise(gpa, num);
                                               ^
/Users/scc/code/zigcode/OmniScope/src/pass/analysis/issue/memory_safety.zig:40:78: 0x10227c633 in run (OmniScope)
        var first_pass_funcs = try std.ArrayList(c.LLVMValueRef).initCapacity(ctx.allocator, 64);
                                                                             ^
/Users/scc/code/zigcode/OmniScope/src/pass/manager.zig:198:46: 0x10227f7f3 in run (OmniScope)
            try self.passes.items[idx].run_fn(ctx, diag);
                                             ^
/Users/scc/code/zigcode/OmniScope/src/pipeline/pipeline.zig:88:34: 0x10227fabf in run (OmniScope)
        try self.pass_manager.run(&ctx, &diag);
                                 ^
/Users/scc/code/zigcode/OmniScope/src/pipeline/pipeline.zig:96:21: 0x10227ffa3 in runStaticAnalysis (OmniScope)
        try self.run();
                    ^

warning: Memory leak detected!

