[INFO] === OmniScope IR Analysis ===

[INFO] File: /Users/scc/code/zigcode/OmniScope/corpus/real_world/other/jsoncpp195.ll


[DEBUG] Loading file: /Users/scc/code/zigcode/OmniScope/corpus/real_world/other/jsoncpp195.ll
[INFO] Loaded: 2070 functions


[2m[DEBUG][0m ANALYZE [USER]: _ZN4Json17CharReaderBuilderD1Ev
[2m[DEBUG][0m ANALYZE [USER]: _ZN4Json17CharReaderBuilderD0Ev
[2m[DEBUG][0m ANALYZE [USER]: _ZNK4Json17CharReaderBuilder13newCharReaderEv
[2m[DEBUG][0m ANALYZE [USER]: _ZN4Json11OurFeatures3allEv
[2m[DEBUG][0m ANALYZE [USER]: _ZN4Json13OurCharReaderC1EbRKNS_11OurFeaturesE
[2m[DEBUG][0m ANALYZE [USER]: _ZN4Json13OurCharReaderC2EbRKNS_11OurFeaturesE
[2m[DEBUG][0m ANALYZE [USER]: _ZN4Json10CharReaderC2Ev
[2m[DEBUG][0m ANALYZE [USER]: _ZN4Json9OurReaderC1ERKNS_11OurFeaturesE
[2m[DEBUG][0m ANALYZE [USER]: _ZN4Json9OurReaderC2ERKNS_11OurFeaturesE
[2m[DEBUG][0m ANALYZE [USER]: _ZNSt3__15stackIPN4Json5ValueENS_5dequeIS3_NS_9allocatorIS3_EEEEEC1B8ne210108Ev
[2m[DEBUG][0m ANALYZE [USER]: _ZNSt3__15dequeIN4Json9OurReader9ErrorInfoENS_9allocatorIS3_EEEC1B8ne210108Ev
[2m[DEBUG][0m NOISE-SKIP [COMPILER_GEN]: _ZNSt3__112basic_stringIcNS_11char_traitsIcEENS_9allocatorIcEEEC1B8ne210108Ev
[2m[DEBUG][0m NOISE-SKIP [COMPILER_GEN]: _ZNSt3__112basic_stringIcNS_11char_traitsIcEENS_9allocatorIcEEEC2B8ne210108Ev
[2m[DEBUG][0m ANALYZE [USER]: _ZNSt3__19allocatorIcEC1B8ne210108Ev
[2m[DEBUG][0m NOISE-SKIP [COMPILER_GEN]: _ZNKSt3__112basic_stringIcNS_11char_traitsIcEENS_9allocatorIcEEE14__annotate_newB8ne210108Em
[2m[DEBUG][0m NOISE-SKIP [COMPILER_GEN]: _ZNKSt3__112basic_stringIcNS_11char_traitsIcEENS_9allocatorIcEEE4dataB8ne210108Ev
[2m[DEBUG][0m NOISE-SKIP [COMPILER_GEN]: _ZNKSt3__112basic_stringIcNS_11char_traitsIcEENS_9allocatorIcEEE8capacityB8ne210108Ev
[2m[DEBUG][0m NOISE-SKIP [COMPILER_GEN]: _ZNKSt3__112basic_stringIcNS_11char_traitsIcEENS_9allocatorIcEEE31__annotate_contiguous_containerB8ne210108EPKvS7_
[2m[DEBUG][0m NOISE-SKIP [COMPILER_GEN]: __clang_call_terminate
[2m[DEBUG][0m NOISE-SKIP [COMPILER_GEN]: _ZNKSt3__112basic_stringIcNS_11char_traitsIcEENS_9allocatorIcEEE9__is_longB8ne210108Ev
[2m[DEBUG][0m NOISE-SKIP [COMPILER_GEN]: _ZNKSt3__112basic_stringIcNS_11char_traitsIcEENS_9allocatorIcEEE14__get_long_capB8ne210108Ev
[2m[DEBUG][0m NOISE-SKIP [COMPILER_GEN]: _ZNKSt3__112basic_stringIcNS_11char_traitsIcEENS_9allocatorIcEEE13__get_pointerB8ne210108Ev
[2m[DEBUG][0m ANALYZE [USER]: _ZNSt3__112__to_addressB8ne210108IKcEEPT_S3_
[2m[DEBUG][0m NOISE-SKIP [COMPILER_GEN]: _ZNKSt3__112basic_stringIcNS_11char_traitsIcEENS_9allocatorIcEEE18__get_long_pointerB8ne210108Ev
[2m[DEBUG][0m NOISE-SKIP [COMPILER_GEN]: _ZNKSt3__112basic_stringIcNS_11char_traitsIcEENS_9allocatorIcEEE19__get_short_pointerB8ne210108Ev
[2m[DEBUG][0m ANALYZE [USER]: _ZNSt3__114pointer_traitsIPKcE10pointer_toB8ne210108ERS1_
[2m[DEBUG][0m ANALYZE [USER]: _ZNSt3__19allocatorIcEC2B8ne210108Ev
[2m[DEBUG][0m ANALYZE [USER]: _ZNSt3__116__non_trivial_ifILb1ENS_9allocatorIcEEEC2B8ne210108Ev
[2m[DEBUG][0m ANALYZE [USER]: _ZNSt3__15dequeIN4Json9OurReader9ErrorInfoENS_9allocatorIS3_EEEC2B8ne210108Ev
[2m[DEBUG][0m ANALYZE [USER]: _ZNSt3__114__split_bufferIPN4Json9OurReader9ErrorInfoENS_9allocatorIS4_EEEC1B8ne210108Ev
[2m[DEBUG][0m ANALYZE [USER]: _ZNSt3__19allocatorIN4Json9OurReader9ErrorInfoEEC1B8ne210108Ev
[2m[DEBUG][0m ANALYZE [USER]: _ZNKSt3__15dequeIN4Json9OurReader9ErrorInfoENS_9allocatorIS3_EEE14__annotate_newB8ne210108Em
[2m[DEBUG][0m ANALYZE [USER]: _ZNSt3__19allocatorIN4Json9OurReader9ErrorInfoEEC2B8ne210108Ev
[2m[DEBUG][0m ANALYZE [USER]: _ZNSt3__116__non_trivial_ifILb1ENS_9allocatorIN4Json9OurReader9ErrorInfoEEEEC2B8ne210108Ev
[2m[DEBUG][0m ANALYZE [USER]: _ZNSt3__114__split_bufferIPN4Json9OurReader9ErrorInfoENS_9allocatorIS4_EEEC2B8ne210108Ev
[2m[DEBUG][0m ANALYZE [USER]: _ZNSt3__19allocatorIPN4Json9OurReader9ErrorInfoEEC1B8ne210108Ev
[2m[DEBUG][0m ANALYZE [USER]: _ZNSt3__19allocatorIPN4Json9OurReader9ErrorInfoEEC2B8ne210108Ev
[2m[DEBUG][0m ANALYZE [USER]: _ZNSt3__116__non_trivial_ifILb1ENS_9allocatorIPN4Json9OurReader9ErrorInfoEEEEC2B8ne210108Ev
[2m[DEBUG][0m ANALYZE [USER]: _ZNSt3__15stackIPN4Json5ValueENS_5dequeIS3_NS_9allocatorIS3_EEEEEC2B8ne210108Ev
[2m[DEBUG][0m ANALYZE [USER]: _ZNSt3__15dequeIPN4Json5ValueENS_9allocatorIS3_EEEC1B8ne210108Ev
[2m[DEBUG][0m ANALYZE [USER]: _ZNSt3__15dequeIPN4Json5ValueENS_9allocatorIS3_EEEC2B8ne210108Ev
[2m[DEBUG][0m ANALYZE [USER]: _ZNSt3__114__split_bufferIPPN4Json5ValueENS_9allocatorIS4_EEEC1B8ne210108Ev
[2m[DEBUG][0m ANALYZE [USER]: _ZNSt3__19allocatorIPN4Json5ValueEEC1B8ne210108Ev
[2m[DEBUG][0m ANALYZE [USER]: _ZNKSt3__15dequeIPN4Json5ValueENS_9allocatorIS3_EEE14__annotate_newB8ne210108Em
[2m[DEBUG][0m ANALYZE [USER]: _ZNSt3__19allocatorIPN4Json5ValueEEC2B8ne210108Ev
[2m[DEBUG][0m ANALYZE [USER]: _ZNSt3__116__non_trivial_ifILb1ENS_9allocatorIPN4Json5ValueEEEEC2B8ne210108Ev
[2m[DEBUG][0m ANALYZE [USER]: _ZNSt3__114__split_bufferIPPN4Json5ValueENS_9allocatorIS4_EEEC2B8ne210108Ev
[2m[DEBUG][0m ANALYZE [USER]: _ZNSt3__19allocatorIPPN4Json5ValueEEC1B8ne210108Ev
[2m[DEBUG][0m ANALYZE [USER]: _ZNSt3__19allocatorIPPN4Json5ValueEEC2B8ne210108Ev
[2m[DEBUG][0m ANALYZE [USER]: _ZNSt3__116__non_trivial_ifILb1ENS_9allocatorIPPN4Json5ValueEEEEC2B8ne210108Ev
[2m[DEBUG][0m ANALYZE [USER]: _ZN4Json13OurCharReaderD1Ev
[2m[DEBUG][0m ANALYZE [USER]: _ZN4Json13OurCharReaderD0Ev
[2m[DEBUG][0m NOISE-SKIP [COMPILER_GEN]: _ZN4Json13OurCharReader5parseEPKcS2_PNS_5ValueEPNSt3__112basic_stringIcNS5_11char_traitsIcEENS5_9allocatorIcEEEE
[2m[DEBUG][0m ANALYZE [USER]: _ZN4Json9OurReader5parseEPKcS2_RNS_5ValueEb
[2m[DEBUG][0m ANALYZE [USER]: _ZNK4Json9OurReader25getFormattedErrorMessagesEv
[2m[DEBUG][0m NOISE-SKIP [COMPILER_GEN]: _ZNSt3__112basic_stringIcNS_11char_traitsIcEENS_9allocatorIcEEEaSB8ne210108EOS5_
[2m[DEBUG][0m NOISE-SKIP [COMPILER_GEN]: _ZNSt3__112basic_stringIcNS_11char_traitsIcEENS_9allocatorIcEEE13__move_assignB8ne210108ERS5_NS_17integral_constantIbLb1EEE
[2m[DEBUG][0m NOISE-SKIP [COMPILER_GEN]: _ZNKSt3__112basic_stringIcNS_11char_traitsIcEENS_9allocatorIcEEE17__annotate_deleteB8ne210108Ev
[2m[DEBUG][0m NOISE-SKIP [COMPILER_GEN]: _ZNSt3__112basic_stringIcNS_11char_traitsIcEENS_9allocatorIcEEE18__get_long_pointerB8ne210108Ev
[2m[DEBUG][0m ANALYZE [USER]: _ZNSt3__116allocator_traitsINS_9allocatorIcEEE10deallocateB8ne210108ERS2_Pcm
[2m[DEBUG][0m NOISE-SKIP [COMPILER_GEN]: _ZNKSt3__112basic_stringIcNS_11char_traitsIcEENS_9allocatorIcEEE4sizeB8ne210108Ev
[2m[DEBUG][0m NOISE-SKIP [COMPILER_GEN]: _ZNSt3__112basic_stringIcNS_11char_traitsIcEENS_9allocatorIcEEE19__move_assign_allocB8ne210108ERS5_
[2m[DEBUG][0m NOISE-SKIP [COMPILER_GEN]: _ZNSt3__112basic_stringIcNS_11char_traitsIcEENS_9allocatorIcEEE16__set_short_sizeB8ne210108Em
[2m[DEBUG][0m NOISE-SKIP [COMPILER_GEN]: _ZNSt3__112basic_stringIcNS_11char_traitsIcEENS_9allocatorIcEEE19__get_short_pointerB8ne210108Ev
[2m[DEBUG][0m ANALYZE [USER]: _ZNSt3__111char_traitsIcE6assignB8ne210108ERcRKc
[2m[DEBUG][0m NOISE-SKIP [COMPILER_GEN]: _ZNKSt3__112basic_stringIcNS_11char_traitsIcEENS_9allocatorIcEEE17__annotate_shrinkB8ne210108Em
[2m[DEBUG][0m NOISE-SKIP [COMPILER_GEN]: _ZNKSt3__112basic_stringIcNS_11char_traitsIcEENS_9allocatorIcEEE16__get_short_sizeB8ne210108Ev
[2m[DEBUG][0m ANALYZE [USER]: _ZNSt3__114pointer_traitsIPcE10pointer_toB8ne210108ERc
[2m[DEBUG][0m NOISE-SKIP [COMPILER_GEN]: _ZNSt3__112basic_stringIcNS_11char_traitsIcEENS_9allocatorIcEEE19__move_assign_allocB8ne210108ERS5_NS_17integral_constantIbLb1EEE
[2m[DEBUG][0m NOISE-SKIP [COMPILER_GEN]: _ZNKSt3__112basic_stringIcNS_11char_traitsIcEENS_9allocatorIcEEE15__get_long_sizeB8ne210108Ev
[2m[DEBUG][0m ANALYZE [USER]: _ZNSt3__19allocatorIcE10deallocateB8ne210108EPcm
[2m[DEBUG][0m ANALYZE [USER]: _ZNSt3__119__libcpp_deallocateB8ne210108IcEEvPNS_15__type_identityIT_E4typeENS_15__element_countEm
[2m[DEBUG][0m ANALYZE [USER]: _ZNKSt3__15dequeIN4Json9OurReader9ErrorInfoENS_9allocatorIS3_EEE5beginB8ne210108Ev
[2m[DEBUG][0m ANALYZE [USER]: _ZNKSt3__15dequeIN4Json9OurReader9ErrorInfoENS_9allocatorIS3_EEE3endB8ne210108Ev
[2m[DEBUG][0m ANALYZE [USER]: _ZNSt3__1neB8ne210108ERKNS_16__deque_iteratorIN4Json9OurReader9ErrorInfoEPKS3_RS4_PKS5_lLl73EEESB_
[2m[DEBUG][0m ANALYZE [USER]: _ZNKSt3__116__deque_iteratorIN4Json9OurReader9ErrorInfoEPKS3_RS4_PKS5_lLl73EEdeB8ne210108Ev
[2m[DEBUG][0m ANALYZE [USER]: _ZNK4Json9OurReader24getLocationLineAndColumnEPKc
[31m[ERROR][0m [MEDIUM] FFI RISK: _ZNK4Json9OurReader24getLocationLineAndColumnEPKc -> snprintf
[31m[ERROR][0m   Location: /tmp/jsoncpp-1.9.5/src/lib_json/json_reader.cpp:1834:3
[31m[ERROR][0m   Kind: format_string
[31m[ERROR][0m   Detail: Print formatted - format string vulnerability if user-controlled
[2m[DEBUG][0m NOISE-SKIP [COMPILER_GEN]: _ZNSt3__1plB8ne210108IcNS_11char_traitsIcEENS_9allocatorIcEEEENS_12basic_stringIT_T0_T1_EEPKS6_OS9_
[2m[DEBUG][0m NOISE-SKIP [COMPILER_GEN]: _ZNSt3__1plB8ne210108IcNS_11char_traitsIcEENS_9allocatorIcEEEENS_12basic_stringIT_T0_T1_EEOS9_PKS6_
[2m[DEBUG][0m NOISE-SKIP [COMPILER_GEN]: _ZNSt3__112basic_stringIcNS_11char_traitsIcEENS_9allocatorIcEEEpLB8ne210108ERKS5_
[2m[DEBUG][0m ANALYZE [USER]: _ZNSt3__116__deque_iteratorIN4Json9OurReader9ErrorInfoEPKS3_RS4_PKS5_lLl73EEppB8ne210108Ev
[2m[DEBUG][0m NOISE-SKIP [COMPILER_GEN]: _ZNSt3__112basic_stringIcNS_11char_traitsIcEENS_9allocatorIcEEE6appendB8ne210108ERKS5_
[2m[DEBUG][0m NOISE-SKIP [COMPILER_GEN]: _ZNSt3__112basic_stringIcNS_11char_traitsIcEENS_9allocatorIcEEEC1B8ne210108EOS5_
[2m[DEBUG][0m NOISE-SKIP [COMPILER_GEN]: _ZNSt3__112basic_stringIcNS_11char_traitsIcEENS_9allocatorIcEEEC2B8ne210108EOS5_
[2m[DEBUG][0m NOISE-SKIP [COMPILER_GEN]: _ZZNSt3__112basic_stringIcNS_11char_traitsIcEENS_9allocatorIcEEEC1B8ne210108EOS5_ENKUlRS5_E_clES7_
[2m[DEBUG][0m ANALYZE [USER]: _ZNK4Json9OurReader24getLocationLineAndColumnEPKcRiS3_
[2m[DEBUG][0m NOISE-SKIP [COMPILER_GEN]: _ZNSt3__112basic_stringIcNS_11char_traitsIcEENS_9allocatorIcEEEC1B8ne210108ILi0EEEPKc
[2m[DEBUG][0m NOISE-SKIP [COMPILER_GEN]: _ZNSt3__112basic_stringIcNS_11char_traitsIcEENS_9allocatorIcEEEC2B8ne210108ILi0EEEPKc
[2m[DEBUG][0m ANALYZE [USER]: _ZNSt3__111char_traitsIcE6lengthB8ne210108EPKc
[2m[DEBUG][0m ANALYZE [USER]: _ZNSt3__118__constexpr_strlenB8ne210108IcEEmPKT_
[2m[DEBUG][0m ANALYZE [USER]: _ZNSt3__1eqB8ne210108ERKNS_16__deque_iteratorIN4Json9OurReader9ErrorInfoEPKS3_RS4_PKS5_lLl73EEESB_
[2m[DEBUG][0m ANALYZE [USER]: _ZNKSt3__15dequeIN4Json9OurReader9ErrorInfoENS_9allocatorIS3_EEE4sizeB8ne210108Ev
[2m[DEBUG][0m ANALYZE [USER]: _ZNKSt3__114__split_bufferIPN4Json9OurReader9ErrorInfoENS_9allocatorIS4_EEE5beginB8ne210108Ev
[2m[DEBUG][0m ANALYZE [USER]: _ZNKSt3__114__split_bufferIPN4Json9OurReader9ErrorInfoENS_9allocatorIS4_EEE5emptyB8ne210108Ev
[2m[DEBUG][0m ANALYZE [USER]: _ZNSt3__116__deque_iteratorIN4Json9OurReader9ErrorInfoEPKS3_RS4_PKS5_lLl73EEC1B8ne210108ES8_S5_
[2m[DEBUG][0m ANALYZE [USER]: _ZNSt3__116__deque_iteratorIN4Json9OurReader9ErrorInfoEPKS3_RS4_PKS5_lLl73EEC2B8ne210108ES8_S5_
[2m[DEBUG][0m ANALYZE [USER]: _ZNKSt3__15dequeIN4Json9OurReader9ErrorInfoENS_9allocatorIS3_EEE6__sizeB8ne210108Ev
[2m[DEBUG][0m NOISE-SKIP [COMPILER_GEN]: _ZNSt3__112basic_stringIcNS_11char_traitsIcEENS_9allocatorIcEEE5clearB8ne210108Ev
[2m[DEBUG][0m ANALYZE [USER]: _ZNSt3__15dequeIN4Json9OurReader9ErrorInfoENS_9allocatorIS3_EEE5clearEv
[2m[DEBUG][0m ANALYZE [USER]: _ZNKSt3__15stackIPN4Json5ValueENS_5dequeIS3_NS_9allocatorIS3_EEEEE5emptyB8ne210108Ev
[2m[DEBUG][0m ANALYZE [USER]: _ZNSt3__15stackIPN4Json5ValueENS_5dequeIS3_NS_9allocatorIS3_EEEEE3popB8ne210108Ev
[2m[DEBUG][0m ANALYZE [USER]: _ZNSt3__15stackIPN4Json5ValueENS_5dequeIS3_NS_9allocatorIS3_EEEEE4pushB8ne210108EOS3_
[2m[DEBUG][0m ANALYZE [USER]: _ZN4Json9OurReader7skipBomEb
[2m[DEBUG][0m ANALYZE [USER]: _ZN4Json9OurReader9readValueEv
[2m[DEBUG][0m ANALYZE [USER]: _ZN4Json9OurReader17skipCommentTokensERNS0_5TokenE
[2m[DEBUG][0m NOISE-SKIP [COMPILER_GEN]: _ZN4Json9OurReader8addErrorERKNSt3__112basic_stringIcNS1_11char_traitsIcEENS1_9allocatorIcEEEERNS0_5TokenEPKc
[2m[DEBUG][0m NOISE-SKIP [COMPILER_GEN]: _ZNKSt3__112basic_stringIcNS_11char_traitsIcEENS_9allocatorIcEEE5emptyB8ne210108Ev
[2m[DEBUG][0m ANALYZE [USER]: _ZN4Json9OurReader9ErrorInfoC1Ev
[2m[DEBUG][0m ANALYZE [USER]: _ZNSt3__15dequeIN4Json9OurReader9ErrorInfoENS_9allocatorIS3_EEE9push_backERKS3_
[2m[DEBUG][0m ANALYZE [USER]: _ZN4Json9OurReader9ErrorInfoD1Ev
[2m[DEBUG][0m ANALYZE [USER]: _ZN4Json9OurReader9ErrorInfoD2Ev
[2m[DEBUG][0m ANALYZE [USER]: _ZNSt3__15dequeIN4Json9OurReader9ErrorInfoENS_9allocatorIS3_EEE7__allocB8ne210108Ev
[2m[DEBUG][0m ANALYZE [USER]: _ZNKSt3__15dequeIN4Json9OurReader9ErrorInfoENS_9allocatorIS3_EEE12__back_spareB8ne210108Ev
[2m[DEBUG][0m ANALYZE [USER]: _ZNSt3__15dequeIN4Json9OurReader9ErrorInfoENS_9allocatorIS3_EEE19__add_back_capacityEv
[2m[DEBUG][0m ANALYZE [USER]: _ZNKSt3__15dequeIN4Json9OurReader9ErrorInfoENS_9allocatorIS3_EEE24__annotate_increase_backB8ne210108Em
[2m[DEBUG][0m ANALYZE [USER]: _ZNSt3__15dequeIN4Json9OurReader9ErrorInfoENS_9allocatorIS3_EEE3endB8ne210108Ev
[2m[DEBUG][0m ANALYZE [USER]: _ZNKSt3__116__deque_iteratorIN4Json9OurReader9ErrorInfoEPS3_RS3_PS4_lLl73EEdeB8ne210108Ev
[2m[DEBUG][0m ANALYZE [USER]: _ZNSt3__116allocator_traitsINS_9allocatorIN4Json9OurReader9ErrorInfoEEEE9constructB8ne210108IS4_JRKS4_ETnNS_9enable_ifIX17__has_construct_vIS5_PT_DpT0_EEiE4typeELi0EEEvRS5_SC_DpOSD_
[2m[DEBUG][0m ANALYZE [USER]: _ZNSt3__15dequeIN4Json9OurReader9ErrorInfoENS_9allocatorIS3_EEE6__sizeB8ne210108Ev
[2m[DEBUG][0m ANALYZE [USER]: _ZNSt3__19allocatorIN4Json9OurReader9ErrorInfoEE9constructB8ne210108IS3_JRKS3_EEEvPT_DpOT0_
[2m[DEBUG][0m ANALYZE [USER]: _ZN4Json9OurReader9ErrorInfoC1ERKS1_
[2m[DEBUG][0m ANALYZE [USER]: _ZN4Json9OurReader9ErrorInfoC2ERKS1_
[2m[DEBUG][0m ANALYZE [USER]: _ZNSt3__114__split_bufferIPN4Json9OurReader9ErrorInfoENS_9allocatorIS4_EEE5beginB8ne210108Ev
[2m[DEBUG][0m ANALYZE [USER]: _ZNSt3__116__deque_iteratorIN4Json9OurReader9ErrorInfoEPS3_RS3_PS4_lLl73EEC1B8ne210108ES6_S4_
[2m[DEBUG][0m ANALYZE [USER]: _ZNSt3__116__deque_iteratorIN4Json9OurReader9ErrorInfoEPS3_RS3_PS4_lLl73EEC2B8ne210108ES6_S4_
[2m[DEBUG][0m ANALYZE [USER]: _ZNKSt3__15dequeIN4Json9OurReader9ErrorInfoENS_9allocatorIS3_EEE13__front_spareB8ne210108Ev
[2m[DEBUG][0m ANALYZE [USER]: _ZNSt3__114__split_bufferIPN4Json9OurReader9ErrorInfoENS_9allocatorIS4_EEE5frontB8ne210108Ev
[2m[DEBUG][0m ANALYZE [USER]: _ZNSt3__114__split_bufferIPN4Json9OurReader9ErrorInfoENS_9allocatorIS4_EEE9pop_frontB8ne210108Ev
[2m[DEBUG][0m ANALYZE [USER]: _ZNSt3__114__split_bufferIPN4Json9OurReader9ErrorInfoENS_9allocatorIS4_EEE12emplace_backIJRS4_EEEvDpOT_
[2m[DEBUG][0m ANALYZE [USER]: _ZNKSt3__114__split_bufferIPN4Json9OurReader9ErrorInfoENS_9allocatorIS4_EEE4sizeB8ne210108Ev
[2m[DEBUG][0m ANALYZE [USER]: _ZNKSt3__114__split_bufferIPN4Json9OurReader9ErrorInfoENS_9allocatorIS4_EEE8capacityB8ne210108Ev
[2m[DEBUG][0m ANALYZE [USER]: _ZNKSt3__114__split_bufferIPN4Json9OurReader9ErrorInfoENS_9allocatorIS4_EEE12__back_spareB8ne210108Ev
[2m[DEBUG][0m ANALYZE [USER]: _ZNSt3__116allocator_traitsINS_9allocatorIN4Json9OurReader9ErrorInfoEEEE8allocateB8ne210108ERS5_m
[2m[DEBUG][0m ANALYZE [USER]: _ZNSt3__114__split_bufferIPN4Json9OurReader9ErrorInfoENS_9allocatorIS4_EEE12emplace_backIJS4_EEEvDpOT_
[2m[DEBUG][0m ANALYZE [USER]: _ZNSt3__114__split_bufferIPN4Json9OurReader9ErrorInfoENS_9allocatorIS4_EEE13emplace_frontIJS4_EEEvDpOT_
[2m[DEBUG][0m ANALYZE [USER]: _ZNKSt3__15dequeIN4Json9OurReader9ErrorInfoENS_9allocatorIS3_EEE22__annotate_whole_blockB8ne210108EmNS6_22__asan_annotation_typeE
[2m[DEBUG][0m ANALYZE [USER]: _ZNSt3__13maxB8ne210108ImEERKT_S3_S3_
[2m[DEBUG][0m ANALYZE [USER]: _ZNSt3__114__split_bufferIPN4Json9OurReader9ErrorInfoERNS_9allocatorIS4_EEEC1EmmS7_
[2m[DEBUG][0m ANALYZE [USER]: _ZNSt3__122__allocator_destructorINS_9allocatorIN4Json9OurReader9ErrorInfoEEEEC1B8ne210108ERS5_m
[2m[DEBUG][0m ANALYZE [USER]: _ZNSt3__110unique_ptrIPN4Json9OurReader9ErrorInfoENS_22__allocator_destructorINS_9allocatorIS3_EEEEEC1B8ne210108ILb1EvEES4_NS_16__dependent_typeINS_27__unique_ptr_deleter_sfinaeIS8_EEXT_EE20__good_rval_ref_typeE
[2m[DEBUG][0m ANALYZE [USER]: _ZNKSt3__110unique_ptrIPN4Json9OurReader9ErrorInfoENS_22__allocator_destructorINS_9allocatorIS3_EEEEE3getB8ne210108Ev
[2m[DEBUG][0m ANALYZE [USER]: _ZNSt3__114__split_bufferIPN4Json9OurReader9ErrorInfoERNS_9allocatorIS4_EEE12emplace_backIJS4_EEEvDpOT_
[2m[DEBUG][0m ANALYZE [USER]: _ZNSt3__110unique_ptrIPN4Json9OurReader9ErrorInfoENS_22__allocator_destructorINS_9allocatorIS3_EEEEE7releaseB8ne210108Ev
[2m[DEBUG][0m ANALYZE [USER]: _ZNSt3__114__split_bufferIPN4Json9OurReader9ErrorInfoENS_9allocatorIS4_EEE3endB8ne210108Ev
[2m[DEBUG][0m ANALYZE [USER]: _ZNSt3__114__split_bufferIPN4Json9OurReader9ErrorInfoERNS_9allocatorIS4_EEE13emplace_frontIJRS4_EEEvDpOT_
[2m[DEBUG][0m ANALYZE [USER]: _ZNSt3__110unique_ptrIPN4Json9OurReader9ErrorInfoENS_22__allocator_destructorINS_9allocatorIS3_EEEEED1B8ne210108Ev
[2m[DEBUG][0m ANALYZE [USER]: _ZNSt3__14swapB8ne210108IPPN4Json9OurReader9ErrorInfoEEENS_9enable_ifIXaasr21is_move_constructibleIT_EE5valuesr18is_move_assignableIS7_EE5valueEvE4typeERS7_SA_
[2m[DEBUG][0m ANALYZE [USER]: _ZNSt3__114__split_bufferIPN4Json9OurReader9ErrorInfoERNS_9allocatorIS4_EEED1Ev
[2m[DEBUG][0m ANALYZE [USER]: _ZNSt3__114__split_bufferIPN4Json9OurReader9ErrorInfoERNS_9allocatorIS4_EEED2Ev
[2m[DEBUG][0m ANALYZE [USER]: _ZNSt3__114__split_bufferIPN4Json9OurReader9ErrorInfoERNS_9allocatorIS4_EEE5clearB8ne210108Ev
[2m[DEBUG][0m ANALYZE [USER]: _ZNKSt3__114__split_bufferIPN4Json9OurReader9ErrorInfoERNS_9allocatorIS4_EEE8capacityB8ne210108Ev
[2m[DEBUG][0m ANALYZE [USER]: _ZNSt3__116allocator_traitsINS_9allocatorIPN4Json9OurReader9ErrorInfoEEEE10deallocateB8ne210108ERS6_PS5_m
[2m[DEBUG][0m ANALYZE [USER]: _ZNSt3__19allocatorIPN4Json9OurReader9ErrorInfoEE10deallocateB8ne210108EPS4_m
[2m[DEBUG][0m ANALYZE [USER]: _ZNSt3__119__libcpp_deallocateB8ne210108IPN4Json9OurReader9ErrorInfoEEEvPNS_15__type_identityIT_E4typeENS_15__element_countEm
[2m[DEBUG][0m ANALYZE [USER]: _ZNSt3__114__split_bufferIPN4Json9OurReader9ErrorInfoERNS_9allocatorIS4_EEE17__destruct_at_endB8ne210108EPS4_
[2m[DEBUG][0m ANALYZE [USER]: _ZNSt3__114__split_bufferIPN4Json9OurReader9ErrorInfoERNS_9allocatorIS4_EEE17__destruct_at_endB8ne210108EPS4_NS_17integral_constantIbLb0EEE
[2m[DEBUG][0m ANALYZE [USER]: _ZNSt3__112__to_addressB8ne210108IPN4Json9OurReader9ErrorInfoEEEPT_S6_
[2m[DEBUG][0m ANALYZE [USER]: _ZNSt3__116allocator_traitsINS_9allocatorIPN4Json9OurReader9ErrorInfoEEEE7destroyB8ne210108IS5_TnNS_9enable_ifIX15__has_destroy_vIS6_PT_EEiE4typeELi0EEEvRS6_SB_
[2m[DEBUG][0m ANALYZE [USER]: _ZNSt3__19allocatorIPN4Json9OurReader9ErrorInfoEE7destroyB8ne210108EPS4_
[2m[DEBUG][0m ANALYZE [USER]: _ZNSt3__110unique_ptrIPN4Json9OurReader9ErrorInfoENS_22__allocator_destructorINS_9allocatorIS3_EEEEED2B8ne210108Ev
[2m[DEBUG][0m ANALYZE [USER]: _ZNSt3__110unique_ptrIPN4Json9OurReader9ErrorInfoENS_22__allocator_destructorINS_9allocatorIS3_EEEEE5resetB8ne210108ES4_
[2m[DEBUG][0m ANALYZE [USER]: _ZNSt3__122__allocator_destructorINS_9allocatorIN4Json9OurReader9ErrorInfoEEEEclB8ne210108EPS4_
[2m[DEBUG][0m ANALYZE [USER]: _ZNSt3__116allocator_traitsINS_9allocatorIN4Json9OurReader9ErrorInfoEEEE10deallocateB8ne210108ERS5_PS4_m
[2m[DEBUG][0m ANALYZE [USER]: _ZNSt3__19allocatorIN4Json9OurReader9ErrorInfoEE10deallocateB8ne210108EPS3_m
[2m[DEBUG][0m ANALYZE [USER]: _ZNSt3__119__libcpp_deallocateB8ne210108IN4Json9OurReader9ErrorInfoEEEvPNS_15__type_identityIT_E4typeENS_15__element_countEm
[2m[DEBUG][0m ANALYZE [USER]: _ZNSt3__113move_backwardB8ne210108IPPN4Json9OurReader9ErrorInfoES5_EET0_T_S7_S6_
[2m[DEBUG][0m ANALYZE [USER]: _ZNSt3__113move_iteratorIPPN4Json9OurReader9ErrorInfoEEC1B8ne210108ES5_
[2m[DEBUG][0m ANALYZE [USER]: _ZNSt3__114__split_bufferIPN4Json9OurReader9ErrorInfoERNS_9allocatorIS4_EEE18__construct_at_endINS_13move_iteratorIPS4_EETnNS_9enable_ifIXsr31__has_forward_iterator_categoryIT_EE5valueEiE4typeELi0EEEvSE_SE_
[2m[DEBUG][0m ANALYZE [USER]: _ZNSt3__116allocator_traitsINS_9allocatorIPN4Json9OurReader9ErrorInfoEEEE9constructB8ne210108IS5_JRS5_ETnNS_9enable_ifIX17__has_construct_vIS6_PT_DpT0_EEiE4typeELi0EEEvRS6_SC_DpOSD_
[2m[DEBUG][0m ANALYZE [USER]: _ZNSt3__19allocatorIPN4Json9OurReader9ErrorInfoEE9constructB8ne210108IS4_JRS4_EEEvPT_DpOT0_
[2m[DEBUG][0m ANALYZE [USER]: _ZNSt3__18distanceB8ne210108INS_13move_iteratorIPPN4Json9OurReader9ErrorInfoEEEEENS_15iterator_traitsIT_E15difference_typeES9_S9_
[2m[DEBUG][0m ANALYZE [USER]: _ZNSt3__114__split_bufferIPN4Json9OurReader9ErrorInfoERNS_9allocatorIS4_EEE28__construct_at_end_with_sizeINS_13move_iteratorIPS4_EEEEvT_m
[2m[DEBUG][0m ANALYZE [USER]: _ZNSt3__114__split_bufferIPN4Json9OurReader9ErrorInfoERNS_9allocatorIS4_EEE21_ConstructTransactionC1B8ne210108EPPS4_m
[2m[DEBUG][0m ANALYZE [USER]: _ZNKSt3__113move_iteratorIPPN4Json9OurReader9ErrorInfoEEdeB8ne210108Ev
[2m[DEBUG][0m ANALYZE [USER]: _ZNSt3__116allocator_traitsINS_9allocatorIPN4Json9OurReader9ErrorInfoEEEE9constructB8ne210108IS5_JS5_ETnNS_9enable_ifIX17__has_construct_vIS6_PT_DpT0_EEiE4typeELi0EEEvRS6_SB_DpOSC_
[2m[DEBUG][0m ANALYZE [USER]: _ZNSt3__113move_iteratorIPPN4Json9OurReader9ErrorInfoEEppB8ne210108Ev
[2m[DEBUG][0m ANALYZE [USER]: _ZNSt3__114__split_bufferIPN4Json9OurReader9ErrorInfoERNS_9allocatorIS4_EEE21_ConstructTransactionD1B8ne210108Ev
[2m[DEBUG][0m ANALYZE [USER]: _ZNSt3__114__split_bufferIPN4Json9OurReader9ErrorInfoERNS_9allocatorIS4_EEE21_ConstructTransactionD2B8ne210108Ev
[2m[DEBUG][0m ANALYZE [USER]: _ZNSt3__19allocatorIPN4Json9OurReader9ErrorInfoEE9constructB8ne210108IS4_JS4_EEEvPT_DpOT0_
[2m[DEBUG][0m ANALYZE [USER]: _ZNSt3__114__split_bufferIPN4Json9OurReader9ErrorInfoERNS_9allocatorIS4_EEE21_ConstructTransactionC2B8ne210108EPPS4_m
[2m[DEBUG][0m ANALYZE [USER]: _ZNSt3__110__distanceB8ne210108INS_13move_iteratorIPPN4Json9OurReader9ErrorInfoEEEEENS_15iterator_traitsIT_E15difference_typeES9_S9_NS_26random_access_iterator_tagE
[2m[DEBUG][0m ANALYZE [USER]: _ZNSt3__1miB8ne210108IPPN4Json9OurReader9ErrorInfoES5_EEDTmicldtfp_4baseEcldtfp0_4baseEERKNS_13move_iteratorIT_EERKNS7_IT0_EE
[2m[DEBUG][0m ANALYZE [USER]: _ZNKSt3__113move_iteratorIPPN4Json9OurReader9ErrorInfoEE4baseB8ne210108Ev
[2m[DEBUG][0m ANALYZE [USER]: _ZNSt3__113move_iteratorIPPN4Json9OurReader9ErrorInfoEEC2B8ne210108ES5_
[2m[DEBUG][0m ANALYZE [USER]: _ZNSt3__115__move_backwardB8ne210108INS_17_ClassicAlgPolicyEPPN4Json9OurReader9ErrorInfoES6_S6_EENS_4pairIT0_T2_EES8_T1_S9_
[2m[DEBUG][0m ANALYZE [USER]: _ZNSt3__124__copy_move_unwrap_itersB8ne210108INS_20__move_backward_implINS_17_ClassicAlgPolicyEEEPPN4Json9OurReader9ErrorInfoES8_S8_TnNS_9enable_ifIXsr12__can_rewrapIT0_T2_EE5valueEiE4typeELi0EEENS_4pairISA_SB_EESA_T1_SB_
[2m[DEBUG][0m ANALYZE [USER]: _ZNSt3__114__unwrap_rangeB8ne210108IPPN4Json9OurReader9ErrorInfoES5_EENS_4pairIT0_S7_EET_S9_
[2m[DEBUG][0m ANALYZE [USER]: _ZNSt3__113__unwrap_iterB8ne210108IPPN4Json9OurReader9ErrorInfoENS_18__unwrap_iter_implIS5_Lb1EEETnNS_9enable_ifIXsr21is_copy_constructibleIT_EE5valueEiE4typeELi0EEEDTclsrT0_8__unwrapclsr3stdE7declvalIS9_EEEES9_
[2m[DEBUG][0m ANALYZE [USER]: _ZNKSt3__120__move_backward_implINS_17_ClassicAlgPolicyEEclB8ne210108IPN4Json9OurReader9ErrorInfoES7_TnNS_9enable_ifIXsr38__can_lower_move_assignment_to_memmoveIT_T0_EE5valueEiE4typeELi0EEENS_4pairIPS9_PSA_EESE_SE_SF_
[2m[DEBUG][0m ANALYZE [USER]: _ZNSt3__114__rewrap_rangeB8ne210108IPPN4Json9OurReader9ErrorInfoES5_EET_S6_T0_
[2m[DEBUG][0m ANALYZE [USER]: _ZNSt3__113__rewrap_iterB8ne210108IPPN4Json9OurReader9ErrorInfoES5_NS_18__unwrap_iter_implIS5_Lb1EEEEET_S8_T0_
[2m[DEBUG][0m ANALYZE [USER]: _ZNSt3__19make_pairB8ne210108IPPN4Json9OurReader9ErrorInfoES5_EENS_4pairINS_18__unwrap_referenceIu7__decayIT_EE4typeENS7_Iu7__decayIT0_EE4typeEEEOS8_OSC_
[2m[DEBUG][0m ANALYZE [USER]: _ZNSt3__14pairIPPN4Json9OurReader9ErrorInfoES5_EC1B8ne210108IS5_S5_TnNS_9enable_ifIXclsr25__check_pair_constructionIS5_S5_EE23__is_pair_constructibleIT_T0_EEEiE4typeELi0EEEOS9_OSA_
[2m[DEBUG][0m ANALYZE [USER]: _ZNSt3__14pairIPPN4Json9OurReader9ErrorInfoES5_EC2B8ne210108IS5_S5_TnNS_9enable_ifIXclsr25__check_pair_constructionIS5_S5_EE23__is_pair_constructibleIT_T0_EEEiE4typeELi0EEEOS9_OSA_
[2m[DEBUG][0m ANALYZE [USER]: _ZNSt3__118__unwrap_iter_implIPPN4Json9OurReader9ErrorInfoELb1EE8__rewrapB8ne210108ES5_S5_
[2m[DEBUG][0m ANALYZE [USER]: _ZNSt3__128__copy_backward_trivial_implB8ne210108IPN4Json9OurReader9ErrorInfoES4_EENS_4pairIPT_PT0_EES7_S7_S9_
[2m[DEBUG][0m ANALYZE [USER]: _ZNSt3__119__constexpr_memmoveB8ne210108IPN4Json9OurReader9ErrorInfoES4_EEPT_S6_PT0_NS_15__element_countE
[2m[DEBUG][0m ANALYZE [USER]: _ZNSt3__19make_pairB8ne210108IRPPN4Json9OurReader9ErrorInfoES6_EENS_4pairINS_18__unwrap_referenceIu7__decayIT_EE4typeENS8_Iu7__decayIT0_EE4typeEEEOS9_OSD_
[2m[DEBUG][0m ANALYZE [USER]: _ZNSt3__14pairIPPN4Json9OurReader9ErrorInfoES5_EC1B8ne210108IRS5_S8_TnNS_9enable_ifIXclsr25__check_pair_constructionIS5_S5_EE23__is_pair_constructibleIT_T0_EEEiE4typeELi0EEEOSA_OSB_
[2m[DEBUG][0m ANALYZE [USER]: _ZNSt3__14pairIPPN4Json9OurReader9ErrorInfoES5_EC2B8ne210108IRS5_S8_TnNS_9enable_ifIXclsr25__check_pair_constructionIS5_S5_EE23__is_pair_constructibleIT_T0_EEEiE4typeELi0EEEOSA_OSB_
[2m[DEBUG][0m ANALYZE [USER]: _ZNSt3__118__unwrap_iter_implIPPN4Json9OurReader9ErrorInfoELb1EE8__unwrapB8ne210108ES5_
[2m[DEBUG][0m ANALYZE [USER]: _ZNSt3__14moveB8ne210108IPPN4Json9OurReader9ErrorInfoES5_EET0_T_S7_S6_
[2m[DEBUG][0m ANALYZE [USER]: _ZNSt3__16__moveB8ne210108INS_17_ClassicAlgPolicyEPPN4Json9OurReader9ErrorInfoES6_S6_EENS_4pairIT0_T2_EES8_T1_S9_
[2m[DEBUG][0m ANALYZE [USER]: _ZNSt3__124__copy_move_unwrap_itersB8ne210108INS_11__move_implINS_17_ClassicAlgPolicyEEEPPN4Json9OurReader9ErrorInfoES8_S8_TnNS_9enable_ifIXsr12__can_rewrapIT0_T2_EE5valueEiE4typeELi0EEENS_4pairISA_SB_EESA_T1_SB_
[2m[DEBUG][0m ANALYZE [USER]: _ZNKSt3__111__move_implINS_17_ClassicAlgPolicyEEclB8ne210108IPN4Json9OurReader9ErrorInfoES7_TnNS_9enable_ifIXsr38__can_lower_move_assignment_to_memmoveIT_T0_EE5valueEiE4typeELi0EEENS_4pairIPS9_PSA_EESE_SE_SF_
[2m[DEBUG][0m ANALYZE [USER]: _ZNSt3__119__copy_trivial_implB8ne210108IPN4Json9OurReader9ErrorInfoES4_EENS_4pairIPT_PT0_EES7_S7_S9_
[2m[DEBUG][0m ANALYZE [USER]: _ZNSt3__19make_pairB8ne210108IRPPN4Json9OurReader9ErrorInfoES5_EENS_4pairINS_18__unwrap_referenceIu7__decayIT_EE4typeENS8_Iu7__decayIT0_EE4typeEEEOS9_OSD_
[2m[DEBUG][0m ANALYZE [USER]: _ZNSt3__14pairIPPN4Json9OurReader9ErrorInfoES5_EC1B8ne210108IRS5_S5_TnNS_9enable_ifIXclsr25__check_pair_constructionIS5_S5_EE23__is_pair_constructibleIT_T0_EEEiE4typeELi0EEEOSA_OSB_
[2m[DEBUG][0m ANALYZE [USER]: _ZNSt3__14pairIPPN4Json9OurReader9ErrorInfoES5_EC2B8ne210108IRS5_S5_TnNS_9enable_ifIXclsr25__check_pair_constructionIS5_S5_EE23__is_pair_constructibleIT_T0_EEEiE4typeELi0EEEOSA_OSB_
[2m[DEBUG][0m ANALYZE [USER]: _ZNSt3__110unique_ptrIPN4Json9OurReader9ErrorInfoENS_22__allocator_destructorINS_9allocatorIS3_EEEEEC2B8ne210108ILb1EvEES4_NS_16__dependent_typeINS_27__unique_ptr_deleter_sfinaeIS8_EEXT_EE20__good_rval_ref_typeE
[2m[DEBUG][0m ANALYZE [USER]: _ZNSt3__122__allocator_destructorINS_9allocatorIN4Json9OurReader9ErrorInfoEEEEC2B8ne210108ERS5_m
[2m[DEBUG][0m ANALYZE [USER]: _ZNSt3__114__split_bufferIPN4Json9OurReader9ErrorInfoERNS_9allocatorIS4_EEEC2EmmS7_
[2m[DEBUG][0m ANALYZE [USER]: _ZNSt3__119__allocate_at_leastB8ne210108INS_9allocatorIPN4Json9OurReader9ErrorInfoEEEEENS_19__allocation_resultINS_16allocator_traitsIT_E7pointerEEERS9_m
[2m[DEBUG][0m ANALYZE [USER]: _ZNSt3__19allocatorIPN4Json9OurReader9ErrorInfoEE8allocateB8ne210108Em
[2m[DEBUG][0m ANALYZE [USER]: _ZNSt3__116allocator_traitsINS_9allocatorIPN4Json9OurReader9ErrorInfoEEEE8max_sizeB8ne210108IS6_TnNS_9enable_ifIX16__has_max_size_vIKT_EEiE4typeELi0EEEmRKS6_
[2m[DEBUG][0m ANALYZE [USER]: _ZSt28__throw_bad_array_new_lengthB8ne210108v
[2m[DEBUG][0m ANALYZE [USER]: _ZNSt3__117__libcpp_allocateB8ne210108IPN4Json9OurReader9ErrorInfoEEEPT_NS_15__element_countEm
[2m[DEBUG][0m ANALYZE [USER]: _ZNKSt3__19allocatorIPN4Json9OurReader9ErrorInfoEE8max_sizeB8ne210108Ev
[2m[DEBUG][0m ANALYZE [USER]: _ZNSt3__13maxB8ne210108ImNS_6__lessIvvEEEERKT_S5_S5_T0_
[2m[DEBUG][0m ANALYZE [USER]: _ZNKSt3__16__lessIvvEclB8ne210108ImmEEbRKT_RKT0_
[2m[DEBUG][0m ANALYZE [USER]: _ZNSt3__19allocatorIN4Json9OurReader9ErrorInfoEE8allocateB8ne210108Em
[2m[DEBUG][0m ANALYZE [USER]: _ZNSt3__116allocator_traitsINS_9allocatorIN4Json9OurReader9ErrorInfoEEEE8max_sizeB8ne210108IS5_TnNS_9enable_ifIX16__has_max_size_vIKT_EEiE4typeELi0EEEmRKS5_
[2m[DEBUG][0m ANALYZE [USER]: _ZNSt3__117__libcpp_allocateB8ne210108IN4Json9OurReader9ErrorInfoEEEPT_NS_15__element_countEm
[2m[DEBUG][0m ANALYZE [USER]: _ZNKSt3__19allocatorIN4Json9OurReader9ErrorInfoEE8max_sizeB8ne210108Ev
[2m[DEBUG][0m ANALYZE [USER]: _ZNSt3__114__split_bufferIPN4Json9OurReader9ErrorInfoENS_9allocatorIS4_EEE19__destruct_at_beginB8ne210108EPS4_
[2m[DEBUG][0m ANALYZE [USER]: _ZNSt3__114__split_bufferIPN4Json9OurReader9ErrorInfoENS_9allocatorIS4_EEE19__destruct_at_beginEPS4_NS_17integral_constantIbLb1EEE
[2m[DEBUG][0m ANALYZE [USER]: _ZNKSt3__15dequeIN4Json9OurReader9ErrorInfoENS_9allocatorIS3_EEE10__capacityB8ne210108Ev
[2m[DEBUG][0m ANALYZE [USER]: _ZN4Json9OurReader9ErrorInfoC2Ev
[2m[DEBUG][0m ANALYZE [USER]: _ZN4Json9OurReader9readTokenERNS0_5TokenE
[2m[DEBUG][0m ANALYZE [USER]: _ZN4Json9OurReader10skipSpacesEv
[2m[DEBUG][0m ANALYZE [USER]: _ZN4Json9OurReader11getNextCharEv
[2m[DEBUG][0m ANALYZE [USER]: _ZN4Json9OurReader10readStringEv
[2m[DEBUG][0m ANALYZE [USER]: _ZN4Json9OurReader21readStringSingleQuoteEv
[2m[DEBUG][0m ANALYZE [USER]: _ZN4Json9OurReader11readCommentEv
[2m[DEBUG][0m ANALYZE [USER]: _ZN4Json9OurReader10readNumberEb
[2m[DEBUG][0m ANALYZE [USER]: _ZN4Json9OurReader5matchEPKci
[2m[DEBUG][0m ANALYZE [USER]: _ZN4Json9OurReader17readCStyleCommentEPb
[2m[DEBUG][0m ANALYZE [USER]: _ZN4Json9OurReader19readCppStyleCommentEv
[2m[DEBUG][0m ANALYZE [USER]: _ZN4Json9OurReader15containsNewLineEPKcS2_
[2m[DEBUG][0m ANALYZE [USER]: _ZN4Json9OurReader10addCommentEPKcS2_NS_16CommentPlacementE
[2m[DEBUG][0m ANALYZE [USER]: _ZN4Json9OurReader12normalizeEOLEPKcS2_
[2m[DEBUG][0m NOISE-SKIP [COMPILER_GEN]: _ZNSt3__112basic_stringIcNS_11char_traitsIcEENS_9allocatorIcEEEpLB8ne210108Ec
[2m[DEBUG][0m ANALYZE [USER]: _ZNSt3__16any_ofB8ne210108IPKcZN4Json9OurReader15containsNewLineES2_S2_E3$_0EEbT_S6_T0_
[2m[DEBUG][0m ANALYZE [USER]: _ZNSt3__18__any_ofB8ne210108IPKcS2_NS_10__identityEZN4Json9OurReader15containsNewLineES2_S2_E3$_0EEbT_T0_RT2_RT1_
[2m[DEBUG][0m ANALYZE [USER]: _ZNSt3__18__invokeB8ne210108IJRNS_10__identityERKcEEENS_20__invoke_result_implIvJDpT_EE4typeEDpOS6_
[2m[DEBUG][0m ANALYZE [USER]: _ZNSt3__18__invokeB8ne210108IJRZN4Json9OurReader15containsNewLineEPKcS4_E3$_0RS3_EEENS_20__invoke_result_implIvJDpT_EE4typeEDpOS9_
[2m[DEBUG][0m ANALYZE [USER]: _ZZN4Json9OurReader15containsNewLineEPKcS2_ENK3$_0clEc
[2m[DEBUG][0m ANALYZE [USER]: _ZNKSt3__110__identityclB8ne210108IRKcEEOT_S5_
[2m[DEBUG][0m ANALYZE [USER]: _ZNKSt3__15stackIPN4Json5ValueENS_5dequeIS3_NS_9allocatorIS3_EEEEE4sizeB8ne210108Ev
[2m[DEBUG][0m ANALYZE [USER]: _ZN4Json9OurReader12currentValueEv
[2m[DEBUG][0m ANALYZE [USER]: _ZN4Json9OurReader10readObjectERNS0_5TokenE
[2m[DEBUG][0m ANALYZE [USER]: _ZN4Json9OurReader9readArrayERNS0_5TokenE
[2m[DEBUG][0m ANALYZE [USER]: _ZN4Json9OurReader12decodeNumberERNS0_5TokenE
[2m[DEBUG][0m ANALYZE [USER]: _ZN4Json9OurReader12decodeStringERNS0_5TokenE
[2m[DEBUG][0m ANALYZE [USER]: _ZNSt3__114numeric_limitsIdE9quiet_NaNB8ne210108Ev
[2m[DEBUG][0m ANALYZE [USER]: _ZNSt3__114numeric_limitsIdE8infinityB8ne210108Ev
[2m[DEBUG][0m ANALYZE [USER]: _ZNSt3__123__libcpp_numeric_limitsIdLb1EE8infinityB8ne210108Ev
[2m[DEBUG][0m ANALYZE [USER]: _ZNSt3__123__libcpp_numeric_limitsIdLb1EE9quiet_NaNB8ne210108Ev
[2m[DEBUG][0m NOISE-SKIP [COMPILER_GEN]: _ZN4Json9OurReader12decodeStringERNS0_5TokenERNSt3__112basic_stringIcNS3_11char_traitsIcEENS3_9allocatorIcEEEE
[2m[DEBUG][0m ANALYZE [USER]: _ZN4Json9OurReader22decodeUnicodeCodePointERNS0_5TokenERPKcS4_Rj
[2m[DEBUG][0m ANALYZE [USER]: _ZN4JsonL15codePointToUTF8Ej
[2m[DEBUG][0m NOISE-SKIP [COMPILER_GEN]: _ZNSt3__112basic_stringIcNS_11char_traitsIcEENS_9allocatorIcEEE6resizeB8ne210108Em
[2m[DEBUG][0m NOISE-SKIP [COMPILER_GEN]: _ZNSt3__112basic_stringIcNS_11char_traitsIcEENS_9allocatorIcEEEixB8ne210108Em
[2m[DEBUG][0m NOISE-SKIP [COMPILER_GEN]: _ZNSt3__112basic_stringIcNS_11char_traitsIcEENS_9allocatorIcEEE13__fits_in_ssoB8ne210108Em
[2m[DEBUG][0m NOISE-SKIP [COMPILER_GEN]: _ZNSt3__112basic_stringIcNS_11char_traitsIcEENS_9allocatorIcEEE13__get_pointerB8ne210108Ev
[2m[DEBUG][0m ANALYZE [USER]: _ZN4Json9OurReader27decodeUnicodeEscapeSequenceERNS0_5TokenERPKcS4_Rj
[2m[DEBUG][0m ANALYZE [USER]: _ZN4Json9OurReader12decodeNumberERNS0_5TokenERNS_5ValueE
[2m[DEBUG][0m ANALYZE [USER]: _ZN4Json9OurReader12decodeDoubleERNS0_5TokenERNS_5ValueE
[2m[DEBUG][0m NOISE-SKIP [COMPILER_GEN]: _ZNSt3__112basic_stringIcNS_11char_traitsIcEENS_9allocatorIcEEEC1B8ne210108IPKcTnNS_9enable_ifIXsr29__has_input_iterator_categoryIT_EE5valueEiE4typeELi0EEESA_SA_
[2m[DEBUG][0m NOISE-SKIP [COMPILER_GEN]: _ZNSt3__119basic_istringstreamIcNS_11char_traitsIcEENS_9allocatorIcEEEC1B8ne210108ERKNS_12basic_stringIcS2_S4_EEj
[2m[DEBUG][0m ANALYZE [USER]: _ZNKSt3__19basic_iosIcNS_11char_traitsIcEEEntB8ne210108Ev
[2m[DEBUG][0m ANALYZE [USER]: _ZNSt3__119basic_istringstreamIcNS_11char_traitsIcEENS_9allocatorIcEEED1Ev
[2m[DEBUG][0m ANALYZE [USER]: _ZNSt3__119basic_istringstreamIcNS_11char_traitsIcEENS_9allocatorIcEEED2Ev
[2m[DEBUG][0m NOISE-SKIP [COMPILER_GEN]: _ZNSt3__115basic_stringbufIcNS_11char_traitsIcEENS_9allocatorIcEEED1Ev
[2m[DEBUG][0m NOISE-SKIP [COMPILER_GEN]: _ZNSt3__115basic_stringbufIcNS_11char_traitsIcEENS_9allocatorIcEEED2Ev
[2m[DEBUG][0m ANALYZE [USER]: _ZNKSt3__19basic_iosIcNS_11char_traitsIcEEE4failB8ne210108Ev
[2m[DEBUG][0m ANALYZE [USER]: _ZNKSt3__18ios_base4failB8ne210108Ev
[2m[DEBUG][0m ANALYZE [USER]: _ZNSt3__19basic_iosIcNS_11char_traitsIcEEEC2B8ne210108Ev
[2m[DEBUG][0m ANALYZE [USER]: _ZNSt3__113basic_istreamIcNS_11char_traitsIcEEEC2B8ne210108EPNS_15basic_streambufIcS2_EE
[2m[DEBUG][0m NOISE-SKIP [COMPILER_GEN]: _ZNSt3__115basic_stringbufIcNS_11char_traitsIcEENS_9allocatorIcEEEC1B8ne210108ERKNS_12basic_stringIcS2_S4_EEj
[2m[DEBUG][0m NOISE-SKIP [COMPILER_GEN]: _ZNSt3__115basic_stringbufIcNS_11char_traitsIcEENS_9allocatorIcEEEC2B8ne210108ERKNS_12basic_stringIcS2_S4_EEj
[2m[DEBUG][0m NOISE-SKIP [COMPILER_GEN]: _ZNKSt3__112basic_stringIcNS_11char_traitsIcEENS_9allocatorIcEEE13get_allocatorB8ne210108Ev
[2m[DEBUG][0m NOISE-SKIP [COMPILER_GEN]: _ZNSt3__112basic_stringIcNS_11char_traitsIcEENS_9allocatorIcEEEC1B8ne210108ERKS4_
[2m[DEBUG][0m NOISE-SKIP [COMPILER_GEN]: _ZNSt3__112basic_stringIcNS_11char_traitsIcEENS_9allocatorIcEEEC2B8ne210108ERKS4_
[2m[DEBUG][0m ANALYZE [USER]: _ZNSt3__19basic_iosIcNS_11char_traitsIcEEE4initB8ne210108EPNS_15basic_streambufIcS2_EE
[2m[DEBUG][0m ANALYZE [USER]: _ZNSt3__118_SentinelValueFillINS_11char_traitsIcEEE6__initB8ne210108Ev
[2m[DEBUG][0m ANALYZE [USER]: _ZNSt3__111char_traitsIcE3eofB8ne210108Ev
[2m[DEBUG][0m ANALYZE [USER]: _ZNSt3__18ios_baseC2B8ne210108Ev
[2m[DEBUG][0m NOISE-SKIP [COMPILER_GEN]: _ZNSt3__112basic_stringIcNS_11char_traitsIcEENS_9allocatorIcEEEC2B8ne210108IPKcTnNS_9enable_ifIXsr29__has_input_iterator_categoryIT_EE5valueEiE4typeELi0EEESA_SA_
[2m[DEBUG][0m NOISE-SKIP [COMPILER_GEN]: _ZNSt3__112basic_stringIcNS_11char_traitsIcEENS_9allocatorIcEEE6__initIPKcTnNS_9enable_ifIXsr31__has_forward_iterator_categoryIT_EE5valueEiE4typeELi0EEEvSA_SA_
[2m[DEBUG][0m ANALYZE [USER]: _ZNSt3__18distanceB8ne210108IPKcEENS_15iterator_traitsIT_E15difference_typeES4_S4_
[2m[DEBUG][0m NOISE-SKIP [COMPILER_GEN]: _ZNSt3__112basic_stringIcNS_11char_traitsIcEENS_9allocatorIcEEE16__init_with_sizeB8ne210108IPKcS8_EEvT_T0_m
[2m[DEBUG][0m NOISE-SKIP [COMPILER_GEN]: _ZNKSt3__112basic_stringIcNS_11char_traitsIcEENS_9allocatorIcEEE8max_sizeB8ne210108Ev
[2m[DEBUG][0m NOISE-SKIP [COMPILER_GEN]: _ZNSt3__112basic_stringIcNS_11char_traitsIcEENS_9allocatorIcEEE20__throw_length_errorB8ne210108Ev
[2m[DEBUG][0m NOISE-SKIP [COMPILER_GEN]: _ZNSt3__112basic_stringIcNS_11char_traitsIcEENS_9allocatorIcEEE11__recommendB8ne210108Em
[2m[DEBUG][0m ANALYZE [USER]: _ZNSt3__119__allocate_at_leastB8ne210108INS_9allocatorIcEEEENS_19__allocation_resultINS_16allocator_traitsIT_E7pointerEEERS5_m
[2m[DEBUG][0m NOISE-SKIP [COMPILER_GEN]: _ZNSt3__112basic_stringIcNS_11char_traitsIcEENS_9allocatorIcEEE16__begin_lifetimeB8ne210108EPcm
[2m[DEBUG][0m NOISE-SKIP [COMPILER_GEN]: _ZNSt3__112basic_stringIcNS_11char_traitsIcEENS_9allocatorIcEEE18__set_long_pointerB8ne210108EPc
[2m[DEBUG][0m NOISE-SKIP [COMPILER_GEN]: _ZNSt3__112basic_stringIcNS_11char_traitsIcEENS_9allocatorIcEEE14__set_long_capB8ne210108Em
[2m[DEBUG][0m NOISE-SKIP [COMPILER_GEN]: _ZNSt3__112basic_stringIcNS_11char_traitsIcEENS_9allocatorIcEEE15__set_long_sizeB8ne210108Em
[2m[DEBUG][0m ANALYZE [USER]: _ZNSt3__112__to_addressB8ne210108IcEEPT_S2_
[2m[DEBUG][0m NOISE-SKIP [COMPILER_GEN]: _ZNSt3__112basic_stringIcNS_11char_traitsIcEENS_9allocatorIcEEE28__copy_non_overlapping_rangeB8ne210108IPKcS8_EEPcT_T0_S9_
[2m[DEBUG][0m ANALYZE [USER]: _ZNSt3__111char_traitsIcE4copyB8ne210108EPcPKcm
[2m[DEBUG][0m ANALYZE [USER]: _ZNSt3__119__constexpr_memmoveB8ne210108IcKcEEPT_S3_PT0_NS_15__element_countE
[2m[DEBUG][0m ANALYZE [USER]: _ZNSt3__19allocatorIcE8allocateB8ne210108Em
[2m[DEBUG][0m ANALYZE [USER]: _ZNSt3__116allocator_traitsINS_9allocatorIcEEE8max_sizeB8ne210108IS2_TnNS_9enable_ifIX16__has_max_size_vIKT_EEiE4typeELi0EEEmRKS2_
[2m[DEBUG][0m ANALYZE [USER]: _ZNSt3__117__libcpp_allocateB8ne210108IcEEPT_NS_15__element_countEm
[2m[DEBUG][0m ANALYZE [USER]: _ZNKSt3__19allocatorIcE8max_sizeB8ne210108Ev
[2m[DEBUG][0m NOISE-SKIP [COMPILER_GEN]: _ZNSt3__112basic_stringIcNS_11char_traitsIcEENS_9allocatorIcEEE10__align_itB8ne210108ILm8EEEmm
[2m[DEBUG][0m ANALYZE [USER]: _ZNSt3__120__throw_length_errorB8ne210108EPKc
[2m[DEBUG][0m ANALYZE [USER]: _ZNSt12length_errorC1B8ne210108EPKc
[2m[DEBUG][0m ANALYZE [USER]: _ZNSt12length_errorC2B8ne210108EPKc
[2m[DEBUG][0m ANALYZE [USER]: _ZNSt3__114numeric_limitsImE3maxB8ne210108Ev
[2m[DEBUG][0m ANALYZE [USER]: _ZNSt3__123__libcpp_numeric_limitsImLb1EE3maxB8ne210108Ev
[2m[DEBUG][0m ANALYZE [USER]: _ZNSt3__110__distanceB8ne210108IPKcEENS_15iterator_traitsIT_E15difference_typeES4_S4_NS_26random_access_iterator_tagE
[2m[DEBUG][0m ANALYZE [USER]: _ZN4Json9OurReader16recoverFromErrorENS0_9TokenTypeE
[2m[DEBUG][0m NOISE-SKIP [COMPILER_GEN]: _ZN4Json9OurReader18addErrorAndRecoverERKNSt3__112basic_stringIcNS1_11char_traitsIcEENS1_9allocatorIcEEEERNS0_5TokenENS0_9TokenTypeE
[2m[DEBUG][0m ANALYZE [USER]: _ZNSt3__15dequeIN4Json9OurReader9ErrorInfoENS_9allocatorIS3_EEE6resizeEm
[2m[DEBUG][0m ANALYZE [USER]: _ZNSt3__15dequeIN4Json9OurReader9ErrorInfoENS_9allocatorIS3_EEE8__appendEm
[2m[DEBUG][0m ANALYZE [USER]: _ZNSt3__15dequeIN4Json9OurReader9ErrorInfoENS_9allocatorIS3_EEE5beginB8ne210108Ev
[2m[DEBUG][0m ANALYZE [USER]: _ZNKSt3__116__deque_iteratorIN4Json9OurReader9ErrorInfoEPS3_RS3_PS4_lLl73EEplB8ne210108El
[2m[DEBUG][0m ANALYZE [USER]: _ZNSt3__116__deque_iteratorIN4Json9OurReader9ErrorInfoEPKS3_RS4_PKS5_lLl73EEC1B8ne210108IPS3_RS3_PSB_TnNS_9enable_ifIXsr14is_convertibleIT_S5_EE5valueEiE4typeELi0EEERKNS0_IS3_SF_T0_T1_lLl73EEE
[2m[DEBUG][0m ANALYZE [USER]: _ZNSt3__15dequeIN4Json9OurReader9ErrorInfoENS_9allocatorIS3_EEE14__erase_to_endENS_16__deque_iteratorIS3_PKS3_RS8_PKS9_lLl73EEE
[2m[DEBUG][0m ANALYZE [USER]: _ZNSt3__1miB8ne210108ERKNS_16__deque_iteratorIN4Json9OurReader9ErrorInfoEPKS3_RS4_PKS5_lLl73EEESB_
[2m[DEBUG][0m ANALYZE [USER]: _ZNSt3__1neB8ne210108ERKNS_16__deque_iteratorIN4Json9OurReader9ErrorInfoEPS3_RS3_PS4_lLl73EEES9_
[2m[DEBUG][0m ANALYZE [USER]: _ZNSt3__116allocator_traitsINS_9allocatorIN4Json9OurReader9ErrorInfoEEEE7destroyB8ne210108IS4_TnNS_9enable_ifIX15__has_destroy_vIS5_PT_EEiE4typeELi0EEEvRS5_SA_
[2m[DEBUG][0m ANALYZE [USER]: _ZNSt3__116__deque_iteratorIN4Json9OurReader9ErrorInfoEPS3_RS3_PS4_lLl73EEppB8ne210108Ev
[2m[DEBUG][0m ANALYZE [USER]: _ZNKSt3__15dequeIN4Json9OurReader9ErrorInfoENS_9allocatorIS3_EEE22__annotate_shrink_backB8ne210108Emm
[2m[DEBUG][0m ANALYZE [USER]: _ZNSt3__15dequeIN4Json9OurReader9ErrorInfoENS_9allocatorIS3_EEE25__maybe_remove_back_spareB8ne210108Eb
[2m[DEBUG][0m ANALYZE [USER]: _ZNKSt3__15dequeIN4Json9OurReader9ErrorInfoENS_9allocatorIS3_EEE19__back_spare_blocksB8ne210108Ev
[2m[DEBUG][0m ANALYZE [USER]: _ZNSt3__114__split_bufferIPN4Json9OurReader9ErrorInfoENS_9allocatorIS4_EEE4backB8ne210108Ev
[2m[DEBUG][0m ANALYZE [USER]: _ZNSt3__114__split_bufferIPN4Json9OurReader9ErrorInfoENS_9allocatorIS4_EEE8pop_backB8ne210108Ev
[2m[DEBUG][0m ANALYZE [USER]: _ZNSt3__114__split_bufferIPN4Json9OurReader9ErrorInfoENS_9allocatorIS4_EEE17__destruct_at_endB8ne210108EPS4_
[2m[DEBUG][0m ANALYZE [USER]: _ZNSt3__114__split_bufferIPN4Json9OurReader9ErrorInfoENS_9allocatorIS4_EEE17__destruct_at_endB8ne210108EPS4_NS_17integral_constantIbLb0EEE
[2m[DEBUG][0m ANALYZE [USER]: _ZNSt3__19allocatorIN4Json9OurReader9ErrorInfoEE7destroyB8ne210108EPS3_
[2m[DEBUG][0m ANALYZE [USER]: _ZNSt3__1eqB8ne210108ERKNS_16__deque_iteratorIN4Json9OurReader9ErrorInfoEPS3_RS3_PS4_lLl73EEES9_
[2m[DEBUG][0m ANALYZE [USER]: _ZNSt3__116__deque_iteratorIN4Json9OurReader9ErrorInfoEPKS3_RS4_PKS5_lLl73EEC2B8ne210108IPS3_RS3_PSB_TnNS_9enable_ifIXsr14is_convertibleIT_S5_EE5valueEiE4typeELi0EEERKNS0_IS3_SF_T0_T1_lLl73EEE
[2m[DEBUG][0m ANALYZE [USER]: _ZNSt3__116__deque_iteratorIN4Json9OurReader9ErrorInfoEPS3_RS3_PS4_lLl73EEpLB8ne210108El
[2m[DEBUG][0m ANALYZE [USER]: _ZNSt3__15dequeIN4Json9OurReader9ErrorInfoENS_9allocatorIS3_EEE19__add_back_capacityEm
[2m[DEBUG][0m ANALYZE [USER]: _ZNSt3__15dequeIN4Json9OurReader9ErrorInfoENS_9allocatorIS3_EEE13__deque_rangeC1B8ne210108ENS_16__deque_iteratorIS3_PS3_RS3_PS9_lLl73EEESC_
[2m[DEBUG][0m ANALYZE [USER]: _ZNKSt3__15dequeIN4Json9OurReader9ErrorInfoENS_9allocatorIS3_EEE13__deque_range5beginB8ne210108Ev
[2m[DEBUG][0m ANALYZE [USER]: _ZNKSt3__15dequeIN4Json9OurReader9ErrorInfoENS_9allocatorIS3_EEE13__deque_range3endB8ne210108Ev
[2m[DEBUG][0m ANALYZE [USER]: _ZNSt3__1neB8ne210108ERKNS_5dequeIN4Json9OurReader9ErrorInfoENS_9allocatorIS3_EEE13__deque_rangeES9_
[2m[DEBUG][0m ANALYZE [USER]: _ZNKSt3__15dequeIN4Json9OurReader9ErrorInfoENS_9allocatorIS3_EEE13__deque_rangedeB8ne210108Ev
[2m[DEBUG][0m ANALYZE [USER]: _ZNSt3__15dequeIN4Json9OurReader9ErrorInfoENS_9allocatorIS3_EEE21_ConstructTransactionC1B8ne210108EPS6_RNS6_19__deque_block_rangeE
[2m[DEBUG][0m ANALYZE [USER]: _ZNSt3__112__to_addressB8ne210108IN4Json9OurReader9ErrorInfoEEEPT_S5_
[2m[DEBUG][0m ANALYZE [USER]: _ZNSt3__116allocator_traitsINS_9allocatorIN4Json9OurReader9ErrorInfoEEEE9constructB8ne210108IS4_JETnNS_9enable_ifIX17__has_construct_vIS5_PT_DpT0_EEiE4typeELi0EEEvRS5_SA_DpOSB_
[2m[DEBUG][0m ANALYZE [USER]: _ZNSt3__15dequeIN4Json9OurReader9ErrorInfoENS_9allocatorIS3_EEE21_ConstructTransactionD1B8ne210108Ev
[2m[DEBUG][0m ANALYZE [USER]: _ZNSt3__15dequeIN4Json9OurReader9ErrorInfoENS_9allocatorIS3_EEE13__deque_rangeppB8ne210108Ev
[2m[DEBUG][0m ANALYZE [USER]: _ZNSt3__15dequeIN4Json9OurReader9ErrorInfoENS_9allocatorIS3_EEE21_ConstructTransactionD2B8ne210108Ev
[2m[DEBUG][0m ANALYZE [USER]: _ZNSt3__19allocatorIN4Json9OurReader9ErrorInfoEE9constructB8ne210108IS3_JEEEvPT_DpOT0_
[2m[DEBUG][0m ANALYZE [USER]: _ZNSt3__15dequeIN4Json9OurReader9ErrorInfoENS_9allocatorIS3_EEE21_ConstructTransactionC2B8ne210108EPS6_RNS6_19__deque_block_rangeE
[2m[DEBUG][0m ANALYZE [USER]: _ZNSt3__15dequeIN4Json9OurReader9ErrorInfoENS_9allocatorIS3_EEE19__deque_block_rangeC1B8ne210108EPS3_S8_
[2m[DEBUG][0m ANALYZE [USER]: _ZNSt3__15dequeIN4Json9OurReader9ErrorInfoENS_9allocatorIS3_EEE19__deque_block_rangeC2B8ne210108EPS3_S8_
[2m[DEBUG][0m ANALYZE [USER]: _ZNSt3__1eqB8ne210108ERKNS_5dequeIN4Json9OurReader9ErrorInfoENS_9allocatorIS3_EEE13__deque_rangeES9_
[2m[DEBUG][0m ANALYZE [USER]: _ZNSt3__15dequeIN4Json9OurReader9ErrorInfoENS_9allocatorIS3_EEE13__deque_rangeC2B8ne210108ENS_16__deque_iteratorIS3_PS3_RS3_PS9_lLl73EEESC_
[2m[DEBUG][0m ANALYZE [USER]: _ZNSt3__15dequeIN4Json9OurReader9ErrorInfoENS_9allocatorIS3_EEE18__recommend_blocksB8ne210108Em
[2m[DEBUG][0m ANALYZE [USER]: _ZNSt3__13minB8ne210108ImEERKT_S3_S3_
[2m[DEBUG][0m ANALYZE [USER]: _ZNSt3__114__split_bufferIPN4Json9OurReader9ErrorInfoERNS_9allocatorIS4_EEE4backB8ne210108Ev
[2m[DEBUG][0m ANALYZE [USER]: _ZNKSt3__15dequeIN4Json9OurReader9ErrorInfoENS_9allocatorIS3_EEE23__annotate_poison_blockB8ne210108EPKvS8_
[2m[DEBUG][0m ANALYZE [USER]: _ZNKSt3__15dequeIN4Json9OurReader9ErrorInfoENS_9allocatorIS3_EEE17__annotate_deleteB8ne210108Ev
[2m[DEBUG][0m ANALYZE [USER]: _ZNSt3__114__split_bufferIPN4Json9OurReader9ErrorInfoERNS_9allocatorIS4_EEE5beginB8ne210108Ev
[2m[DEBUG][0m ANALYZE [USER]: _ZNSt3__114__split_bufferIPN4Json9OurReader9ErrorInfoERNS_9allocatorIS4_EEE3endB8ne210108Ev
[2m[DEBUG][0m ANALYZE [USER]: _ZNSt3__114__split_bufferIPN4Json9OurReader9ErrorInfoERNS_9allocatorIS4_EEE12emplace_backIJRS4_EEEvDpOT_
[2m[DEBUG][0m ANALYZE [USER]: _ZNSt3__144__annotate_double_ended_contiguous_containerB8ne210108INS_9allocatorIN4Json9OurReader9ErrorInfoEEEEEvPKvS7_S7_S7_S7_S7_
[2m[DEBUG][0m ANALYZE [USER]: _ZNSt3__13minB8ne210108ImNS_6__lessIvvEEEERKT_S5_S5_T0_
[2m[DEBUG][0m NOISE-SKIP [COMPILER_GEN]: _ZNKSt3__112basic_stringIcNS_11char_traitsIcEENS_9allocatorIcEEE6lengthB8ne210108Ev
[2m[DEBUG][0m ANALYZE [USER]: _ZNSt3__15stackIPN4Json5ValueENS_5dequeIS3_NS_9allocatorIS3_EEEEE3topB8ne210108Ev
[2m[DEBUG][0m ANALYZE [USER]: _ZNSt3__15dequeIPN4Json5ValueENS_9allocatorIS3_EEE4backEv
[2m[DEBUG][0m ANALYZE [USER]: _ZNKSt3__15dequeIPN4Json5ValueENS_9allocatorIS3_EEE4sizeB8ne210108Ev
[2m[DEBUG][0m ANALYZE [USER]: _ZNSt3__114__split_bufferIPPN4Json5ValueENS_9allocatorIS4_EEE5beginB8ne210108Ev
[2m[DEBUG][0m ANALYZE [USER]: _ZNKSt3__15dequeIPN4Json5ValueENS_9allocatorIS3_EEE6__sizeB8ne210108Ev
[2m[DEBUG][0m ANALYZE [USER]: _ZNSt3__15dequeIPN4Json5ValueENS_9allocatorIS3_EEE9push_backEOS3_
[2m[DEBUG][0m ANALYZE [USER]: _ZNSt3__15dequeIPN4Json5ValueENS_9allocatorIS3_EEE7__allocB8ne210108Ev
[2m[DEBUG][0m ANALYZE [USER]: _ZNKSt3__15dequeIPN4Json5ValueENS_9allocatorIS3_EEE12__back_spareB8ne210108Ev
[2m[DEBUG][0m ANALYZE [USER]: _ZNSt3__15dequeIPN4Json5ValueENS_9allocatorIS3_EEE19__add_back_capacityEv
[2m[DEBUG][0m ANALYZE [USER]: _ZNKSt3__15dequeIPN4Json5ValueENS_9allocatorIS3_EEE24__annotate_increase_backB8ne210108Em
[2m[DEBUG][0m ANALYZE [USER]: _ZNSt3__15dequeIPN4Json5ValueENS_9allocatorIS3_EEE3endB8ne210108Ev
[2m[DEBUG][0m ANALYZE [USER]: _ZNKSt3__116__deque_iteratorIPN4Json5ValueEPS3_RS3_PS4_lLl512EEdeB8ne210108Ev
[2m[DEBUG][0m ANALYZE [USER]: _ZNSt3__116allocator_traitsINS_9allocatorIPN4Json5ValueEEEE9constructB8ne210108IS4_JS4_ETnNS_9enable_ifIX17__has_construct_vIS5_PT_DpT0_EEiE4typeELi0EEEvRS5_SA_DpOSB_
[2m[DEBUG][0m ANALYZE [USER]: _ZNSt3__15dequeIPN4Json5ValueENS_9allocatorIS3_EEE6__sizeB8ne210108Ev
[2m[DEBUG][0m ANALYZE [USER]: _ZNSt3__19allocatorIPN4Json5ValueEE9constructB8ne210108IS3_JS3_EEEvPT_DpOT0_
[2m[DEBUG][0m ANALYZE [USER]: _ZNKSt3__114__split_bufferIPPN4Json5ValueENS_9allocatorIS4_EEE5emptyB8ne210108Ev
[2m[DEBUG][0m ANALYZE [USER]: _ZNSt3__116__deque_iteratorIPN4Json5ValueEPS3_RS3_PS4_lLl512EEC1B8ne210108ES6_S4_
[2m[DEBUG][0m ANALYZE [USER]: _ZNSt3__116__deque_iteratorIPN4Json5ValueEPS3_RS3_PS4_lLl512EEC2B8ne210108ES6_S4_
[2m[DEBUG][0m ANALYZE [USER]: _ZNKSt3__15dequeIPN4Json5ValueENS_9allocatorIS3_EEE13__front_spareB8ne210108Ev
[2m[DEBUG][0m ANALYZE [USER]: _ZNSt3__114__split_bufferIPPN4Json5ValueENS_9allocatorIS4_EEE5frontB8ne210108Ev
[2m[DEBUG][0m ANALYZE [USER]: _ZNSt3__114__split_bufferIPPN4Json5ValueENS_9allocatorIS4_EEE9pop_frontB8ne210108Ev
[2m[DEBUG][0m ANALYZE [USER]: _ZNSt3__114__split_bufferIPPN4Json5ValueENS_9allocatorIS4_EEE12emplace_backIJRS4_EEEvDpOT_
[2m[DEBUG][0m ANALYZE [USER]: _ZNKSt3__114__split_bufferIPPN4Json5ValueENS_9allocatorIS4_EEE4sizeB8ne210108Ev
[2m[DEBUG][0m ANALYZE [USER]: _ZNKSt3__114__split_bufferIPPN4Json5ValueENS_9allocatorIS4_EEE8capacityB8ne210108Ev
[2m[DEBUG][0m ANALYZE [USER]: _ZNKSt3__114__split_bufferIPPN4Json5ValueENS_9allocatorIS4_EEE12__back_spareB8ne210108Ev
[2m[DEBUG][0m ANALYZE [USER]: _ZNSt3__116allocator_traitsINS_9allocatorIPN4Json5ValueEEEE8allocateB8ne210108ERS5_m
[2m[DEBUG][0m ANALYZE [USER]: _ZNSt3__114__split_bufferIPPN4Json5ValueENS_9allocatorIS4_EEE12emplace_backIJS4_EEEvDpOT_
[2m[DEBUG][0m ANALYZE [USER]: _ZNSt3__114__split_bufferIPPN4Json5ValueENS_9allocatorIS4_EEE13emplace_frontIJS4_EEEvDpOT_
[2m[DEBUG][0m ANALYZE [USER]: _ZNKSt3__15dequeIPN4Json5ValueENS_9allocatorIS3_EEE22__annotate_whole_blockB8ne210108EmNS6_22__asan_annotation_typeE
[2m[DEBUG][0m ANALYZE [USER]: _ZNSt3__114__split_bufferIPPN4Json5ValueERNS_9allocatorIS4_EEEC1EmmS7_
[2m[DEBUG][0m ANALYZE [USER]: _ZNSt3__122__allocator_destructorINS_9allocatorIPN4Json5ValueEEEEC1B8ne210108ERS5_m
[2m[DEBUG][0m ANALYZE [USER]: _ZNSt3__110unique_ptrIPPN4Json5ValueENS_22__allocator_destructorINS_9allocatorIS3_EEEEEC1B8ne210108ILb1EvEES4_NS_16__dependent_typeINS_27__unique_ptr_deleter_sfinaeIS8_EEXT_EE20__good_rval_ref_typeE
[2m[DEBUG][0m ANALYZE [USER]: _ZNKSt3__110unique_ptrIPPN4Json5ValueENS_22__allocator_destructorINS_9allocatorIS3_EEEEE3getB8ne210108Ev
[2m[DEBUG][0m ANALYZE [USER]: _ZNSt3__114__split_bufferIPPN4Json5ValueERNS_9allocatorIS4_EEE12emplace_backIJS4_EEEvDpOT_
[2m[DEBUG][0m ANALYZE [USER]: _ZNSt3__110unique_ptrIPPN4Json5ValueENS_22__allocator_destructorINS_9allocatorIS3_EEEEE7releaseB8ne210108Ev
[2m[DEBUG][0m ANALYZE [USER]: _ZNSt3__114__split_bufferIPPN4Json5ValueENS_9allocatorIS4_EEE3endB8ne210108Ev
[2m[DEBUG][0m ANALYZE [USER]: _ZNSt3__114__split_bufferIPPN4Json5ValueERNS_9allocatorIS4_EEE13emplace_frontIJRS4_EEEvDpOT_
[2m[DEBUG][0m ANALYZE [USER]: _ZNSt3__110unique_ptrIPPN4Json5ValueENS_22__allocator_destructorINS_9allocatorIS3_EEEEED1B8ne210108Ev
[2m[DEBUG][0m ANALYZE [USER]: _ZNSt3__14swapB8ne210108IPPPN4Json5ValueEEENS_9enable_ifIXaasr21is_move_constructibleIT_EE5valuesr18is_move_assignableIS7_EE5valueEvE4typeERS7_SA_
[2m[DEBUG][0m ANALYZE [USER]: _ZNSt3__114__split_bufferIPPN4Json5ValueERNS_9allocatorIS4_EEED1Ev
[2m[DEBUG][0m ANALYZE [USER]: _ZNSt3__114__split_bufferIPPN4Json5ValueERNS_9allocatorIS4_EEED2Ev
[2m[DEBUG][0m ANALYZE [USER]: _ZNSt3__114__split_bufferIPPN4Json5ValueERNS_9allocatorIS4_EEE5clearB8ne210108Ev
[2m[DEBUG][0m ANALYZE [USER]: _ZNKSt3__114__split_bufferIPPN4Json5ValueERNS_9allocatorIS4_EEE8capacityB8ne210108Ev
[2m[DEBUG][0m ANALYZE [USER]: _ZNSt3__116allocator_traitsINS_9allocatorIPPN4Json5ValueEEEE10deallocateB8ne210108ERS6_PS5_m
[2m[DEBUG][0m ANALYZE [USER]: _ZNSt3__19allocatorIPPN4Json5ValueEE10deallocateB8ne210108EPS4_m
[2m[DEBUG][0m ANALYZE [USER]: _ZNSt3__119__libcpp_deallocateB8ne210108IPPN4Json5ValueEEEvPNS_15__type_identityIT_E4typeENS_15__element_countEm
[2m[DEBUG][0m ANALYZE [USER]: _ZNSt3__114__split_bufferIPPN4Json5ValueERNS_9allocatorIS4_EEE17__destruct_at_endB8ne210108EPS4_
[2m[DEBUG][0m ANALYZE [USER]: _ZNSt3__114__split_bufferIPPN4Json5ValueERNS_9allocatorIS4_EEE17__destruct_at_endB8ne210108EPS4_NS_17integral_constantIbLb0EEE
[2m[DEBUG][0m ANALYZE [USER]: _ZNSt3__112__to_addressB8ne210108IPPN4Json5ValueEEEPT_S6_
[2m[DEBUG][0m ANALYZE [USER]: _ZNSt3__116allocator_traitsINS_9allocatorIPPN4Json5ValueEEEE7destroyB8ne210108IS5_TnNS_9enable_ifIX15__has_destroy_vIS6_PT_EEiE4typeELi0EEEvRS6_SB_
[2m[DEBUG][0m ANALYZE [USER]: _ZNSt3__19allocatorIPPN4Json5ValueEE7destroyB8ne210108EPS4_
[2m[DEBUG][0m ANALYZE [USER]: _ZNSt3__110unique_ptrIPPN4Json5ValueENS_22__allocator_destructorINS_9allocatorIS3_EEEEED2B8ne210108Ev
[2m[DEBUG][0m ANALYZE [USER]: _ZNSt3__110unique_ptrIPPN4Json5ValueENS_22__allocator_destructorINS_9allocatorIS3_EEEEE5resetB8ne210108ES4_
[2m[DEBUG][0m ANALYZE [USER]: _ZNSt3__122__allocator_destructorINS_9allocatorIPN4Json5ValueEEEEclB8ne210108EPS4_
[2m[DEBUG][0m ANALYZE [USER]: _ZNSt3__116allocator_traitsINS_9allocatorIPN4Json5ValueEEEE10deallocateB8ne210108ERS5_PS4_m
[2m[DEBUG][0m ANALYZE [USER]: _ZNSt3__19allocatorIPN4Json5ValueEE10deallocateB8ne210108EPS3_m
[2m[DEBUG][0m ANALYZE [USER]: _ZNSt3__119__libcpp_deallocateB8ne210108IPN4Json5ValueEEEvPNS_15__type_identityIT_E4typeENS_15__element_countEm
[2m[DEBUG][0m ANALYZE [USER]: _ZNSt3__113move_backwardB8ne210108IPPPN4Json5ValueES5_EET0_T_S7_S6_
[2m[DEBUG][0m ANALYZE [USER]: _ZNSt3__113move_iteratorIPPPN4Json5ValueEEC1B8ne210108ES5_
[2m[DEBUG][0m ANALYZE [USER]: _ZNSt3__114__split_bufferIPPN4Json5ValueERNS_9allocatorIS4_EEE18__construct_at_endINS_13move_iteratorIPS4_EETnNS_9enable_ifIXsr31__has_forward_iterator_categoryIT_EE5valueEiE4typeELi0EEEvSE_SE_
[2m[DEBUG][0m ANALYZE [USER]: _ZNSt3__116allocator_traitsINS_9allocatorIPPN4Json5ValueEEEE9constructB8ne210108IS5_JRS5_ETnNS_9enable_ifIX17__has_construct_vIS6_PT_DpT0_EEiE4typeELi0EEEvRS6_SC_DpOSD_
[2m[DEBUG][0m ANALYZE [USER]: _ZNSt3__19allocatorIPPN4Json5ValueEE9constructB8ne210108IS4_JRS4_EEEvPT_DpOT0_
[2m[DEBUG][0m ANALYZE [USER]: _ZNSt3__18distanceB8ne210108INS_13move_iteratorIPPPN4Json5ValueEEEEENS_15iterator_traitsIT_E15difference_typeES9_S9_
[2m[DEBUG][0m ANALYZE [USER]: _ZNSt3__114__split_bufferIPPN4Json5ValueERNS_9allocatorIS4_EEE28__construct_at_end_with_sizeINS_13move_iteratorIPS4_EEEEvT_m
[2m[DEBUG][0m ANALYZE [USER]: _ZNSt3__114__split_bufferIPPN4Json5ValueERNS_9allocatorIS4_EEE21_ConstructTransactionC1B8ne210108EPPS4_m
[2m[DEBUG][0m ANALYZE [USER]: _ZNKSt3__113move_iteratorIPPPN4Json5ValueEEdeB8ne210108Ev
[2m[DEBUG][0m ANALYZE [USER]: _ZNSt3__116allocator_traitsINS_9allocatorIPPN4Json5ValueEEEE9constructB8ne210108IS5_JS5_ETnNS_9enable_ifIX17__has_construct_vIS6_PT_DpT0_EEiE4typeELi0EEEvRS6_SB_DpOSC_
[2m[DEBUG][0m ANALYZE [USER]: _ZNSt3__113move_iteratorIPPPN4Json5ValueEEppB8ne210108Ev
[2m[DEBUG][0m ANALYZE [USER]: _ZNSt3__114__split_bufferIPPN4Json5ValueERNS_9allocatorIS4_EEE21_ConstructTransactionD1B8ne210108Ev
[2m[DEBUG][0m ANALYZE [USER]: _ZNSt3__114__split_bufferIPPN4Json5ValueERNS_9allocatorIS4_EEE21_ConstructTransactionD2B8ne210108Ev
[2m[DEBUG][0m ANALYZE [USER]: _ZNSt3__19allocatorIPPN4Json5ValueEE9constructB8ne210108IS4_JS4_EEEvPT_DpOT0_
[2m[DEBUG][0m ANALYZE [USER]: _ZNSt3__114__split_bufferIPPN4Json5ValueERNS_9allocatorIS4_EEE21_ConstructTransactionC2B8ne210108EPPS4_m
[2m[DEBUG][0m ANALYZE [USER]: _ZNSt3__110__distanceB8ne210108INS_13move_iteratorIPPPN4Json5ValueEEEEENS_15iterator_traitsIT_E15difference_typeES9_S9_NS_26random_access_iterator_tagE
[2m[DEBUG][0m ANALYZE [USER]: _ZNSt3__1miB8ne210108IPPPN4Json5ValueES5_EEDTmicldtfp_4baseEcldtfp0_4baseEERKNS_13move_iteratorIT_EERKNS7_IT0_EE
[2m[DEBUG][0m ANALYZE [USER]: _ZNKSt3__113move_iteratorIPPPN4Json5ValueEE4baseB8ne210108Ev
[2m[DEBUG][0m ANALYZE [USER]: _ZNSt3__113move_iteratorIPPPN4Json5ValueEEC2B8ne210108ES5_
[2m[DEBUG][0m ANALYZE [USER]: _ZNSt3__115__move_backwardB8ne210108INS_17_ClassicAlgPolicyEPPPN4Json5ValueES6_S6_EENS_4pairIT0_T2_EES8_T1_S9_
[2m[DEBUG][0m ANALYZE [USER]: _ZNSt3__124__copy_move_unwrap_itersB8ne210108INS_20__move_backward_implINS_17_ClassicAlgPolicyEEEPPPN4Json5ValueES8_S8_TnNS_9enable_ifIXsr12__can_rewrapIT0_T2_EE5valueEiE4typeELi0EEENS_4pairISA_SB_EESA_T1_SB_
[2m[DEBUG][0m ANALYZE [USER]: _ZNSt3__114__unwrap_rangeB8ne210108IPPPN4Json5ValueES5_EENS_4pairIT0_S7_EET_S9_
[2m[DEBUG][0m ANALYZE [USER]: _ZNSt3__113__unwrap_iterB8ne210108IPPPN4Json5ValueENS_18__unwrap_iter_implIS5_Lb1EEETnNS_9enable_ifIXsr21is_copy_constructibleIT_EE5valueEiE4typeELi0EEEDTclsrT0_8__unwrapclsr3stdE7declvalIS9_EEEES9_
[2m[DEBUG][0m ANALYZE [USER]: _ZNKSt3__120__move_backward_implINS_17_ClassicAlgPolicyEEclB8ne210108IPPN4Json5ValueES7_TnNS_9enable_ifIXsr38__can_lower_move_assignment_to_memmoveIT_T0_EE5valueEiE4typeELi0EEENS_4pairIPS9_PSA_EESE_SE_SF_
[2m[DEBUG][0m ANALYZE [USER]: _ZNSt3__114__rewrap_rangeB8ne210108IPPPN4Json5ValueES5_EET_S6_T0_
[2m[DEBUG][0m ANALYZE [USER]: _ZNSt3__113__rewrap_iterB8ne210108IPPPN4Json5ValueES5_NS_18__unwrap_iter_implIS5_Lb1EEEEET_S8_T0_
[2m[DEBUG][0m ANALYZE [USER]: _ZNSt3__19make_pairB8ne210108IPPPN4Json5ValueES5_EENS_4pairINS_18__unwrap_referenceIu7__decayIT_EE4typeENS7_Iu7__decayIT0_EE4typeEEEOS8_OSC_
[2m[DEBUG][0m ANALYZE [USER]: _ZNSt3__14pairIPPPN4Json5ValueES5_EC1B8ne210108IS5_S5_TnNS_9enable_ifIXclsr25__check_pair_constructionIS5_S5_EE23__is_pair_constructibleIT_T0_EEEiE4typeELi0EEEOS9_OSA_
[2m[DEBUG][0m ANALYZE [USER]: _ZNSt3__14pairIPPPN4Json5ValueES5_EC2B8ne210108IS5_S5_TnNS_9enable_ifIXclsr25__check_pair_constructionIS5_S5_EE23__is_pair_constructibleIT_T0_EEEiE4typeELi0EEEOS9_OSA_
[2m[DEBUG][0m ANALYZE [USER]: _ZNSt3__118__unwrap_iter_implIPPPN4Json5ValueELb1EE8__rewrapB8ne210108ES5_S5_
[2m[DEBUG][0m ANALYZE [USER]: _ZNSt3__128__copy_backward_trivial_implB8ne210108IPPN4Json5ValueES4_EENS_4pairIPT_PT0_EES7_S7_S9_
[2m[DEBUG][0m ANALYZE [USER]: _ZNSt3__119__constexpr_memmoveB8ne210108IPPN4Json5ValueES4_EEPT_S6_PT0_NS_15__element_countE
[2m[DEBUG][0m ANALYZE [USER]: _ZNSt3__19make_pairB8ne210108IRPPPN4Json5ValueES6_EENS_4pairINS_18__unwrap_referenceIu7__decayIT_EE4typeENS8_Iu7__decayIT0_EE4typeEEEOS9_OSD_
[2m[DEBUG][0m ANALYZE [USER]: _ZNSt3__14pairIPPPN4Json5ValueES5_EC1B8ne210108IRS5_S8_TnNS_9enable_ifIXclsr25__check_pair_constructionIS5_S5_EE23__is_pair_constructibleIT_T0_EEEiE4typeELi0EEEOSA_OSB_
[2m[DEBUG][0m ANALYZE [USER]: _ZNSt3__14pairIPPPN4Json5ValueES5_EC2B8ne210108IRS5_S8_TnNS_9enable_ifIXclsr25__check_pair_constructionIS5_S5_EE23__is_pair_constructibleIT_T0_EEEiE4typeELi0EEEOSA_OSB_
[2m[DEBUG][0m ANALYZE [USER]: _ZNSt3__118__unwrap_iter_implIPPPN4Json5ValueELb1EE8__unwrapB8ne210108ES5_
[2m[DEBUG][0m ANALYZE [USER]: _ZNSt3__14moveB8ne210108IPPPN4Json5ValueES5_EET0_T_S7_S6_
[2m[DEBUG][0m ANALYZE [USER]: _ZNSt3__16__moveB8ne210108INS_17_ClassicAlgPolicyEPPPN4Json5ValueES6_S6_EENS_4pairIT0_T2_EES8_T1_S9_
[2m[DEBUG][0m ANALYZE [USER]: _ZNSt3__124__copy_move_unwrap_itersB8ne210108INS_11__move_implINS_17_ClassicAlgPolicyEEEPPPN4Json5ValueES8_S8_TnNS_9enable_ifIXsr12__can_rewrapIT0_T2_EE5valueEiE4typeELi0EEENS_4pairISA_SB_EESA_T1_SB_
[2m[DEBUG][0m ANALYZE [USER]: _ZNKSt3__111__move_implINS_17_ClassicAlgPolicyEEclB8ne210108IPPN4Json5ValueES7_TnNS_9enable_ifIXsr38__can_lower_move_assignment_to_memmoveIT_T0_EE5valueEiE4typeELi0EEENS_4pairIPS9_PSA_EESE_SE_SF_
[2m[DEBUG][0m ANALYZE [USER]: _ZNSt3__119__copy_trivial_implB8ne210108IPPN4Json5ValueES4_EENS_4pairIPT_PT0_EES7_S7_S9_
[2m[DEBUG][0m ANALYZE [USER]: _ZNSt3__19make_pairB8ne210108IRPPPN4Json5ValueES5_EENS_4pairINS_18__unwrap_referenceIu7__decayIT_EE4typeENS8_Iu7__decayIT0_EE4typeEEEOS9_OSD_
[2m[DEBUG][0m ANALYZE [USER]: _ZNSt3__14pairIPPPN4Json5ValueES5_EC1B8ne210108IRS5_S5_TnNS_9enable_ifIXclsr25__check_pair_constructionIS5_S5_EE23__is_pair_constructibleIT_T0_EEEiE4typeELi0EEEOSA_OSB_
[2m[DEBUG][0m ANALYZE [USER]: _ZNSt3__14pairIPPPN4Json5ValueES5_EC2B8ne210108IRS5_S5_TnNS_9enable_ifIXclsr25__check_pair_constructionIS5_S5_EE23__is_pair_constructibleIT_T0_EEEiE4typeELi0EEEOSA_OSB_
[2m[DEBUG][0m ANALYZE [USER]: _ZNSt3__110unique_ptrIPPN4Json5ValueENS_22__allocator_destructorINS_9allocatorIS3_EEEEEC2B8ne210108ILb1EvEES4_NS_16__dependent_typeINS_27__unique_ptr_deleter_sfinaeIS8_EEXT_EE20__good_rval_ref_typeE
[2m[DEBUG][0m ANALYZE [USER]: _ZNSt3__122__allocator_destructorINS_9allocatorIPN4Json5ValueEEEEC2B8ne210108ERS5_m
[2m[DEBUG][0m ANALYZE [USER]: _ZNSt3__114__split_bufferIPPN4Json5ValueERNS_9allocatorIS4_EEEC2EmmS7_
[2m[DEBUG][0m ANALYZE [USER]: _ZNSt3__119__allocate_at_leastB8ne210108INS_9allocatorIPPN4Json5ValueEEEEENS_19__allocation_resultINS_16allocator_traitsIT_E7pointerEEERS9_m
[2m[DEBUG][0m ANALYZE [USER]: _ZNSt3__19allocatorIPPN4Json5ValueEE8allocateB8ne210108Em
[2m[DEBUG][0m ANALYZE [USER]: _ZNSt3__116allocator_traitsINS_9allocatorIPPN4Json5ValueEEEE8max_sizeB8ne210108IS6_TnNS_9enable_ifIX16__has_max_size_vIKT_EEiE4typeELi0EEEmRKS6_
[2m[DEBUG][0m ANALYZE [USER]: _ZNSt3__117__libcpp_allocateB8ne210108IPPN4Json5ValueEEEPT_NS_15__element_countEm
[2m[DEBUG][0m ANALYZE [USER]: _ZNKSt3__19allocatorIPPN4Json5ValueEE8max_sizeB8ne210108Ev
[2m[DEBUG][0m ANALYZE [USER]: _ZNSt3__19allocatorIPN4Json5ValueEE8allocateB8ne210108Em
[2m[DEBUG][0m ANALYZE [USER]: _ZNSt3__116allocator_traitsINS_9allocatorIPN4Json5ValueEEEE8max_sizeB8ne210108IS5_TnNS_9enable_ifIX16__has_max_size_vIKT_EEiE4typeELi0EEEmRKS5_
[2m[DEBUG][0m ANALYZE [USER]: _ZNSt3__117__libcpp_allocateB8ne210108IPN4Json5ValueEEEPT_NS_15__element_countEm
[2m[DEBUG][0m ANALYZE [USER]: _ZNKSt3__19allocatorIPN4Json5ValueEE8max_sizeB8ne210108Ev
[2m[DEBUG][0m ANALYZE [USER]: _ZNSt3__114__split_bufferIPPN4Json5ValueENS_9allocatorIS4_EEE19__destruct_at_beginB8ne210108EPS4_
[2m[DEBUG][0m ANALYZE [USER]: _ZNSt3__114__split_bufferIPPN4Json5ValueENS_9allocatorIS4_EEE19__destruct_at_beginEPS4_NS_17integral_constantIbLb1EEE
[2m[DEBUG][0m ANALYZE [USER]: _ZNKSt3__15dequeIPN4Json5ValueENS_9allocatorIS3_EEE10__capacityB8ne210108Ev
[2m[DEBUG][0m ANALYZE [USER]: _ZNSt3__15dequeIPN4Json5ValueENS_9allocatorIS3_EEE8pop_backEv
[2m[DEBUG][0m ANALYZE [USER]: _ZNSt3__112__to_addressB8ne210108IPN4Json5ValueEEEPT_S5_
[2m[DEBUG][0m ANALYZE [USER]: _ZNSt3__116allocator_traitsINS_9allocatorIPN4Json5ValueEEEE7destroyB8ne210108IS4_TnNS_9enable_ifIX15__has_destroy_vIS5_PT_EEiE4typeELi0EEEvRS5_SA_
[2m[DEBUG][0m ANALYZE [USER]: _ZNKSt3__15dequeIPN4Json5ValueENS_9allocatorIS3_EEE22__annotate_shrink_backB8ne210108Emm
[2m[DEBUG][0m ANALYZE [USER]: _ZNSt3__15dequeIPN4Json5ValueENS_9allocatorIS3_EEE25__maybe_remove_back_spareB8ne210108Eb
[2m[DEBUG][0m ANALYZE [USER]: _ZNKSt3__15dequeIPN4Json5ValueENS_9allocatorIS3_EEE19__back_spare_blocksB8ne210108Ev
[2m[DEBUG][0m ANALYZE [USER]: _ZNSt3__114__split_bufferIPPN4Json5ValueENS_9allocatorIS4_EEE4backB8ne210108Ev
[2m[DEBUG][0m ANALYZE [USER]: _ZNSt3__114__split_bufferIPPN4Json5ValueENS_9allocatorIS4_EEE8pop_backB8ne210108Ev
[2m[DEBUG][0m ANALYZE [USER]: _ZNSt3__114__split_bufferIPPN4Json5ValueENS_9allocatorIS4_EEE17__destruct_at_endB8ne210108EPS4_
[2m[DEBUG][0m ANALYZE [USER]: _ZNSt3__114__split_bufferIPPN4Json5ValueENS_9allocatorIS4_EEE17__destruct_at_endB8ne210108EPS4_NS_17integral_constantIbLb0EEE
[2m[DEBUG][0m ANALYZE [USER]: _ZNSt3__19allocatorIPN4Json5ValueEE7destroyB8ne210108EPS3_
[2m[DEBUG][0m ANALYZE [USER]: _ZNKSt3__15dequeIPN4Json5ValueENS_9allocatorIS3_EEE5emptyB8ne210108Ev
[2m[DEBUG][0m ANALYZE [USER]: _ZN4Json13OurCharReaderD2Ev
[2m[DEBUG][0m ANALYZE [USER]: _ZN4Json9OurReaderD1Ev
[2m[DEBUG][0m ANALYZE [USER]: _ZN4Json10CharReaderD2Ev
[2m[DEBUG][0m ANALYZE [USER]: _ZN4Json9OurReaderD2Ev
[2m[DEBUG][0m ANALYZE [USER]: _ZNSt3__15dequeIN4Json9OurReader9ErrorInfoENS_9allocatorIS3_EEED1B8ne210108Ev
[2m[DEBUG][0m ANALYZE [USER]: _ZNSt3__15stackIPN4Json5ValueENS_5dequeIS3_NS_9allocatorIS3_EEEEED1Ev
[2m[DEBUG][0m ANALYZE [USER]: _ZNSt3__15stackIPN4Json5ValueENS_5dequeIS3_NS_9allocatorIS3_EEEEED2Ev
[2m[DEBUG][0m ANALYZE [USER]: _ZNSt3__15dequeIPN4Json5ValueENS_9allocatorIS3_EEED1B8ne210108Ev
[2m[DEBUG][0m ANALYZE [USER]: _ZNSt3__15dequeIPN4Json5ValueENS_9allocatorIS3_EEED2B8ne210108Ev
[2m[DEBUG][0m ANALYZE [USER]: _ZNSt3__15dequeIPN4Json5ValueENS_9allocatorIS3_EEE5clearEv
[2m[DEBUG][0m ANALYZE [USER]: _ZNKSt3__15dequeIPN4Json5ValueENS_9allocatorIS3_EEE17__annotate_deleteB8ne210108Ev
[2m[DEBUG][0m ANALYZE [USER]: _ZNSt3__114__split_bufferIPPN4Json5ValueENS_9allocatorIS4_EEED1Ev
[2m[DEBUG][0m ANALYZE [USER]: _ZNSt3__114__split_bufferIPPN4Json5ValueENS_9allocatorIS4_EEED2Ev
[2m[DEBUG][0m ANALYZE [USER]: _ZNSt3__114__split_bufferIPPN4Json5ValueENS_9allocatorIS4_EEE5clearB8ne210108Ev
[2m[DEBUG][0m ANALYZE [USER]: _ZNSt3__15dequeIPN4Json5ValueENS_9allocatorIS3_EEE5beginB8ne210108Ev
[2m[DEBUG][0m ANALYZE [USER]: _ZNSt3__1neB8ne210108ERKNS_16__deque_iteratorIPN4Json5ValueEPS3_RS3_PS4_lLl512EEES9_
[2m[DEBUG][0m ANALYZE [USER]: _ZNSt3__116__deque_iteratorIPN4Json5ValueEPS3_RS3_PS4_lLl512EEppB8ne210108Ev
[2m[DEBUG][0m ANALYZE [USER]: _ZNSt3__1eqB8ne210108ERKNS_16__deque_iteratorIPN4Json5ValueEPS3_RS3_PS4_lLl512EEES9_
[2m[DEBUG][0m ANALYZE [USER]: _ZNSt3__15dequeIN4Json9OurReader9ErrorInfoENS_9allocatorIS3_EEED2B8ne210108Ev
[2m[DEBUG][0m ANALYZE [USER]: _ZNSt3__114__split_bufferIPN4Json9OurReader9ErrorInfoENS_9allocatorIS4_EEED1Ev
[2m[DEBUG][0m ANALYZE [USER]: _ZNSt3__114__split_bufferIPN4Json9OurReader9ErrorInfoENS_9allocatorIS4_EEED2Ev
[2m[DEBUG][0m ANALYZE [USER]: _ZNSt3__114__split_bufferIPN4Json9OurReader9ErrorInfoENS_9allocatorIS4_EEE5clearB8ne210108Ev
[2m[DEBUG][0m ANALYZE [USER]: _ZN4Json10CharReaderD1Ev
[2m[DEBUG][0m ANALYZE [USER]: _ZN4Json10CharReaderD0Ev
[2m[DEBUG][0m ANALYZE [USER]: _ZN4Json17CharReaderBuilderD2Ev
[2m[DEBUG][0m ANALYZE [USER]: _ZN4Json10CharReader7FactoryD2Ev
[2m[DEBUG][0m ANALYZE [USER]: _ZN4Json8FeaturesC2Ev
[2m[DEBUG][0m ANALYZE [USER]: _ZN4Json8FeaturesC1Ev
[2m[DEBUG][0m ANALYZE [USER]: _ZN4Json8Features3allEv
[2m[DEBUG][0m ANALYZE [USER]: _ZN4Json8Features10strictModeEv
[2m[DEBUG][0m ANALYZE [USER]: _ZN4Json6Reader15containsNewLineEPKcS2_
[2m[DEBUG][0m ANALYZE [USER]: _ZNSt3__16any_ofB8ne210108IPKcZN4Json6Reader15containsNewLineES2_S2_E3$_0EEbT_S6_T0_
[2m[DEBUG][0m ANALYZE [USER]: _ZNSt3__18__any_ofB8ne210108IPKcS2_NS_10__identityEZN4Json6Reader15containsNewLineES2_S2_E3$_0EEbT_T0_RT2_RT1_
[2m[DEBUG][0m ANALYZE [USER]: _ZNSt3__18__invokeB8ne210108IJRZN4Json6Reader15containsNewLineEPKcS4_E3$_0RS3_EEENS_20__invoke_result_implIvJDpT_EE4typeEDpOS9_
[2m[DEBUG][0m ANALYZE [USER]: _ZZN4Json6Reader15containsNewLineEPKcS2_ENK3$_0clEc
[2m[DEBUG][0m ANALYZE [USER]: _ZN4Json6ReaderC2Ev
[2m[DEBUG][0m ANALYZE [USER]: _ZNSt3__15dequeIN4Json6Reader9ErrorInfoENS_9allocatorIS3_EEEC1B8ne210108Ev
[2m[DEBUG][0m ANALYZE [USER]: _ZNSt3__15dequeIN4Json6Reader9ErrorInfoENS_9allocatorIS3_EEEC2B8ne210108Ev
[2m[DEBUG][0m ANALYZE [USER]: _ZNSt3__114__split_bufferIPN4Json6Reader9ErrorInfoENS_9allocatorIS4_EEEC1B8ne210108Ev
[2m[DEBUG][0m ANALYZE [USER]: _ZNSt3__19allocatorIN4Json6Reader9ErrorInfoEEC1B8ne210108Ev
[2m[DEBUG][0m ANALYZE [USER]: _ZNKSt3__15dequeIN4Json6Reader9ErrorInfoENS_9allocatorIS3_EEE14__annotate_newB8ne210108Em
[2m[DEBUG][0m ANALYZE [USER]: _ZNSt3__19allocatorIN4Json6Reader9ErrorInfoEEC2B8ne210108Ev
[2m[DEBUG][0m ANALYZE [USER]: _ZNSt3__116__non_trivial_ifILb1ENS_9allocatorIN4Json6Reader9ErrorInfoEEEEC2B8ne210108Ev
[2m[DEBUG][0m ANALYZE [USER]: _ZNSt3__114__split_bufferIPN4Json6Reader9ErrorInfoENS_9allocatorIS4_EEEC2B8ne210108Ev
[2m[DEBUG][0m ANALYZE [USER]: _ZNSt3__19allocatorIPN4Json6Reader9ErrorInfoEEC1B8ne210108Ev
[2m[DEBUG][0m ANALYZE [USER]: _ZNSt3__19allocatorIPN4Json6Reader9ErrorInfoEEC2B8ne210108Ev
[2m[DEBUG][0m ANALYZE [USER]: _ZNSt3__116__non_trivial_ifILb1ENS_9allocatorIPN4Json6Reader9ErrorInfoEEEEC2B8ne210108Ev
[2m[DEBUG][0m ANALYZE [USER]: _ZN4Json6ReaderC1Ev
[2m[DEBUG][0m ANALYZE [USER]: _ZN4Json6ReaderC2ERKNS_8FeaturesE
[2m[DEBUG][0m ANALYZE [USER]: _ZN4Json6ReaderC1ERKNS_8FeaturesE
[2m[DEBUG][0m NOISE-SKIP [COMPILER_GEN]: _ZN4Json6Reader5parseERKNSt3__112basic_stringIcNS1_11char_traitsIcEENS1_9allocatorIcEEEERNS_5ValueEb
[2m[DEBUG][0m NOISE-SKIP [COMPILER_GEN]: _ZNKSt3__112basic_stringIcNS_11char_traitsIcEENS_9allocatorIcEEE5beginB8ne210108Ev
[2m[DEBUG][0m NOISE-SKIP [COMPILER_GEN]: _ZNKSt3__112basic_stringIcNS_11char_traitsIcEENS_9allocatorIcEEE3endB8ne210108Ev
[2m[DEBUG][0m NOISE-SKIP [COMPILER_GEN]: _ZNSt3__112basic_stringIcNS_11char_traitsIcEENS_9allocatorIcEEE6assignB8ne210108INS_11__wrap_iterIPKcEETnNS_9enable_ifIXsr31__has_forward_iterator_categoryIT_EE5valueEiE4typeELi0EEERS5_SC_SC_
[2m[DEBUG][0m NOISE-SKIP [COMPILER_GEN]: _ZNKSt3__112basic_stringIcNS_11char_traitsIcEENS_9allocatorIcEEE5c_strB8ne210108Ev
[2m[DEBUG][0m ANALYZE [USER]: _ZN4Json6Reader5parseEPKcS2_RNS_5ValueEb
[2m[DEBUG][0m ANALYZE [USER]: _ZNSt3__15dequeIN4Json6Reader9ErrorInfoENS_9allocatorIS3_EEE5clearEv
[2m[DEBUG][0m ANALYZE [USER]: _ZN4Json6Reader9readValueEv
[2m[DEBUG][0m ANALYZE [USER]: _ZN4Json6Reader17skipCommentTokensERNS0_5TokenE
[2m[DEBUG][0m NOISE-SKIP [COMPILER_GEN]: _ZN4Json6Reader8addErrorERKNSt3__112basic_stringIcNS1_11char_traitsIcEENS1_9allocatorIcEEEERNS0_5TokenEPKc
[2m[DEBUG][0m ANALYZE [USER]: _ZN4Json6Reader9ErrorInfoC1Ev
[2m[DEBUG][0m ANALYZE [USER]: _ZNSt3__15dequeIN4Json6Reader9ErrorInfoENS_9allocatorIS3_EEE9push_backERKS3_
[2m[DEBUG][0m ANALYZE [USER]: _ZN4Json6Reader9ErrorInfoD1Ev
[2m[DEBUG][0m ANALYZE [USER]: _ZN4Json6Reader9ErrorInfoD2Ev
[2m[DEBUG][0m ANALYZE [USER]: _ZNSt3__15dequeIN4Json6Reader9ErrorInfoENS_9allocatorIS3_EEE7__allocB8ne210108Ev
[2m[DEBUG][0m ANALYZE [USER]: _ZNKSt3__15dequeIN4Json6Reader9ErrorInfoENS_9allocatorIS3_EEE12__back_spareB8ne210108Ev
[2m[DEBUG][0m ANALYZE [USER]: _ZNSt3__15dequeIN4Json6Reader9ErrorInfoENS_9allocatorIS3_EEE19__add_back_capacityEv
[2m[DEBUG][0m ANALYZE [USER]: _ZNKSt3__15dequeIN4Json6Reader9ErrorInfoENS_9allocatorIS3_EEE24__annotate_increase_backB8ne210108Em
[2m[DEBUG][0m ANALYZE [USER]: _ZNSt3__15dequeIN4Json6Reader9ErrorInfoENS_9allocatorIS3_EEE3endB8ne210108Ev
[2m[DEBUG][0m ANALYZE [USER]: _ZNKSt3__116__deque_iteratorIN4Json6Reader9ErrorInfoEPS3_RS3_PS4_lLl73EEdeB8ne210108Ev
[2m[DEBUG][0m ANALYZE [USER]: _ZNSt3__116allocator_traitsINS_9allocatorIN4Json6Reader9ErrorInfoEEEE9constructB8ne210108IS4_JRKS4_ETnNS_9enable_ifIX17__has_construct_vIS5_PT_DpT0_EEiE4typeELi0EEEvRS5_SC_DpOSD_
[2m[DEBUG][0m ANALYZE [USER]: _ZNSt3__15dequeIN4Json6Reader9ErrorInfoENS_9allocatorIS3_EEE6__sizeB8ne210108Ev
[2m[DEBUG][0m ANALYZE [USER]: _ZNSt3__19allocatorIN4Json6Reader9ErrorInfoEE9constructB8ne210108IS3_JRKS3_EEEvPT_DpOT0_
[2m[DEBUG][0m ANALYZE [USER]: _ZN4Json6Reader9ErrorInfoC1ERKS1_
[2m[DEBUG][0m ANALYZE [USER]: _ZN4Json6Reader9ErrorInfoC2ERKS1_
[2m[DEBUG][0m ANALYZE [USER]: _ZNKSt3__15dequeIN4Json6Reader9ErrorInfoENS_9allocatorIS3_EEE4sizeB8ne210108Ev
[2m[DEBUG][0m ANALYZE [USER]: _ZNSt3__114__split_bufferIPN4Json6Reader9ErrorInfoENS_9allocatorIS4_EEE5beginB8ne210108Ev
[2m[DEBUG][0m ANALYZE [USER]: _ZNKSt3__114__split_bufferIPN4Json6Reader9ErrorInfoENS_9allocatorIS4_EEE5emptyB8ne210108Ev
[2m[DEBUG][0m ANALYZE [USER]: _ZNSt3__116__deque_iteratorIN4Json6Reader9ErrorInfoEPS3_RS3_PS4_lLl73EEC1B8ne210108ES6_S4_
[2m[DEBUG][0m ANALYZE [USER]: _ZNSt3__116__deque_iteratorIN4Json6Reader9ErrorInfoEPS3_RS3_PS4_lLl73EEC2B8ne210108ES6_S4_
[2m[DEBUG][0m ANALYZE [USER]: _ZNKSt3__15dequeIN4Json6Reader9ErrorInfoENS_9allocatorIS3_EEE6__sizeB8ne210108Ev
[2m[DEBUG][0m ANALYZE [USER]: _ZNKSt3__15dequeIN4Json6Reader9ErrorInfoENS_9allocatorIS3_EEE13__front_spareB8ne210108Ev
[2m[DEBUG][0m ANALYZE [USER]: _ZNSt3__114__split_bufferIPN4Json6Reader9ErrorInfoENS_9allocatorIS4_EEE5frontB8ne210108Ev
[2m[DEBUG][0m ANALYZE [USER]: _ZNSt3__114__split_bufferIPN4Json6Reader9ErrorInfoENS_9allocatorIS4_EEE9pop_frontB8ne210108Ev
[2m[DEBUG][0m ANALYZE [USER]: _ZNSt3__114__split_bufferIPN4Json6Reader9ErrorInfoENS_9allocatorIS4_EEE12emplace_backIJRS4_EEEvDpOT_
[2m[DEBUG][0m ANALYZE [USER]: _ZNKSt3__114__split_bufferIPN4Json6Reader9ErrorInfoENS_9allocatorIS4_EEE4sizeB8ne210108Ev
[2m[DEBUG][0m ANALYZE [USER]: _ZNKSt3__114__split_bufferIPN4Json6Reader9ErrorInfoENS_9allocatorIS4_EEE8capacityB8ne210108Ev
[2m[DEBUG][0m ANALYZE [USER]: _ZNKSt3__114__split_bufferIPN4Json6Reader9ErrorInfoENS_9allocatorIS4_EEE12__back_spareB8ne210108Ev
[2m[DEBUG][0m ANALYZE [USER]: _ZNSt3__116allocator_traitsINS_9allocatorIN4Json6Reader9ErrorInfoEEEE8allocateB8ne210108ERS5_m
[2m[DEBUG][0m ANALYZE [USER]: _ZNSt3__114__split_bufferIPN4Json6Reader9ErrorInfoENS_9allocatorIS4_EEE12emplace_backIJS4_EEEvDpOT_
[2m[DEBUG][0m ANALYZE [USER]: _ZNSt3__114__split_bufferIPN4Json6Reader9ErrorInfoENS_9allocatorIS4_EEE13emplace_frontIJS4_EEEvDpOT_
[2m[DEBUG][0m ANALYZE [USER]: _ZNKSt3__15dequeIN4Json6Reader9ErrorInfoENS_9allocatorIS3_EEE22__annotate_whole_blockB8ne210108EmNS6_22__asan_annotation_typeE
[2m[DEBUG][0m ANALYZE [USER]: _ZNSt3__114__split_bufferIPN4Json6Reader9ErrorInfoERNS_9allocatorIS4_EEEC1EmmS7_
[2m[DEBUG][0m ANALYZE [USER]: _ZNSt3__122__allocator_destructorINS_9allocatorIN4Json6Reader9ErrorInfoEEEEC1B8ne210108ERS5_m
[2m[DEBUG][0m ANALYZE [USER]: _ZNSt3__110unique_ptrIPN4Json6Reader9ErrorInfoENS_22__allocator_destructorINS_9allocatorIS3_EEEEEC1B8ne210108ILb1EvEES4_NS_16__dependent_typeINS_27__unique_ptr_deleter_sfinaeIS8_EEXT_EE20__good_rval_ref_typeE
[2m[DEBUG][0m ANALYZE [USER]: _ZNKSt3__110unique_ptrIPN4Json6Reader9ErrorInfoENS_22__allocator_destructorINS_9allocatorIS3_EEEEE3getB8ne210108Ev
[2m[DEBUG][0m ANALYZE [USER]: _ZNSt3__114__split_bufferIPN4Json6Reader9ErrorInfoERNS_9allocatorIS4_EEE12emplace_backIJS4_EEEvDpOT_
[2m[DEBUG][0m ANALYZE [USER]: _ZNSt3__110unique_ptrIPN4Json6Reader9ErrorInfoENS_22__allocator_destructorINS_9allocatorIS3_EEEEE7releaseB8ne210108Ev
[2m[DEBUG][0m ANALYZE [USER]: _ZNSt3__114__split_bufferIPN4Json6Reader9ErrorInfoENS_9allocatorIS4_EEE3endB8ne210108Ev
[2m[DEBUG][0m ANALYZE [USER]: _ZNSt3__114__split_bufferIPN4Json6Reader9ErrorInfoERNS_9allocatorIS4_EEE13emplace_frontIJRS4_EEEvDpOT_
[2m[DEBUG][0m ANALYZE [USER]: _ZNSt3__110unique_ptrIPN4Json6Reader9ErrorInfoENS_22__allocator_destructorINS_9allocatorIS3_EEEEED1B8ne210108Ev
[2m[DEBUG][0m ANALYZE [USER]: _ZNSt3__14swapB8ne210108IPPN4Json6Reader9ErrorInfoEEENS_9enable_ifIXaasr21is_move_constructibleIT_EE5valuesr18is_move_assignableIS7_EE5valueEvE4typeERS7_SA_
[2m[DEBUG][0m ANALYZE [USER]: _ZNSt3__114__split_bufferIPN4Json6Reader9ErrorInfoERNS_9allocatorIS4_EEED1Ev
[2m[DEBUG][0m ANALYZE [USER]: _ZNSt3__114__split_bufferIPN4Json6Reader9ErrorInfoERNS_9allocatorIS4_EEED2Ev
[2m[DEBUG][0m ANALYZE [USER]: _ZNSt3__114__split_bufferIPN4Json6Reader9ErrorInfoERNS_9allocatorIS4_EEE5clearB8ne210108Ev
[2m[DEBUG][0m ANALYZE [USER]: _ZNKSt3__114__split_bufferIPN4Json6Reader9ErrorInfoERNS_9allocatorIS4_EEE8capacityB8ne210108Ev
[2m[DEBUG][0m ANALYZE [USER]: _ZNSt3__116allocator_traitsINS_9allocatorIPN4Json6Reader9ErrorInfoEEEE10deallocateB8ne210108ERS6_PS5_m
[2m[DEBUG][0m ANALYZE [USER]: _ZNSt3__19allocatorIPN4Json6Reader9ErrorInfoEE10deallocateB8ne210108EPS4_m
[2m[DEBUG][0m ANALYZE [USER]: _ZNSt3__119__libcpp_deallocateB8ne210108IPN4Json6Reader9ErrorInfoEEEvPNS_15__type_identityIT_E4typeENS_15__element_countEm
[2m[DEBUG][0m ANALYZE [USER]: _ZNSt3__114__split_bufferIPN4Json6Reader9ErrorInfoERNS_9allocatorIS4_EEE17__destruct_at_endB8ne210108EPS4_
[2m[DEBUG][0m ANALYZE [USER]: _ZNSt3__114__split_bufferIPN4Json6Reader9ErrorInfoERNS_9allocatorIS4_EEE17__destruct_at_endB8ne210108EPS4_NS_17integral_constantIbLb0EEE
[2m[DEBUG][0m ANALYZE [USER]: _ZNSt3__112__to_addressB8ne210108IPN4Json6Reader9ErrorInfoEEEPT_S6_
[2m[DEBUG][0m ANALYZE [USER]: _ZNSt3__116allocator_traitsINS_9allocatorIPN4Json6Reader9ErrorInfoEEEE7destroyB8ne210108IS5_TnNS_9enable_ifIX15__has_destroy_vIS6_PT_EEiE4typeELi0EEEvRS6_SB_
[2m[DEBUG][0m ANALYZE [USER]: _ZNSt3__19allocatorIPN4Json6Reader9ErrorInfoEE7destroyB8ne210108EPS4_
[2m[DEBUG][0m ANALYZE [USER]: _ZNSt3__110unique_ptrIPN4Json6Reader9ErrorInfoENS_22__allocator_destructorINS_9allocatorIS3_EEEEED2B8ne210108Ev
[2m[DEBUG][0m ANALYZE [USER]: _ZNSt3__110unique_ptrIPN4Json6Reader9ErrorInfoENS_22__allocator_destructorINS_9allocatorIS3_EEEEE5resetB8ne210108ES4_
[2m[DEBUG][0m ANALYZE [USER]: _ZNSt3__122__allocator_destructorINS_9allocatorIN4Json6Reader9ErrorInfoEEEEclB8ne210108EPS4_
[2m[DEBUG][0m ANALYZE [USER]: _ZNSt3__116allocator_traitsINS_9allocatorIN4Json6Reader9ErrorInfoEEEE10deallocateB8ne210108ERS5_PS4_m
[2m[DEBUG][0m ANALYZE [USER]: _ZNSt3__19allocatorIN4Json6Reader9ErrorInfoEE10deallocateB8ne210108EPS3_m
[2m[DEBUG][0m ANALYZE [USER]: _ZNSt3__119__libcpp_deallocateB8ne210108IN4Json6Reader9ErrorInfoEEEvPNS_15__type_identityIT_E4typeENS_15__element_countEm
[2m[DEBUG][0m ANALYZE [USER]: _ZNSt3__113move_backwardB8ne210108IPPN4Json6Reader9ErrorInfoES5_EET0_T_S7_S6_
[2m[DEBUG][0m ANALYZE [USER]: _ZNSt3__113move_iteratorIPPN4Json6Reader9ErrorInfoEEC1B8ne210108ES5_
[2m[DEBUG][0m ANALYZE [USER]: _ZNSt3__114__split_bufferIPN4Json6Reader9ErrorInfoERNS_9allocatorIS4_EEE18__construct_at_endINS_13move_iteratorIPS4_EETnNS_9enable_ifIXsr31__has_forward_iterator_categoryIT_EE5valueEiE4typeELi0EEEvSE_SE_
[2m[DEBUG][0m ANALYZE [USER]: _ZNSt3__116allocator_traitsINS_9allocatorIPN4Json6Reader9ErrorInfoEEEE9constructB8ne210108IS5_JRS5_ETnNS_9enable_ifIX17__has_construct_vIS6_PT_DpT0_EEiE4typeELi0EEEvRS6_SC_DpOSD_
[2m[DEBUG][0m ANALYZE [USER]: _ZNSt3__19allocatorIPN4Json6Reader9ErrorInfoEE9constructB8ne210108IS4_JRS4_EEEvPT_DpOT0_
[2m[DEBUG][0m ANALYZE [USER]: _ZNSt3__18distanceB8ne210108INS_13move_iteratorIPPN4Json6Reader9ErrorInfoEEEEENS_15iterator_traitsIT_E15difference_typeES9_S9_
[2m[DEBUG][0m ANALYZE [USER]: _ZNSt3__114__split_bufferIPN4Json6Reader9ErrorInfoERNS_9allocatorIS4_EEE28__construct_at_end_with_sizeINS_13move_iteratorIPS4_EEEEvT_m
[2m[DEBUG][0m ANALYZE [USER]: _ZNSt3__114__split_bufferIPN4Json6Reader9ErrorInfoERNS_9allocatorIS4_EEE21_ConstructTransactionC1B8ne210108EPPS4_m
[2m[DEBUG][0m ANALYZE [USER]: _ZNKSt3__113move_iteratorIPPN4Json6Reader9ErrorInfoEEdeB8ne210108Ev
[2m[DEBUG][0m ANALYZE [USER]: _ZNSt3__116allocator_traitsINS_9allocatorIPN4Json6Reader9ErrorInfoEEEE9constructB8ne210108IS5_JS5_ETnNS_9enable_ifIX17__has_construct_vIS6_PT_DpT0_EEiE4typeELi0EEEvRS6_SB_DpOSC_
[2m[DEBUG][0m ANALYZE [USER]: _ZNSt3__113move_iteratorIPPN4Json6Reader9ErrorInfoEEppB8ne210108Ev
[2m[DEBUG][0m ANALYZE [USER]: _ZNSt3__114__split_bufferIPN4Json6Reader9ErrorInfoERNS_9allocatorIS4_EEE21_ConstructTransactionD1B8ne210108Ev
[2m[DEBUG][0m ANALYZE [USER]: _ZNSt3__114__split_bufferIPN4Json6Reader9ErrorInfoERNS_9allocatorIS4_EEE21_ConstructTransactionD2B8ne210108Ev
[2m[DEBUG][0m ANALYZE [USER]: _ZNSt3__19allocatorIPN4Json6Reader9ErrorInfoEE9constructB8ne210108IS4_JS4_EEEvPT_DpOT0_
[2m[DEBUG][0m ANALYZE [USER]: _ZNSt3__114__split_bufferIPN4Json6Reader9ErrorInfoERNS_9allocatorIS4_EEE21_ConstructTransactionC2B8ne210108EPPS4_m
[2m[DEBUG][0m ANALYZE [USER]: _ZNSt3__110__distanceB8ne210108INS_13move_iteratorIPPN4Json6Reader9ErrorInfoEEEEENS_15iterator_traitsIT_E15difference_typeES9_S9_NS_26random_access_iterator_tagE
[2m[DEBUG][0m ANALYZE [USER]: _ZNSt3__1miB8ne210108IPPN4Json6Reader9ErrorInfoES5_EEDTmicldtfp_4baseEcldtfp0_4baseEERKNS_13move_iteratorIT_EERKNS7_IT0_EE
[2m[DEBUG][0m ANALYZE [USER]: _ZNKSt3__113move_iteratorIPPN4Json6Reader9ErrorInfoEE4baseB8ne210108Ev
[2m[DEBUG][0m ANALYZE [USER]: _ZNSt3__113move_iteratorIPPN4Json6Reader9ErrorInfoEEC2B8ne210108ES5_
[2m[DEBUG][0m ANALYZE [USER]: _ZNSt3__115__move_backwardB8ne210108INS_17_ClassicAlgPolicyEPPN4Json6Reader9ErrorInfoES6_S6_EENS_4pairIT0_T2_EES8_T1_S9_
[2m[DEBUG][0m ANALYZE [USER]: _ZNSt3__124__copy_move_unwrap_itersB8ne210108INS_20__move_backward_implINS_17_ClassicAlgPolicyEEEPPN4Json6Reader9ErrorInfoES8_S8_TnNS_9enable_ifIXsr12__can_rewrapIT0_T2_EE5valueEiE4typeELi0EEENS_4pairISA_SB_EESA_T1_SB_
[2m[DEBUG][0m ANALYZE [USER]: _ZNSt3__114__unwrap_rangeB8ne210108IPPN4Json6Reader9ErrorInfoES5_EENS_4pairIT0_S7_EET_S9_
[2m[DEBUG][0m ANALYZE [USER]: _ZNSt3__113__unwrap_iterB8ne210108IPPN4Json6Reader9ErrorInfoENS_18__unwrap_iter_implIS5_Lb1EEETnNS_9enable_ifIXsr21is_copy_constructibleIT_EE5valueEiE4typeELi0EEEDTclsrT0_8__unwrapclsr3stdE7declvalIS9_EEEES9_
[2m[DEBUG][0m ANALYZE [USER]: _ZNKSt3__120__move_backward_implINS_17_ClassicAlgPolicyEEclB8ne210108IPN4Json6Reader9ErrorInfoES7_TnNS_9enable_ifIXsr38__can_lower_move_assignment_to_memmoveIT_T0_EE5valueEiE4typeELi0EEENS_4pairIPS9_PSA_EESE_SE_SF_
[2m[DEBUG][0m ANALYZE [USER]: _ZNSt3__114__rewrap_rangeB8ne210108IPPN4Json6Reader9ErrorInfoES5_EET_S6_T0_
[2m[DEBUG][0m ANALYZE [USER]: _ZNSt3__113__rewrap_iterB8ne210108IPPN4Json6Reader9ErrorInfoES5_NS_18__unwrap_iter_implIS5_Lb1EEEEET_S8_T0_
[2m[DEBUG][0m ANALYZE [USER]: _ZNSt3__19make_pairB8ne210108IPPN4Json6Reader9ErrorInfoES5_EENS_4pairINS_18__unwrap_referenceIu7__decayIT_EE4typeENS7_Iu7__decayIT0_EE4typeEEEOS8_OSC_
[2m[DEBUG][0m ANALYZE [USER]: _ZNSt3__14pairIPPN4Json6Reader9ErrorInfoES5_EC1B8ne210108IS5_S5_TnNS_9enable_ifIXclsr25__check_pair_constructionIS5_S5_EE23__is_pair_constructibleIT_T0_EEEiE4typeELi0EEEOS9_OSA_
[2m[DEBUG][0m ANALYZE [USER]: _ZNSt3__14pairIPPN4Json6Reader9ErrorInfoES5_EC2B8ne210108IS5_S5_TnNS_9enable_ifIXclsr25__check_pair_constructionIS5_S5_EE23__is_pair_constructibleIT_T0_EEEiE4typeELi0EEEOS9_OSA_
[2m[DEBUG][0m ANALYZE [USER]: _ZNSt3__118__unwrap_iter_implIPPN4Json6Reader9ErrorInfoELb1EE8__rewrapB8ne210108ES5_S5_
[2m[DEBUG][0m ANALYZE [USER]: _ZNSt3__128__copy_backward_trivial_implB8ne210108IPN4Json6Reader9ErrorInfoES4_EENS_4pairIPT_PT0_EES7_S7_S9_
[2m[DEBUG][0m ANALYZE [USER]: _ZNSt3__119__constexpr_memmoveB8ne210108IPN4Json6Reader9ErrorInfoES4_EEPT_S6_PT0_NS_15__element_countE
[2m[DEBUG][0m ANALYZE [USER]: _ZNSt3__19make_pairB8ne210108IRPPN4Json6Reader9ErrorInfoES6_EENS_4pairINS_18__unwrap_referenceIu7__decayIT_EE4typeENS8_Iu7__decayIT0_EE4typeEEEOS9_OSD_
[2m[DEBUG][0m ANALYZE [USER]: _ZNSt3__14pairIPPN4Json6Reader9ErrorInfoES5_EC1B8ne210108IRS5_S8_TnNS_9enable_ifIXclsr25__check_pair_constructionIS5_S5_EE23__is_pair_constructibleIT_T0_EEEiE4typeELi0EEEOSA_OSB_
[2m[DEBUG][0m ANALYZE [USER]: _ZNSt3__14pairIPPN4Json6Reader9ErrorInfoES5_EC2B8ne210108IRS5_S8_TnNS_9enable_ifIXclsr25__check_pair_constructionIS5_S5_EE23__is_pair_constructibleIT_T0_EEEiE4typeELi0EEEOSA_OSB_
[2m[DEBUG][0m ANALYZE [USER]: _ZNSt3__118__unwrap_iter_implIPPN4Json6Reader9ErrorInfoELb1EE8__unwrapB8ne210108ES5_
[2m[DEBUG][0m ANALYZE [USER]: _ZNSt3__14moveB8ne210108IPPN4Json6Reader9ErrorInfoES5_EET0_T_S7_S6_
[2m[DEBUG][0m ANALYZE [USER]: _ZNSt3__16__moveB8ne210108INS_17_ClassicAlgPolicyEPPN4Json6Reader9ErrorInfoES6_S6_EENS_4pairIT0_T2_EES8_T1_S9_
[2m[DEBUG][0m ANALYZE [USER]: _ZNSt3__124__copy_move_unwrap_itersB8ne210108INS_11__move_implINS_17_ClassicAlgPolicyEEEPPN4Json6Reader9ErrorInfoES8_S8_TnNS_9enable_ifIXsr12__can_rewrapIT0_T2_EE5valueEiE4typeELi0EEENS_4pairISA_SB_EESA_T1_SB_
[2m[DEBUG][0m ANALYZE [USER]: _ZNKSt3__111__move_implINS_17_ClassicAlgPolicyEEclB8ne210108IPN4Json6Reader9ErrorInfoES7_TnNS_9enable_ifIXsr38__can_lower_move_assignment_to_memmoveIT_T0_EE5valueEiE4typeELi0EEENS_4pairIPS9_PSA_EESE_SE_SF_
[2m[DEBUG][0m ANALYZE [USER]: _ZNSt3__119__copy_trivial_implB8ne210108IPN4Json6Reader9ErrorInfoES4_EENS_4pairIPT_PT0_EES7_S7_S9_
[2m[DEBUG][0m ANALYZE [USER]: _ZNSt3__19make_pairB8ne210108IRPPN4Json6Reader9ErrorInfoES5_EENS_4pairINS_18__unwrap_referenceIu7__decayIT_EE4typeENS8_Iu7__decayIT0_EE4typeEEEOS9_OSD_
[2m[DEBUG][0m ANALYZE [USER]: _ZNSt3__14pairIPPN4Json6Reader9ErrorInfoES5_EC1B8ne210108IRS5_S5_TnNS_9enable_ifIXclsr25__check_pair_constructionIS5_S5_EE23__is_pair_constructibleIT_T0_EEEiE4typeELi0EEEOSA_OSB_
[2m[DEBUG][0m ANALYZE [USER]: _ZNSt3__14pairIPPN4Json6Reader9ErrorInfoES5_EC2B8ne210108IRS5_S5_TnNS_9enable_ifIXclsr25__check_pair_constructionIS5_S5_EE23__is_pair_constructibleIT_T0_EEEiE4typeELi0EEEOSA_OSB_
[2m[DEBUG][0m ANALYZE [USER]: _ZNSt3__110unique_ptrIPN4Json6Reader9ErrorInfoENS_22__allocator_destructorINS_9allocatorIS3_EEEEEC2B8ne210108ILb1EvEES4_NS_16__dependent_typeINS_27__unique_ptr_deleter_sfinaeIS8_EEXT_EE20__good_rval_ref_typeE
[2m[DEBUG][0m ANALYZE [USER]: _ZNSt3__122__allocator_destructorINS_9allocatorIN4Json6Reader9ErrorInfoEEEEC2B8ne210108ERS5_m
[2m[DEBUG][0m ANALYZE [USER]: _ZNSt3__114__split_bufferIPN4Json6Reader9ErrorInfoERNS_9allocatorIS4_EEEC2EmmS7_
[2m[DEBUG][0m ANALYZE [USER]: _ZNSt3__119__allocate_at_leastB8ne210108INS_9allocatorIPN4Json6Reader9ErrorInfoEEEEENS_19__allocation_resultINS_16allocator_traitsIT_E7pointerEEERS9_m
[2m[DEBUG][0m ANALYZE [USER]: _ZNSt3__19allocatorIPN4Json6Reader9ErrorInfoEE8allocateB8ne210108Em
[2m[DEBUG][0m ANALYZE [USER]: _ZNSt3__116allocator_traitsINS_9allocatorIPN4Json6Reader9ErrorInfoEEEE8max_sizeB8ne210108IS6_TnNS_9enable_ifIX16__has_max_size_vIKT_EEiE4typeELi0EEEmRKS6_
[2m[DEBUG][0m ANALYZE [USER]: _ZNSt3__117__libcpp_allocateB8ne210108IPN4Json6Reader9ErrorInfoEEEPT_NS_15__element_countEm
[2m[DEBUG][0m ANALYZE [USER]: _ZNKSt3__19allocatorIPN4Json6Reader9ErrorInfoEE8max_sizeB8ne210108Ev
[2m[DEBUG][0m ANALYZE [USER]: _ZNSt3__19allocatorIN4Json6Reader9ErrorInfoEE8allocateB8ne210108Em
[2m[DEBUG][0m ANALYZE [USER]: _ZNSt3__116allocator_traitsINS_9allocatorIN4Json6Reader9ErrorInfoEEEE8max_sizeB8ne210108IS5_TnNS_9enable_ifIX16__has_max_size_vIKT_EEiE4typeELi0EEEmRKS5_
[2m[DEBUG][0m ANALYZE [USER]: _ZNSt3__117__libcpp_allocateB8ne210108IN4Json6Reader9ErrorInfoEEEPT_NS_15__element_countEm
[2m[DEBUG][0m ANALYZE [USER]: _ZNKSt3__19allocatorIN4Json6Reader9ErrorInfoEE8max_sizeB8ne210108Ev
[2m[DEBUG][0m ANALYZE [USER]: _ZNSt3__114__split_bufferIPN4Json6Reader9ErrorInfoENS_9allocatorIS4_EEE19__destruct_at_beginB8ne210108EPS4_
[2m[DEBUG][0m ANALYZE [USER]: _ZNSt3__114__split_bufferIPN4Json6Reader9ErrorInfoENS_9allocatorIS4_EEE19__destruct_at_beginEPS4_NS_17integral_constantIbLb1EEE
[2m[DEBUG][0m ANALYZE [USER]: _ZNKSt3__15dequeIN4Json6Reader9ErrorInfoENS_9allocatorIS3_EEE10__capacityB8ne210108Ev
[2m[DEBUG][0m ANALYZE [USER]: _ZN4Json6Reader9ErrorInfoC2Ev
[2m[DEBUG][0m ANALYZE [USER]: _ZN4Json6Reader9readTokenERNS0_5TokenE
[2m[DEBUG][0m ANALYZE [USER]: _ZN4Json6Reader10skipSpacesEv
[2m[DEBUG][0m ANALYZE [USER]: _ZN4Json6Reader11getNextCharEv
[2m[DEBUG][0m ANALYZE [USER]: _ZN4Json6Reader10readStringEv
[2m[DEBUG][0m ANALYZE [USER]: _ZN4Json6Reader11readCommentEv
[2m[DEBUG][0m ANALYZE [USER]: _ZN4Json6Reader10readNumberEv
[2m[DEBUG][0m ANALYZE [USER]: _ZN4Json6Reader5matchEPKci
[2m[DEBUG][0m ANALYZE [USER]: _ZN4Json6Reader17readCStyleCommentEv
[2m[DEBUG][0m ANALYZE [USER]: _ZN4Json6Reader19readCppStyleCommentEv
[2m[DEBUG][0m ANALYZE [USER]: _ZN4Json6Reader10addCommentEPKcS2_NS_16CommentPlacementE
[2m[DEBUG][0m ANALYZE [USER]: _ZN4Json6Reader12normalizeEOLEPKcS2_
[2m[DEBUG][0m ANALYZE [USER]: _ZN4Json6Reader12currentValueEv
[2m[DEBUG][0m ANALYZE [USER]: _ZN4Json6Reader10readObjectERNS0_5TokenE
[2m[DEBUG][0m ANALYZE [USER]: _ZN4Json6Reader9readArrayERNS0_5TokenE
[2m[DEBUG][0m ANALYZE [USER]: _ZN4Json6Reader12decodeNumberERNS0_5TokenE
[2m[DEBUG][0m ANALYZE [USER]: _ZN4Json6Reader12decodeStringERNS0_5TokenE
[2m[DEBUG][0m NOISE-SKIP [COMPILER_GEN]: _ZN4Json6Reader12decodeStringERNS0_5TokenERNSt3__112basic_stringIcNS3_11char_traitsIcEENS3_9allocatorIcEEEE
[2m[DEBUG][0m ANALYZE [USER]: _ZN4Json6Reader22decodeUnicodeCodePointERNS0_5TokenERPKcS4_Rj
[2m[DEBUG][0m ANALYZE [USER]: _ZN4Json6Reader27decodeUnicodeEscapeSequenceERNS0_5TokenERPKcS4_Rj
[2m[DEBUG][0m ANALYZE [USER]: _ZN4Json6Reader12decodeNumberERNS0_5TokenERNS_5ValueE
[2m[DEBUG][0m ANALYZE [USER]: _ZN4Json6Reader12decodeDoubleERNS0_5TokenERNS_5ValueE
[2m[DEBUG][0m ANALYZE [USER]: _ZN4Json6Reader16recoverFromErrorENS0_9TokenTypeE
[2m[DEBUG][0m NOISE-SKIP [COMPILER_GEN]: _ZN4Json6Reader18addErrorAndRecoverERKNSt3__112basic_stringIcNS1_11char_traitsIcEENS1_9allocatorIcEEEERNS0_5TokenENS0_9TokenTypeE
[2m[DEBUG][0m ANALYZE [USER]: _ZNSt3__15dequeIN4Json6Reader9ErrorInfoENS_9allocatorIS3_EEE6resizeEm
[2m[DEBUG][0m ANALYZE [USER]: _ZNSt3__15dequeIN4Json6Reader9ErrorInfoENS_9allocatorIS3_EEE8__appendEm
[2m[DEBUG][0m ANALYZE [USER]: _ZNSt3__15dequeIN4Json6Reader9ErrorInfoENS_9allocatorIS3_EEE5beginB8ne210108Ev
[2m[DEBUG][0m ANALYZE [USER]: _ZNKSt3__116__deque_iteratorIN4Json6Reader9ErrorInfoEPS3_RS3_PS4_lLl73EEplB8ne210108El
[2m[DEBUG][0m ANALYZE [USER]: _ZNSt3__116__deque_iteratorIN4Json6Reader9ErrorInfoEPKS3_RS4_PKS5_lLl73EEC1B8ne210108IPS3_RS3_PSB_TnNS_9enable_ifIXsr14is_convertibleIT_S5_EE5valueEiE4typeELi0EEERKNS0_IS3_SF_T0_T1_lLl73EEE
[2m[DEBUG][0m ANALYZE [USER]: _ZNSt3__15dequeIN4Json6Reader9ErrorInfoENS_9allocatorIS3_EEE14__erase_to_endENS_16__deque_iteratorIS3_PKS3_RS8_PKS9_lLl73EEE
[2m[DEBUG][0m ANALYZE [USER]: _ZNSt3__1miB8ne210108ERKNS_16__deque_iteratorIN4Json6Reader9ErrorInfoEPKS3_RS4_PKS5_lLl73EEESB_
[2m[DEBUG][0m ANALYZE [USER]: _ZNSt3__1neB8ne210108ERKNS_16__deque_iteratorIN4Json6Reader9ErrorInfoEPS3_RS3_PS4_lLl73EEES9_
[2m[DEBUG][0m ANALYZE [USER]: _ZNSt3__116allocator_traitsINS_9allocatorIN4Json6Reader9ErrorInfoEEEE7destroyB8ne210108IS4_TnNS_9enable_ifIX15__has_destroy_vIS5_PT_EEiE4typeELi0EEEvRS5_SA_
[2m[DEBUG][0m ANALYZE [USER]: _ZNSt3__116__deque_iteratorIN4Json6Reader9ErrorInfoEPS3_RS3_PS4_lLl73EEppB8ne210108Ev
[2m[DEBUG][0m ANALYZE [USER]: _ZNKSt3__15dequeIN4Json6Reader9ErrorInfoENS_9allocatorIS3_EEE22__annotate_shrink_backB8ne210108Emm
[2m[DEBUG][0m ANALYZE [USER]: _ZNSt3__15dequeIN4Json6Reader9ErrorInfoENS_9allocatorIS3_EEE25__maybe_remove_back_spareB8ne210108Eb
[2m[DEBUG][0m ANALYZE [USER]: _ZNKSt3__15dequeIN4Json6Reader9ErrorInfoENS_9allocatorIS3_EEE19__back_spare_blocksB8ne210108Ev
[2m[DEBUG][0m ANALYZE [USER]: _ZNSt3__114__split_bufferIPN4Json6Reader9ErrorInfoENS_9allocatorIS4_EEE4backB8ne210108Ev
[2m[DEBUG][0m ANALYZE [USER]: _ZNSt3__114__split_bufferIPN4Json6Reader9ErrorInfoENS_9allocatorIS4_EEE8pop_backB8ne210108Ev
[2m[DEBUG][0m ANALYZE [USER]: _ZNSt3__114__split_bufferIPN4Json6Reader9ErrorInfoENS_9allocatorIS4_EEE17__destruct_at_endB8ne210108EPS4_
[2m[DEBUG][0m ANALYZE [USER]: _ZNSt3__114__split_bufferIPN4Json6Reader9ErrorInfoENS_9allocatorIS4_EEE17__destruct_at_endB8ne210108EPS4_NS_17integral_constantIbLb0EEE
[2m[DEBUG][0m ANALYZE [USER]: _ZNSt3__19allocatorIN4Json6Reader9ErrorInfoEE7destroyB8ne210108EPS3_
[2m[DEBUG][0m ANALYZE [USER]: _ZNSt3__1eqB8ne210108ERKNS_16__deque_iteratorIN4Json6Reader9ErrorInfoEPS3_RS3_PS4_lLl73EEES9_
[2m[DEBUG][0m ANALYZE [USER]: _ZNSt3__1neB8ne210108ERKNS_16__deque_iteratorIN4Json6Reader9ErrorInfoEPKS3_RS4_PKS5_lLl73EEESB_
[2m[DEBUG][0m ANALYZE [USER]: _ZNSt3__1eqB8ne210108ERKNS_16__deque_iteratorIN4Json6Reader9ErrorInfoEPKS3_RS4_PKS5_lLl73EEESB_
[2m[DEBUG][0m ANALYZE [USER]: _ZNSt3__116__deque_iteratorIN4Json6Reader9ErrorInfoEPKS3_RS4_PKS5_lLl73EEC2B8ne210108IPS3_RS3_PSB_TnNS_9enable_ifIXsr14is_convertibleIT_S5_EE5valueEiE4typeELi0EEERKNS0_IS3_SF_T0_T1_lLl73EEE
[2m[DEBUG][0m ANALYZE [USER]: _ZNSt3__116__deque_iteratorIN4Json6Reader9ErrorInfoEPS3_RS3_PS4_lLl73EEpLB8ne210108El
[2m[DEBUG][0m ANALYZE [USER]: _ZNSt3__15dequeIN4Json6Reader9ErrorInfoENS_9allocatorIS3_EEE19__add_back_capacityEm
[2m[DEBUG][0m ANALYZE [USER]: _ZNSt3__15dequeIN4Json6Reader9ErrorInfoENS_9allocatorIS3_EEE13__deque_rangeC1B8ne210108ENS_16__deque_iteratorIS3_PS3_RS3_PS9_lLl73EEESC_
[2m[DEBUG][0m ANALYZE [USER]: _ZNKSt3__15dequeIN4Json6Reader9ErrorInfoENS_9allocatorIS3_EEE13__deque_range5beginB8ne210108Ev
[2m[DEBUG][0m ANALYZE [USER]: _ZNKSt3__15dequeIN4Json6Reader9ErrorInfoENS_9allocatorIS3_EEE13__deque_range3endB8ne210108Ev
[2m[DEBUG][0m ANALYZE [USER]: _ZNSt3__1neB8ne210108ERKNS_5dequeIN4Json6Reader9ErrorInfoENS_9allocatorIS3_EEE13__deque_rangeES9_
[2m[DEBUG][0m ANALYZE [USER]: _ZNKSt3__15dequeIN4Json6Reader9ErrorInfoENS_9allocatorIS3_EEE13__deque_rangedeB8ne210108Ev
[2m[DEBUG][0m ANALYZE [USER]: _ZNSt3__15dequeIN4Json6Reader9ErrorInfoENS_9allocatorIS3_EEE21_ConstructTransactionC1B8ne210108EPS6_RNS6_19__deque_block_rangeE
[2m[DEBUG][0m ANALYZE [USER]: _ZNSt3__112__to_addressB8ne210108IN4Json6Reader9ErrorInfoEEEPT_S5_
[2m[DEBUG][0m ANALYZE [USER]: _ZNSt3__116allocator_traitsINS_9allocatorIN4Json6Reader9ErrorInfoEEEE9constructB8ne210108IS4_JETnNS_9enable_ifIX17__has_construct_vIS5_PT_DpT0_EEiE4typeELi0EEEvRS5_SA_DpOSB_
[2m[DEBUG][0m ANALYZE [USER]: _ZNSt3__15dequeIN4Json6Reader9ErrorInfoENS_9allocatorIS3_EEE21_ConstructTransactionD1B8ne210108Ev
[2m[DEBUG][0m ANALYZE [USER]: _ZNSt3__15dequeIN4Json6Reader9ErrorInfoENS_9allocatorIS3_EEE13__deque_rangeppB8ne210108Ev
[2m[DEBUG][0m ANALYZE [USER]: _ZNSt3__15dequeIN4Json6Reader9ErrorInfoENS_9allocatorIS3_EEE21_ConstructTransactionD2B8ne210108Ev
[2m[DEBUG][0m ANALYZE [USER]: _ZNSt3__19allocatorIN4Json6Reader9ErrorInfoEE9constructB8ne210108IS3_JEEEvPT_DpOT0_
[2m[DEBUG][0m ANALYZE [USER]: _ZNSt3__15dequeIN4Json6Reader9ErrorInfoENS_9allocatorIS3_EEE21_ConstructTransactionC2B8ne210108EPS6_RNS6_19__deque_block_rangeE
[2m[DEBUG][0m ANALYZE [USER]: _ZNSt3__15dequeIN4Json6Reader9ErrorInfoENS_9allocatorIS3_EEE19__deque_block_rangeC1B8ne210108EPS3_S8_
[2m[DEBUG][0m ANALYZE [USER]: _ZNSt3__15dequeIN4Json6Reader9ErrorInfoENS_9allocatorIS3_EEE19__deque_block_rangeC2B8ne210108EPS3_S8_
[2m[DEBUG][0m ANALYZE [USER]: _ZNSt3__1eqB8ne210108ERKNS_5dequeIN4Json6Reader9ErrorInfoENS_9allocatorIS3_EEE13__deque_rangeES9_
[2m[DEBUG][0m ANALYZE [USER]: _ZNSt3__15dequeIN4Json6Reader9ErrorInfoENS_9allocatorIS3_EEE13__deque_rangeC2B8ne210108ENS_16__deque_iteratorIS3_PS3_RS3_PS9_lLl73EEESC_
[2m[DEBUG][0m ANALYZE [USER]: _ZNSt3__15dequeIN4Json6Reader9ErrorInfoENS_9allocatorIS3_EEE18__recommend_blocksB8ne210108Em
[2m[DEBUG][0m ANALYZE [USER]: _ZNSt3__114__split_bufferIPN4Json6Reader9ErrorInfoERNS_9allocatorIS4_EEE4backB8ne210108Ev
[2m[DEBUG][0m ANALYZE [USER]: _ZNKSt3__15dequeIN4Json6Reader9ErrorInfoENS_9allocatorIS3_EEE23__annotate_poison_blockB8ne210108EPKvS8_
[2m[DEBUG][0m ANALYZE [USER]: _ZNKSt3__15dequeIN4Json6Reader9ErrorInfoENS_9allocatorIS3_EEE17__annotate_deleteB8ne210108Ev
[2m[DEBUG][0m ANALYZE [USER]: _ZNSt3__114__split_bufferIPN4Json6Reader9ErrorInfoERNS_9allocatorIS4_EEE5beginB8ne210108Ev
[2m[DEBUG][0m ANALYZE [USER]: _ZNSt3__114__split_bufferIPN4Json6Reader9ErrorInfoERNS_9allocatorIS4_EEE3endB8ne210108Ev
[2m[DEBUG][0m ANALYZE [USER]: _ZNSt3__114__split_bufferIPN4Json6Reader9ErrorInfoERNS_9allocatorIS4_EEE12emplace_backIJRS4_EEEvDpOT_
[2m[DEBUG][0m ANALYZE [USER]: _ZNSt3__144__annotate_double_ended_contiguous_containerB8ne210108INS_9allocatorIN4Json6Reader9ErrorInfoEEEEEvPKvS7_S7_S7_S7_S7_
[2m[DEBUG][0m ANALYZE [USER]: _ZNSt3__18distanceB8ne210108INS_11__wrap_iterIPKcEEEENS_15iterator_traitsIT_E15difference_typeES6_S6_
[2m[DEBUG][0m NOISE-SKIP [COMPILER_GEN]: _ZNSt3__112basic_stringIcNS_11char_traitsIcEENS_9allocatorIcEEE16__assign_trivialB8ne210108INS_11__wrap_iterIPKcEESA_EEvT_T0_m
[2m[DEBUG][0m NOISE-SKIP [COMPILER_GEN]: _ZNSt3__112basic_stringIcNS_11char_traitsIcEENS_9allocatorIcEEE25__grow_by_without_replaceB8ne210108Emmmmmm
[2m[DEBUG][0m NOISE-SKIP [COMPILER_GEN]: _ZNKSt3__112basic_stringIcNS_11char_traitsIcEENS_9allocatorIcEEE19__annotate_increaseB8ne210108Em
[2m[DEBUG][0m ANALYZE [USER]: _ZNSt3__1neB8ne210108IPKcEEbRKNS_11__wrap_iterIT_EES7_
[2m[DEBUG][0m ANALYZE [USER]: _ZNKSt3__111__wrap_iterIPKcEdeB8ne210108Ev
[2m[DEBUG][0m ANALYZE [USER]: _ZNSt3__111__wrap_iterIPKcEppB8ne210108Ev
[2m[DEBUG][0m NOISE-SKIP [COMPILER_GEN]: _ZNSt3__112basic_stringIcNS_11char_traitsIcEENS_9allocatorIcEEE10__set_sizeB8ne210108Em
[2m[DEBUG][0m ANALYZE [USER]: _ZNSt3__1eqB8ne210108IPKcEEbRKNS_11__wrap_iterIT_EES7_
[2m[DEBUG][0m ANALYZE [USER]: _ZNKSt3__111__wrap_iterIPKcE4baseB8ne210108Ev
[2m[DEBUG][0m NOISE-SKIP [COMPILER_GEN]: _ZNSt3__112basic_stringIcNS_11char_traitsIcEENS_9allocatorIcEEE19__annotate_new_sizeC1B8ne210108ERS5_
[2m[DEBUG][0m NOISE-SKIP [COMPILER_GEN]: _ZNSt3__118__make_scope_guardB8ne210108INS_12basic_stringIcNS_11char_traitsIcEENS_9allocatorIcEEE19__annotate_new_sizeEEENS_13__scope_guardIT_EES9_
[2m[DEBUG][0m NOISE-SKIP [COMPILER_GEN]: _ZNSt3__113__scope_guardINS_12basic_stringIcNS_11char_traitsIcEENS_9allocatorIcEEE19__annotate_new_sizeEED1B8ne210108Ev
[2m[DEBUG][0m NOISE-SKIP [COMPILER_GEN]: _ZNSt3__113__scope_guardINS_12basic_stringIcNS_11char_traitsIcEENS_9allocatorIcEEE19__annotate_new_sizeEED2B8ne210108Ev
[2m[DEBUG][0m NOISE-SKIP [COMPILER_GEN]: _ZNSt3__112basic_stringIcNS_11char_traitsIcEENS_9allocatorIcEEE19__annotate_new_sizeclB8ne210108Ev
[2m[DEBUG][0m NOISE-SKIP [COMPILER_GEN]: _ZNSt3__113__scope_guardINS_12basic_stringIcNS_11char_traitsIcEENS_9allocatorIcEEE19__annotate_new_sizeEEC1B8ne210108ES7_
[2m[DEBUG][0m NOISE-SKIP [COMPILER_GEN]: _ZNSt3__113__scope_guardINS_12basic_stringIcNS_11char_traitsIcEENS_9allocatorIcEEE19__annotate_new_sizeEEC2B8ne210108ES7_
[2m[DEBUG][0m NOISE-SKIP [COMPILER_GEN]: _ZNSt3__112basic_stringIcNS_11char_traitsIcEENS_9allocatorIcEEE19__annotate_new_sizeC2B8ne210108ERS5_
[2m[DEBUG][0m ANALYZE [USER]: _ZNSt3__110__distanceB8ne210108INS_11__wrap_iterIPKcEEEENS_15iterator_traitsIT_E15difference_typeES6_S6_NS_26random_access_iterator_tagE
[2m[DEBUG][0m ANALYZE [USER]: _ZNSt3__1miB8ne210108IPKcS2_EEDTmicldtfp_4baseEcldtfp0_4baseEERKNS_11__wrap_iterIT_EERKNS4_IT0_EE
[2m[DEBUG][0m NOISE-SKIP [COMPILER_GEN]: _ZNKSt3__112basic_stringIcNS_11char_traitsIcEENS_9allocatorIcEEE21__make_const_iteratorB8ne210108EPKc
[2m[DEBUG][0m ANALYZE [USER]: _ZNSt3__111__wrap_iterIPKcEC1B8ne210108ES2_
[2m[DEBUG][0m ANALYZE [USER]: _ZNSt3__111__wrap_iterIPKcEC2B8ne210108ES2_
[2m[DEBUG][0m ANALYZE [USER]: _ZN4Json6Reader5parseERNSt3__113basic_istreamIcNS1_11char_traitsIcEEEERNS_5ValueEb
[2m[DEBUG][0m ANALYZE [USER]: _ZNSt3__119istreambuf_iteratorIcNS_11char_traitsIcEEEC1B8ne210108ERNS_13basic_istreamIcS2_EE
[2m[DEBUG][0m ANALYZE [USER]: _ZNSt3__119istreambuf_iteratorIcNS_11char_traitsIcEEEC1B8ne210108Ev
[2m[DEBUG][0m NOISE-SKIP [COMPILER_GEN]: _ZNSt3__112basic_stringIcNS_11char_traitsIcEENS_9allocatorIcEEEC1B8ne210108INS_19istreambuf_iteratorIcS2_EETnNS_9enable_ifIXsr29__has_input_iterator_categoryIT_EE5valueEiE4typeELi0EEESA_SA_
[2m[DEBUG][0m NOISE-SKIP [COMPILER_GEN]: _ZNSt3__112basic_stringIcNS_11char_traitsIcEENS_9allocatorIcEEEC2B8ne210108INS_19istreambuf_iteratorIcS2_EETnNS_9enable_ifIXsr29__has_input_iterator_categoryIT_EE5valueEiE4typeELi0EEESA_SA_
[2m[DEBUG][0m NOISE-SKIP [COMPILER_GEN]: _ZNSt3__112basic_stringIcNS_11char_traitsIcEENS_9allocatorIcEEE6__initINS_19istreambuf_iteratorIcS2_EETnNS_9enable_ifIXsr37__has_exactly_input_iterator_categoryIT_EE5valueEiE4typeELi0EEEvSA_SA_
[2m[DEBUG][0m NOISE-SKIP [COMPILER_GEN]: _ZNSt3__112basic_stringIcNS_11char_traitsIcEENS_9allocatorIcEEE20__init_with_sentinelB8ne210108INS_19istreambuf_iteratorIcS2_EES8_EEvT_T0_
[2m[DEBUG][0m ANALYZE [USER]: _ZNSt3__1neB8ne210108IcNS_11char_traitsIcEEEEbRKNS_19istreambuf_iteratorIT_T0_EES8_
[2m[DEBUG][0m ANALYZE [USER]: _ZNKSt3__119istreambuf_iteratorIcNS_11char_traitsIcEEEdeB8ne210108Ev
[2m[DEBUG][0m ANALYZE [USER]: _ZNSt3__119istreambuf_iteratorIcNS_11char_traitsIcEEEppB8ne210108Ev
[2m[DEBUG][0m ANALYZE [USER]: _ZNSt3__115basic_streambufIcNS_11char_traitsIcEEE6sbumpcB8ne210108Ev
[2m[DEBUG][0m ANALYZE [USER]: _ZNKSt3__115basic_streambufIcNS_11char_traitsIcEEE4gptrB8ne210108Ev
[2m[DEBUG][0m ANALYZE [USER]: _ZNKSt3__115basic_streambufIcNS_11char_traitsIcEEE5egptrB8ne210108Ev
[2m[DEBUG][0m ANALYZE [USER]: _ZNSt3__111char_traitsIcE11to_int_typeB8ne210108Ec
[2m[DEBUG][0m ANALYZE [USER]: _ZNSt3__115basic_streambufIcNS_11char_traitsIcEEE5gbumpB8ne210108Ei
[2m[DEBUG][0m ANALYZE [USER]: _ZNSt3__115basic_streambufIcNS_11char_traitsIcEEE5sgetcB8ne210108Ev
[2m[DEBUG][0m ANALYZE [USER]: _ZNKSt3__119istreambuf_iteratorIcNS_11char_traitsIcEEE5equalB8ne210108ERKS3_
[2m[DEBUG][0m ANALYZE [USER]: _ZNKSt3__119istreambuf_iteratorIcNS_11char_traitsIcEEE14__test_for_eofB8ne210108Ev
[2m[DEBUG][0m ANALYZE [USER]: _ZNSt3__111char_traitsIcE11eq_int_typeB8ne210108Eii
[2m[DEBUG][0m ANALYZE [USER]: _ZNSt3__119istreambuf_iteratorIcNS_11char_traitsIcEEEC2B8ne210108Ev
[2m[DEBUG][0m ANALYZE [USER]: _ZNSt3__119istreambuf_iteratorIcNS_11char_traitsIcEEEC2B8ne210108ERNS_13basic_istreamIcS2_EE
[2m[DEBUG][0m ANALYZE [USER]: _ZNKSt3__19basic_iosIcNS_11char_traitsIcEEE5rdbufB8ne210108Ev
[2m[DEBUG][0m ANALYZE [USER]: _ZNKSt3__18ios_base5rdbufB8ne210108Ev
[2m[DEBUG][0m ANALYZE [USER]: _ZN4Json6Reader12decodeDoubleERNS0_5TokenE
[2m[DEBUG][0m ANALYZE [USER]: _ZNK4Json6Reader24getLocationLineAndColumnEPKcRiS3_
[2m[DEBUG][0m ANALYZE [USER]: _ZNK4Json6Reader24getLocationLineAndColumnEPKc
[31m[ERROR][0m [MEDIUM] FFI RISK: _ZNK4Json6Reader24getLocationLineAndColumnEPKc -> snprintf
[31m[ERROR][0m   Location: /tmp/jsoncpp-1.9.5/src/lib_json/json_reader.cpp:787:3
[31m[ERROR][0m   Kind: format_string
[31m[ERROR][0m   Detail: Print formatted - format string vulnerability if user-controlled
[2m[DEBUG][0m ANALYZE [USER]: _ZNK4Json6Reader24getFormatedErrorMessagesEv
[2m[DEBUG][0m ANALYZE [USER]: _ZNK4Json6Reader25getFormattedErrorMessagesEv
[2m[DEBUG][0m ANALYZE [USER]: _ZNKSt3__15dequeIN4Json6Reader9ErrorInfoENS_9allocatorIS3_EEE5beginB8ne210108Ev
[2m[DEBUG][0m ANALYZE [USER]: _ZNKSt3__15dequeIN4Json6Reader9ErrorInfoENS_9allocatorIS3_EEE3endB8ne210108Ev
[2m[DEBUG][0m ANALYZE [USER]: _ZNKSt3__116__deque_iteratorIN4Json6Reader9ErrorInfoEPKS3_RS4_PKS5_lLl73EEdeB8ne210108Ev
[2m[DEBUG][0m ANALYZE [USER]: _ZNSt3__116__deque_iteratorIN4Json6Reader9ErrorInfoEPKS3_RS4_PKS5_lLl73EEppB8ne210108Ev
[2m[DEBUG][0m ANALYZE [USER]: _ZNKSt3__114__split_bufferIPN4Json6Reader9ErrorInfoENS_9allocatorIS4_EEE5beginB8ne210108Ev
[2m[DEBUG][0m ANALYZE [USER]: _ZNSt3__116__deque_iteratorIN4Json6Reader9ErrorInfoEPKS3_RS4_PKS5_lLl73EEC1B8ne210108ES8_S5_
[2m[DEBUG][0m ANALYZE [USER]: _ZNSt3__116__deque_iteratorIN4Json6Reader9ErrorInfoEPKS3_RS4_PKS5_lLl73EEC2B8ne210108ES8_S5_
[2m[DEBUG][0m ANALYZE [USER]: _ZNK4Json6Reader19getStructuredErrorsEv
[2m[DEBUG][0m ANALYZE [USER]: _ZNSt3__16vectorIN4Json6Reader15StructuredErrorENS_9allocatorIS3_EEEC1B8ne210108Ev
[2m[DEBUG][0m ANALYZE [USER]: _ZN4Json6Reader15StructuredErrorC1Ev
[2m[DEBUG][0m ANALYZE [USER]: _ZNSt3__16vectorIN4Json6Reader15StructuredErrorENS_9allocatorIS3_EEE9push_backB8ne210108ERKS3_
[2m[DEBUG][0m ANALYZE [USER]: _ZN4Json6Reader15StructuredErrorD1Ev
[2m[DEBUG][0m ANALYZE [USER]: _ZNSt3__16vectorIN4Json6Reader15StructuredErrorENS_9allocatorIS3_EEED1B8ne210108Ev
[2m[DEBUG][0m ANALYZE [USER]: _ZNSt3__16vectorIN4Json6Reader15StructuredErrorENS_9allocatorIS3_EEED2B8ne210108Ev
[2m[DEBUG][0m ANALYZE [USER]: _ZNSt3__16vectorIN4Json6Reader15StructuredErrorENS_9allocatorIS3_EEE16__destroy_vectorC1B8ne210108ERS6_
[2m[DEBUG][0m ANALYZE [USER]: _ZNSt3__16vectorIN4Json6Reader15StructuredErrorENS_9allocatorIS3_EEE16__destroy_vectorclB8ne210108Ev
[2m[DEBUG][0m ANALYZE [USER]: _ZNSt3__16vectorIN4Json6Reader15StructuredErrorENS_9allocatorIS3_EEE5clearB8ne210108Ev
[2m[DEBUG][0m ANALYZE [USER]: _ZNKSt3__16vectorIN4Json6Reader15StructuredErrorENS_9allocatorIS3_EEE17__annotate_deleteB8ne210108Ev
[2m[DEBUG][0m ANALYZE [USER]: _ZNKSt3__16vectorIN4Json6Reader15StructuredErrorENS_9allocatorIS3_EEE8capacityB8ne210108Ev
[2m[DEBUG][0m ANALYZE [USER]: _ZNSt3__116allocator_traitsINS_9allocatorIN4Json6Reader15StructuredErrorEEEE10deallocateB8ne210108ERS5_PS4_m
[2m[DEBUG][0m ANALYZE [USER]: _ZNSt3__19allocatorIN4Json6Reader15StructuredErrorEE10deallocateB8ne210108EPS3_m
[2m[DEBUG][0m ANALYZE [USER]: _ZNSt3__119__libcpp_deallocateB8ne210108IN4Json6Reader15StructuredErrorEEEvPNS_15__type_identityIT_E4typeENS_15__element_countEm
[2m[DEBUG][0m ANALYZE [USER]: _ZNKSt3__16vectorIN4Json6Reader15StructuredErrorENS_9allocatorIS3_EEE4dataB8ne210108Ev
[2m[DEBUG][0m ANALYZE [USER]: _ZNKSt3__16vectorIN4Json6Reader15StructuredErrorENS_9allocatorIS3_EEE4sizeB8ne210108Ev
[2m[DEBUG][0m ANALYZE [USER]: _ZNKSt3__16vectorIN4Json6Reader15StructuredErrorENS_9allocatorIS3_EEE31__annotate_contiguous_containerB8ne210108EPKvS8_
[2m[DEBUG][0m ANALYZE [USER]: _ZNSt3__131__annotate_contiguous_containerB8ne210108INS_9allocatorIN4Json6Reader15StructuredErrorEEEEEvPKvS7_S7_S7_
[2m[DEBUG][0m ANALYZE [USER]: _ZNSt3__112__to_addressB8ne210108IN4Json6Reader15StructuredErrorEEEPT_S5_
[2m[DEBUG][0m ANALYZE [USER]: _ZNSt3__16vectorIN4Json6Reader15StructuredErrorENS_9allocatorIS3_EEE22__base_destruct_at_endB8ne210108EPS3_
[2m[DEBUG][0m ANALYZE [USER]: _ZNKSt3__16vectorIN4Json6Reader15StructuredErrorENS_9allocatorIS3_EEE17__annotate_shrinkB8ne210108Em
[2m[DEBUG][0m ANALYZE [USER]: _ZNSt3__116allocator_traitsINS_9allocatorIN4Json6Reader15StructuredErrorEEEE7destroyB8ne210108IS4_TnNS_9enable_ifIX15__has_destroy_vIS5_PT_EEiE4typeELi0EEEvRS5_SA_
[2m[DEBUG][0m ANALYZE [USER]: _ZNSt3__19allocatorIN4Json6Reader15StructuredErrorEE7destroyB8ne210108EPS3_
[2m[DEBUG][0m ANALYZE [USER]: _ZNSt3__16vectorIN4Json6Reader15StructuredErrorENS_9allocatorIS3_EEE16__destroy_vectorC2B8ne210108ERS6_
[2m[DEBUG][0m ANALYZE [USER]: _ZN4Json6Reader15StructuredErrorD2Ev
[2m[DEBUG][0m ANALYZE [USER]: _ZNSt3__16vectorIN4Json6Reader15StructuredErrorENS_9allocatorIS3_EEE12emplace_backIJRKS3_EEEvDpOT_
[2m[DEBUG][0m ANALYZE [USER]: _ZNSt3__16vectorIN4Json6Reader15StructuredErrorENS_9allocatorIS3_EEE30__emplace_back_assume_capacityB8ne210108IJRKS3_EEEvDpOT_
[2m[DEBUG][0m ANALYZE [USER]: _ZNSt3__16vectorIN4Json6Reader15StructuredErrorENS_9allocatorIS3_EEE24__emplace_back_slow_pathIJRKS3_EEEPS3_DpOT_
[2m[DEBUG][0m ANALYZE [USER]: _ZNKSt3__16vectorIN4Json6Reader15StructuredErrorENS_9allocatorIS3_EEE11__recommendB8ne210108Em
[2m[DEBUG][0m ANALYZE [USER]: _ZNSt3__114__split_bufferIN4Json6Reader15StructuredErrorERNS_9allocatorIS3_EEEC1EmmS6_
[2m[DEBUG][0m ANALYZE [USER]: _ZNSt3__116allocator_traitsINS_9allocatorIN4Json6Reader15StructuredErrorEEEE9constructB8ne210108IS4_JRKS4_ETnNS_9enable_ifIX17__has_construct_vIS5_PT_DpT0_EEiE4typeELi0EEEvRS5_SC_DpOSD_
[2m[DEBUG][0m ANALYZE [USER]: _ZNSt3__16vectorIN4Json6Reader15StructuredErrorENS_9allocatorIS3_EEE26__swap_out_circular_bufferERNS_14__split_bufferIS3_RS5_EE
[2m[DEBUG][0m ANALYZE [USER]: _ZNSt3__114__split_bufferIN4Json6Reader15StructuredErrorERNS_9allocatorIS3_EEED1Ev
[2m[DEBUG][0m ANALYZE [USER]: _ZNSt3__114__split_bufferIN4Json6Reader15StructuredErrorERNS_9allocatorIS3_EEED2Ev
[2m[DEBUG][0m ANALYZE [USER]: _ZNSt3__114__split_bufferIN4Json6Reader15StructuredErrorERNS_9allocatorIS3_EEE5clearB8ne210108Ev
[2m[DEBUG][0m ANALYZE [USER]: _ZNKSt3__114__split_bufferIN4Json6Reader15StructuredErrorERNS_9allocatorIS3_EEE8capacityB8ne210108Ev
[2m[DEBUG][0m ANALYZE [USER]: _ZNSt3__114__split_bufferIN4Json6Reader15StructuredErrorERNS_9allocatorIS3_EEE17__destruct_at_endB8ne210108EPS3_
[2m[DEBUG][0m ANALYZE [USER]: _ZNSt3__114__split_bufferIN4Json6Reader15StructuredErrorERNS_9allocatorIS3_EEE17__destruct_at_endB8ne210108EPS3_NS_17integral_constantIbLb0EEE
[2m[DEBUG][0m ANALYZE [USER]: _ZNSt3__134__uninitialized_allocator_relocateB8ne210108INS_9allocatorIN4Json6Reader15StructuredErrorEEEPS4_EEvRT_T0_S9_S9_
[2m[DEBUG][0m ANALYZE [USER]: _ZNSt3__14swapB8ne210108IPN4Json6Reader15StructuredErrorEEENS_9enable_ifIXaasr21is_move_constructibleIT_EE5valuesr18is_move_assignableIS6_EE5valueEvE4typeERS6_S9_
[2m[DEBUG][0m ANALYZE [USER]: _ZNKSt3__16vectorIN4Json6Reader15StructuredErrorENS_9allocatorIS3_EEE14__annotate_newB8ne210108Em
[2m[DEBUG][0m ANALYZE [USER]: _ZNSt3__129_AllocatorDestroyRangeReverseINS_9allocatorIN4Json6Reader15StructuredErrorEEEPS4_EC1B8ne210108ERS5_RS6_S9_
[2m[DEBUG][0m ANALYZE [USER]: _ZNSt3__122__make_exception_guardB8ne210108INS_29_AllocatorDestroyRangeReverseINS_9allocatorIN4Json6Reader15StructuredErrorEEEPS5_EEEENS_28__exception_guard_exceptionsIT_EESA_
[2m[DEBUG][0m ANALYZE [USER]: _ZNSt3__116allocator_traitsINS_9allocatorIN4Json6Reader15StructuredErrorEEEE9constructB8ne210108IS4_JS4_ETnNS_9enable_ifIX17__has_construct_vIS5_PT_DpT0_EEiE4typeELi0EEEvRS5_SA_DpOSB_
[2m[DEBUG][0m ANALYZE [USER]: _ZNSt3__128__exception_guard_exceptionsINS_29_AllocatorDestroyRangeReverseINS_9allocatorIN4Json6Reader15StructuredErrorEEEPS5_EEED1B8ne210108Ev
[2m[DEBUG][0m ANALYZE [USER]: _ZNSt3__128__exception_guard_exceptionsINS_29_AllocatorDestroyRangeReverseINS_9allocatorIN4Json6Reader15StructuredErrorEEEPS5_EEE10__completeB8ne210108Ev
[2m[DEBUG][0m ANALYZE [USER]: _ZNSt3__119__allocator_destroyB8ne210108INS_9allocatorIN4Json6Reader15StructuredErrorEEEPS4_S6_EEvRT_T0_T1_
[2m[DEBUG][0m ANALYZE [USER]: _ZNSt3__128__exception_guard_exceptionsINS_29_AllocatorDestroyRangeReverseINS_9allocatorIN4Json6Reader15StructuredErrorEEEPS5_EEED2B8ne210108Ev
[2m[DEBUG][0m ANALYZE [USER]: _ZNKSt3__129_AllocatorDestroyRangeReverseINS_9allocatorIN4Json6Reader15StructuredErrorEEEPS4_EclB8ne210108Ev
[2m[DEBUG][0m ANALYZE [USER]: _ZNSt3__116reverse_iteratorIPN4Json6Reader15StructuredErrorEEC1B8ne210108ES4_
[2m[DEBUG][0m ANALYZE [USER]: _ZNSt3__119__allocator_destroyB8ne210108INS_9allocatorIN4Json6Reader15StructuredErrorEEENS_16reverse_iteratorIPS4_EES8_EEvRT_T0_T1_
[2m[DEBUG][0m ANALYZE [USER]: _ZNSt3__1neB8ne210108IPN4Json6Reader15StructuredErrorES4_EEbRKNS_16reverse_iteratorIT_EERKNS5_IT0_EE
[2m[DEBUG][0m ANALYZE [USER]: _ZNKSt3__116reverse_iteratorIPN4Json6Reader15StructuredErrorEEdeB8ne210108Ev
[2m[DEBUG][0m ANALYZE [USER]: _ZNSt3__116reverse_iteratorIPN4Json6Reader15StructuredErrorEEppB8ne210108Ev
[2m[DEBUG][0m ANALYZE [USER]: _ZNKSt3__116reverse_iteratorIPN4Json6Reader15StructuredErrorEE4baseB8ne210108Ev
[2m[DEBUG][0m ANALYZE [USER]: _ZNSt3__116reverse_iteratorIPN4Json6Reader15StructuredErrorEEC2B8ne210108ES4_
[2m[DEBUG][0m ANALYZE [USER]: _ZNSt3__19allocatorIN4Json6Reader15StructuredErrorEE9constructB8ne210108IS3_JS3_EEEvPT_DpOT0_
[2m[DEBUG][0m ANALYZE [USER]: _ZN4Json6Reader15StructuredErrorC1EOS1_
[2m[DEBUG][0m ANALYZE [USER]: _ZN4Json6Reader15StructuredErrorC2EOS1_
[2m[DEBUG][0m ANALYZE [USER]: _ZNSt3__128__exception_guard_exceptionsINS_29_AllocatorDestroyRangeReverseINS_9allocatorIN4Json6Reader15StructuredErrorEEEPS5_EEEC1B8ne210108ES8_
[2m[DEBUG][0m ANALYZE [USER]: _ZNSt3__128__exception_guard_exceptionsINS_29_AllocatorDestroyRangeReverseINS_9allocatorIN4Json6Reader15StructuredErrorEEEPS5_EEEC2B8ne210108ES8_
[2m[DEBUG][0m ANALYZE [USER]: _ZNSt3__129_AllocatorDestroyRangeReverseINS_9allocatorIN4Json6Reader15StructuredErrorEEEPS4_EC2B8ne210108ERS5_RS6_S9_
[2m[DEBUG][0m ANALYZE [USER]: _ZNSt3__19allocatorIN4Json6Reader15StructuredErrorEE9constructB8ne210108IS3_JRKS3_EEEvPT_DpOT0_
[2m[DEBUG][0m ANALYZE [USER]: _ZN4Json6Reader15StructuredErrorC1ERKS1_
[2m[DEBUG][0m ANALYZE [USER]: _ZN4Json6Reader15StructuredErrorC2ERKS1_
[2m[DEBUG][0m ANALYZE [USER]: _ZNSt3__114__split_bufferIN4Json6Reader15StructuredErrorERNS_9allocatorIS3_EEEC2EmmS6_
[2m[DEBUG][0m ANALYZE [USER]: _ZNSt3__119__allocate_at_leastB8ne210108INS_9allocatorIN4Json6Reader15StructuredErrorEEEEENS_19__allocation_resultINS_16allocator_traitsIT_E7pointerEEERS8_m
[2m[DEBUG][0m ANALYZE [USER]: _ZNSt3__19allocatorIN4Json6Reader15StructuredErrorEE8allocateB8ne210108Em
[2m[DEBUG][0m ANALYZE [USER]: _ZNSt3__116allocator_traitsINS_9allocatorIN4Json6Reader15StructuredErrorEEEE8max_sizeB8ne210108IS5_TnNS_9enable_ifIX16__has_max_size_vIKT_EEiE4typeELi0EEEmRKS5_
[2m[DEBUG][0m ANALYZE [USER]: _ZNSt3__117__libcpp_allocateB8ne210108IN4Json6Reader15StructuredErrorEEEPT_NS_15__element_countEm
[2m[DEBUG][0m ANALYZE [USER]: _ZNKSt3__19allocatorIN4Json6Reader15StructuredErrorEE8max_sizeB8ne210108Ev
[2m[DEBUG][0m ANALYZE [USER]: _ZNKSt3__16vectorIN4Json6Reader15StructuredErrorENS_9allocatorIS3_EEE8max_sizeB8ne210108Ev
[2m[DEBUG][0m ANALYZE [USER]: _ZNSt3__16vectorIN4Json6Reader15StructuredErrorENS_9allocatorIS3_EEE20__throw_length_errorB8ne210108Ev
[2m[DEBUG][0m ANALYZE [USER]: _ZNSt3__114numeric_limitsIlE3maxB8ne210108Ev
[2m[DEBUG][0m ANALYZE [USER]: _ZNSt3__123__libcpp_numeric_limitsIlLb1EE3maxB8ne210108Ev
[2m[DEBUG][0m ANALYZE [USER]: _ZNSt3__16vectorIN4Json6Reader15StructuredErrorENS_9allocatorIS3_EEE21_ConstructTransactionC1B8ne210108ERS6_m
[2m[DEBUG][0m ANALYZE [USER]: _ZNSt3__16vectorIN4Json6Reader15StructuredErrorENS_9allocatorIS3_EEE21_ConstructTransactionD1B8ne210108Ev
[2m[DEBUG][0m ANALYZE [USER]: _ZNSt3__16vectorIN4Json6Reader15StructuredErrorENS_9allocatorIS3_EEE21_ConstructTransactionD2B8ne210108Ev
[2m[DEBUG][0m ANALYZE [USER]: _ZNSt3__16vectorIN4Json6Reader15StructuredErrorENS_9allocatorIS3_EEE21_ConstructTransactionC2B8ne210108ERS6_m
[2m[DEBUG][0m ANALYZE [USER]: _ZNKSt3__16vectorIN4Json6Reader15StructuredErrorENS_9allocatorIS3_EEE19__annotate_increaseB8ne210108Em
[2m[DEBUG][0m ANALYZE [USER]: _ZN4Json6Reader15StructuredErrorC2Ev
[2m[DEBUG][0m ANALYZE [USER]: _ZNSt3__16vectorIN4Json6Reader15StructuredErrorENS_9allocatorIS3_EEEC2B8ne210108Ev
[2m[DEBUG][0m ANALYZE [USER]: _ZNSt3__19allocatorIN4Json6Reader15StructuredErrorEEC1B8ne210108Ev
[2m[DEBUG][0m ANALYZE [USER]: _ZNSt3__19allocatorIN4Json6Reader15StructuredErrorEEC2B8ne210108Ev
[2m[DEBUG][0m ANALYZE [USER]: _ZNSt3__116__non_trivial_ifILb1ENS_9allocatorIN4Json6Reader15StructuredErrorEEEEC2B8ne210108Ev
[2m[DEBUG][0m NOISE-SKIP [COMPILER_GEN]: _ZN4Json6Reader9pushErrorERKNS_5ValueERKNSt3__112basic_stringIcNS4_11char_traitsIcEENS4_9allocatorIcEEEE
[2m[DEBUG][0m NOISE-SKIP [COMPILER_GEN]: _ZN4Json6Reader9pushErrorERKNS_5ValueERKNSt3__112basic_stringIcNS4_11char_traitsIcEENS4_9allocatorIcEEEES3_
[2m[DEBUG][0m ANALYZE [USER]: _ZNK4Json6Reader4goodEv
[2m[DEBUG][0m ANALYZE [USER]: _ZNKSt3__15dequeIN4Json6Reader9ErrorInfoENS_9allocatorIS3_EEE5emptyB8ne210108Ev
[2m[DEBUG][0m ANALYZE [USER]: _ZN4Json9OurReader12decodeDoubleERNS0_5TokenE
[2m[DEBUG][0m ANALYZE [USER]: _ZNK4Json9OurReader19getStructuredErrorsEv
[2m[DEBUG][0m ANALYZE [USER]: _ZNSt3__16vectorIN4Json9OurReader15StructuredErrorENS_9allocatorIS3_EEEC1B8ne210108Ev
[2m[DEBUG][0m ANALYZE [USER]: _ZN4Json9OurReader15StructuredErrorC1Ev
[2m[DEBUG][0m ANALYZE [USER]: _ZNSt3__16vectorIN4Json9OurReader15StructuredErrorENS_9allocatorIS3_EEE9push_backB8ne210108ERKS3_
[2m[DEBUG][0m ANALYZE [USER]: _ZN4Json9OurReader15StructuredErrorD1Ev
[2m[DEBUG][0m ANALYZE [USER]: _ZNSt3__16vectorIN4Json9OurReader15StructuredErrorENS_9allocatorIS3_EEED1B8ne210108Ev
[2m[DEBUG][0m ANALYZE [USER]: _ZNSt3__16vectorIN4Json9OurReader15StructuredErrorENS_9allocatorIS3_EEED2B8ne210108Ev
[2m[DEBUG][0m ANALYZE [USER]: _ZNSt3__16vectorIN4Json9OurReader15StructuredErrorENS_9allocatorIS3_EEE16__destroy_vectorC1B8ne210108ERS6_
[2m[DEBUG][0m ANALYZE [USER]: _ZNSt3__16vectorIN4Json9OurReader15StructuredErrorENS_9allocatorIS3_EEE16__destroy_vectorclB8ne210108Ev
[2m[DEBUG][0m ANALYZE [USER]: _ZNSt3__16vectorIN4Json9OurReader15StructuredErrorENS_9allocatorIS3_EEE5clearB8ne210108Ev
[2m[DEBUG][0m ANALYZE [USER]: _ZNKSt3__16vectorIN4Json9OurReader15StructuredErrorENS_9allocatorIS3_EEE17__annotate_deleteB8ne210108Ev
[2m[DEBUG][0m ANALYZE [USER]: _ZNKSt3__16vectorIN4Json9OurReader15StructuredErrorENS_9allocatorIS3_EEE8capacityB8ne210108Ev
[2m[DEBUG][0m ANALYZE [USER]: _ZNSt3__116allocator_traitsINS_9allocatorIN4Json9OurReader15StructuredErrorEEEE10deallocateB8ne210108ERS5_PS4_m
[2m[DEBUG][0m ANALYZE [USER]: _ZNSt3__19allocatorIN4Json9OurReader15StructuredErrorEE10deallocateB8ne210108EPS3_m
[2m[DEBUG][0m ANALYZE [USER]: _ZNSt3__119__libcpp_deallocateB8ne210108IN4Json9OurReader15StructuredErrorEEEvPNS_15__type_identityIT_E4typeENS_15__element_countEm
[2m[DEBUG][0m ANALYZE [USER]: _ZNKSt3__16vectorIN4Json9OurReader15StructuredErrorENS_9allocatorIS3_EEE4dataB8ne210108Ev
[2m[DEBUG][0m ANALYZE [USER]: _ZNKSt3__16vectorIN4Json9OurReader15StructuredErrorENS_9allocatorIS3_EEE4sizeB8ne210108Ev
[2m[DEBUG][0m ANALYZE [USER]: _ZNKSt3__16vectorIN4Json9OurReader15StructuredErrorENS_9allocatorIS3_EEE31__annotate_contiguous_containerB8ne210108EPKvS8_
[2m[DEBUG][0m ANALYZE [USER]: _ZNSt3__131__annotate_contiguous_containerB8ne210108INS_9allocatorIN4Json9OurReader15StructuredErrorEEEEEvPKvS7_S7_S7_
[2m[DEBUG][0m ANALYZE [USER]: _ZNSt3__112__to_addressB8ne210108IN4Json9OurReader15StructuredErrorEEEPT_S5_
[2m[DEBUG][0m ANALYZE [USER]: _ZNSt3__16vectorIN4Json9OurReader15StructuredErrorENS_9allocatorIS3_EEE22__base_destruct_at_endB8ne210108EPS3_
[2m[DEBUG][0m ANALYZE [USER]: _ZNKSt3__16vectorIN4Json9OurReader15StructuredErrorENS_9allocatorIS3_EEE17__annotate_shrinkB8ne210108Em
[2m[DEBUG][0m ANALYZE [USER]: _ZNSt3__116allocator_traitsINS_9allocatorIN4Json9OurReader15StructuredErrorEEEE7destroyB8ne210108IS4_TnNS_9enable_ifIX15__has_destroy_vIS5_PT_EEiE4typeELi0EEEvRS5_SA_
[2m[DEBUG][0m ANALYZE [USER]: _ZNSt3__19allocatorIN4Json9OurReader15StructuredErrorEE7destroyB8ne210108EPS3_
[2m[DEBUG][0m ANALYZE [USER]: _ZNSt3__16vectorIN4Json9OurReader15StructuredErrorENS_9allocatorIS3_EEE16__destroy_vectorC2B8ne210108ERS6_
[2m[DEBUG][0m ANALYZE [USER]: _ZN4Json9OurReader15StructuredErrorD2Ev
[2m[DEBUG][0m ANALYZE [USER]: _ZNSt3__16vectorIN4Json9OurReader15StructuredErrorENS_9allocatorIS3_EEE12emplace_backIJRKS3_EEEvDpOT_
[2m[DEBUG][0m ANALYZE [USER]: _ZNSt3__16vectorIN4Json9OurReader15StructuredErrorENS_9allocatorIS3_EEE30__emplace_back_assume_capacityB8ne210108IJRKS3_EEEvDpOT_
[2m[DEBUG][0m ANALYZE [USER]: _ZNSt3__16vectorIN4Json9OurReader15StructuredErrorENS_9allocatorIS3_EEE24__emplace_back_slow_pathIJRKS3_EEEPS3_DpOT_
[2m[DEBUG][0m ANALYZE [USER]: _ZNKSt3__16vectorIN4Json9OurReader15StructuredErrorENS_9allocatorIS3_EEE11__recommendB8ne210108Em
[2m[DEBUG][0m ANALYZE [USER]: _ZNSt3__114__split_bufferIN4Json9OurReader15StructuredErrorERNS_9allocatorIS3_EEEC1EmmS6_
[2m[DEBUG][0m ANALYZE [USER]: _ZNSt3__116allocator_traitsINS_9allocatorIN4Json9OurReader15StructuredErrorEEEE9constructB8ne210108IS4_JRKS4_ETnNS_9enable_ifIX17__has_construct_vIS5_PT_DpT0_EEiE4typeELi0EEEvRS5_SC_DpOSD_
[2m[DEBUG][0m ANALYZE [USER]: _ZNSt3__16vectorIN4Json9OurReader15StructuredErrorENS_9allocatorIS3_EEE26__swap_out_circular_bufferERNS_14__split_bufferIS3_RS5_EE
[2m[DEBUG][0m ANALYZE [USER]: _ZNSt3__114__split_bufferIN4Json9OurReader15StructuredErrorERNS_9allocatorIS3_EEED1Ev
[2m[DEBUG][0m ANALYZE [USER]: _ZNSt3__114__split_bufferIN4Json9OurReader15StructuredErrorERNS_9allocatorIS3_EEED2Ev
[2m[DEBUG][0m ANALYZE [USER]: _ZNSt3__114__split_bufferIN4Json9OurReader15StructuredErrorERNS_9allocatorIS3_EEE5clearB8ne210108Ev
[2m[DEBUG][0m ANALYZE [USER]: _ZNKSt3__114__split_bufferIN4Json9OurReader15StructuredErrorERNS_9allocatorIS3_EEE8capacityB8ne210108Ev
[2m[DEBUG][0m ANALYZE [USER]: _ZNSt3__114__split_bufferIN4Json9OurReader15StructuredErrorERNS_9allocatorIS3_EEE17__destruct_at_endB8ne210108EPS3_
[2m[DEBUG][0m ANALYZE [USER]: _ZNSt3__114__split_bufferIN4Json9OurReader15StructuredErrorERNS_9allocatorIS3_EEE17__destruct_at_endB8ne210108EPS3_NS_17integral_constantIbLb0EEE
[2m[DEBUG][0m ANALYZE [USER]: _ZNSt3__134__uninitialized_allocator_relocateB8ne210108INS_9allocatorIN4Json9OurReader15StructuredErrorEEEPS4_EEvRT_T0_S9_S9_
[2m[DEBUG][0m ANALYZE [USER]: _ZNSt3__14swapB8ne210108IPN4Json9OurReader15StructuredErrorEEENS_9enable_ifIXaasr21is_move_constructibleIT_EE5valuesr18is_move_assignableIS6_EE5valueEvE4typeERS6_S9_
[2m[DEBUG][0m ANALYZE [USER]: _ZNKSt3__16vectorIN4Json9OurReader15StructuredErrorENS_9allocatorIS3_EEE14__annotate_newB8ne210108Em
[2m[DEBUG][0m ANALYZE [USER]: _ZNSt3__129_AllocatorDestroyRangeReverseINS_9allocatorIN4Json9OurReader15StructuredErrorEEEPS4_EC1B8ne210108ERS5_RS6_S9_
[2m[DEBUG][0m ANALYZE [USER]: _ZNSt3__122__make_exception_guardB8ne210108INS_29_AllocatorDestroyRangeReverseINS_9allocatorIN4Json9OurReader15StructuredErrorEEEPS5_EEEENS_28__exception_guard_exceptionsIT_EESA_
[2m[DEBUG][0m ANALYZE [USER]: _ZNSt3__116allocator_traitsINS_9allocatorIN4Json9OurReader15StructuredErrorEEEE9constructB8ne210108IS4_JS4_ETnNS_9enable_ifIX17__has_construct_vIS5_PT_DpT0_EEiE4typeELi0EEEvRS5_SA_DpOSB_
[2m[DEBUG][0m ANALYZE [USER]: _ZNSt3__128__exception_guard_exceptionsINS_29_AllocatorDestroyRangeReverseINS_9allocatorIN4Json9OurReader15StructuredErrorEEEPS5_EEED1B8ne210108Ev
[2m[DEBUG][0m ANALYZE [USER]: _ZNSt3__128__exception_guard_exceptionsINS_29_AllocatorDestroyRangeReverseINS_9allocatorIN4Json9OurReader15StructuredErrorEEEPS5_EEE10__completeB8ne210108Ev
[2m[DEBUG][0m ANALYZE [USER]: _ZNSt3__119__allocator_destroyB8ne210108INS_9allocatorIN4Json9OurReader15StructuredErrorEEEPS4_S6_EEvRT_T0_T1_
[2m[DEBUG][0m ANALYZE [USER]: _ZNSt3__128__exception_guard_exceptionsINS_29_AllocatorDestroyRangeReverseINS_9allocatorIN4Json9OurReader15StructuredErrorEEEPS5_EEED2B8ne210108Ev
[2m[DEBUG][0m ANALYZE [USER]: _ZNKSt3__129_AllocatorDestroyRangeReverseINS_9allocatorIN4Json9OurReader15StructuredErrorEEEPS4_EclB8ne210108Ev
[2m[DEBUG][0m ANALYZE [USER]: _ZNSt3__116reverse_iteratorIPN4Json9OurReader15StructuredErrorEEC1B8ne210108ES4_
[2m[DEBUG][0m ANALYZE [USER]: _ZNSt3__119__allocator_destroyB8ne210108INS_9allocatorIN4Json9OurReader15StructuredErrorEEENS_16reverse_iteratorIPS4_EES8_EEvRT_T0_T1_
[2m[DEBUG][0m ANALYZE [USER]: _ZNSt3__1neB8ne210108IPN4Json9OurReader15StructuredErrorES4_EEbRKNS_16reverse_iteratorIT_EERKNS5_IT0_EE
[2m[DEBUG][0m ANALYZE [USER]: _ZNKSt3__116reverse_iteratorIPN4Json9OurReader15StructuredErrorEEdeB8ne210108Ev
[2m[DEBUG][0m ANALYZE [USER]: _ZNSt3__116reverse_iteratorIPN4Json9OurReader15StructuredErrorEEppB8ne210108Ev
[2m[DEBUG][0m ANALYZE [USER]: _ZNKSt3__116reverse_iteratorIPN4Json9OurReader15StructuredErrorEE4baseB8ne210108Ev
[2m[DEBUG][0m ANALYZE [USER]: _ZNSt3__116reverse_iteratorIPN4Json9OurReader15StructuredErrorEEC2B8ne210108ES4_
[2m[DEBUG][0m ANALYZE [USER]: _ZNSt3__19allocatorIN4Json9OurReader15StructuredErrorEE9constructB8ne210108IS3_JS3_EEEvPT_DpOT0_
[2m[DEBUG][0m ANALYZE [USER]: _ZN4Json9OurReader15StructuredErrorC1EOS1_
[2m[DEBUG][0m ANALYZE [USER]: _ZN4Json9OurReader15StructuredErrorC2EOS1_
[2m[DEBUG][0m ANALYZE [USER]: _ZNSt3__128__exception_guard_exceptionsINS_29_AllocatorDestroyRangeReverseINS_9allocatorIN4Json9OurReader15StructuredErrorEEEPS5_EEEC1B8ne210108ES8_
[2m[DEBUG][0m ANALYZE [USER]: _ZNSt3__128__exception_guard_exceptionsINS_29_AllocatorDestroyRangeReverseINS_9allocatorIN4Json9OurReader15StructuredErrorEEEPS5_EEEC2B8ne210108ES8_
[2m[DEBUG][0m ANALYZE [USER]: _ZNSt3__129_AllocatorDestroyRangeReverseINS_9allocatorIN4Json9OurReader15StructuredErrorEEEPS4_EC2B8ne210108ERS5_RS6_S9_
[2m[DEBUG][0m ANALYZE [USER]: _ZNSt3__19allocatorIN4Json9OurReader15StructuredErrorEE9constructB8ne210108IS3_JRKS3_EEEvPT_DpOT0_
[2m[DEBUG][0m ANALYZE [USER]: _ZN4Json9OurReader15StructuredErrorC1ERKS1_
[2m[DEBUG][0m ANALYZE [USER]: _ZN4Json9OurReader15StructuredErrorC2ERKS1_
[2m[DEBUG][0m ANALYZE [USER]: _ZNSt3__114__split_bufferIN4Json9OurReader15StructuredErrorERNS_9allocatorIS3_EEEC2EmmS6_
[2m[DEBUG][0m ANALYZE [USER]: _ZNSt3__119__allocate_at_leastB8ne210108INS_9allocatorIN4Json9OurReader15StructuredErrorEEEEENS_19__allocation_resultINS_16allocator_traitsIT_E7pointerEEERS8_m
[2m[DEBUG][0m ANALYZE [USER]: _ZNSt3__19allocatorIN4Json9OurReader15StructuredErrorEE8allocateB8ne210108Em
[2m[DEBUG][0m ANALYZE [USER]: _ZNSt3__116allocator_traitsINS_9allocatorIN4Json9OurReader15StructuredErrorEEEE8max_sizeB8ne210108IS5_TnNS_9enable_ifIX16__has_max_size_vIKT_EEiE4typeELi0EEEmRKS5_
[2m[DEBUG][0m ANALYZE [USER]: _ZNSt3__117__libcpp_allocateB8ne210108IN4Json9OurReader15StructuredErrorEEEPT_NS_15__element_countEm
[2m[DEBUG][0m ANALYZE [USER]: _ZNKSt3__19allocatorIN4Json9OurReader15StructuredErrorEE8max_sizeB8ne210108Ev
[2m[DEBUG][0m ANALYZE [USER]: _ZNKSt3__16vectorIN4Json9OurReader15StructuredErrorENS_9allocatorIS3_EEE8max_sizeB8ne210108Ev
[2m[DEBUG][0m ANALYZE [USER]: _ZNSt3__16vectorIN4Json9OurReader15StructuredErrorENS_9allocatorIS3_EEE20__throw_length_errorB8ne210108Ev
[2m[DEBUG][0m ANALYZE [USER]: _ZNSt3__16vectorIN4Json9OurReader15StructuredErrorENS_9allocatorIS3_EEE21_ConstructTransactionC1B8ne210108ERS6_m
[2m[DEBUG][0m ANALYZE [USER]: _ZNSt3__16vectorIN4Json9OurReader15StructuredErrorENS_9allocatorIS3_EEE21_ConstructTransactionD1B8ne210108Ev
[2m[DEBUG][0m ANALYZE [USER]: _ZNSt3__16vectorIN4Json9OurReader15StructuredErrorENS_9allocatorIS3_EEE21_ConstructTransactionD2B8ne210108Ev
[2m[DEBUG][0m ANALYZE [USER]: _ZNSt3__16vectorIN4Json9OurReader15StructuredErrorENS_9allocatorIS3_EEE21_ConstructTransactionC2B8ne210108ERS6_m
[2m[DEBUG][0m ANALYZE [USER]: _ZNKSt3__16vectorIN4Json9OurReader15StructuredErrorENS_9allocatorIS3_EEE19__annotate_increaseB8ne210108Em
[2m[DEBUG][0m ANALYZE [USER]: _ZN4Json9OurReader15StructuredErrorC2Ev
[2m[DEBUG][0m ANALYZE [USER]: _ZNSt3__16vectorIN4Json9OurReader15StructuredErrorENS_9allocatorIS3_EEEC2B8ne210108Ev
[2m[DEBUG][0m ANALYZE [USER]: _ZNSt3__19allocatorIN4Json9OurReader15StructuredErrorEEC1B8ne210108Ev
[2m[DEBUG][0m ANALYZE [USER]: _ZNSt3__19allocatorIN4Json9OurReader15StructuredErrorEEC2B8ne210108Ev
[2m[DEBUG][0m ANALYZE [USER]: _ZNSt3__116__non_trivial_ifILb1ENS_9allocatorIN4Json9OurReader15StructuredErrorEEEEC2B8ne210108Ev
[2m[DEBUG][0m ANALYZE [USER]: _ZN4Json17CharReaderBuilderC2Ev
[2m[DEBUG][0m ANALYZE [USER]: _ZN4Json10CharReader7FactoryC2Ev
[2m[DEBUG][0m ANALYZE [USER]: _ZN4Json17CharReaderBuilder11setDefaultsEPNS_5ValueE
[2m[DEBUG][0m ANALYZE [USER]: _ZN4Json10CharReader7FactoryD1Ev
[2m[DEBUG][0m ANALYZE [USER]: _ZN4Json10CharReader7FactoryD0Ev
[2m[DEBUG][0m ANALYZE [USER]: _ZN4Json17CharReaderBuilderC1Ev
[2m[DEBUG][0m ANALYZE [USER]: _ZNK4Json17CharReaderBuilder8validateEPNS_5ValueE
[2m[DEBUG][0m NOISE-SKIP [COMPILER_GEN]: _ZNSt3__13setINS_12basic_stringIcNS_11char_traitsIcEENS_9allocatorIcEEEENS_4lessIS6_EENS4_IS6_EEEC1B8ne210108ESt16initializer_listIS6_ERKS8_
[2m[DEBUG][0m NOISE-SKIP [COMPILER_GEN]: _ZNK4Json17ValueIteratorBaseneERKS0_
[2m[DEBUG][0m NOISE-SKIP [COMPILER_GEN]: _ZNKSt3__13setINS_12basic_stringIcNS_11char_traitsIcEENS_9allocatorIcEEEENS_4lessIS6_EENS4_IS6_EEE5countB8ne210108ERKS6_
[2m[DEBUG][0m NOISE-SKIP [COMPILER_GEN]: _ZNK4Json18ValueConstIteratordeEv
[2m[DEBUG][0m NOISE-SKIP [COMPILER_GEN]: _ZN4Json18ValueConstIteratorppEv
[2m[DEBUG][0m NOISE-SKIP [COMPILER_GEN]: _ZNKSt3__16__treeINS_12basic_stringIcNS_11char_traitsIcEENS_9allocatorIcEEEENS_4lessIS6_EENS4_IS6_EEE14__count_uniqueIS6_EEmRKT_
[2m[DEBUG][0m NOISE-SKIP [COMPILER_GEN]: _ZNKSt3__16__treeINS_12basic_stringIcNS_11char_traitsIcEENS_9allocatorIcEEEENS_4lessIS6_EENS4_IS6_EEE6__rootB8ne210108Ev
[2m[DEBUG][0m NOISE-SKIP [COMPILER_GEN]: _ZNKSt3__16__treeINS_12basic_stringIcNS_11char_traitsIcEENS_9allocatorIcEEEENS_4lessIS6_EENS4_IS6_EEE10value_compB8ne210108Ev
[2m[DEBUG][0m NOISE-SKIP [COMPILER_GEN]: _ZNKSt3__14lessINS_12basic_stringIcNS_11char_traitsIcEENS_9allocatorIcEEEEEclB8ne210108ERKS6_S9_
[2m[DEBUG][0m NOISE-SKIP [COMPILER_GEN]: _ZNSt3__1ltB8ne210108IcNS_11char_traitsIcEENS_9allocatorIcEEEEbRKNS_12basic_stringIT_T0_T1_EESB_
[2m[DEBUG][0m NOISE-SKIP [COMPILER_GEN]: _ZNKSt3__112basic_stringIcNS_11char_traitsIcEENS_9allocatorIcEEE7compareB8ne210108ERKS5_
[2m[DEBUG][0m NOISE-SKIP [COMPILER_GEN]: _ZNKSt3__112basic_stringIcNS_11char_traitsIcEENS_9allocatorIcEEEcvNS_17basic_string_viewIcS2_EEB8ne210108Ev
[2m[DEBUG][0m NOISE-SKIP [COMPILER_GEN]: _ZNKSt3__112basic_stringIcNS_11char_traitsIcEENS_9allocatorIcEEE7compareB8ne210108INS_17basic_string_viewIcS2_EETnNS_9enable_ifIXsr33__can_be_converted_to_string_viewIcS2_T_EE5valueEiE4typeELi0EEEiRKSA_
[2m[DEBUG][0m NOISE-SKIP [COMPILER_GEN]: _ZNKSt3__117basic_string_viewIcNS_11char_traitsIcEEE4sizeB8ne210108Ev
[2m[DEBUG][0m NOISE-SKIP [COMPILER_GEN]: _ZNKSt3__117basic_string_viewIcNS_11char_traitsIcEEE4dataB8ne210108Ev
[2m[DEBUG][0m ANALYZE [USER]: _ZNSt3__111char_traitsIcE7compareB8ne210108EPKcS3_m
[2m[DEBUG][0m NOISE-SKIP [COMPILER_GEN]: _ZNSt3__117basic_string_viewIcNS_11char_traitsIcEEEC1B8ne210108ENS3_14__assume_validEPKcm
[2m[DEBUG][0m NOISE-SKIP [COMPILER_GEN]: _ZNSt3__117basic_string_viewIcNS_11char_traitsIcEEEC2B8ne210108ENS3_14__assume_validEPKcm
[2m[DEBUG][0m NOISE-SKIP [COMPILER_GEN]: _ZNKSt3__16__treeINS_12basic_stringIcNS_11char_traitsIcEENS_9allocatorIcEEEENS_4lessIS6_EENS4_IS6_EEE10__end_nodeB8ne210108Ev
[2m[DEBUG][0m ANALYZE [USER]: _ZNSt3__114pointer_traitsIPNS_15__tree_end_nodeIPNS_16__tree_node_baseIPvEEEEE10pointer_toB8ne210108ERS6_
[2m[DEBUG][0m NOISE-SKIP [COMPILER_GEN]: _ZNSt3__13setINS_12basic_stringIcNS_11char_traitsIcEENS_9allocatorIcEEEENS_4lessIS6_EENS4_IS6_EEEC2B8ne210108ESt16initializer_listIS6_ERKS8_
[2m[DEBUG][0m NOISE-SKIP [COMPILER_GEN]: _ZNSt3__16__treeINS_12basic_stringIcNS_11char_traitsIcEENS_9allocatorIcEEEENS_4lessIS6_EENS4_IS6_EEEC1ERKS8_
[2m[DEBUG][0m NOISE-SKIP [COMPILER_GEN]: _ZNKSt16initializer_listINSt3__112basic_stringIcNS0_11char_traitsIcEENS0_9allocatorIcEEEEE5beginB8ne210108Ev
[2m[DEBUG][0m NOISE-SKIP [COMPILER_GEN]: _ZNKSt16initializer_listINSt3__112basic_stringIcNS0_11char_traitsIcEENS0_9allocatorIcEEEEE3endB8ne210108Ev
[2m[DEBUG][0m NOISE-SKIP [COMPILER_GEN]: _ZNSt3__13setINS_12basic_stringIcNS_11char_traitsIcEENS_9allocatorIcEEEENS_4lessIS6_EENS4_IS6_EEE6insertB8ne210108IPKS6_EEvT_SE_
[2m[DEBUG][0m NOISE-SKIP [COMPILER_GEN]: _ZNSt3__16__treeINS_12basic_stringIcNS_11char_traitsIcEENS_9allocatorIcEEEENS_4lessIS6_EENS4_IS6_EEED1Ev
[2m[DEBUG][0m NOISE-SKIP [COMPILER_GEN]: _ZNSt3__16__treeINS_12basic_stringIcNS_11char_traitsIcEENS_9allocatorIcEEEENS_4lessIS6_EENS4_IS6_EEED2Ev
[2m[DEBUG][0m NOISE-SKIP [COMPILER_GEN]: _ZNSt3__16__treeINS_12basic_stringIcNS_11char_traitsIcEENS_9allocatorIcEEEENS_4lessIS6_EENS4_IS6_EEE7destroyEPNS_11__tree_nodeIS6_PvEE
[2m[DEBUG][0m NOISE-SKIP [COMPILER_GEN]: _ZNSt3__16__treeINS_12basic_stringIcNS_11char_traitsIcEENS_9allocatorIcEEEENS_4lessIS6_EENS4_IS6_EEE12__node_allocB8ne210108Ev
[2m[DEBUG][0m NOISE-SKIP [COMPILER_GEN]: _ZNSt3__116allocator_traitsINS_9allocatorINS_11__tree_nodeINS_12basic_stringIcNS_11char_traitsIcEENS1_IcEEEEPvEEEEE7destroyB8ne210108IS7_TnNS_9enable_ifIXnt15__has_destroy_vISA_PT_EEiE4typeELi0EEEvRSA_SF_
[2m[DEBUG][0m NOISE-SKIP [COMPILER_GEN]: _ZNSt3__116allocator_traitsINS_9allocatorINS_11__tree_nodeINS_12basic_stringIcNS_11char_traitsIcEENS1_IcEEEEPvEEEEE10deallocateB8ne210108ERSA_PS9_m
[2m[DEBUG][0m NOISE-SKIP [COMPILER_GEN]: _ZNSt3__19allocatorINS_11__tree_nodeINS_12basic_stringIcNS_11char_traitsIcEENS0_IcEEEEPvEEE10deallocateB8ne210108EPS8_m
[2m[DEBUG][0m NOISE-SKIP [COMPILER_GEN]: _ZNSt3__119__libcpp_deallocateB8ne210108INS_11__tree_nodeINS_12basic_stringIcNS_11char_traitsIcEENS_9allocatorIcEEEEPvEEEEvPNS_15__type_identityIT_E4typeENS_15__element_countEm
[2m[DEBUG][0m NOISE-SKIP [COMPILER_GEN]: _ZNSt3__112__destroy_atB8ne210108INS_12basic_stringIcNS_11char_traitsIcEENS_9allocatorIcEEEETnNS_9enable_ifIXntsr8is_arrayIT_EE5valueEiE4typeELi0EEEvPS8_
[2m[DEBUG][0m NOISE-SKIP [COMPILER_GEN]: _ZNKSt3__13setINS_12basic_stringIcNS_11char_traitsIcEENS_9allocatorIcEEEENS_4lessIS6_EENS4_IS6_EEE4cendB8ne210108Ev
[2m[DEBUG][0m NOISE-SKIP [COMPILER_GEN]: _ZNSt3__16__treeINS_12basic_stringIcNS_11char_traitsIcEENS_9allocatorIcEEEENS_4lessIS6_EENS4_IS6_EEE21__emplace_hint_uniqueB8ne210108IRKS6_EENS_15__tree_iteratorIS6_PNS_11__tree_nodeIS6_PvEElEENS_21__tree_const_iteratorIS6_SI_lEEOT_
[2m[DEBUG][0m NOISE-SKIP [COMPILER_GEN]: _ZNSt3__16__treeINS_12basic_stringIcNS_11char_traitsIcEENS_9allocatorIcEEEENS_4lessIS6_EENS4_IS6_EEE33__emplace_hint_unique_extract_keyB8ne210108IRKS6_EENS_15__tree_iteratorIS6_PNS_11__tree_nodeIS6_PvEElEENS_21__tree_const_iteratorIS6_SI_lEEOT_NS_22__extract_key_self_tagE
[2m[DEBUG][0m NOISE-SKIP [COMPILER_GEN]: _ZNSt3__16__treeINS_12basic_stringIcNS_11char_traitsIcEENS_9allocatorIcEEEENS_4lessIS6_EENS4_IS6_EEE30__emplace_hint_unique_key_argsIS6_JRKS6_EEENS_4pairINS_15__tree_iteratorIS6_PNS_11__tree_nodeIS6_PvEElEEbEENS_21__tree_const_iteratorIS6_SJ_lEERKT_DpOT0_
[2m[DEBUG][0m NOISE-SKIP [COMPILER_GEN]: _ZNSt3__16__treeINS_12basic_stringIcNS_11char_traitsIcEENS_9allocatorIcEEEENS_4lessIS6_EENS4_IS6_EEE12__find_equalIS6_EERPNS_16__tree_node_baseIPvEENS_21__tree_const_iteratorIS6_PNS_11__tree_nodeIS6_SD_EElEERPNS_15__tree_end_nodeISF_EESG_RKT_
[2m[DEBUG][0m NOISE-SKIP [COMPILER_GEN]: _ZNSt3__16__treeINS_12basic_stringIcNS_11char_traitsIcEENS_9allocatorIcEEEENS_4lessIS6_EENS4_IS6_EEE16__construct_nodeIJRKS6_EEENS_10unique_ptrINS_11__tree_nodeIS6_PvEENS_22__tree_node_destructorINS4_ISH_EEEEEEDpOT_
[2m[DEBUG][0m NOISE-SKIP [COMPILER_GEN]: _ZNKSt3__110unique_ptrINS_11__tree_nodeINS_12basic_stringIcNS_11char_traitsIcEENS_9allocatorIcEEEEPvEENS_22__tree_node_destructorINS5_IS9_EEEEE3getB8ne210108Ev
[2m[DEBUG][0m NOISE-SKIP [COMPILER_GEN]: _ZNSt3__16__treeINS_12basic_stringIcNS_11char_traitsIcEENS_9allocatorIcEEEENS_4lessIS6_EENS4_IS6_EEE16__insert_node_atEPNS_15__tree_end_nodeIPNS_16__tree_node_baseIPvEEEERSF_SF_
[2m[DEBUG][0m NOISE-SKIP [COMPILER_GEN]: _ZNSt3__110unique_ptrINS_11__tree_nodeINS_12basic_stringIcNS_11char_traitsIcEENS_9allocatorIcEEEEPvEENS_22__tree_node_destructorINS5_IS9_EEEEE7releaseB8ne210108Ev
[2m[DEBUG][0m NOISE-SKIP [COMPILER_GEN]: _ZNSt3__110unique_ptrINS_11__tree_nodeINS_12basic_stringIcNS_11char_traitsIcEENS_9allocatorIcEEEEPvEENS_22__tree_node_destructorINS5_IS9_EEEEED1B8ne210108Ev
[2m[DEBUG][0m NOISE-SKIP [COMPILER_GEN]: _ZNSt3__115__tree_iteratorINS_12basic_stringIcNS_11char_traitsIcEENS_9allocatorIcEEEEPNS_11__tree_nodeIS6_PvEElEC1B8ne210108ESA_
[2m[DEBUG][0m NOISE-SKIP [COMPILER_GEN]: _ZNSt3__14pairINS_15__tree_iteratorINS_12basic_stringIcNS_11char_traitsIcEENS_9allocatorIcEEEEPNS_11__tree_nodeIS7_PvEElEEbEC1B8ne210108ISC_RbTnNS_9enable_ifIXclsr25__check_pair_constructionISC_bEE23__is_pair_constructibleIT_T0_EEEiE4typeELi0EEEOSH_OSI_
[2m[DEBUG][0m NOISE-SKIP [COMPILER_GEN]: _ZNSt3__14pairINS_15__tree_iteratorINS_12basic_stringIcNS_11char_traitsIcEENS_9allocatorIcEEEEPNS_11__tree_nodeIS7_PvEElEEbEC2B8ne210108ISC_RbTnNS_9enable_ifIXclsr25__check_pair_constructionISC_bEE23__is_pair_constructibleIT_T0_EEEiE4typeELi0EEEOSH_OSI_
[2m[DEBUG][0m NOISE-SKIP [COMPILER_GEN]: _ZNSt3__115__tree_iteratorINS_12basic_stringIcNS_11char_traitsIcEENS_9allocatorIcEEEEPNS_11__tree_nodeIS6_PvEElEC2B8ne210108ESA_
[2m[DEBUG][0m NOISE-SKIP [COMPILER_GEN]: _ZNSt3__110unique_ptrINS_11__tree_nodeINS_12basic_stringIcNS_11char_traitsIcEENS_9allocatorIcEEEEPvEENS_22__tree_node_destructorINS5_IS9_EEEEED2B8ne210108Ev
[2m[DEBUG][0m NOISE-SKIP [COMPILER_GEN]: _ZNSt3__110unique_ptrINS_11__tree_nodeINS_12basic_stringIcNS_11char_traitsIcEENS_9allocatorIcEEEEPvEENS_22__tree_node_destructorINS5_IS9_EEEEE5resetB8ne210108EPS9_
[2m[DEBUG][0m NOISE-SKIP [COMPILER_GEN]: _ZNSt3__122__tree_node_destructorINS_9allocatorINS_11__tree_nodeINS_12basic_stringIcNS_11char_traitsIcEENS1_IcEEEEPvEEEEEclB8ne210108EPS9_
[2m[DEBUG][0m NOISE-SKIP [COMPILER_GEN]: _ZNSt3__16__treeINS_12basic_stringIcNS_11char_traitsIcEENS_9allocatorIcEEEENS_4lessIS6_EENS4_IS6_EEE12__begin_nodeB8ne210108Ev
[2m[DEBUG][0m NOISE-SKIP [COMPILER_GEN]: _ZNSt3__16__treeINS_12basic_stringIcNS_11char_traitsIcEENS_9allocatorIcEEEENS_4lessIS6_EENS4_IS6_EEE10__end_nodeB8ne210108Ev
[2m[DEBUG][0m ANALYZE [USER]: _ZNSt3__127__tree_balance_after_insertB8ne210108IPNS_16__tree_node_baseIPvEEEEvT_S5_
[2m[DEBUG][0m NOISE-SKIP [COMPILER_GEN]: _ZNSt3__16__treeINS_12basic_stringIcNS_11char_traitsIcEENS_9allocatorIcEEEENS_4lessIS6_EENS4_IS6_EEE4sizeB8ne210108Ev
[2m[DEBUG][0m ANALYZE [USER]: _ZNKSt3__116__tree_node_baseIPvE15__parent_unsafeB8ne210108Ev
[2m[DEBUG][0m ANALYZE [USER]: _ZNSt3__120__tree_is_left_childB8ne210108IPNS_16__tree_node_baseIPvEEEEbT_
[2m[DEBUG][0m ANALYZE [USER]: _ZNSt3__118__tree_left_rotateB8ne210108IPNS_16__tree_node_baseIPvEEEEvT_
[2m[DEBUG][0m ANALYZE [USER]: _ZNSt3__119__tree_right_rotateB8ne210108IPNS_16__tree_node_baseIPvEEEEvT_
[2m[DEBUG][0m ANALYZE [USER]: _ZNSt3__116__tree_node_baseIPvE12__set_parentB8ne210108EPS2_
[2m[DEBUG][0m NOISE-SKIP [COMPILER_GEN]: _ZNSt3__116allocator_traitsINS_9allocatorINS_11__tree_nodeINS_12basic_stringIcNS_11char_traitsIcEENS1_IcEEEEPvEEEEE8allocateB8ne210108ERSA_m
[2m[DEBUG][0m NOISE-SKIP [COMPILER_GEN]: _ZNSt3__122__tree_node_destructorINS_9allocatorINS_11__tree_nodeINS_12basic_stringIcNS_11char_traitsIcEENS1_IcEEEEPvEEEEEC1B8ne210108ERSA_b
[2m[DEBUG][0m NOISE-SKIP [COMPILER_GEN]: _ZNSt3__110unique_ptrINS_11__tree_nodeINS_12basic_stringIcNS_11char_traitsIcEENS_9allocatorIcEEEEPvEENS_22__tree_node_destructorINS5_IS9_EEEEEC1B8ne210108ILb1EvEEPS9_NS_16__dependent_typeINS_27__unique_ptr_deleter_sfinaeISC_EEXT_EE20__good_rval_ref_typeE
[2m[DEBUG][0m NOISE-SKIP [COMPILER_GEN]: _ZNKSt3__110unique_ptrINS_11__tree_nodeINS_12basic_stringIcNS_11char_traitsIcEENS_9allocatorIcEEEEPvEENS_22__tree_node_destructorINS5_IS9_EEEEEptB8ne210108Ev
[2m[DEBUG][0m NOISE-SKIP [COMPILER_GEN]: _ZNSt3__116allocator_traitsINS_9allocatorINS_11__tree_nodeINS_12basic_stringIcNS_11char_traitsIcEENS1_IcEEEEPvEEEEE9constructB8ne210108IS7_JRKS7_ETnNS_9enable_ifIX17__has_construct_vISA_PT_DpT0_EEiE4typeELi0EEEvRSA_SH_DpOSI_
[2m[DEBUG][0m NOISE-SKIP [COMPILER_GEN]: _ZNSt3__110unique_ptrINS_11__tree_nodeINS_12basic_stringIcNS_11char_traitsIcEENS_9allocatorIcEEEEPvEENS_22__tree_node_destructorINS5_IS9_EEEEE11get_deleterB8ne210108Ev
[2m[DEBUG][0m NOISE-SKIP [COMPILER_GEN]: _ZNSt3__19allocatorINS_11__tree_nodeINS_12basic_stringIcNS_11char_traitsIcEENS0_IcEEEEPvEEE9constructB8ne210108IS6_JRKS6_EEEvPT_DpOT0_
[2m[DEBUG][0m NOISE-SKIP [COMPILER_GEN]: _ZNSt3__110unique_ptrINS_11__tree_nodeINS_12basic_stringIcNS_11char_traitsIcEENS_9allocatorIcEEEEPvEENS_22__tree_node_destructorINS5_IS9_EEEEEC2B8ne210108ILb1EvEEPS9_NS_16__dependent_typeINS_27__unique_ptr_deleter_sfinaeISC_EEXT_EE20__good_rval_ref_typeE
[2m[DEBUG][0m NOISE-SKIP [COMPILER_GEN]: _ZNSt3__125__compressed_pair_paddingINS_22__tree_node_destructorINS_9allocatorINS_11__tree_nodeINS_12basic_stringIcNS_11char_traitsIcEENS2_IcEEEEPvEEEEEELb0EEC1Ev
[2m[DEBUG][0m NOISE-SKIP [COMPILER_GEN]: _ZNSt3__125__compressed_pair_paddingINS_22__tree_node_destructorINS_9allocatorINS_11__tree_nodeINS_12basic_stringIcNS_11char_traitsIcEENS2_IcEEEEPvEEEEEELb0EEC2Ev
[2m[DEBUG][0m NOISE-SKIP [COMPILER_GEN]: _ZNSt3__122__tree_node_destructorINS_9allocatorINS_11__tree_nodeINS_12basic_stringIcNS_11char_traitsIcEENS1_IcEEEEPvEEEEEC2B8ne210108ERSA_b
[2m[DEBUG][0m NOISE-SKIP [COMPILER_GEN]: _ZNSt3__19allocatorINS_11__tree_nodeINS_12basic_stringIcNS_11char_traitsIcEENS0_IcEEEEPvEEE8allocateB8ne210108Em
[2m[DEBUG][0m NOISE-SKIP [COMPILER_GEN]: _ZNSt3__116allocator_traitsINS_9allocatorINS_11__tree_nodeINS_12basic_stringIcNS_11char_traitsIcEENS1_IcEEEEPvEEEEE8max_sizeB8ne210108ISA_TnNS_9enable_ifIX16__has_max_size_vIKT_EEiE4typeELi0EEEmRKSA_
[2m[DEBUG][0m NOISE-SKIP [COMPILER_GEN]: _ZNSt3__117__libcpp_allocateB8ne210108INS_11__tree_nodeINS_12basic_stringIcNS_11char_traitsIcEENS_9allocatorIcEEEEPvEEEEPT_NS_15__element_countEm
[2m[DEBUG][0m NOISE-SKIP [COMPILER_GEN]: _ZNKSt3__19allocatorINS_11__tree_nodeINS_12basic_stringIcNS_11char_traitsIcEENS0_IcEEEEPvEEE8max_sizeB8ne210108Ev
[2m[DEBUG][0m NOISE-SKIP [COMPILER_GEN]: _ZNSt3__16__treeINS_12basic_stringIcNS_11char_traitsIcEENS_9allocatorIcEEEENS_4lessIS6_EENS4_IS6_EEE3endB8ne210108Ev
[2m[DEBUG][0m NOISE-SKIP [COMPILER_GEN]: _ZNSt3__121__tree_const_iteratorINS_12basic_stringIcNS_11char_traitsIcEENS_9allocatorIcEEEEPNS_11__tree_nodeIS6_PvEElEC1B8ne210108ENS_15__tree_iteratorIS6_SA_lEE
[2m[DEBUG][0m NOISE-SKIP [COMPILER_GEN]: _ZNSt3__1eqB8ne210108ERKNS_21__tree_const_iteratorINS_12basic_stringIcNS_11char_traitsIcEENS_9allocatorIcEEEEPNS_11__tree_nodeIS6_PvEElEESD_
[2m[DEBUG][0m NOISE-SKIP [COMPILER_GEN]: _ZNSt3__16__treeINS_12basic_stringIcNS_11char_traitsIcEENS_9allocatorIcEEEENS_4lessIS6_EENS4_IS6_EEE10value_compB8ne210108Ev
[2m[DEBUG][0m NOISE-SKIP [COMPILER_GEN]: _ZNKSt3__121__tree_const_iteratorINS_12basic_stringIcNS_11char_traitsIcEENS_9allocatorIcEEEEPNS_11__tree_nodeIS6_PvEElEdeB8ne210108Ev
[2m[DEBUG][0m NOISE-SKIP [COMPILER_GEN]: _ZNSt3__16__treeINS_12basic_stringIcNS_11char_traitsIcEENS_9allocatorIcEEEENS_4lessIS6_EENS4_IS6_EEE5beginB8ne210108Ev
[2m[DEBUG][0m NOISE-SKIP [COMPILER_GEN]: _ZNSt3__121__tree_const_iteratorINS_12basic_stringIcNS_11char_traitsIcEENS_9allocatorIcEEEEPNS_11__tree_nodeIS6_PvEElEmmB8ne210108Ev
[2m[DEBUG][0m NOISE-SKIP [COMPILER_GEN]: _ZNSt3__16__treeINS_12basic_stringIcNS_11char_traitsIcEENS_9allocatorIcEEEENS_4lessIS6_EENS4_IS6_EEE12__find_equalIS6_EERPNS_16__tree_node_baseIPvEERPNS_15__tree_end_nodeISF_EERKT_
[2m[DEBUG][0m NOISE-SKIP [COMPILER_GEN]: _ZNSt3__14nextB8ne210108INS_21__tree_const_iteratorINS_12basic_stringIcNS_11char_traitsIcEENS_9allocatorIcEEEEPNS_11__tree_nodeIS7_PvEElEETnNS_9enable_ifIXsr29__has_input_iterator_categoryIT_EE5valueEiE4typeELi0EEESE_SE_NS_15iterator_traitsISE_E15difference_typeE
[2m[DEBUG][0m NOISE-SKIP [COMPILER_GEN]: _ZNKSt3__121__tree_const_iteratorINS_12basic_stringIcNS_11char_traitsIcEENS_9allocatorIcEEEEPNS_11__tree_nodeIS6_PvEElE8__get_npB8ne210108Ev
[2m[DEBUG][0m NOISE-SKIP [COMPILER_GEN]: _ZNSt3__17advanceB8ne210108INS_21__tree_const_iteratorINS_12basic_stringIcNS_11char_traitsIcEENS_9allocatorIcEEEEPNS_11__tree_nodeIS7_PvEElEEllTnNS_9enable_ifIXsr11is_integralIT1_EE5valueEiE4typeELi0EEEvRT_T0_
[2m[DEBUG][0m ANALYZE [USER]: _ZNSt3__121__convert_to_integralB8ne210108El
[2m[DEBUG][0m NOISE-SKIP [COMPILER_GEN]: _ZNSt3__19__advanceB8ne210108INS_21__tree_const_iteratorINS_12basic_stringIcNS_11char_traitsIcEENS_9allocatorIcEEEEPNS_11__tree_nodeIS7_PvEElEEEEvRT_NS_15iterator_traitsISD_E15difference_typeENS_26bidirectional_iterator_tagE
[2m[DEBUG][0m NOISE-SKIP [COMPILER_GEN]: _ZNSt3__121__tree_const_iteratorINS_12basic_stringIcNS_11char_traitsIcEENS_9allocatorIcEEEEPNS_11__tree_nodeIS6_PvEElEppB8ne210108Ev
[2m[DEBUG][0m NOISE-SKIP [COMPILER_GEN]: _ZNSt3__116__tree_next_iterB8ne210108IPNS_15__tree_end_nodeIPNS_16__tree_node_baseIPvEEEES5_EET_T0_
[2m[DEBUG][0m ANALYZE [USER]: _ZNSt3__110__tree_minB8ne210108IPNS_16__tree_node_baseIPvEEEET_S5_
[2m[DEBUG][0m NOISE-SKIP [COMPILER_GEN]: _ZNKSt3__16__treeINS_12basic_stringIcNS_11char_traitsIcEENS_9allocatorIcEEEENS_4lessIS6_EENS4_IS6_EEE10__root_ptrB8ne210108Ev
[2m[DEBUG][0m ANALYZE [USER]: _ZNSt3__116__tree_prev_iterB8ne210108IPNS_16__tree_node_baseIPvEEPNS_15__tree_end_nodeIS4_EEEET_T0_
[2m[DEBUG][0m ANALYZE [USER]: _ZNSt3__110__tree_maxB8ne210108IPNS_16__tree_node_baseIPvEEEET_S5_
[2m[DEBUG][0m NOISE-SKIP [COMPILER_GEN]: _ZNSt3__115__tree_iteratorINS_12basic_stringIcNS_11char_traitsIcEENS_9allocatorIcEEEEPNS_11__tree_nodeIS6_PvEElEC1B8ne210108EPNS_15__tree_end_nodeIPNS_16__tree_node_baseIS8_EEEE
[2m[DEBUG][0m NOISE-SKIP [COMPILER_GEN]: _ZNSt3__115__tree_iteratorINS_12basic_stringIcNS_11char_traitsIcEENS_9allocatorIcEEEEPNS_11__tree_nodeIS6_PvEElEC2B8ne210108EPNS_15__tree_end_nodeIPNS_16__tree_node_baseIS8_EEEE
[2m[DEBUG][0m NOISE-SKIP [COMPILER_GEN]: _ZNSt3__121__tree_const_iteratorINS_12basic_stringIcNS_11char_traitsIcEENS_9allocatorIcEEEEPNS_11__tree_nodeIS6_PvEElEC2B8ne210108ENS_15__tree_iteratorIS6_SA_lEE
[2m[DEBUG][0m NOISE-SKIP [COMPILER_GEN]: _ZNKSt3__13setINS_12basic_stringIcNS_11char_traitsIcEENS_9allocatorIcEEEENS_4lessIS6_EENS4_IS6_EEE3endB8ne210108Ev
[2m[DEBUG][0m NOISE-SKIP [COMPILER_GEN]: _ZNKSt3__16__treeINS_12basic_stringIcNS_11char_traitsIcEENS_9allocatorIcEEEENS_4lessIS6_EENS4_IS6_EEE3endB8ne210108Ev
[2m[DEBUG][0m NOISE-SKIP [COMPILER_GEN]: _ZNSt3__121__tree_const_iteratorINS_12basic_stringIcNS_11char_traitsIcEENS_9allocatorIcEEEEPNS_11__tree_nodeIS6_PvEElEC1B8ne210108EPNS_15__tree_end_nodeIPNS_16__tree_node_baseIS8_EEEE
[2m[DEBUG][0m NOISE-SKIP [COMPILER_GEN]: _ZNSt3__121__tree_const_iteratorINS_12basic_stringIcNS_11char_traitsIcEENS_9allocatorIcEEEEPNS_11__tree_nodeIS6_PvEElEC2B8ne210108EPNS_15__tree_end_nodeIPNS_16__tree_node_baseIS8_EEEE
[2m[DEBUG][0m NOISE-SKIP [COMPILER_GEN]: _ZNSt3__16__treeINS_12basic_stringIcNS_11char_traitsIcEENS_9allocatorIcEEEENS_4lessIS6_EENS4_IS6_EEEC2ERKS8_
[2m[DEBUG][0m ANALYZE [USER]: _ZNSt3__115__tree_end_nodeIPNS_16__tree_node_baseIPvEEEC1B8ne210108Ev
[2m[DEBUG][0m NOISE-SKIP [COMPILER_GEN]: _ZNSt3__19allocatorINS_11__tree_nodeINS_12basic_stringIcNS_11char_traitsIcEENS0_IcEEEEPvEEEC1B8ne210108Ev
[2m[DEBUG][0m NOISE-SKIP [COMPILER_GEN]: _ZNSt3__19allocatorINS_11__tree_nodeINS_12basic_stringIcNS_11char_traitsIcEENS0_IcEEEEPvEEEC2B8ne210108Ev
[2m[DEBUG][0m NOISE-SKIP [COMPILER_GEN]: _ZNSt3__116__non_trivial_ifILb1ENS_9allocatorINS_11__tree_nodeINS_12basic_stringIcNS_11char_traitsIcEENS1_IcEEEEPvEEEEEC2B8ne210108Ev
[2m[DEBUG][0m ANALYZE [USER]: _ZNSt3__115__tree_end_nodeIPNS_16__tree_node_baseIPvEEEC2B8ne210108Ev
[2m[DEBUG][0m NOISE-SKIP [COMPILER_GEN]: _ZN4Json17CharReaderBuilderixERKNSt3__112basic_stringIcNS1_11char_traitsIcEENS1_9allocatorIcEEEE
[2m[DEBUG][0m ANALYZE [USER]: _ZN4Json17CharReaderBuilder10strictModeEPNS_5ValueE
[2m[DEBUG][0m NOISE-SKIP [COMPILER_GEN]: _ZN4Json15parseFromStreamERKNS_10CharReader7FactoryERNSt3__113basic_istreamIcNS4_11char_traitsIcEEEEPNS_5ValueEPNS4_12basic_stringIcS7_NS4_9allocatorIcEEEE
[2m[DEBUG][0m ANALYZE [USER]: _ZNSt3__119basic_ostringstreamIcNS_11char_traitsIcEENS_9allocatorIcEEEC1B8ne210108Ev
[2m[DEBUG][0m ANALYZE [USER]: _ZNKSt3__119basic_ostringstreamIcNS_11char_traitsIcEENS_9allocatorIcEEE3strB8ne210108Ev
[2m[DEBUG][0m ANALYZE [USER]: _ZNSt3__110unique_ptrIN4Json10CharReaderENS_14default_deleteIS2_EEEC1B8ne210108ILb1EvEEPS2_
[2m[DEBUG][0m ANALYZE [USER]: _ZNKSt3__110unique_ptrIN4Json10CharReaderENS_14default_deleteIS2_EEEptB8ne210108Ev
[2m[DEBUG][0m ANALYZE [USER]: _ZNSt3__110unique_ptrIN4Json10CharReaderENS_14default_deleteIS2_EEED1B8ne210108Ev
[2m[DEBUG][0m ANALYZE [USER]: _ZNSt3__119basic_ostringstreamIcNS_11char_traitsIcEENS_9allocatorIcEEED1Ev
[2m[DEBUG][0m ANALYZE [USER]: _ZNSt3__119basic_ostringstreamIcNS_11char_traitsIcEENS_9allocatorIcEEED2Ev
[2m[DEBUG][0m ANALYZE [USER]: _ZNSt3__110unique_ptrIN4Json10CharReaderENS_14default_deleteIS2_EEED2B8ne210108Ev
[2m[DEBUG][0m ANALYZE [USER]: _ZNSt3__110unique_ptrIN4Json10CharReaderENS_14default_deleteIS2_EEE5resetB8ne210108EPS2_
[2m[DEBUG][0m ANALYZE [USER]: _ZNKSt3__114default_deleteIN4Json10CharReaderEEclB8ne210108EPS2_
[2m[DEBUG][0m ANALYZE [USER]: _ZNSt3__110unique_ptrIN4Json10CharReaderENS_14default_deleteIS2_EEEC2B8ne210108ILb1EvEEPS2_
[2m[DEBUG][0m ANALYZE [USER]: _ZNSt3__113basic_ostreamIcNS_11char_traitsIcEEEC2B8ne210108EPNS_15basic_streambufIcS2_EE
[2m[DEBUG][0m NOISE-SKIP [COMPILER_GEN]: _ZNSt3__115basic_stringbufIcNS_11char_traitsIcEENS_9allocatorIcEEEC1B8ne210108Ej
[2m[DEBUG][0m NOISE-SKIP [COMPILER_GEN]: _ZNSt3__115basic_stringbufIcNS_11char_traitsIcEENS_9allocatorIcEEEC2B8ne210108Ej
[2m[DEBUG][0m NOISE-SKIP [COMPILER_GEN]: _ZNSt3__115basic_stringbufIcNS_11char_traitsIcEENS_9allocatorIcEEE15__init_buf_ptrsB8ne210108Ev
[2m[DEBUG][0m ANALYZE [USER]: _ZNSt3__115basic_streambufIcNS_11char_traitsIcEEE4setgB8ne210108EPcS4_S4_
[2m[DEBUG][0m ANALYZE [USER]: _ZNSt3__115basic_streambufIcNS_11char_traitsIcEEE4setpB8ne210108EPcS4_
[2m[DEBUG][0m ANALYZE [USER]: _ZNSt3__115basic_streambufIcNS_11char_traitsIcEEE5pbumpB8ne210108Ei
[2m[DEBUG][0m ANALYZE [USER]: _ZN4JsonrsERNSt3__113basic_istreamIcNS0_11char_traitsIcEEEERNS_5ValueE
[2m[DEBUG][0m ANALYZE [USER]: _ZN4Json9ExceptionD1Ev
[2m[DEBUG][0m ANALYZE [USER]: _ZN4Json9ExceptionD0Ev
[2m[DEBUG][0m ANALYZE [USER]: _ZNK4Json9Exception4whatEv
[2m[DEBUG][0m ANALYZE [USER]: _ZN4Json9ExceptionD2Ev
[2m[DEBUG][0m ANALYZE [USER]: _GLOBAL__sub_I_json_value.cpp
[2m[DEBUG][0m ANALYZE [USER]: __cxx_global_var_init
[2m[DEBUG][0m ANALYZE [USER]: __cxx_global_var_init.1
[2m[DEBUG][0m ANALYZE [USER]: _ZN4Json5Value13nullSingletonEv
[2m[DEBUG][0m ANALYZE [USER]: _ZN4Json5ValueC1ENS_9ValueTypeE
[2m[DEBUG][0m ANALYZE [USER]: _ZN4Json5ValueD1Ev
[2m[DEBUG][0m ANALYZE [USER]: _ZN4Json5ValueD2Ev
[2m[DEBUG][0m ANALYZE [USER]: _ZN4Json5Value14releasePayloadEv
[2m[DEBUG][0m ANALYZE [USER]: _ZN4Json5Value8CommentsD1Ev
[2m[DEBUG][0m ANALYZE [USER]: _ZN4Json5Value8CommentsD2Ev
[2m[DEBUG][0m NOISE-SKIP [COMPILER_GEN]: _ZNSt3__110unique_ptrINS_5arrayINS_12basic_stringIcNS_11char_traitsIcEENS_9allocatorIcEEEELm3EEENS_14default_deleteIS8_EEED1B8ne210108Ev
[2m[DEBUG][0m NOISE-SKIP [COMPILER_GEN]: _ZNSt3__110unique_ptrINS_5arrayINS_12basic_stringIcNS_11char_traitsIcEENS_9allocatorIcEEEELm3EEENS_14default_deleteIS8_EEED2B8ne210108Ev
[2m[DEBUG][0m NOISE-SKIP [COMPILER_GEN]: _ZNSt3__110unique_ptrINS_5arrayINS_12basic_stringIcNS_11char_traitsIcEENS_9allocatorIcEEEELm3EEENS_14default_deleteIS8_EEE5resetB8ne210108EPS8_
[2m[DEBUG][0m NOISE-SKIP [COMPILER_GEN]: _ZNKSt3__114default_deleteINS_5arrayINS_12basic_stringIcNS_11char_traitsIcEENS_9allocatorIcEEEELm3EEEEclB8ne210108EPS8_
[2m[DEBUG][0m NOISE-SKIP [COMPILER_GEN]: _ZNSt3__15arrayINS_12basic_stringIcNS_11char_traitsIcEENS_9allocatorIcEEEELm3EED1Ev
[2m[DEBUG][0m NOISE-SKIP [COMPILER_GEN]: _ZNSt3__15arrayINS_12basic_stringIcNS_11char_traitsIcEENS_9allocatorIcEEEELm3EED2Ev
[2m[DEBUG][0m ANALYZE [USER]: _ZNK4Json5Value4typeEv
[2m[DEBUG][0m ANALYZE [USER]: _ZNK4Json5Value11isAllocatedEv
[2m[DEBUG][0m ANALYZE [USER]: _ZN4JsonL26releasePrefixedStringValueEPc
[31m[ERROR][0m [HIGH] RISKY LIBC CALL: Json -> free
[31m[ERROR][0m   Location: /tmp/jsoncpp-1.9.5/src/lib_json/json_value.cpp:182:62
[31m[ERROR][0m   Kind: deallocator
[31m[ERROR][0m   Detail: Free memory - consumes ownership, cross-language mismatch risk
[31m[ERROR][0m   Warning: This function CONSUMES ownership
[2m[DEBUG][0m ANALYZE [USER]: _ZNSt3__13mapIN4Json5Value8CZStringES2_NS_4lessIS3_EENS_9allocatorINS_4pairIKS3_S2_EEEEED1B8ne210108Ev
[2m[DEBUG][0m ANALYZE [USER]: _ZNSt3__13mapIN4Json5Value8CZStringES2_NS_4lessIS3_EENS_9allocatorINS_4pairIKS3_S2_EEEEED2B8ne210108Ev
[2m[DEBUG][0m ANALYZE [USER]: _ZNSt3__16__treeINS_12__value_typeIN4Json5Value8CZStringES3_EENS_19__map_value_compareIS4_NS_4pairIKS4_S3_EENS_4lessIS4_EELb1EEENS_9allocatorIS9_EEED1Ev
[2m[DEBUG][0m ANALYZE [USER]: _ZNSt3__16__treeINS_12__value_typeIN4Json5Value8CZStringES3_EENS_19__map_value_compareIS4_NS_4pairIKS4_S3_EENS_4lessIS4_EELb1EEENS_9allocatorIS9_EEED2Ev
[2m[DEBUG][0m ANALYZE [USER]: _ZNKSt3__16__treeINS_12__value_typeIN4Json5Value8CZStringES3_EENS_19__map_value_compareIS4_NS_4pairIKS4_S3_EENS_4lessIS4_EELb1EEENS_9allocatorIS9_EEE6__rootB8ne210108Ev
[2m[DEBUG][0m ANALYZE [USER]: _ZNSt3__16__treeINS_12__value_typeIN4Json5Value8CZStringES3_EENS_19__map_value_compareIS4_NS_4pairIKS4_S3_EENS_4lessIS4_EELb1EEENS_9allocatorIS9_EEE7destroyEPNS_11__tree_nodeIS5_PvEE
[2m[DEBUG][0m ANALYZE [USER]: _ZNSt3__16__treeINS_12__value_typeIN4Json5Value8CZStringES3_EENS_19__map_value_compareIS4_NS_4pairIKS4_S3_EENS_4lessIS4_EELb1EEENS_9allocatorIS9_EEE12__node_allocB8ne210108Ev
[2m[DEBUG][0m ANALYZE [USER]: _ZNSt3__116allocator_traitsINS_9allocatorINS_11__tree_nodeINS_12__value_typeIN4Json5Value8CZStringES5_EEPvEEEEE7destroyB8ne210108INS_4pairIKS6_S5_EETnNS_9enable_ifIXnt15__has_destroy_vISA_PT_EEiE4typeELi0EEEvRSA_SI_
[2m[DEBUG][0m ANALYZE [USER]: _ZNSt3__116allocator_traitsINS_9allocatorINS_11__tree_nodeINS_12__value_typeIN4Json5Value8CZStringES5_EEPvEEEEE10deallocateB8ne210108ERSA_PS9_m
[2m[DEBUG][0m ANALYZE [USER]: _ZNSt3__19allocatorINS_11__tree_nodeINS_12__value_typeIN4Json5Value8CZStringES4_EEPvEEE10deallocateB8ne210108EPS8_m
[2m[DEBUG][0m ANALYZE [USER]: _ZNSt3__119__libcpp_deallocateB8ne210108INS_11__tree_nodeINS_12__value_typeIN4Json5Value8CZStringES4_EEPvEEEEvPNS_15__type_identityIT_E4typeENS_15__element_countEm
[2m[DEBUG][0m ANALYZE [USER]: _ZNSt3__112__destroy_atB8ne210108INS_4pairIKN4Json5Value8CZStringES3_EETnNS_9enable_ifIXntsr8is_arrayIT_EE5valueEiE4typeELi0EEEvPS8_
[2m[DEBUG][0m ANALYZE [USER]: _ZNSt3__14pairIKN4Json5Value8CZStringES2_ED1Ev
[2m[DEBUG][0m ANALYZE [USER]: _ZNSt3__14pairIKN4Json5Value8CZStringES2_ED2Ev
[2m[DEBUG][0m ANALYZE [USER]: _ZN4Json5Value8CZStringD1Ev
[2m[DEBUG][0m ANALYZE [USER]: _ZN4Json5Value8CZStringD2Ev
[2m[DEBUG][0m ANALYZE [USER]: _ZN4JsonL18releaseStringValueEPcj
[31m[ERROR][0m [HIGH] RISKY LIBC CALL: Json -> free
[31m[ERROR][0m   Location: /tmp/jsoncpp-1.9.5/src/lib_json/json_value.cpp:183:64
[31m[ERROR][0m   Kind: deallocator
[31m[ERROR][0m   Detail: Free memory - consumes ownership, cross-language mismatch risk
[31m[ERROR][0m   Warning: This function CONSUMES ownership
[2m[DEBUG][0m ANALYZE [USER]: _ZNKSt3__16__treeINS_12__value_typeIN4Json5Value8CZStringES3_EENS_19__map_value_compareIS4_NS_4pairIKS4_S3_EENS_4lessIS4_EELb1EEENS_9allocatorIS9_EEE10__end_nodeB8ne210108Ev
[2m[DEBUG][0m ANALYZE [USER]: _ZN4Json5ValueC2ENS_9ValueTypeE
[2m[DEBUG][0m ANALYZE [USER]: _ZN4Json5Value8CommentsC1Ev
[2m[DEBUG][0m ANALYZE [USER]: _ZN4Json5Value9initBasicENS_9ValueTypeEb
[2m[DEBUG][0m ANALYZE [USER]: _ZNSt3__13mapIN4Json5Value8CZStringES2_NS_4lessIS3_EENS_9allocatorINS_4pairIKS3_S2_EEEEEC1B8ne210108Ev
[2m[DEBUG][0m ANALYZE [USER]: _ZNSt3__13mapIN4Json5Value8CZStringES2_NS_4lessIS3_EENS_9allocatorINS_4pairIKS3_S2_EEEEEC2B8ne210108Ev
[2m[DEBUG][0m ANALYZE [USER]: _ZNSt3__119__map_value_compareIN4Json5Value8CZStringENS_4pairIKS3_S2_EENS_4lessIS3_EELb1EEC1B8ne210108ES8_
[2m[DEBUG][0m ANALYZE [USER]: _ZNSt3__16__treeINS_12__value_typeIN4Json5Value8CZStringES3_EENS_19__map_value_compareIS4_NS_4pairIKS4_S3_EENS_4lessIS4_EELb1EEENS_9allocatorIS9_EEEC1ERKSC_
[2m[DEBUG][0m ANALYZE [USER]: _ZNSt3__16__treeINS_12__value_typeIN4Json5Value8CZStringES3_EENS_19__map_value_compareIS4_NS_4pairIKS4_S3_EENS_4lessIS4_EELb1EEENS_9allocatorIS9_EEEC2ERKSC_
[2m[DEBUG][0m ANALYZE [USER]: _ZNSt3__19allocatorINS_11__tree_nodeINS_12__value_typeIN4Json5Value8CZStringES4_EEPvEEEC1B8ne210108Ev
[2m[DEBUG][0m ANALYZE [USER]: _ZNSt3__16__treeINS_12__value_typeIN4Json5Value8CZStringES3_EENS_19__map_value_compareIS4_NS_4pairIKS4_S3_EENS_4lessIS4_EELb1EEENS_9allocatorIS9_EEE10__end_nodeB8ne210108Ev
[2m[DEBUG][0m ANALYZE [USER]: _ZNSt3__16__treeINS_12__value_typeIN4Json5Value8CZStringES3_EENS_19__map_value_compareIS4_NS_4pairIKS4_S3_EENS_4lessIS4_EELb1EEENS_9allocatorIS9_EEE12__begin_nodeB8ne210108Ev
[2m[DEBUG][0m ANALYZE [USER]: _ZNSt3__19allocatorINS_11__tree_nodeINS_12__value_typeIN4Json5Value8CZStringES4_EEPvEEEC2B8ne210108Ev
[2m[DEBUG][0m ANALYZE [USER]: _ZNSt3__116__non_trivial_ifILb1ENS_9allocatorINS_11__tree_nodeINS_12__value_typeIN4Json5Value8CZStringES5_EEPvEEEEEC2B8ne210108Ev
[2m[DEBUG][0m ANALYZE [USER]: _ZNSt3__119__map_value_compareIN4Json5Value8CZStringENS_4pairIKS3_S2_EENS_4lessIS3_EELb1EEC2B8ne210108ES8_
[2m[DEBUG][0m ANALYZE [USER]: _ZN4Json5Value7setTypeENS_9ValueTypeE
[2m[DEBUG][0m ANALYZE [USER]: _ZN4Json5Value14setIsAllocatedEb
[2m[DEBUG][0m ANALYZE [USER]: _ZN4Json5Value8CommentsaSEOS1_
[2m[DEBUG][0m NOISE-SKIP [COMPILER_GEN]: _ZNSt3__110unique_ptrINS_5arrayINS_12basic_stringIcNS_11char_traitsIcEENS_9allocatorIcEEEELm3EEENS_14default_deleteIS8_EEEaSB8ne210108EOSB_
[2m[DEBUG][0m NOISE-SKIP [COMPILER_GEN]: _ZNSt3__110unique_ptrINS_5arrayINS_12basic_stringIcNS_11char_traitsIcEENS_9allocatorIcEEEELm3EEENS_14default_deleteIS8_EEE7releaseB8ne210108Ev
[2m[DEBUG][0m NOISE-SKIP [COMPILER_GEN]: _ZNSt3__110unique_ptrINS_5arrayINS_12basic_stringIcNS_11char_traitsIcEENS_9allocatorIcEEEELm3EEENS_14default_deleteIS8_EEE11get_deleterB8ne210108Ev
[2m[DEBUG][0m ANALYZE [USER]: _ZN4Json5Value8CommentsC2Ev
[2m[DEBUG][0m NOISE-SKIP [COMPILER_GEN]: _ZNSt3__110unique_ptrINS_5arrayINS_12basic_stringIcNS_11char_traitsIcEENS_9allocatorIcEEEELm3EEENS_14default_deleteIS8_EEEC1B8ne210108ILb1EvEEv
[2m[DEBUG][0m NOISE-SKIP [COMPILER_GEN]: _ZNSt3__110unique_ptrINS_5arrayINS_12basic_stringIcNS_11char_traitsIcEENS_9allocatorIcEEEELm3EEENS_14default_deleteIS8_EEEC2B8ne210108ILb1EvEEv
[2m[DEBUG][0m NOISE-SKIP [COMPILER_GEN]: _ZN4Json17ValueIteratorBaseC2Ev
[2m[DEBUG][0m ANALYZE [USER]: _ZNSt3__114__map_iteratorINS_15__tree_iteratorINS_12__value_typeIN4Json5Value8CZStringES4_EEPNS_11__tree_nodeIS6_PvEElEEEC1B8ne210108Ev
[2m[DEBUG][0m ANALYZE [USER]: _ZNSt3__114__map_iteratorINS_15__tree_iteratorINS_12__value_typeIN4Json5Value8CZStringES4_EEPNS_11__tree_nodeIS6_PvEElEEEC2B8ne210108Ev
[2m[DEBUG][0m ANALYZE [USER]: _ZNSt3__115__tree_iteratorINS_12__value_typeIN4Json5Value8CZStringES3_EEPNS_11__tree_nodeIS5_PvEElEC1B8ne210108Ev
[2m[DEBUG][0m ANALYZE [USER]: _ZNSt3__115__tree_iteratorINS_12__value_typeIN4Json5Value8CZStringES3_EEPNS_11__tree_nodeIS5_PvEElEC2B8ne210108Ev
[2m[DEBUG][0m NOISE-SKIP [COMPILER_GEN]: _ZN4Json17ValueIteratorBaseC1Ev
[2m[DEBUG][0m NOISE-SKIP [COMPILER_GEN]: _ZN4Json17ValueIteratorBaseC2ERKNSt3__114__map_iteratorINS1_15__tree_iteratorINS1_12__value_typeINS_5Value8CZStringES5_EEPNS1_11__tree_nodeIS7_PvEElEEEE
[2m[DEBUG][0m NOISE-SKIP [COMPILER_GEN]: _ZN4Json17ValueIteratorBaseC1ERKNSt3__114__map_iteratorINS1_15__tree_iteratorINS1_12__value_typeINS_5Value8CZStringES5_EEPNS1_11__tree_nodeIS7_PvEElEEEE
[2m[DEBUG][0m NOISE-SKIP [COMPILER_GEN]: _ZN4Json17ValueIteratorBase5derefEv
[2m[DEBUG][0m ANALYZE [USER]: _ZNKSt3__114__map_iteratorINS_15__tree_iteratorINS_12__value_typeIN4Json5Value8CZStringES4_EEPNS_11__tree_nodeIS6_PvEElEEEptB8ne210108Ev
[2m[DEBUG][0m ANALYZE [USER]: _ZNKSt3__115__tree_iteratorINS_12__value_typeIN4Json5Value8CZStringES3_EEPNS_11__tree_nodeIS5_PvEElEdeB8ne210108Ev
[2m[DEBUG][0m ANALYZE [USER]: _ZNSt3__114pointer_traitsIPNS_4pairIKN4Json5Value8CZStringES3_EEE10pointer_toB8ne210108ERS6_
[2m[DEBUG][0m ANALYZE [USER]: _ZNKSt3__115__tree_iteratorINS_12__value_typeIN4Json5Value8CZStringES3_EEPNS_11__tree_nodeIS5_PvEElE8__get_npB8ne210108Ev
[2m[DEBUG][0m NOISE-SKIP [COMPILER_GEN]: _ZNK4Json17ValueIteratorBase5derefEv
[2m[DEBUG][0m NOISE-SKIP [COMPILER_GEN]: _ZN4Json17ValueIteratorBase9incrementEv
[2m[DEBUG][0m ANALYZE [USER]: _ZNSt3__114__map_iteratorINS_15__tree_iteratorINS_12__value_typeIN4Json5Value8CZStringES4_EEPNS_11__tree_nodeIS6_PvEElEEEppB8ne210108Ev
[2m[DEBUG][0m ANALYZE [USER]: _ZNSt3__115__tree_iteratorINS_12__value_typeIN4Json5Value8CZStringES3_EEPNS_11__tree_nodeIS5_PvEElEppB8ne210108Ev
[2m[DEBUG][0m NOISE-SKIP [COMPILER_GEN]: _ZN4Json17ValueIteratorBase9decrementEv
[2m[DEBUG][0m ANALYZE [USER]: _ZNSt3__114__map_iteratorINS_15__tree_iteratorINS_12__value_typeIN4Json5Value8CZStringES4_EEPNS_11__tree_nodeIS6_PvEElEEEmmB8ne210108Ev
[2m[DEBUG][0m ANALYZE [USER]: _ZNSt3__115__tree_iteratorINS_12__value_typeIN4Json5Value8CZStringES3_EEPNS_11__tree_nodeIS5_PvEElEmmB8ne210108Ev
[2m[DEBUG][0m NOISE-SKIP [COMPILER_GEN]: _ZNK4Json17ValueIteratorBase15computeDistanceERKS0_
[2m[DEBUG][0m ANALYZE [USER]: _ZNSt3__1neB8ne210108ERKNS_14__map_iteratorINS_15__tree_iteratorINS_12__value_typeIN4Json5Value8CZStringES4_EEPNS_11__tree_nodeIS6_PvEElEEEESE_
[2m[DEBUG][0m ANALYZE [USER]: _ZNSt3__1neB8ne210108ERKNS_15__tree_iteratorINS_12__value_typeIN4Json5Value8CZStringES3_EEPNS_11__tree_nodeIS5_PvEElEESC_
[2m[DEBUG][0m ANALYZE [USER]: _ZNSt3__1eqB8ne210108ERKNS_15__tree_iteratorINS_12__value_typeIN4Json5Value8CZStringES3_EEPNS_11__tree_nodeIS5_PvEElEESC_
[2m[DEBUG][0m NOISE-SKIP [COMPILER_GEN]: _ZNK4Json17ValueIteratorBase7isEqualERKS0_
[2m[DEBUG][0m ANALYZE [USER]: _ZNSt3__1eqB8ne210108ERKNS_14__map_iteratorINS_15__tree_iteratorINS_12__value_typeIN4Json5Value8CZStringES4_EEPNS_11__tree_nodeIS6_PvEElEEEESE_
[2m[DEBUG][0m NOISE-SKIP [COMPILER_GEN]: _ZN4Json17ValueIteratorBase4copyERKS0_
[2m[DEBUG][0m NOISE-SKIP [COMPILER_GEN]: _ZNK4Json17ValueIteratorBase3keyEv
[2m[DEBUG][0m ANALYZE [USER]: _ZNKSt3__114__map_iteratorINS_15__tree_iteratorINS_12__value_typeIN4Json5Value8CZStringES4_EEPNS_11__tree_nodeIS6_PvEElEEEdeB8ne210108Ev
[2m[DEBUG][0m ANALYZE [USER]: _ZN4Json5Value8CZStringC1ERKS1_
[2m[DEBUG][0m ANALYZE [USER]: _ZNK4Json5Value8CZString4dataEv
[2m[DEBUG][0m ANALYZE [USER]: _ZNK4Json5Value8CZString14isStaticStringEv
[2m[DEBUG][0m ANALYZE [USER]: _ZN4Json12StaticStringC1EPKc
[2m[DEBUG][0m ANALYZE [USER]: _ZN4Json5ValueC1ERKNS_12StaticStringE
[2m[DEBUG][0m ANALYZE [USER]: _ZNK4Json5Value8CZString6lengthEv
[2m[DEBUG][0m ANALYZE [USER]: _ZN4Json5ValueC1EPKcS2_
[2m[DEBUG][0m ANALYZE [USER]: _ZNK4Json5Value8CZString5indexEv
[2m[DEBUG][0m ANALYZE [USER]: _ZN4Json5ValueC1Ej
[2m[DEBUG][0m ANALYZE [USER]: _ZN4Json5ValueC2Ej
[2m[DEBUG][0m ANALYZE [USER]: _ZN4Json5ValueC2EPKcS2_
[2m[DEBUG][0m ANALYZE [USER]: _ZN4JsonL29duplicateAndPrefixStringValueEPKcj
[31m[ERROR][0m [MEDIUM] RISKY LIBC CALL: Json -> malloc
[31m[ERROR][0m   Location: /tmp/jsoncpp-1.9.5/src/lib_json/json_value.cpp:142:39
[31m[ERROR][0m   Kind: allocator
[31m[ERROR][0m   Detail: Allocate memory - returns ownership, check for null
[31m[ERROR][0m   Warning: This function TRANSFERS ownership
[31m[ERROR][0m   Warning: Result requires NULL check
[2m[DEBUG][0m ANALYZE [USER]: _ZNSt3__1lsB8ne210108INS_11char_traitsIcEEEERNS_13basic_ostreamIcT_EES6_PKc
[2m[DEBUG][0m NOISE-SKIP [COMPILER_GEN]: _ZN4Json15throwLogicErrorERKNSt3__112basic_stringIcNS0_11char_traitsIcEENS0_9allocatorIcEEEE
[2m[DEBUG][0m NOISE-SKIP [COMPILER_GEN]: _ZN4Json17throwRuntimeErrorERKNSt3__112basic_stringIcNS0_11char_traitsIcEENS0_9allocatorIcEEEE
[2m[DEBUG][0m NOISE-SKIP [COMPILER_GEN]: _ZN4Json12RuntimeErrorC1ERKNSt3__112basic_stringIcNS1_11char_traitsIcEENS1_9allocatorIcEEEE
[2m[DEBUG][0m ANALYZE [USER]: _ZN4Json12RuntimeErrorD1Ev
[2m[DEBUG][0m ANALYZE [USER]: _ZN4Json12RuntimeErrorD2Ev
[2m[DEBUG][0m NOISE-SKIP [COMPILER_GEN]: _ZN4Json12RuntimeErrorC2ERKNSt3__112basic_stringIcNS1_11char_traitsIcEENS1_9allocatorIcEEEE
[2m[DEBUG][0m NOISE-SKIP [COMPILER_GEN]: _ZN4Json9ExceptionC2ENSt3__112basic_stringIcNS1_11char_traitsIcEENS1_9allocatorIcEEEE
[2m[DEBUG][0m ANALYZE [USER]: _ZN4Json12RuntimeErrorD0Ev
[2m[DEBUG][0m ANALYZE [USER]: _ZNSt9exceptionC2B8ne210108Ev
[2m[DEBUG][0m NOISE-SKIP [COMPILER_GEN]: _ZN4Json10LogicErrorC1ERKNSt3__112basic_stringIcNS1_11char_traitsIcEENS1_9allocatorIcEEEE
[2m[DEBUG][0m ANALYZE [USER]: _ZN4Json10LogicErrorD1Ev
[2m[DEBUG][0m ANALYZE [USER]: _ZN4Json10LogicErrorD2Ev
[2m[DEBUG][0m NOISE-SKIP [COMPILER_GEN]: _ZN4Json10LogicErrorC2ERKNSt3__112basic_stringIcNS1_11char_traitsIcEENS1_9allocatorIcEEEE
[2m[DEBUG][0m ANALYZE [USER]: _ZN4Json10LogicErrorD0Ev
[2m[DEBUG][0m ANALYZE [USER]: _ZNSt3__124__put_character_sequenceB8ne210108IcNS_11char_traitsIcEEEERNS_13basic_ostreamIT_T0_EES7_PKS4_m
[2m[DEBUG][0m ANALYZE [USER]: _ZNKSt3__113basic_ostreamIcNS_11char_traitsIcEEE6sentrycvbB8ne210108Ev
[2m[DEBUG][0m ANALYZE [USER]: _ZNSt3__119ostreambuf_iteratorIcNS_11char_traitsIcEEEC1B8ne210108ERNS_13basic_ostreamIcS2_EE
[2m[DEBUG][0m ANALYZE [USER]: _ZNKSt3__18ios_base5flagsB8ne210108Ev
[2m[DEBUG][0m ANALYZE [USER]: _ZNKSt3__19basic_iosIcNS_11char_traitsIcEEE4fillB8ne210108Ev
[2m[DEBUG][0m ANALYZE [USER]: _ZNSt3__116__pad_and_outputB8ne210108IcNS_11char_traitsIcEEEENS_19ostreambuf_iteratorIT_T0_EES6_PKS4_S8_S8_RNS_8ios_baseES4_
[2m[DEBUG][0m ANALYZE [USER]: _ZNKSt3__119ostreambuf_iteratorIcNS_11char_traitsIcEEE6failedB8ne210108Ev
[2m[DEBUG][0m ANALYZE [USER]: _ZNSt3__19basic_iosIcNS_11char_traitsIcEEE8setstateB8ne210108Ej
[2m[DEBUG][0m ANALYZE [USER]: _ZNSt3__18ios_base8setstateB8ne210108Ej
[2m[DEBUG][0m ANALYZE [USER]: _ZNKSt3__18ios_base5widthB8ne210108Ev
[2m[DEBUG][0m ANALYZE [USER]: _ZNSt3__115basic_streambufIcNS_11char_traitsIcEEE5sputnB8ne210108EPKcl
[2m[DEBUG][0m NOISE-SKIP [COMPILER_GEN]: _ZNSt3__112basic_stringIcNS_11char_traitsIcEENS_9allocatorIcEEEC1B8ne210108Emc
[2m[DEBUG][0m ANALYZE [USER]: _ZNSt3__18ios_base5widthB8ne210108El
[2m[DEBUG][0m NOISE-SKIP [COMPILER_GEN]: _ZNSt3__112basic_stringIcNS_11char_traitsIcEENS_9allocatorIcEEEC2B8ne210108Emc
[2m[DEBUG][0m ANALYZE [USER]: _ZNKSt3__118_SentinelValueFillINS_11char_traitsIcEEE8__is_setB8ne210108Ev
[2m[DEBUG][0m ANALYZE [USER]: _ZNKSt3__19basic_iosIcNS_11char_traitsIcEEE5widenB8ne210108Ec
[2m[DEBUG][0m ANALYZE [USER]: _ZNSt3__118_SentinelValueFillINS_11char_traitsIcEEEaSB8ne210108Ei
[2m[DEBUG][0m ANALYZE [USER]: _ZNKSt3__118_SentinelValueFillINS_11char_traitsIcEEE5__getB8ne210108Ev
[2m[DEBUG][0m ANALYZE [USER]: _ZNSt3__19use_facetB8ne210108INS_5ctypeIcEEEERKT_RKNS_6localeE
[2m[DEBUG][0m ANALYZE [USER]: _ZNKSt3__15ctypeIcE5widenB8ne210108Ec
[2m[DEBUG][0m ANALYZE [USER]: _ZNSt3__119ostreambuf_iteratorIcNS_11char_traitsIcEEEC2B8ne210108ERNS_13basic_ostreamIcS2_EE
[2m[DEBUG][0m ANALYZE [USER]: _ZN4Json5ValueC2ERKNS_12StaticStringE
[2m[DEBUG][0m ANALYZE [USER]: _ZNK4Json12StaticString5c_strEv
[2m[DEBUG][0m ANALYZE [USER]: _ZN4Json12StaticStringC2EPKc
[2m[DEBUG][0m ANALYZE [USER]: _ZN4Json5Value8CZStringC2ERKS1_
[2m[DEBUG][0m ANALYZE [USER]: _ZN4JsonL20duplicateStringValueEPKcm
[31m[ERROR][0m [MEDIUM] RISKY LIBC CALL: Json -> malloc
[31m[ERROR][0m   Location: /tmp/jsoncpp-1.9.5/src/lib_json/json_value.cpp:121:39
[31m[ERROR][0m   Kind: allocator
[31m[ERROR][0m   Detail: Allocate memory - returns ownership, check for null
[31m[ERROR][0m   Warning: This function TRANSFERS ownership
[31m[ERROR][0m   Warning: Result requires NULL check
[2m[DEBUG][0m NOISE-SKIP [COMPILER_GEN]: _ZNK4Json17ValueIteratorBase5indexEv
[2m[DEBUG][0m NOISE-SKIP [COMPILER_GEN]: _ZNK4Json17ValueIteratorBase4nameEv
[2m[DEBUG][0m NOISE-SKIP [COMPILER_GEN]: _ZNK4Json17ValueIteratorBase10memberNameEPPKc
[2m[DEBUG][0m NOISE-SKIP [COMPILER_GEN]: _ZNK4Json17ValueIteratorBase10memberNameEv
[2m[DEBUG][0m NOISE-SKIP [COMPILER_GEN]: _ZN4Json18ValueConstIteratorC2Ev
[2m[DEBUG][0m NOISE-SKIP [COMPILER_GEN]: _ZN4Json18ValueConstIteratorC1Ev
[2m[DEBUG][0m NOISE-SKIP [COMPILER_GEN]: _ZN4Json18ValueConstIteratorC2ERKNSt3__114__map_iteratorINS1_15__tree_iteratorINS1_12__value_typeINS_5Value8CZStringES5_EEPNS1_11__tree_nodeIS7_PvEElEEEE
[2m[DEBUG][0m NOISE-SKIP [COMPILER_GEN]: _ZN4Json18ValueConstIteratorC1ERKNSt3__114__map_iteratorINS1_15__tree_iteratorINS1_12__value_typeINS_5Value8CZStringES5_EEPNS1_11__tree_nodeIS7_PvEElEEEE
[2m[DEBUG][0m NOISE-SKIP [COMPILER_GEN]: _ZN4Json18ValueConstIteratorC2ERKNS_13ValueIteratorE
[2m[DEBUG][0m NOISE-SKIP [COMPILER_GEN]: _ZN4Json18ValueConstIteratorC1ERKNS_13ValueIteratorE
[2m[DEBUG][0m NOISE-SKIP [COMPILER_GEN]: _ZN4Json18ValueConstIteratoraSERKNS_17ValueIteratorBaseE
[2m[DEBUG][0m NOISE-SKIP [COMPILER_GEN]: _ZN4Json13ValueIteratorC2Ev
[2m[DEBUG][0m NOISE-SKIP [COMPILER_GEN]: _ZN4Json13ValueIteratorC1Ev
[2m[DEBUG][0m NOISE-SKIP [COMPILER_GEN]: _ZN4Json13ValueIteratorC2ERKNSt3__114__map_iteratorINS1_15__tree_iteratorINS1_12__value_typeINS_5Value8CZStringES5_EEPNS1_11__tree_nodeIS7_PvEElEEEE
[2m[DEBUG][0m NOISE-SKIP [COMPILER_GEN]: _ZN4Json13ValueIteratorC1ERKNSt3__114__map_iteratorINS1_15__tree_iteratorINS1_12__value_typeINS_5Value8CZStringES5_EEPNS1_11__tree_nodeIS7_PvEElEEEE
[2m[DEBUG][0m NOISE-SKIP [COMPILER_GEN]: _ZN4Json13ValueIteratorC2ERKNS_18ValueConstIteratorE
[2m[DEBUG][0m NOISE-SKIP [COMPILER_GEN]: _ZN4Json13ValueIteratorC1ERKNS_18ValueConstIteratorE
[2m[DEBUG][0m NOISE-SKIP [COMPILER_GEN]: _ZN4Json13ValueIteratorC2ERKS0_
[2m[DEBUG][0m NOISE-SKIP [COMPILER_GEN]: _ZN4Json13ValueIteratorC1ERKS0_
[2m[DEBUG][0m NOISE-SKIP [COMPILER_GEN]: _ZN4Json13ValueIteratoraSERKS0_
[2m[DEBUG][0m NOISE-SKIP [COMPILER_GEN]: _ZN4Json9ExceptionC1ENSt3__112basic_stringIcNS1_11char_traitsIcEENS1_9allocatorIcEEEE
[2m[DEBUG][0m ANALYZE [USER]: _ZN4Json5Value8CZStringC2Ej
[2m[DEBUG][0m ANALYZE [USER]: _ZN4Json5Value8CZStringC1Ej
[2m[DEBUG][0m ANALYZE [USER]: _ZN4Json5Value8CZStringC2EPKcjNS1_17DuplicationPolicyE
[2m[DEBUG][0m ANALYZE [USER]: _ZN4Json5Value8CZStringC1EPKcjNS1_17DuplicationPolicyE
[2m[DEBUG][0m ANALYZE [USER]: _ZN4Json5Value8CZStringC2EOS1_
[2m[DEBUG][0m ANALYZE [USER]: _ZN4Json5Value8CZStringC1EOS1_
[2m[DEBUG][0m ANALYZE [USER]: _ZN4Json5Value8CZString4swapERS1_
[2m[DEBUG][0m ANALYZE [USER]: _ZNSt3__14swapB8ne210108IPKcEENS_9enable_ifIXaasr21is_move_constructibleIT_EE5valuesr18is_move_assignableIS4_EE5valueEvE4typeERS4_S7_
[2m[DEBUG][0m ANALYZE [USER]: _ZNSt3__14swapB8ne210108IjEENS_9enable_ifIXaasr21is_move_constructibleIT_EE5valuesr18is_move_assignableIS2_EE5valueEvE4typeERS2_S5_
[2m[DEBUG][0m ANALYZE [USER]: _ZN4Json5Value8CZStringaSERKS1_
[2m[DEBUG][0m ANALYZE [USER]: _ZN4Json5Value8CZStringaSEOS1_
[2m[DEBUG][0m ANALYZE [USER]: _ZNK4Json5Value8CZStringltERKS1_
[2m[DEBUG][0m ANALYZE [USER]: _ZNSt3__13minB8ne210108IjEERKT_S3_S3_
[2m[DEBUG][0m ANALYZE [USER]: _ZNSt3__13minB8ne210108IjNS_6__lessIvvEEEERKT_S5_S5_T0_
[2m[DEBUG][0m ANALYZE [USER]: _ZNKSt3__16__lessIvvEclB8ne210108IjjEEbRKT_RKT0_
[2m[DEBUG][0m ANALYZE [USER]: _ZNK4Json5Value8CZStringeqERKS1_
[2m[DEBUG][0m ANALYZE [USER]: _ZN4Json5ValueC2Ei
[2m[DEBUG][0m ANALYZE [USER]: _ZN4Json5ValueC1Ei
[2m[DEBUG][0m ANALYZE [USER]: _ZN4Json5ValueC2Ex
[2m[DEBUG][0m ANALYZE [USER]: _ZN4Json5ValueC1Ex
[2m[DEBUG][0m ANALYZE [USER]: _ZN4Json5ValueC2Ey
[2m[DEBUG][0m ANALYZE [USER]: _ZN4Json5ValueC1Ey
[2m[DEBUG][0m ANALYZE [USER]: _ZN4Json5ValueC2Ed
[2m[DEBUG][0m ANALYZE [USER]: _ZN4Json5ValueC1Ed
[2m[DEBUG][0m ANALYZE [USER]: _ZN4Json5ValueC2EPKc
[2m[DEBUG][0m ANALYZE [USER]: _ZN4Json5ValueC1EPKc
[2m[DEBUG][0m NOISE-SKIP [COMPILER_GEN]: _ZN4Json5ValueC2ERKNSt3__112basic_stringIcNS1_11char_traitsIcEENS1_9allocatorIcEEEE
[2m[DEBUG][0m NOISE-SKIP [COMPILER_GEN]: _ZN4Json5ValueC1ERKNSt3__112basic_stringIcNS1_11char_traitsIcEENS1_9allocatorIcEEEE
[2m[DEBUG][0m ANALYZE [USER]: _ZN4Json5ValueC2Eb
[2m[DEBUG][0m ANALYZE [USER]: _ZN4Json5ValueC1Eb
[2m[DEBUG][0m ANALYZE [USER]: _ZN4Json5ValueC2ERKS0_
[2m[DEBUG][0m ANALYZE [USER]: _ZN4Json5Value10dupPayloadERKS0_
[2m[DEBUG][0m ANALYZE [USER]: _ZN4Json5Value7dupMetaERKS0_
[2m[DEBUG][0m ANALYZE [USER]: _ZN4Json5Value8CommentsaSERKS1_
[2m[DEBUG][0m NOISE-SKIP [COMPILER_GEN]: _ZN4JsonL11cloneUniqueINSt3__15arrayINS1_12basic_stringIcNS1_11char_traitsIcEENS1_9allocatorIcEEEELm3EEEEENS1_10unique_ptrIT_NS1_14default_deleteISB_EEEERKSE_
[2m[DEBUG][0m NOISE-SKIP [COMPILER_GEN]: _ZNKSt3__110unique_ptrINS_5arrayINS_12basic_stringIcNS_11char_traitsIcEENS_9allocatorIcEEEELm3EEENS_14default_deleteIS8_EEEcvbB8ne210108Ev
[2m[DEBUG][0m NOISE-SKIP [COMPILER_GEN]: _ZNKSt3__110unique_ptrINS_5arrayINS_12basic_stringIcNS_11char_traitsIcEENS_9allocatorIcEEEELm3EEENS_14default_deleteIS8_EEEdeB8ne210108Ev
[2m[DEBUG][0m NOISE-SKIP [COMPILER_GEN]: _ZNSt3__15arrayINS_12basic_stringIcNS_11char_traitsIcEENS_9allocatorIcEEEELm3EEC1ERKS7_
[2m[DEBUG][0m NOISE-SKIP [COMPILER_GEN]: _ZNSt3__110unique_ptrINS_5arrayINS_12basic_stringIcNS_11char_traitsIcEENS_9allocatorIcEEEELm3EEENS_14default_deleteIS8_EEEC1B8ne210108ILb1EvEEPS8_
[2m[DEBUG][0m NOISE-SKIP [COMPILER_GEN]: _ZNSt3__110unique_ptrINS_5arrayINS_12basic_stringIcNS_11char_traitsIcEENS_9allocatorIcEEEELm3EEENS_14default_deleteIS8_EEEC2B8ne210108ILb1EvEEPS8_
[2m[DEBUG][0m NOISE-SKIP [COMPILER_GEN]: _ZNSt3__15arrayINS_12basic_stringIcNS_11char_traitsIcEENS_9allocatorIcEEEELm3EEC2ERKS7_
[2m[DEBUG][0m ANALYZE [USER]: _ZN4JsonL20decodePrefixedStringEbPKcPjPS1_
[2m[DEBUG][0m ANALYZE [USER]: _ZNSt3__13mapIN4Json5Value8CZStringES2_NS_4lessIS3_EENS_9allocatorINS_4pairIKS3_S2_EEEEEC1B8ne210108ERKSB_
[2m[DEBUG][0m ANALYZE [USER]: _ZNSt3__13mapIN4Json5Value8CZStringES2_NS_4lessIS3_EENS_9allocatorINS_4pairIKS3_S2_EEEEEC2B8ne210108ERKSB_
[2m[DEBUG][0m ANALYZE [USER]: _ZNSt3__16__treeINS_12__value_typeIN4Json5Value8CZStringES3_EENS_19__map_value_compareIS4_NS_4pairIKS4_S3_EENS_4lessIS4_EELb1EEENS_9allocatorIS9_EEEC1ERKSF_
[2m[DEBUG][0m ANALYZE [USER]: _ZNKSt3__13mapIN4Json5Value8CZStringES2_NS_4lessIS3_EENS_9allocatorINS_4pairIKS3_S2_EEEEE5beginB8ne210108Ev
[2m[DEBUG][0m ANALYZE [USER]: _ZNKSt3__13mapIN4Json5Value8CZStringES2_NS_4lessIS3_EENS_9allocatorINS_4pairIKS3_S2_EEEEE3endB8ne210108Ev
[2m[DEBUG][0m ANALYZE [USER]: _ZNSt3__13mapIN4Json5Value8CZStringES2_NS_4lessIS3_EENS_9allocatorINS_4pairIKS3_S2_EEEEE6insertB8ne210108INS_20__map_const_iteratorINS_21__tree_const_iteratorINS_12__value_typeIS3_S2_EEPNS_11__tree_nodeISG_PvEElEEEEEEvT_SN_
[2m[DEBUG][0m ANALYZE [USER]: _ZNKSt3__13mapIN4Json5Value8CZStringES2_NS_4lessIS3_EENS_9allocatorINS_4pairIKS3_S2_EEEEE4cendB8ne210108Ev
[2m[DEBUG][0m ANALYZE [USER]: _ZNSt3__1neB8ne210108ERKNS_20__map_const_iteratorINS_21__tree_const_iteratorINS_12__value_typeIN4Json5Value8CZStringES4_EEPNS_11__tree_nodeIS6_PvEElEEEESE_
[2m[DEBUG][0m ANALYZE [USER]: _ZNSt3__120__map_const_iteratorINS_21__tree_const_iteratorINS_12__value_typeIN4Json5Value8CZStringES4_EEPNS_11__tree_nodeIS6_PvEElEEEC1B8ne210108ESB_
[2m[DEBUG][0m ANALYZE [USER]: _ZNKSt3__120__map_const_iteratorINS_21__tree_const_iteratorINS_12__value_typeIN4Json5Value8CZStringES4_EEPNS_11__tree_nodeIS6_PvEElEEEdeB8ne210108Ev
[2m[DEBUG][0m ANALYZE [USER]: _ZNSt3__13mapIN4Json5Value8CZStringES2_NS_4lessIS3_EENS_9allocatorINS_4pairIKS3_S2_EEEEE6insertB8ne210108ENS_20__map_const_iteratorINS_21__tree_const_iteratorINS_12__value_typeIS3_S2_EEPNS_11__tree_nodeISF_PvEElEEEERKS9_
[2m[DEBUG][0m ANALYZE [USER]: _ZNSt3__120__map_const_iteratorINS_21__tree_const_iteratorINS_12__value_typeIN4Json5Value8CZStringES4_EEPNS_11__tree_nodeIS6_PvEElEEEppB8ne210108Ev
[2m[DEBUG][0m ANALYZE [USER]: _ZNSt3__121__tree_const_iteratorINS_12__value_typeIN4Json5Value8CZStringES3_EEPNS_11__tree_nodeIS5_PvEElEppB8ne210108Ev
[2m[DEBUG][0m ANALYZE [USER]: _ZNSt3__16__treeINS_12__value_typeIN4Json5Value8CZStringES3_EENS_19__map_value_compareIS4_NS_4pairIKS4_S3_EENS_4lessIS4_EELb1EEENS_9allocatorIS9_EEE21__emplace_hint_uniqueB8ne210108IRKS9_EENS_15__tree_iteratorIS5_PNS_11__tree_nodeIS5_PvEElEENS_21__tree_const_iteratorIS5_SN_lEEOT_
[2m[DEBUG][0m ANALYZE [USER]: _ZNSt3__114__map_iteratorINS_15__tree_iteratorINS_12__value_typeIN4Json5Value8CZStringES4_EEPNS_11__tree_nodeIS6_PvEElEEEC1B8ne210108ESB_
[2m[DEBUG][0m ANALYZE [USER]: _ZNSt3__114__map_iteratorINS_15__tree_iteratorINS_12__value_typeIN4Json5Value8CZStringES4_EEPNS_11__tree_nodeIS6_PvEElEEEC2B8ne210108ESB_
[2m[DEBUG][0m ANALYZE [USER]: _ZNSt3__16__treeINS_12__value_typeIN4Json5Value8CZStringES3_EENS_19__map_value_compareIS4_NS_4pairIKS4_S3_EENS_4lessIS4_EELb1EEENS_9allocatorIS9_EEE33__emplace_hint_unique_extract_keyB8ne210108IRKS9_EENS_15__tree_iteratorIS5_PNS_11__tree_nodeIS5_PvEElEENS_21__tree_const_iteratorIS5_SN_lEEOT_NS_23__extract_key_first_tagE
[2m[DEBUG][0m ANALYZE [USER]: _ZNSt3__16__treeINS_12__value_typeIN4Json5Value8CZStringES3_EENS_19__map_value_compareIS4_NS_4pairIKS4_S3_EENS_4lessIS4_EELb1EEENS_9allocatorIS9_EEE30__emplace_hint_unique_key_argsIS4_JRKS9_EEENS7_INS_15__tree_iteratorIS5_PNS_11__tree_nodeIS5_PvEElEEbEENS_21__tree_const_iteratorIS5_SN_lEERKT_DpOT0_
[2m[DEBUG][0m ANALYZE [USER]: _ZNSt3__16__treeINS_12__value_typeIN4Json5Value8CZStringES3_EENS_19__map_value_compareIS4_NS_4pairIKS4_S3_EENS_4lessIS4_EELb1EEENS_9allocatorIS9_EEE12__find_equalIS4_EERPNS_16__tree_node_baseIPvEENS_21__tree_const_iteratorIS5_PNS_11__tree_nodeIS5_SI_EElEERPNS_15__tree_end_nodeISK_EESL_RKT_
[2m[DEBUG][0m ANALYZE [USER]: _ZNSt3__16__treeINS_12__value_typeIN4Json5Value8CZStringES3_EENS_19__map_value_compareIS4_NS_4pairIKS4_S3_EENS_4lessIS4_EELb1EEENS_9allocatorIS9_EEE16__construct_nodeIJRKS9_EEENS_10unique_ptrINS_11__tree_nodeIS5_PvEENS_22__tree_node_destructorINSD_ISM_EEEEEEDpOT_
[2m[DEBUG][0m ANALYZE [USER]: _ZNKSt3__110unique_ptrINS_11__tree_nodeINS_12__value_typeIN4Json5Value8CZStringES4_EEPvEENS_22__tree_node_destructorINS_9allocatorIS8_EEEEE3getB8ne210108Ev
[2m[DEBUG][0m ANALYZE [USER]: _ZNSt3__16__treeINS_12__value_typeIN4Json5Value8CZStringES3_EENS_19__map_value_compareIS4_NS_4pairIKS4_S3_EENS_4lessIS4_EELb1EEENS_9allocatorIS9_EEE16__insert_node_atEPNS_15__tree_end_nodeIPNS_16__tree_node_baseIPvEEEERSK_SK_
[2m[DEBUG][0m ANALYZE [USER]: _ZNSt3__110unique_ptrINS_11__tree_nodeINS_12__value_typeIN4Json5Value8CZStringES4_EEPvEENS_22__tree_node_destructorINS_9allocatorIS8_EEEEE7releaseB8ne210108Ev
[2m[DEBUG][0m ANALYZE [USER]: _ZNSt3__110unique_ptrINS_11__tree_nodeINS_12__value_typeIN4Json5Value8CZStringES4_EEPvEENS_22__tree_node_destructorINS_9allocatorIS8_EEEEED1B8ne210108Ev
[2m[DEBUG][0m ANALYZE [USER]: _ZNSt3__115__tree_iteratorINS_12__value_typeIN4Json5Value8CZStringES3_EEPNS_11__tree_nodeIS5_PvEElEC1B8ne210108ES9_
[2m[DEBUG][0m ANALYZE [USER]: _ZNSt3__14pairINS_15__tree_iteratorINS_12__value_typeIN4Json5Value8CZStringES4_EEPNS_11__tree_nodeIS6_PvEElEEbEC1B8ne210108ISB_RbTnNS_9enable_ifIXclsr25__check_pair_constructionISB_bEE23__is_pair_constructibleIT_T0_EEEiE4typeELi0EEEOSG_OSH_
[2m[DEBUG][0m ANALYZE [USER]: _ZNSt3__14pairINS_15__tree_iteratorINS_12__value_typeIN4Json5Value8CZStringES4_EEPNS_11__tree_nodeIS6_PvEElEEbEC2B8ne210108ISB_RbTnNS_9enable_ifIXclsr25__check_pair_constructionISB_bEE23__is_pair_constructibleIT_T0_EEEiE4typeELi0EEEOSG_OSH_
[2m[DEBUG][0m ANALYZE [USER]: _ZNSt3__115__tree_iteratorINS_12__value_typeIN4Json5Value8CZStringES3_EEPNS_11__tree_nodeIS5_PvEElEC2B8ne210108ES9_
[2m[DEBUG][0m ANALYZE [USER]: _ZNSt3__110unique_ptrINS_11__tree_nodeINS_12__value_typeIN4Json5Value8CZStringES4_EEPvEENS_22__tree_node_destructorINS_9allocatorIS8_EEEEED2B8ne210108Ev
[2m[DEBUG][0m ANALYZE [USER]: _ZNSt3__110unique_ptrINS_11__tree_nodeINS_12__value_typeIN4Json5Value8CZStringES4_EEPvEENS_22__tree_node_destructorINS_9allocatorIS8_EEEEE5resetB8ne210108EPS8_
[2m[DEBUG][0m ANALYZE [USER]: _ZNSt3__122__tree_node_destructorINS_9allocatorINS_11__tree_nodeINS_12__value_typeIN4Json5Value8CZStringES5_EEPvEEEEEclB8ne210108EPS9_
[2m[DEBUG][0m ANALYZE [USER]: _ZNSt3__16__treeINS_12__value_typeIN4Json5Value8CZStringES3_EENS_19__map_value_compareIS4_NS_4pairIKS4_S3_EENS_4lessIS4_EELb1EEENS_9allocatorIS9_EEE4sizeB8ne210108Ev
[2m[DEBUG][0m ANALYZE [USER]: _ZNSt3__116allocator_traitsINS_9allocatorINS_11__tree_nodeINS_12__value_typeIN4Json5Value8CZStringES5_EEPvEEEEE8allocateB8ne210108ERSA_m
[2m[DEBUG][0m ANALYZE [USER]: _ZNSt3__122__tree_node_destructorINS_9allocatorINS_11__tree_nodeINS_12__value_typeIN4Json5Value8CZStringES5_EEPvEEEEEC1B8ne210108ERSA_b
[2m[DEBUG][0m ANALYZE [USER]: _ZNSt3__110unique_ptrINS_11__tree_nodeINS_12__value_typeIN4Json5Value8CZStringES4_EEPvEENS_22__tree_node_destructorINS_9allocatorIS8_EEEEEC1B8ne210108ILb1EvEEPS8_NS_16__dependent_typeINS_27__unique_ptr_deleter_sfinaeISC_EEXT_EE20__good_rval_ref_typeE
[2m[DEBUG][0m ANALYZE [USER]: _ZNKSt3__110unique_ptrINS_11__tree_nodeINS_12__value_typeIN4Json5Value8CZStringES4_EEPvEENS_22__tree_node_destructorINS_9allocatorIS8_EEEEEptB8ne210108Ev
[2m[DEBUG][0m ANALYZE [USER]: _ZNSt3__116allocator_traitsINS_9allocatorINS_11__tree_nodeINS_12__value_typeIN4Json5Value8CZStringES5_EEPvEEEEE9constructB8ne210108INS_4pairIKS6_S5_EEJRKSF_ETnNS_9enable_ifIX17__has_construct_vISA_PT_DpT0_EEiE4typeELi0EEEvRSA_SK_DpOSL_
[2m[DEBUG][0m ANALYZE [USER]: _ZNSt3__110unique_ptrINS_11__tree_nodeINS_12__value_typeIN4Json5Value8CZStringES4_EEPvEENS_22__tree_node_destructorINS_9allocatorIS8_EEEEE11get_deleterB8ne210108Ev
[2m[DEBUG][0m ANALYZE [USER]: _ZNSt3__19allocatorINS_11__tree_nodeINS_12__value_typeIN4Json5Value8CZStringES4_EEPvEEE9constructB8ne210108INS_4pairIKS5_S4_EEJRKSD_EEEvPT_DpOT0_
[2m[DEBUG][0m ANALYZE [USER]: _ZNSt3__14pairIKN4Json5Value8CZStringES2_EC1B8ne210108ERKS5_
[2m[DEBUG][0m ANALYZE [USER]: _ZNSt3__14pairIKN4Json5Value8CZStringES2_EC2B8ne210108ERKS5_
[2m[DEBUG][0m ANALYZE [USER]: _ZN4Json5ValueC1ERKS0_
[2m[DEBUG][0m ANALYZE [USER]: _ZNSt3__110unique_ptrINS_11__tree_nodeINS_12__value_typeIN4Json5Value8CZStringES4_EEPvEENS_22__tree_node_destructorINS_9allocatorIS8_EEEEEC2B8ne210108ILb1EvEEPS8_NS_16__dependent_typeINS_27__unique_ptr_deleter_sfinaeISC_EEXT_EE20__good_rval_ref_typeE
[2m[DEBUG][0m ANALYZE [USER]: _ZNSt3__125__compressed_pair_paddingINS_22__tree_node_destructorINS_9allocatorINS_11__tree_nodeINS_12__value_typeIN4Json5Value8CZStringES6_EEPvEEEEEELb0EEC1Ev
[2m[DEBUG][0m ANALYZE [USER]: _ZNSt3__125__compressed_pair_paddingINS_22__tree_node_destructorINS_9allocatorINS_11__tree_nodeINS_12__value_typeIN4Json5Value8CZStringES6_EEPvEEEEEELb0EEC2Ev
[2m[DEBUG][0m ANALYZE [USER]: _ZNSt3__122__tree_node_destructorINS_9allocatorINS_11__tree_nodeINS_12__value_typeIN4Json5Value8CZStringES5_EEPvEEEEEC2B8ne210108ERSA_b
[2m[DEBUG][0m ANALYZE [USER]: _ZNSt3__19allocatorINS_11__tree_nodeINS_12__value_typeIN4Json5Value8CZStringES4_EEPvEEE8allocateB8ne210108Em
[2m[DEBUG][0m ANALYZE [USER]: _ZNSt3__116allocator_traitsINS_9allocatorINS_11__tree_nodeINS_12__value_typeIN4Json5Value8CZStringES5_EEPvEEEEE8max_sizeB8ne210108ISA_TnNS_9enable_ifIX16__has_max_size_vIKT_EEiE4typeELi0EEEmRKSA_
[2m[DEBUG][0m ANALYZE [USER]: _ZNSt3__117__libcpp_allocateB8ne210108INS_11__tree_nodeINS_12__value_typeIN4Json5Value8CZStringES4_EEPvEEEEPT_NS_15__element_countEm
[2m[DEBUG][0m ANALYZE [USER]: _ZNKSt3__19allocatorINS_11__tree_nodeINS_12__value_typeIN4Json5Value8CZStringES4_EEPvEEE8max_sizeB8ne210108Ev
[2m[DEBUG][0m ANALYZE [USER]: _ZNSt3__16__treeINS_12__value_typeIN4Json5Value8CZStringES3_EENS_19__map_value_compareIS4_NS_4pairIKS4_S3_EENS_4lessIS4_EELb1EEENS_9allocatorIS9_EEE3endB8ne210108Ev
[2m[DEBUG][0m ANALYZE [USER]: _ZNSt3__121__tree_const_iteratorINS_12__value_typeIN4Json5Value8CZStringES3_EEPNS_11__tree_nodeIS5_PvEElEC1B8ne210108ENS_15__tree_iteratorIS5_S9_lEE
[2m[DEBUG][0m ANALYZE [USER]: _ZNSt3__1eqB8ne210108ERKNS_21__tree_const_iteratorINS_12__value_typeIN4Json5Value8CZStringES3_EEPNS_11__tree_nodeIS5_PvEElEESC_
[2m[DEBUG][0m ANALYZE [USER]: _ZNSt3__16__treeINS_12__value_typeIN4Json5Value8CZStringES3_EENS_19__map_value_compareIS4_NS_4pairIKS4_S3_EENS_4lessIS4_EELb1EEENS_9allocatorIS9_EEE10value_compB8ne210108Ev
[2m[DEBUG][0m ANALYZE [USER]: _ZNKSt3__121__tree_const_iteratorINS_12__value_typeIN4Json5Value8CZStringES3_EEPNS_11__tree_nodeIS5_PvEElEdeB8ne210108Ev
[2m[DEBUG][0m ANALYZE [USER]: _ZNKSt3__119__map_value_compareIN4Json5Value8CZStringENS_4pairIKS3_S2_EENS_4lessIS3_EELb1EEclB8ne210108ERS5_RKS6_
[2m[DEBUG][0m ANALYZE [USER]: _ZNSt3__16__treeINS_12__value_typeIN4Json5Value8CZStringES3_EENS_19__map_value_compareIS4_NS_4pairIKS4_S3_EENS_4lessIS4_EELb1EEENS_9allocatorIS9_EEE5beginB8ne210108Ev
[2m[DEBUG][0m ANALYZE [USER]: _ZNSt3__121__tree_const_iteratorINS_12__value_typeIN4Json5Value8CZStringES3_EEPNS_11__tree_nodeIS5_PvEElEmmB8ne210108Ev
[2m[DEBUG][0m ANALYZE [USER]: _ZNKSt3__119__map_value_compareIN4Json5Value8CZStringENS_4pairIKS3_S2_EENS_4lessIS3_EELb1EEclB8ne210108ERKS6_RS5_
[2m[DEBUG][0m ANALYZE [USER]: _ZNSt3__16__treeINS_12__value_typeIN4Json5Value8CZStringES3_EENS_19__map_value_compareIS4_NS_4pairIKS4_S3_EENS_4lessIS4_EELb1EEENS_9allocatorIS9_EEE12__find_equalIS4_EERPNS_16__tree_node_baseIPvEERPNS_15__tree_end_nodeISK_EERKT_
[2m[DEBUG][0m NOISE-SKIP [COMPILER_GEN]: _ZNSt3__14nextB8ne210108INS_21__tree_const_iteratorINS_12__value_typeIN4Json5Value8CZStringES4_EEPNS_11__tree_nodeIS6_PvEElEETnNS_9enable_ifIXsr29__has_input_iterator_categoryIT_EE5valueEiE4typeELi0EEESD_SD_NS_15iterator_traitsISD_E15difference_typeE
[2m[DEBUG][0m ANALYZE [USER]: _ZNKSt3__121__tree_const_iteratorINS_12__value_typeIN4Json5Value8CZStringES3_EEPNS_11__tree_nodeIS5_PvEElE8__get_npB8ne210108Ev
[2m[DEBUG][0m ANALYZE [USER]: _ZNSt3__17advanceB8ne210108INS_21__tree_const_iteratorINS_12__value_typeIN4Json5Value8CZStringES4_EEPNS_11__tree_nodeIS6_PvEElEEllTnNS_9enable_ifIXsr11is_integralIT1_EE5valueEiE4typeELi0EEEvRT_T0_
[2m[DEBUG][0m ANALYZE [USER]: _ZNSt3__19__advanceB8ne210108INS_21__tree_const_iteratorINS_12__value_typeIN4Json5Value8CZStringES4_EEPNS_11__tree_nodeIS6_PvEElEEEEvRT_NS_15iterator_traitsISC_E15difference_typeENS_26bidirectional_iterator_tagE
[2m[DEBUG][0m ANALYZE [USER]: _ZNKSt3__16__treeINS_12__value_typeIN4Json5Value8CZStringES3_EENS_19__map_value_compareIS4_NS_4pairIKS4_S3_EENS_4lessIS4_EELb1EEENS_9allocatorIS9_EEE10__root_ptrB8ne210108Ev
[2m[DEBUG][0m ANALYZE [USER]: _ZNKSt3__14lessIN4Json5Value8CZStringEEclB8ne210108ERKS3_S6_
[2m[DEBUG][0m ANALYZE [USER]: _ZNSt3__115__tree_iteratorINS_12__value_typeIN4Json5Value8CZStringES3_EEPNS_11__tree_nodeIS5_PvEElEC1B8ne210108EPNS_15__tree_end_nodeIPNS_16__tree_node_baseIS7_EEEE
[2m[DEBUG][0m ANALYZE [USER]: _ZNSt3__115__tree_iteratorINS_12__value_typeIN4Json5Value8CZStringES3_EEPNS_11__tree_nodeIS5_PvEElEC2B8ne210108EPNS_15__tree_end_nodeIPNS_16__tree_node_baseIS7_EEEE
[2m[DEBUG][0m ANALYZE [USER]: _ZNSt3__121__tree_const_iteratorINS_12__value_typeIN4Json5Value8CZStringES3_EEPNS_11__tree_nodeIS5_PvEElEC2B8ne210108ENS_15__tree_iteratorIS5_S9_lEE
[2m[DEBUG][0m ANALYZE [USER]: _ZNSt3__120__map_const_iteratorINS_21__tree_const_iteratorINS_12__value_typeIN4Json5Value8CZStringES4_EEPNS_11__tree_nodeIS6_PvEElEEEC2B8ne210108ESB_
[2m[DEBUG][0m ANALYZE [USER]: _ZNSt3__1neB8ne210108ERKNS_21__tree_const_iteratorINS_12__value_typeIN4Json5Value8CZStringES3_EEPNS_11__tree_nodeIS5_PvEElEESC_
[2m[DEBUG][0m ANALYZE [USER]: _ZNKSt3__16__treeINS_12__value_typeIN4Json5Value8CZStringES3_EENS_19__map_value_compareIS4_NS_4pairIKS4_S3_EENS_4lessIS4_EELb1EEENS_9allocatorIS9_EEE3endB8ne210108Ev
[2m[DEBUG][0m ANALYZE [USER]: _ZNSt3__121__tree_const_iteratorINS_12__value_typeIN4Json5Value8CZStringES3_EEPNS_11__tree_nodeIS5_PvEElEC1B8ne210108EPNS_15__tree_end_nodeIPNS_16__tree_node_baseIS7_EEEE
[2m[DEBUG][0m ANALYZE [USER]: _ZNSt3__121__tree_const_iteratorINS_12__value_typeIN4Json5Value8CZStringES3_EEPNS_11__tree_nodeIS5_PvEElEC2B8ne210108EPNS_15__tree_end_nodeIPNS_16__tree_node_baseIS7_EEEE
[2m[DEBUG][0m ANALYZE [USER]: _ZNKSt3__16__treeINS_12__value_typeIN4Json5Value8CZStringES3_EENS_19__map_value_compareIS4_NS_4pairIKS4_S3_EENS_4lessIS4_EELb1EEENS_9allocatorIS9_EEE5beginB8ne210108Ev
[2m[DEBUG][0m ANALYZE [USER]: _ZNKSt3__16__treeINS_12__value_typeIN4Json5Value8CZStringES3_EENS_19__map_value_compareIS4_NS_4pairIKS4_S3_EENS_4lessIS4_EELb1EEENS_9allocatorIS9_EEE12__begin_nodeB8ne210108Ev
[2m[DEBUG][0m ANALYZE [USER]: _ZNSt3__16__treeINS_12__value_typeIN4Json5Value8CZStringES3_EENS_19__map_value_compareIS4_NS_4pairIKS4_S3_EENS_4lessIS4_EELb1EEENS_9allocatorIS9_EEEC2ERKSF_
[2m[DEBUG][0m ANALYZE [USER]: _ZNKSt3__16__treeINS_12__value_typeIN4Json5Value8CZStringES3_EENS_19__map_value_compareIS4_NS_4pairIKS4_S3_EENS_4lessIS4_EELb1EEENS_9allocatorIS9_EEE12__node_allocB8ne210108Ev
[2m[DEBUG][0m ANALYZE [USER]: _ZNSt3__116allocator_traitsINS_9allocatorINS_11__tree_nodeINS_12__value_typeIN4Json5Value8CZStringES5_EEPvEEEEE37select_on_container_copy_constructionB8ne210108ISA_TnNS_9enable_ifIXnt45__has_select_on_container_copy_construction_vIKT_EEiE4typeELi0EEESA_RKSA_
[2m[DEBUG][0m ANALYZE [USER]: _ZNKSt3__16__treeINS_12__value_typeIN4Json5Value8CZStringES3_EENS_19__map_value_compareIS4_NS_4pairIKS4_S3_EENS_4lessIS4_EELb1EEENS_9allocatorIS9_EEE10value_compB8ne210108Ev
[2m[DEBUG][0m ANALYZE [USER]: _ZN4Json5ValueC2EOS0_
[2m[DEBUG][0m ANALYZE [USER]: _ZN4Json5Value4swapERS0_
[2m[DEBUG][0m ANALYZE [USER]: _ZN4Json5Value11swapPayloadERS0_
[2m[DEBUG][0m ANALYZE [USER]: _ZNSt3__14swapB8ne210108IN4Json5Value8CommentsEEENS_9enable_ifIXaasr21is_move_constructibleIT_EE5valuesr18is_move_assignableIS5_EE5valueEvE4typeERS5_S8_
[2m[DEBUG][0m ANALYZE [USER]: _ZNSt3__14swapB8ne210108IlEENS_9enable_ifIXaasr21is_move_constructibleIT_EE5valuesr18is_move_assignableIS2_EE5valueEvE4typeERS2_S5_
[2m[DEBUG][0m ANALYZE [USER]: _ZN4Json5Value8CommentsC1EOS1_
[2m[DEBUG][0m ANALYZE [USER]: _ZN4Json5Value8CommentsC2EOS1_
[2m[DEBUG][0m NOISE-SKIP [COMPILER_GEN]: _ZNSt3__110unique_ptrINS_5arrayINS_12basic_stringIcNS_11char_traitsIcEENS_9allocatorIcEEEELm3EEENS_14default_deleteIS8_EEEC1B8ne210108EOSB_
[2m[DEBUG][0m NOISE-SKIP [COMPILER_GEN]: _ZNSt3__110unique_ptrINS_5arrayINS_12basic_stringIcNS_11char_traitsIcEENS_9allocatorIcEEEELm3EEENS_14default_deleteIS8_EEEC2B8ne210108EOSB_
[2m[DEBUG][0m ANALYZE [USER]: _ZNSt3__14swapB8ne210108IN4Json5ValueUt_EEENS_9enable_ifIXaasr21is_move_constructibleIT_EE5valuesr18is_move_assignableIS5_EE5valueEvE4typeERS5_S8_
[2m[DEBUG][0m ANALYZE [USER]: _ZNSt3__14swapB8ne210108IN4Json5Value11ValueHolderEEENS_9enable_ifIXaasr21is_move_constructibleIT_EE5valuesr18is_move_assignableIS5_EE5valueEvE4typeERS5_S8_
[2m[DEBUG][0m ANALYZE [USER]: _ZN4Json5ValueC1EOS0_
[2m[DEBUG][0m ANALYZE [USER]: _ZN4Json5ValueaSERKS0_
[2m[DEBUG][0m ANALYZE [USER]: _ZN4Json5ValueaSEOS0_
[2m[DEBUG][0m ANALYZE [USER]: _ZN4Json5Value11copyPayloadERKS0_
[2m[DEBUG][0m ANALYZE [USER]: _ZN4Json5Value4copyERKS0_
[2m[DEBUG][0m ANALYZE [USER]: _ZNK4Json5Value7compareERKS0_
[2m[DEBUG][0m ANALYZE [USER]: _ZNK4Json5ValueltERKS0_
[2m[DEBUG][0m ANALYZE [USER]: _ZNK4Json5ValuegtERKS0_
[2m[DEBUG][0m ANALYZE [USER]: _ZNKSt3__13mapIN4Json5Value8CZStringES2_NS_4lessIS3_EENS_9allocatorINS_4pairIKS3_S2_EEEEE4sizeB8ne210108Ev
[2m[DEBUG][0m ANALYZE [USER]: _ZNSt3__1ltB8ne210108IN4Json5Value8CZStringES2_NS_4lessIS3_EENS_9allocatorINS_4pairIKS3_S2_EEEEEEbRKNS_3mapIT_T0_T1_T2_EESI_
[2m[DEBUG][0m ANALYZE [USER]: _ZNSt3__123lexicographical_compareB8ne210108INS_20__map_const_iteratorINS_21__tree_const_iteratorINS_12__value_typeIN4Json5Value8CZStringES5_EEPNS_11__tree_nodeIS7_PvEElEEEESD_EEbT_SE_T0_SF_
[2m[DEBUG][0m ANALYZE [USER]: _ZNSt3__123lexicographical_compareB8ne210108INS_20__map_const_iteratorINS_21__tree_const_iteratorINS_12__value_typeIN4Json5Value8CZStringES5_EEPNS_11__tree_nodeIS7_PvEElEEEESD_NS_6__lessIvvEEEEbT_SG_T0_SH_T1_
[2m[DEBUG][0m ANALYZE [USER]: _ZNSt3__113__unwrap_iterB8ne210108INS_20__map_const_iteratorINS_21__tree_const_iteratorINS_12__value_typeIN4Json5Value8CZStringES5_EEPNS_11__tree_nodeIS7_PvEElEEEENS_18__unwrap_iter_implISD_Lb0EEETnNS_9enable_ifIXsr21is_copy_constructibleIT_EE5valueEiE4typeELi0EEEDTclsrT0_8__unwrapclsr3stdE7declvalISH_EEEESH_
[2m[DEBUG][0m ANALYZE [USER]: _ZNSt3__125__lexicographical_compareB8ne210108INS_20__map_const_iteratorINS_21__tree_const_iteratorINS_12__value_typeIN4Json5Value8CZStringES5_EEPNS_11__tree_nodeIS7_PvEElEEEESD_SD_SD_NS_10__identityESE_NS_6__lessIvvEEEEbT_T0_T1_T2_RT5_RT3_RT4_
[2m[DEBUG][0m ANALYZE [USER]: _ZNSt3__1eqB8ne210108ERKNS_20__map_const_iteratorINS_21__tree_const_iteratorINS_12__value_typeIN4Json5Value8CZStringES4_EEPNS_11__tree_nodeIS6_PvEElEEEESE_
[2m[DEBUG][0m ANALYZE [USER]: _ZNSt3__18__invokeB8ne210108IJRNS_10__identityERKNS_4pairIKN4Json5Value8CZStringES5_EEEEENS_20__invoke_result_implIvJDpT_EE4typeEDpOSC_
[2m[DEBUG][0m ANALYZE [USER]: _ZNSt3__18__invokeB8ne210108IJRNS_6__lessIvvEERKNS_4pairIKN4Json5Value8CZStringES6_EESB_EEENS_20__invoke_result_implIvJDpT_EE4typeEDpOSD_
[2m[DEBUG][0m ANALYZE [USER]: _ZNKSt3__16__lessIvvEclB8ne210108INS_4pairIKN4Json5Value8CZStringES5_EES8_EEbRKT_RKT0_
[2m[DEBUG][0m ANALYZE [USER]: _ZNSt3__1ltB8ne210108IKN4Json5Value8CZStringES2_S4_S2_EEbRKNS_4pairIT_T0_EERKNS5_IT1_T2_EE
[2m[DEBUG][0m ANALYZE [USER]: _ZNKSt3__110__identityclB8ne210108IRKNS_4pairIKN4Json5Value8CZStringES4_EEEEOT_SB_
[2m[DEBUG][0m ANALYZE [USER]: _ZNSt3__118__unwrap_iter_implINS_20__map_const_iteratorINS_21__tree_const_iteratorINS_12__value_typeIN4Json5Value8CZStringES5_EEPNS_11__tree_nodeIS7_PvEElEEEELb0EE8__unwrapB8ne210108ESD_
[2m[DEBUG][0m ANALYZE [USER]: _ZNKSt3__16__treeINS_12__value_typeIN4Json5Value8CZStringES3_EENS_19__map_value_compareIS4_NS_4pairIKS4_S3_EENS_4lessIS4_EELb1EEENS_9allocatorIS9_EEE4sizeB8ne210108Ev
[2m[DEBUG][0m ANALYZE [USER]: _ZNK4Json5ValueleERKS0_
[2m[DEBUG][0m ANALYZE [USER]: _ZNK4Json5ValuegeERKS0_
[2m[DEBUG][0m ANALYZE [USER]: _ZNK4Json5ValueeqERKS0_
[2m[DEBUG][0m ANALYZE [USER]: _ZNSt3__1eqB8ne210108IN4Json5Value8CZStringES2_NS_4lessIS3_EENS_9allocatorINS_4pairIKS3_S2_EEEEEEbRKNS_3mapIT_T0_T1_T2_EESI_
[2m[DEBUG][0m ANALYZE [USER]: _ZNSt3__15equalB8ne210108INS_20__map_const_iteratorINS_21__tree_const_iteratorINS_12__value_typeIN4Json5Value8CZStringES5_EEPNS_11__tree_nodeIS7_PvEElEEEESD_EEbT_SE_T0_
[2m[DEBUG][0m ANALYZE [USER]: _ZNSt3__15equalB8ne210108INS_20__map_const_iteratorINS_21__tree_const_iteratorINS_12__value_typeIN4Json5Value8CZStringES5_EEPNS_11__tree_nodeIS7_PvEElEEEESD_NS_10__equal_toEEEbT_SF_T0_T1_
[2m[DEBUG][0m ANALYZE [USER]: _ZNSt3__117__equal_iter_implB8ne210108INS_20__map_const_iteratorINS_21__tree_const_iteratorINS_12__value_typeIN4Json5Value8CZStringES5_EEPNS_11__tree_nodeIS7_PvEElEEEESD_NS_10__equal_toEEEbT_SF_T0_RT1_
[2m[DEBUG][0m ANALYZE [USER]: _ZNKSt3__110__equal_toclB8ne210108INS_4pairIKN4Json5Value8CZStringES4_EES7_EEbRKT_RKT0_
[2m[DEBUG][0m ANALYZE [USER]: _ZNSt3__1eqB8ne210108IKN4Json5Value8CZStringES2_S4_S2_EEbRKNS_4pairIT_T0_EERKNS5_IT1_T2_EE
[2m[DEBUG][0m ANALYZE [USER]: _ZNK4Json5ValueneERKS0_
[2m[DEBUG][0m ANALYZE [USER]: _ZNK4Json5Value9asCStringEv
[2m[DEBUG][0m ANALYZE [USER]: _ZNK4Json5Value9getStringEPPKcS3_
[2m[DEBUG][0m ANALYZE [USER]: _ZNK4Json5Value8asStringEv
[2m[DEBUG][0m NOISE-SKIP [COMPILER_GEN]: _ZNSt3__112basic_stringIcNS_11char_traitsIcEENS_9allocatorIcEEEC1B8ne210108EPKcm
[2m[DEBUG][0m NOISE-SKIP [COMPILER_GEN]: _ZNSt3__112basic_stringIcNS_11char_traitsIcEENS_9allocatorIcEEEC2B8ne210108EPKcm
[2m[DEBUG][0m ANALYZE [USER]: _ZNK4Json5Value5asIntEv
[2m[DEBUG][0m ANALYZE [USER]: _ZNK4Json5Value5isIntEv
[2m[DEBUG][0m ANALYZE [USER]: _ZN4JsonL7InRangeIiiEEbdT_T0_
[2m[DEBUG][0m ANALYZE [USER]: _ZN4JsonL15integerToDoubleIiEEdT_
[2m[DEBUG][0m ANALYZE [USER]: _ZN4JsonL10IsIntegralEd
[2m[DEBUG][0m ANALYZE [USER]: _ZNK4Json5Value6asUIntEv
[2m[DEBUG][0m ANALYZE [USER]: _ZNK4Json5Value6isUIntEv
[2m[DEBUG][0m ANALYZE [USER]: _ZN4JsonL7InRangeIijEEbdT_T0_
[2m[DEBUG][0m ANALYZE [USER]: _ZN4JsonL15integerToDoubleIjEEdT_
[2m[DEBUG][0m ANALYZE [USER]: _ZNK4Json5Value7asInt64Ev
[2m[DEBUG][0m ANALYZE [USER]: _ZNK4Json5Value7isInt64Ev
[2m[DEBUG][0m ANALYZE [USER]: _ZN4JsonL7InRangeIxxEEbdT_T0_
[2m[DEBUG][0m ANALYZE [USER]: _ZN4JsonL15integerToDoubleIxEEdT_
[2m[DEBUG][0m ANALYZE [USER]: _ZNK4Json5Value8asUInt64Ev
[2m[DEBUG][0m ANALYZE [USER]: _ZNK4Json5Value8isUInt64Ev
[2m[DEBUG][0m ANALYZE [USER]: _ZN4JsonL7InRangeIiyEEbdT_T0_
[2m[DEBUG][0m ANALYZE [USER]: _ZN4JsonL15integerToDoubleEy
[2m[DEBUG][0m ANALYZE [USER]: _ZNK4Json5Value12asLargestIntEv
[2m[DEBUG][0m ANALYZE [USER]: _ZNK4Json5Value13asLargestUIntEv
[2m[DEBUG][0m ANALYZE [USER]: _ZNK4Json5Value8asDoubleEv
[2m[DEBUG][0m ANALYZE [USER]: _ZNK4Json5Value7asFloatEv
[2m[DEBUG][0m ANALYZE [USER]: _ZNK4Json5Value6asBoolEv
[2m[DEBUG][0m ANALYZE [USER]: _ZNSt3__16__math10fpclassifyB8ne210108IiEEid
[2m[DEBUG][0m ANALYZE [USER]: _ZNK4Json5Value15isConvertibleToENS_9ValueTypeE
[2m[DEBUG][0m ANALYZE [USER]: _ZNK4Json5Value9isNumericEv
[2m[DEBUG][0m ANALYZE [USER]: _ZNKSt3__13mapIN4Json5Value8CZStringES2_NS_4lessIS3_EENS_9allocatorINS_4pairIKS3_S2_EEEEE5emptyB8ne210108Ev
[2m[DEBUG][0m ANALYZE [USER]: _ZNK4Json5Value8isDoubleEv
[2m[DEBUG][0m ANALYZE [USER]: _ZNK4Json5Value4sizeEv
[2m[DEBUG][0m ANALYZE [USER]: _ZNSt3__13mapIN4Json5Value8CZStringES2_NS_4lessIS3_EENS_9allocatorINS_4pairIKS3_S2_EEEEE3endB8ne210108Ev
[2m[DEBUG][0m ANALYZE [USER]: _ZNSt3__120__map_const_iteratorINS_21__tree_const_iteratorINS_12__value_typeIN4Json5Value8CZStringES4_EEPNS_11__tree_nodeIS6_PvEElEEEC1B8ne210108ENS_14__map_iteratorINS_15__tree_iteratorIS6_SA_lEEEE
[2m[DEBUG][0m ANALYZE [USER]: _ZNSt3__120__map_const_iteratorINS_21__tree_const_iteratorINS_12__value_typeIN4Json5Value8CZStringES4_EEPNS_11__tree_nodeIS6_PvEElEEEmmB8ne210108Ev
[2m[DEBUG][0m ANALYZE [USER]: _ZNSt3__120__map_const_iteratorINS_21__tree_const_iteratorINS_12__value_typeIN4Json5Value8CZStringES4_EEPNS_11__tree_nodeIS6_PvEElEEEC2B8ne210108ENS_14__map_iteratorINS_15__tree_iteratorIS6_SA_lEEEE
[2m[DEBUG][0m ANALYZE [USER]: _ZNK4Json5Value5emptyEv
[2m[DEBUG][0m ANALYZE [USER]: _ZNK4Json5Value6isNullEv
[2m[DEBUG][0m ANALYZE [USER]: _ZNK4Json5Value7isArrayEv
[2m[DEBUG][0m ANALYZE [USER]: _ZNK4Json5Value8isObjectEv
[2m[DEBUG][0m ANALYZE [USER]: _ZNK4Json5ValuecvbEv
[2m[DEBUG][0m ANALYZE [USER]: _ZN4Json5Value5clearEv
[2m[DEBUG][0m ANALYZE [USER]: _ZNSt3__13mapIN4Json5Value8CZStringES2_NS_4lessIS3_EENS_9allocatorINS_4pairIKS3_S2_EEEEE5clearB8ne210108Ev
[2m[DEBUG][0m ANALYZE [USER]: _ZNSt3__16__treeINS_12__value_typeIN4Json5Value8CZStringES3_EENS_19__map_value_compareIS4_NS_4pairIKS4_S3_EENS_4lessIS4_EELb1EEENS_9allocatorIS9_EEE5clearEv
[2m[DEBUG][0m ANALYZE [USER]: _ZN4Json5Value6resizeEj
[2m[DEBUG][0m ANALYZE [USER]: _ZN4Json5ValueixEj
[2m[DEBUG][0m ANALYZE [USER]: _ZNSt3__13mapIN4Json5Value8CZStringES2_NS_4lessIS3_EENS_9allocatorINS_4pairIKS3_S2_EEEEE5eraseB8ne210108ERS8_
[2m[DEBUG][0m ANALYZE [USER]: _ZNSt3__16__treeINS_12__value_typeIN4Json5Value8CZStringES3_EENS_19__map_value_compareIS4_NS_4pairIKS4_S3_EENS_4lessIS4_EELb1EEENS_9allocatorIS9_EEE14__erase_uniqueIS4_EEmRKT_
[2m[DEBUG][0m ANALYZE [USER]: _ZNSt3__16__treeINS_12__value_typeIN4Json5Value8CZStringES3_EENS_19__map_value_compareIS4_NS_4pairIKS4_S3_EENS_4lessIS4_EELb1EEENS_9allocatorIS9_EEE4findIS4_EENS_15__tree_iteratorIS5_PNS_11__tree_nodeIS5_PvEElEERKT_
[2m[DEBUG][0m ANALYZE [USER]: _ZNSt3__16__treeINS_12__value_typeIN4Json5Value8CZStringES3_EENS_19__map_value_compareIS4_NS_4pairIKS4_S3_EENS_4lessIS4_EELb1EEENS_9allocatorIS9_EEE5eraseENS_21__tree_const_iteratorIS5_PNS_11__tree_nodeIS5_PvEElEE
[2m[DEBUG][0m ANALYZE [USER]: _ZNSt3__16__treeINS_12__value_typeIN4Json5Value8CZStringES3_EENS_19__map_value_compareIS4_NS_4pairIKS4_S3_EENS_4lessIS4_EELb1EEENS_9allocatorIS9_EEE21__remove_node_pointerEPNS_11__tree_nodeIS5_PvEE
[2m[DEBUG][0m ANALYZE [USER]: _ZNSt3__113__tree_removeB8ne210108IPNS_16__tree_node_baseIPvEEEEvT_S5_
[2m[DEBUG][0m NOISE-SKIP [COMPILER_GEN]: _ZNSt3__111__tree_nextB8ne210108IPNS_16__tree_node_baseIPvEEEET_S5_
[2m[DEBUG][0m ANALYZE [USER]: _ZNSt3__16__treeINS_12__value_typeIN4Json5Value8CZStringES3_EENS_19__map_value_compareIS4_NS_4pairIKS4_S3_EENS_4lessIS4_EELb1EEENS_9allocatorIS9_EEE13__lower_boundIS4_EENS_15__tree_iteratorIS5_PNS_11__tree_nodeIS5_PvEElEERKT_SL_PNS_15__tree_end_nodeIPNS_16__tree_node_baseISJ_EEEE
[2m[DEBUG][0m ANALYZE [USER]: _ZNSt3__13mapIN4Json5Value8CZStringES2_NS_4lessIS3_EENS_9allocatorINS_4pairIKS3_S2_EEEEE11lower_boundB8ne210108ERS8_
[2m[DEBUG][0m ANALYZE [USER]: _ZNSt3__14pairIKN4Json5Value8CZStringES2_EC1B8ne210108IRS3_RKS2_TnNS_9enable_ifIXclsr25__check_pair_constructionIS4_S2_EE23__is_pair_constructibleIT_T0_EEEiE4typeELi0EEEOSB_OSC_
[2m[DEBUG][0m ANALYZE [USER]: _ZNSt3__13mapIN4Json5Value8CZStringES2_NS_4lessIS3_EENS_9allocatorINS_4pairIKS3_S2_EEEEE6insertB8ne210108IRS9_TnNS_9enable_ifIXsr16is_constructibleIS9_T_EE5valueEiE4typeELi0EEENS_14__map_iteratorINS_15__tree_iteratorINS_12__value_typeIS3_S2_EEPNS_11__tree_nodeISL_PvEElEEEENS_20__map_const_iteratorINS_21__tree_const_iteratorISL_SP_lEEEEOSF_
[2m[DEBUG][0m ANALYZE [USER]: _ZNSt3__16__treeINS_12__value_typeIN4Json5Value8CZStringES3_EENS_19__map_value_compareIS4_NS_4pairIKS4_S3_EENS_4lessIS4_EELb1EEENS_9allocatorIS9_EEE21__emplace_hint_uniqueB8ne210108IRS9_EENS_15__tree_iteratorIS5_PNS_11__tree_nodeIS5_PvEElEENS_21__tree_const_iteratorIS5_SM_lEEOT_
[2m[DEBUG][0m ANALYZE [USER]: _ZNSt3__16__treeINS_12__value_typeIN4Json5Value8CZStringES3_EENS_19__map_value_compareIS4_NS_4pairIKS4_S3_EENS_4lessIS4_EELb1EEENS_9allocatorIS9_EEE33__emplace_hint_unique_extract_keyB8ne210108IRS9_EENS_15__tree_iteratorIS5_PNS_11__tree_nodeIS5_PvEElEENS_21__tree_const_iteratorIS5_SM_lEEOT_NS_23__extract_key_first_tagE
[2m[DEBUG][0m ANALYZE [USER]: _ZNSt3__16__treeINS_12__value_typeIN4Json5Value8CZStringES3_EENS_19__map_value_compareIS4_NS_4pairIKS4_S3_EENS_4lessIS4_EELb1EEENS_9allocatorIS9_EEE30__emplace_hint_unique_key_argsIS4_JRS9_EEENS7_INS_15__tree_iteratorIS5_PNS_11__tree_nodeIS5_PvEElEEbEENS_21__tree_const_iteratorIS5_SM_lEERKT_DpOT0_
[2m[DEBUG][0m ANALYZE [USER]: _ZNSt3__16__treeINS_12__value_typeIN4Json5Value8CZStringES3_EENS_19__map_value_compareIS4_NS_4pairIKS4_S3_EENS_4lessIS4_EELb1EEENS_9allocatorIS9_EEE16__construct_nodeIJRS9_EEENS_10unique_ptrINS_11__tree_nodeIS5_PvEENS_22__tree_node_destructorINSD_ISL_EEEEEEDpOT_
[2m[DEBUG][0m ANALYZE [USER]: _ZNSt3__116allocator_traitsINS_9allocatorINS_11__tree_nodeINS_12__value_typeIN4Json5Value8CZStringES5_EEPvEEEEE9constructB8ne210108INS_4pairIKS6_S5_EEJRSF_ETnNS_9enable_ifIX17__has_construct_vISA_PT_DpT0_EEiE4typeELi0EEEvRSA_SJ_DpOSK_
[2m[DEBUG][0m ANALYZE [USER]: _ZNSt3__19allocatorINS_11__tree_nodeINS_12__value_typeIN4Json5Value8CZStringES4_EEPvEEE9constructB8ne210108INS_4pairIKS5_S4_EEJRSD_EEEvPT_DpOT0_
[2m[DEBUG][0m ANALYZE [USER]: _ZNSt3__14pairIKN4Json5Value8CZStringES2_EC2B8ne210108IRS3_RKS2_TnNS_9enable_ifIXclsr25__check_pair_constructionIS4_S2_EE23__is_pair_constructibleIT_T0_EEEiE4typeELi0EEEOSB_OSC_
[2m[DEBUG][0m ANALYZE [USER]: _ZNSt3__16__treeINS_12__value_typeIN4Json5Value8CZStringES3_EENS_19__map_value_compareIS4_NS_4pairIKS4_S3_EENS_4lessIS4_EELb1EEENS_9allocatorIS9_EEE11lower_boundB8ne210108IS4_EENS_15__tree_iteratorIS5_PNS_11__tree_nodeIS5_PvEElEERKT_
[2m[DEBUG][0m ANALYZE [USER]: _ZN4Json5ValueixEi
[2m[DEBUG][0m ANALYZE [USER]: _ZNK4Json5ValueixEj
[2m[DEBUG][0m ANALYZE [USER]: _ZNSt3__13mapIN4Json5Value8CZStringES2_NS_4lessIS3_EENS_9allocatorINS_4pairIKS3_S2_EEEEE4findB8ne210108ERS8_
[2m[DEBUG][0m ANALYZE [USER]: _ZNK4Json5ValueixEi
[2m[DEBUG][0m ANALYZE [USER]: _ZN4Json5Value16resolveReferenceEPKc
[2m[DEBUG][0m ANALYZE [USER]: _ZN4Json5Value16resolveReferenceEPKcS2_
[2m[DEBUG][0m ANALYZE [USER]: _ZNK4Json5Value3getEjRKS0_
[2m[DEBUG][0m ANALYZE [USER]: _ZNK4Json5Value12isValidIndexEj
[2m[DEBUG][0m ANALYZE [USER]: _ZNK4Json5Value4findEPKcS2_
[2m[DEBUG][0m ANALYZE [USER]: _ZN4Json5Value6demandEPKcS2_
[2m[DEBUG][0m ANALYZE [USER]: _ZNK4Json5ValueixEPKc
[2m[DEBUG][0m NOISE-SKIP [COMPILER_GEN]: _ZNK4Json5ValueixERKNSt3__112basic_stringIcNS1_11char_traitsIcEENS1_9allocatorIcEEEE
[2m[DEBUG][0m ANALYZE [USER]: _ZN4Json5ValueixEPKc
[2m[DEBUG][0m NOISE-SKIP [COMPILER_GEN]: _ZN4Json5ValueixERKNSt3__112basic_stringIcNS1_11char_traitsIcEENS1_9allocatorIcEEEE
[2m[DEBUG][0m ANALYZE [USER]: _ZN4Json5ValueixERKNS_12StaticStringE
[2m[DEBUG][0m ANALYZE [USER]: _ZN4Json5Value6appendERKS0_
[2m[DEBUG][0m ANALYZE [USER]: _ZN4Json5Value6appendEOS0_
[2m[DEBUG][0m ANALYZE [USER]: _ZNSt3__13mapIN4Json5Value8CZStringES2_NS_4lessIS3_EENS_9allocatorINS_4pairIKS3_S2_EEEEE7emplaceB8ne210108IJjS2_EEENS7_INS_14__map_iteratorINS_15__tree_iteratorINS_12__value_typeIS3_S2_EEPNS_11__tree_nodeISG_PvEElEEEEbEEDpOT_
[2m[DEBUG][0m ANALYZE [USER]: _ZNSt3__16__treeINS_12__value_typeIN4Json5Value8CZStringES3_EENS_19__map_value_compareIS4_NS_4pairIKS4_S3_EENS_4lessIS4_EELb1EEENS_9allocatorIS9_EEE16__emplace_uniqueB8ne210108IJjS3_EEENS7_INS_15__tree_iteratorIS5_PNS_11__tree_nodeIS5_PvEElEEbEEDpOT_
[2m[DEBUG][0m ANALYZE [USER]: _ZNSt3__14pairINS_14__map_iteratorINS_15__tree_iteratorINS_12__value_typeIN4Json5Value8CZStringES5_EEPNS_11__tree_nodeIS7_PvEElEEEEbEC1B8ne210108ISC_bTnNS_9enable_ifIXclsr25__check_pair_constructionISD_bEE23__is_pair_constructibleIT_T0_EEEiE4typeELi0EEEONS0_ISH_SI_EE
[2m[DEBUG][0m ANALYZE [USER]: _ZNSt3__14pairINS_14__map_iteratorINS_15__tree_iteratorINS_12__value_typeIN4Json5Value8CZStringES5_EEPNS_11__tree_nodeIS7_PvEElEEEEbEC2B8ne210108ISC_bTnNS_9enable_ifIXclsr25__check_pair_constructionISD_bEE23__is_pair_constructibleIT_T0_EEEiE4typeELi0EEEONS0_ISH_SI_EE
[2m[DEBUG][0m ANALYZE [USER]: _ZNSt3__16__treeINS_12__value_typeIN4Json5Value8CZStringES3_EENS_19__map_value_compareIS4_NS_4pairIKS4_S3_EENS_4lessIS4_EELb1EEENS_9allocatorIS9_EEE21__emplace_unique_implIJjS3_EEENS7_INS_15__tree_iteratorIS5_PNS_11__tree_nodeIS5_PvEElEEbEEDpOT_
[2m[DEBUG][0m ANALYZE [USER]: _ZNSt3__16__treeINS_12__value_typeIN4Json5Value8CZStringES3_EENS_19__map_value_compareIS4_NS_4pairIKS4_S3_EENS_4lessIS4_EELb1EEENS_9allocatorIS9_EEE16__construct_nodeIJjS3_EEENS_10unique_ptrINS_11__tree_nodeIS5_PvEENS_22__tree_node_destructorINSD_ISK_EEEEEEDpOT_
[2m[DEBUG][0m ANALYZE [USER]: _ZNSt3__16__treeINS_12__value_typeIN4Json5Value8CZStringES3_EENS_19__map_value_compareIS4_NS_4pairIKS4_S3_EENS_4lessIS4_EELb1EEENS_9allocatorIS9_EEE12__find_equalIS9_EERPNS_16__tree_node_baseIPvEERPNS_15__tree_end_nodeISK_EERKT_
[2m[DEBUG][0m ANALYZE [USER]: _ZNKSt3__119__map_value_compareIN4Json5Value8CZStringENS_4pairIKS3_S2_EENS_4lessIS3_EELb1EEclB8ne210108ERKS6_SB_
[2m[DEBUG][0m ANALYZE [USER]: _ZNSt3__116allocator_traitsINS_9allocatorINS_11__tree_nodeINS_12__value_typeIN4Json5Value8CZStringES5_EEPvEEEEE9constructB8ne210108INS_4pairIKS6_S5_EEJjS5_ETnNS_9enable_ifIX17__has_construct_vISA_PT_DpT0_EEiE4typeELi0EEEvRSA_SI_DpOSJ_
[2m[DEBUG][0m ANALYZE [USER]: _ZNSt3__19allocatorINS_11__tree_nodeINS_12__value_typeIN4Json5Value8CZStringES4_EEPvEEE9constructB8ne210108INS_4pairIKS5_S4_EEJjS4_EEEvPT_DpOT0_
[2m[DEBUG][0m ANALYZE [USER]: _ZNSt3__14pairIKN4Json5Value8CZStringES2_EC1B8ne210108IjS2_TnNS_9enable_ifIXclsr25__check_pair_constructionIS4_S2_EE23__is_pair_constructibleIT_T0_EEEiE4typeELi0EEEOS8_OS9_
[2m[DEBUG][0m ANALYZE [USER]: _ZNSt3__14pairIKN4Json5Value8CZStringES2_EC2B8ne210108IjS2_TnNS_9enable_ifIXclsr25__check_pair_constructionIS4_S2_EE23__is_pair_constructibleIT_T0_EEEiE4typeELi0EEEOS8_OS9_
[2m[DEBUG][0m ANALYZE [USER]: _ZN4Json5Value6insertEjRKS0_
[2m[DEBUG][0m ANALYZE [USER]: _ZN4Json5Value6insertEjOS0_
[2m[DEBUG][0m ANALYZE [USER]: _ZNK4Json5Value3getEPKcS2_RKS0_
[2m[DEBUG][0m ANALYZE [USER]: _ZNK4Json5Value3getEPKcRKS0_
[2m[DEBUG][0m NOISE-SKIP [COMPILER_GEN]: _ZNK4Json5Value3getERKNSt3__112basic_stringIcNS1_11char_traitsIcEENS1_9allocatorIcEEEERKS0_
[2m[DEBUG][0m ANALYZE [USER]: _ZN4Json5Value12removeMemberEPKcS2_PS0_
[2m[DEBUG][0m ANALYZE [USER]: _ZNSt3__13mapIN4Json5Value8CZStringES2_NS_4lessIS3_EENS_9allocatorINS_4pairIKS3_S2_EEEEE5eraseB8ne210108ENS_14__map_iteratorINS_15__tree_iteratorINS_12__value_typeIS3_S2_EEPNS_11__tree_nodeISF_PvEElEEEE
[2m[DEBUG][0m ANALYZE [USER]: _ZN4Json5Value12removeMemberEPKcPS0_
[2m[DEBUG][0m NOISE-SKIP [COMPILER_GEN]: _ZN4Json5Value12removeMemberERKNSt3__112basic_stringIcNS1_11char_traitsIcEENS1_9allocatorIcEEEEPS0_
[2m[DEBUG][0m ANALYZE [USER]: _ZN4Json5Value12removeMemberEPKc
[2m[DEBUG][0m NOISE-SKIP [COMPILER_GEN]: _ZN4Json5Value12removeMemberERKNSt3__112basic_stringIcNS1_11char_traitsIcEENS1_9allocatorIcEEEE
[2m[DEBUG][0m ANALYZE [USER]: _ZN4Json5Value11removeIndexEjPS0_
[2m[DEBUG][0m ANALYZE [USER]: _ZNSt3__13mapIN4Json5Value8CZStringES2_NS_4lessIS3_EENS_9allocatorINS_4pairIKS3_S2_EEEEEixERS8_
[2m[DEBUG][0m ANALYZE [USER]: _ZNSt3__116forward_as_tupleB8ne210108IJRKN4Json5Value8CZStringEEEENS_5tupleIJDpOT_EEES9_
[2m[DEBUG][0m ANALYZE [USER]: _ZNSt3__116forward_as_tupleB8ne210108IJEEENS_5tupleIJDpOT_EEES4_
[2m[DEBUG][0m ANALYZE [USER]: _ZNSt3__16__treeINS_12__value_typeIN4Json5Value8CZStringES3_EENS_19__map_value_compareIS4_NS_4pairIKS4_S3_EENS_4lessIS4_EELb1EEENS_9allocatorIS9_EEE25__emplace_unique_key_argsIS4_JRKNS_21piecewise_construct_tENS_5tupleIJRS8_EEENSK_IJEEEEEENS7_INS_15__tree_iteratorIS5_PNS_11__tree_nodeIS5_PvEElEEbEERKT_DpOT0_
[2m[DEBUG][0m ANALYZE [USER]: _ZNKSt3__115__tree_iteratorINS_12__value_typeIN4Json5Value8CZStringES3_EEPNS_11__tree_nodeIS5_PvEElEptB8ne210108Ev
[2m[DEBUG][0m ANALYZE [USER]: _ZNSt3__16__treeINS_12__value_typeIN4Json5Value8CZStringES3_EENS_19__map_value_compareIS4_NS_4pairIKS4_S3_EENS_4lessIS4_EELb1EEENS_9allocatorIS9_EEE16__construct_nodeIJRKNS_21piecewise_construct_tENS_5tupleIJRS8_EEENSK_IJEEEEEENS_10unique_ptrINS_11__tree_nodeIS5_PvEENS_22__tree_node_destructorINSD_ISR_EEEEEEDpOT_
[2m[DEBUG][0m ANALYZE [USER]: _ZNSt3__116allocator_traitsINS_9allocatorINS_11__tree_nodeINS_12__value_typeIN4Json5Value8CZStringES5_EEPvEEEEE9constructB8ne210108INS_4pairIKS6_S5_EEJRKNS_21piecewise_construct_tENS_5tupleIJRSE_EEENSJ_IJEEEETnNS_9enable_ifIX17__has_construct_vISA_PT_DpT0_EEiE4typeELi0EEEvRSA_SP_DpOSQ_
[2m[DEBUG][0m ANALYZE [USER]: _ZNSt3__19allocatorINS_11__tree_nodeINS_12__value_typeIN4Json5Value8CZStringES4_EEPvEEE9constructB8ne210108INS_4pairIKS5_S4_EEJRKNS_21piecewise_construct_tENS_5tupleIJRSC_EEENSH_IJEEEEEEvPT_DpOT0_
[2m[DEBUG][0m ANALYZE [USER]: _ZNSt3__14pairIKN4Json5Value8CZStringES2_EC1B8ne210108IJRS4_EJEEENS_21piecewise_construct_tENS_5tupleIJDpT_EEENS9_IJDpT0_EEE
[2m[DEBUG][0m ANALYZE [USER]: _ZNSt3__14pairIKN4Json5Value8CZStringES2_EC1B8ne210108IJRS4_EJEJLm0EETpTnmJEEENS_21piecewise_construct_tERNS_5tupleIJDpT_EEERNS9_IJDpT0_EEENS_15__tuple_indicesIJXspT1_EEEENSI_IJXspT2_EEEE
[2m[DEBUG][0m ANALYZE [USER]: _ZNSt3__14pairIKN4Json5Value8CZStringES2_EC2B8ne210108IJRS4_EJEJLm0EETpTnmJEEENS_21piecewise_construct_tERNS_5tupleIJDpT_EEERNS9_IJDpT0_EEENS_15__tuple_indicesIJXspT1_EEEENSI_IJXspT2_EEEE
[2m[DEBUG][0m ANALYZE [USER]: _ZNSt3__13getB8ne210108ILm0EJRKN4Json5Value8CZStringEEEERNS_13tuple_elementIXT_ENS_5tupleIJDpT0_EEEE4typeERSA_
[2m[DEBUG][0m ANALYZE [USER]: _ZNSt3__112__tuple_leafILm0ERKN4Json5Value8CZStringELb0EE3getB8ne210108Ev
[2m[DEBUG][0m ANALYZE [USER]: _ZNSt3__15tupleIJRKN4Json5Value8CZStringEEEC1B8ne210108INS_4_AndETnNS_9enable_ifIXsrT_IJNS_17integral_constantIbLb1EEENS_21is_copy_constructibleIS5_EEEE5valueEiE4typeELi0EEES5_
[2m[DEBUG][0m ANALYZE [USER]: _ZNSt3__15tupleIJRKN4Json5Value8CZStringEEEC2B8ne210108INS_4_AndETnNS_9enable_ifIXsrT_IJNS_17integral_constantIbLb1EEENS_21is_copy_constructibleIS5_EEEE5valueEiE4typeELi0EEES5_
[2m[DEBUG][0m ANALYZE [USER]: _ZNSt3__112__tuple_implINS_15__tuple_indicesIJLm0EEEEJRKN4Json5Value8CZStringEEEC1B8ne210108IJLm0EEJS7_ETpTnmJEJEJS7_EEENS1_IJXspT_EEEENS_13__tuple_typesIJDpT0_EEENS1_IJXspT1_EEEENSB_IJDpT2_EEEDpOT3_
[2m[DEBUG][0m ANALYZE [USER]: _ZNSt3__112__tuple_implINS_15__tuple_indicesIJLm0EEEEJRKN4Json5Value8CZStringEEEC2B8ne210108IJLm0EEJS7_ETpTnmJEJEJS7_EEENS1_IJXspT_EEEENS_13__tuple_typesIJDpT0_EEENS1_IJXspT1_EEEENSB_IJDpT2_EEEDpOT3_
[2m[DEBUG][0m ANALYZE [USER]: _ZNSt3__112__tuple_leafILm0ERKN4Json5Value8CZStringELb0EEC2B8ne210108IS5_TnNS_9enable_ifIXsr4_AndINS_17integral_constantIbXntu9__is_sameu14__remove_cvrefIT_ES6_EEEENS_16is_constructibleIS5_JSA_EEEEE5valueEiE4typeELi0EEEOSA_
[2m[DEBUG][0m ANALYZE [USER]: _ZNK4Json5Value8isMemberEPKcS2_
[2m[DEBUG][0m ANALYZE [USER]: _ZNK4Json5Value8isMemberEPKc
[2m[DEBUG][0m NOISE-SKIP [COMPILER_GEN]: _ZNK4Json5Value8isMemberERKNSt3__112basic_stringIcNS1_11char_traitsIcEENS1_9allocatorIcEEEE
[2m[DEBUG][0m ANALYZE [USER]: _ZNK4Json5Value14getMemberNamesEv
[2m[DEBUG][0m NOISE-SKIP [COMPILER_GEN]: _ZNSt3__16vectorINS_12basic_stringIcNS_11char_traitsIcEENS_9allocatorIcEEEENS4_IS6_EEEC1B8ne210108Ev
[2m[DEBUG][0m NOISE-SKIP [COMPILER_GEN]: _ZNSt3__16vectorINS_12basic_stringIcNS_11char_traitsIcEENS_9allocatorIcEEEENS4_IS6_EEE7reserveEm
[2m[DEBUG][0m ANALYZE [USER]: _ZNSt3__13mapIN4Json5Value8CZStringES2_NS_4lessIS3_EENS_9allocatorINS_4pairIKS3_S2_EEEEE5beginB8ne210108Ev
[2m[DEBUG][0m NOISE-SKIP [COMPILER_GEN]: _ZNSt3__16vectorINS_12basic_stringIcNS_11char_traitsIcEENS_9allocatorIcEEEENS4_IS6_EEE9push_backB8ne210108EOS6_
[2m[DEBUG][0m NOISE-SKIP [COMPILER_GEN]: _ZNSt3__16vectorINS_12basic_stringIcNS_11char_traitsIcEENS_9allocatorIcEEEENS4_IS6_EEED1B8ne210108Ev
[2m[DEBUG][0m NOISE-SKIP [COMPILER_GEN]: _ZNSt3__16vectorINS_12basic_stringIcNS_11char_traitsIcEENS_9allocatorIcEEEENS4_IS6_EEED2B8ne210108Ev
[2m[DEBUG][0m NOISE-SKIP [COMPILER_GEN]: _ZNSt3__16vectorINS_12basic_stringIcNS_11char_traitsIcEENS_9allocatorIcEEEENS4_IS6_EEE16__destroy_vectorC1B8ne210108ERS8_
[2m[DEBUG][0m NOISE-SKIP [COMPILER_GEN]: _ZNSt3__16vectorINS_12basic_stringIcNS_11char_traitsIcEENS_9allocatorIcEEEENS4_IS6_EEE16__destroy_vectorclB8ne210108Ev
[2m[DEBUG][0m NOISE-SKIP [COMPILER_GEN]: _ZNSt3__16vectorINS_12basic_stringIcNS_11char_traitsIcEENS_9allocatorIcEEEENS4_IS6_EEE5clearB8ne210108Ev
[2m[DEBUG][0m NOISE-SKIP [COMPILER_GEN]: _ZNKSt3__16vectorINS_12basic_stringIcNS_11char_traitsIcEENS_9allocatorIcEEEENS4_IS6_EEE17__annotate_deleteB8ne210108Ev
[2m[DEBUG][0m NOISE-SKIP [COMPILER_GEN]: _ZNKSt3__16vectorINS_12basic_stringIcNS_11char_traitsIcEENS_9allocatorIcEEEENS4_IS6_EEE8capacityB8ne210108Ev
[2m[DEBUG][0m NOISE-SKIP [COMPILER_GEN]: _ZNSt3__116allocator_traitsINS_9allocatorINS_12basic_stringIcNS_11char_traitsIcEENS1_IcEEEEEEE10deallocateB8ne210108ERS7_PS6_m
[2m[DEBUG][0m NOISE-SKIP [COMPILER_GEN]: _ZNSt3__19allocatorINS_12basic_stringIcNS_11char_traitsIcEENS0_IcEEEEE10deallocateB8ne210108EPS5_m
[2m[DEBUG][0m NOISE-SKIP [COMPILER_GEN]: _ZNSt3__119__libcpp_deallocateB8ne210108INS_12basic_stringIcNS_11char_traitsIcEENS_9allocatorIcEEEEEEvPNS_15__type_identityIT_E4typeENS_15__element_countEm
[2m[DEBUG][0m NOISE-SKIP [COMPILER_GEN]: _ZNKSt3__16vectorINS_12basic_stringIcNS_11char_traitsIcEENS_9allocatorIcEEEENS4_IS6_EEE4dataB8ne210108Ev
[2m[DEBUG][0m NOISE-SKIP [COMPILER_GEN]: _ZNKSt3__16vectorINS_12basic_stringIcNS_11char_traitsIcEENS_9allocatorIcEEEENS4_IS6_EEE4sizeB8ne210108Ev
[2m[DEBUG][0m NOISE-SKIP [COMPILER_GEN]: _ZNKSt3__16vectorINS_12basic_stringIcNS_11char_traitsIcEENS_9allocatorIcEEEENS4_IS6_EEE31__annotate_contiguous_containerB8ne210108EPKvSA_
[2m[DEBUG][0m NOISE-SKIP [COMPILER_GEN]: _ZNSt3__131__annotate_contiguous_containerB8ne210108INS_9allocatorINS_12basic_stringIcNS_11char_traitsIcEENS1_IcEEEEEEEEvPKvS9_S9_S9_
[2m[DEBUG][0m NOISE-SKIP [COMPILER_GEN]: _ZNSt3__112__to_addressB8ne210108INS_12basic_stringIcNS_11char_traitsIcEENS_9allocatorIcEEEEEEPT_S8_
[2m[DEBUG][0m NOISE-SKIP [COMPILER_GEN]: _ZNSt3__16vectorINS_12basic_stringIcNS_11char_traitsIcEENS_9allocatorIcEEEENS4_IS6_EEE22__base_destruct_at_endB8ne210108EPS6_
[2m[DEBUG][0m NOISE-SKIP [COMPILER_GEN]: _ZNKSt3__16vectorINS_12basic_stringIcNS_11char_traitsIcEENS_9allocatorIcEEEENS4_IS6_EEE17__annotate_shrinkB8ne210108Em
[2m[DEBUG][0m NOISE-SKIP [COMPILER_GEN]: _ZNSt3__116allocator_traitsINS_9allocatorINS_12basic_stringIcNS_11char_traitsIcEENS1_IcEEEEEEE7destroyB8ne210108IS6_TnNS_9enable_ifIX15__has_destroy_vIS7_PT_EEiE4typeELi0EEEvRS7_SC_
[2m[DEBUG][0m NOISE-SKIP [COMPILER_GEN]: _ZNSt3__19allocatorINS_12basic_stringIcNS_11char_traitsIcEENS0_IcEEEEE7destroyB8ne210108EPS5_
[2m[DEBUG][0m NOISE-SKIP [COMPILER_GEN]: _ZNSt3__16vectorINS_12basic_stringIcNS_11char_traitsIcEENS_9allocatorIcEEEENS4_IS6_EEE16__destroy_vectorC2B8ne210108ERS8_
[2m[DEBUG][0m NOISE-SKIP [COMPILER_GEN]: _ZNSt3__16vectorINS_12basic_stringIcNS_11char_traitsIcEENS_9allocatorIcEEEENS4_IS6_EEE12emplace_backIJS6_EEEvDpOT_
[2m[DEBUG][0m NOISE-SKIP [COMPILER_GEN]: _ZNSt3__16vectorINS_12basic_stringIcNS_11char_traitsIcEENS_9allocatorIcEEEENS4_IS6_EEE30__emplace_back_assume_capacityB8ne210108IJS6_EEEvDpOT_
[2m[DEBUG][0m NOISE-SKIP [COMPILER_GEN]: _ZNSt3__16vectorINS_12basic_stringIcNS_11char_traitsIcEENS_9allocatorIcEEEENS4_IS6_EEE24__emplace_back_slow_pathIJS6_EEEPS6_DpOT_
[2m[DEBUG][0m NOISE-SKIP [COMPILER_GEN]: _ZNKSt3__16vectorINS_12basic_stringIcNS_11char_traitsIcEENS_9allocatorIcEEEENS4_IS6_EEE11__recommendB8ne210108Em
[2m[DEBUG][0m NOISE-SKIP [COMPILER_GEN]: _ZNSt3__114__split_bufferINS_12basic_stringIcNS_11char_traitsIcEENS_9allocatorIcEEEERNS4_IS6_EEEC1EmmS8_
[2m[DEBUG][0m NOISE-SKIP [COMPILER_GEN]: _ZNSt3__116allocator_traitsINS_9allocatorINS_12basic_stringIcNS_11char_traitsIcEENS1_IcEEEEEEE9constructB8ne210108IS6_JS6_ETnNS_9enable_ifIX17__has_construct_vIS7_PT_DpT0_EEiE4typeELi0EEEvRS7_SC_DpOSD_
[2m[DEBUG][0m NOISE-SKIP [COMPILER_GEN]: _ZNSt3__16vectorINS_12basic_stringIcNS_11char_traitsIcEENS_9allocatorIcEEEENS4_IS6_EEE26__swap_out_circular_bufferERNS_14__split_bufferIS6_RS7_EE
[2m[DEBUG][0m NOISE-SKIP [COMPILER_GEN]: _ZNSt3__114__split_bufferINS_12basic_stringIcNS_11char_traitsIcEENS_9allocatorIcEEEERNS4_IS6_EEED1Ev
[2m[DEBUG][0m NOISE-SKIP [COMPILER_GEN]: _ZNSt3__114__split_bufferINS_12basic_stringIcNS_11char_traitsIcEENS_9allocatorIcEEEERNS4_IS6_EEED2Ev
[2m[DEBUG][0m NOISE-SKIP [COMPILER_GEN]: _ZNSt3__114__split_bufferINS_12basic_stringIcNS_11char_traitsIcEENS_9allocatorIcEEEERNS4_IS6_EEE5clearB8ne210108Ev
[2m[DEBUG][0m NOISE-SKIP [COMPILER_GEN]: _ZNKSt3__114__split_bufferINS_12basic_stringIcNS_11char_traitsIcEENS_9allocatorIcEEEERNS4_IS6_EEE8capacityB8ne210108Ev
[2m[DEBUG][0m NOISE-SKIP [COMPILER_GEN]: _ZNSt3__114__split_bufferINS_12basic_stringIcNS_11char_traitsIcEENS_9allocatorIcEEEERNS4_IS6_EEE17__destruct_at_endB8ne210108EPS6_
[2m[DEBUG][0m NOISE-SKIP [COMPILER_GEN]: _ZNSt3__114__split_bufferINS_12basic_stringIcNS_11char_traitsIcEENS_9allocatorIcEEEERNS4_IS6_EEE17__destruct_at_endB8ne210108EPS6_NS_17integral_constantIbLb0EEE
[2m[DEBUG][0m NOISE-SKIP [COMPILER_GEN]: _ZNSt3__134__uninitialized_allocator_relocateB8ne210108INS_9allocatorINS_12basic_stringIcNS_11char_traitsIcEENS1_IcEEEEEEPS6_EEvRT_T0_SB_SB_
[2m[DEBUG][0m NOISE-SKIP [COMPILER_GEN]: _ZNSt3__14swapB8ne210108IPNS_12basic_stringIcNS_11char_traitsIcEENS_9allocatorIcEEEEEENS_9enable_ifIXaasr21is_move_constructibleIT_EE5valuesr18is_move_assignableIS9_EE5valueEvE4typeERS9_SC_
[2m[DEBUG][0m NOISE-SKIP [COMPILER_GEN]: _ZNKSt3__16vectorINS_12basic_stringIcNS_11char_traitsIcEENS_9allocatorIcEEEENS4_IS6_EEE14__annotate_newB8ne210108Em
[2m[DEBUG][0m NOISE-SKIP [COMPILER_GEN]: _ZNSt3__19allocatorINS_12basic_stringIcNS_11char_traitsIcEENS0_IcEEEEE9constructB8ne210108IS5_JS5_EEEvPT_DpOT0_
[2m[DEBUG][0m NOISE-SKIP [COMPILER_GEN]: _ZNSt3__114__split_bufferINS_12basic_stringIcNS_11char_traitsIcEENS_9allocatorIcEEEERNS4_IS6_EEEC2EmmS8_
[2m[DEBUG][0m NOISE-SKIP [COMPILER_GEN]: _ZNSt3__119__allocate_at_leastB8ne210108INS_9allocatorINS_12basic_stringIcNS_11char_traitsIcEENS1_IcEEEEEEEENS_19__allocation_resultINS_16allocator_traitsIT_E7pointerEEERSA_m
[2m[DEBUG][0m NOISE-SKIP [COMPILER_GEN]: _ZNSt3__19allocatorINS_12basic_stringIcNS_11char_traitsIcEENS0_IcEEEEE8allocateB8ne210108Em
[2m[DEBUG][0m NOISE-SKIP [COMPILER_GEN]: _ZNSt3__116allocator_traitsINS_9allocatorINS_12basic_stringIcNS_11char_traitsIcEENS1_IcEEEEEEE8max_sizeB8ne210108IS7_TnNS_9enable_ifIX16__has_max_size_vIKT_EEiE4typeELi0EEEmRKS7_
[2m[DEBUG][0m NOISE-SKIP [COMPILER_GEN]: _ZNSt3__117__libcpp_allocateB8ne210108INS_12basic_stringIcNS_11char_traitsIcEENS_9allocatorIcEEEEEEPT_NS_15__element_countEm
[2m[DEBUG][0m NOISE-SKIP [COMPILER_GEN]: _ZNKSt3__19allocatorINS_12basic_stringIcNS_11char_traitsIcEENS0_IcEEEEE8max_sizeB8ne210108Ev
[2m[DEBUG][0m NOISE-SKIP [COMPILER_GEN]: _ZNKSt3__16vectorINS_12basic_stringIcNS_11char_traitsIcEENS_9allocatorIcEEEENS4_IS6_EEE8max_sizeB8ne210108Ev
[2m[DEBUG][0m NOISE-SKIP [COMPILER_GEN]: _ZNSt3__16vectorINS_12basic_stringIcNS_11char_traitsIcEENS_9allocatorIcEEEENS4_IS6_EEE20__throw_length_errorB8ne210108Ev
[2m[DEBUG][0m NOISE-SKIP [COMPILER_GEN]: _ZNSt3__16vectorINS_12basic_stringIcNS_11char_traitsIcEENS_9allocatorIcEEEENS4_IS6_EEE21_ConstructTransactionC1B8ne210108ERS8_m
[2m[DEBUG][0m NOISE-SKIP [COMPILER_GEN]: _ZNSt3__16vectorINS_12basic_stringIcNS_11char_traitsIcEENS_9allocatorIcEEEENS4_IS6_EEE21_ConstructTransactionD1B8ne210108Ev
[2m[DEBUG][0m NOISE-SKIP [COMPILER_GEN]: _ZNSt3__16vectorINS_12basic_stringIcNS_11char_traitsIcEENS_9allocatorIcEEEENS4_IS6_EEE21_ConstructTransactionD2B8ne210108Ev
[2m[DEBUG][0m NOISE-SKIP [COMPILER_GEN]: _ZNSt3__16vectorINS_12basic_stringIcNS_11char_traitsIcEENS_9allocatorIcEEEENS4_IS6_EEE21_ConstructTransactionC2B8ne210108ERS8_m
[2m[DEBUG][0m NOISE-SKIP [COMPILER_GEN]: _ZNKSt3__16vectorINS_12basic_stringIcNS_11char_traitsIcEENS_9allocatorIcEEEENS4_IS6_EEE19__annotate_increaseB8ne210108Em
[2m[DEBUG][0m NOISE-SKIP [COMPILER_GEN]: _ZNSt3__16vectorINS_12basic_stringIcNS_11char_traitsIcEENS_9allocatorIcEEEENS4_IS6_EEEC2B8ne210108Ev
[2m[DEBUG][0m NOISE-SKIP [COMPILER_GEN]: _ZNSt3__19allocatorINS_12basic_stringIcNS_11char_traitsIcEENS0_IcEEEEEC1B8ne210108Ev
[2m[DEBUG][0m NOISE-SKIP [COMPILER_GEN]: _ZNSt3__19allocatorINS_12basic_stringIcNS_11char_traitsIcEENS0_IcEEEEEC2B8ne210108Ev
[2m[DEBUG][0m NOISE-SKIP [COMPILER_GEN]: _ZNSt3__116__non_trivial_ifILb1ENS_9allocatorINS_12basic_stringIcNS_11char_traitsIcEENS1_IcEEEEEEEC2B8ne210108Ev
[2m[DEBUG][0m ANALYZE [USER]: _ZNK4Json5Value6isBoolEv
[2m[DEBUG][0m ANALYZE [USER]: _ZNK4Json5Value10isIntegralEv
[2m[DEBUG][0m ANALYZE [USER]: _ZNK4Json5Value8isStringEv
[2m[DEBUG][0m ANALYZE [USER]: _ZN4Json5Value8CommentsC2ERKS1_
[2m[DEBUG][0m ANALYZE [USER]: _ZN4Json5Value8CommentsC1ERKS1_
[2m[DEBUG][0m ANALYZE [USER]: _ZNK4Json5Value8Comments3hasENS_16CommentPlacementE
[2m[DEBUG][0m NOISE-SKIP [COMPILER_GEN]: _ZNSt3__15arrayINS_12basic_stringIcNS_11char_traitsIcEENS_9allocatorIcEEEELm3EEixB8ne210108Em
[2m[DEBUG][0m ANALYZE [USER]: _ZNK4Json5Value8Comments3getENS_16CommentPlacementE
[2m[DEBUG][0m NOISE-SKIP [COMPILER_GEN]: _ZN4Json5Value8Comments3setENS_16CommentPlacementENSt3__112basic_stringIcNS3_11char_traitsIcEENS3_9allocatorIcEEEE
[2m[DEBUG][0m NOISE-SKIP [COMPILER_GEN]: _ZNSt3__15arrayINS_12basic_stringIcNS_11char_traitsIcEENS_9allocatorIcEEEELm3EEC1Ev
[2m[DEBUG][0m NOISE-SKIP [COMPILER_GEN]: _ZNSt3__15arrayINS_12basic_stringIcNS_11char_traitsIcEENS_9allocatorIcEEEELm3EEC2Ev
[2m[DEBUG][0m NOISE-SKIP [COMPILER_GEN]: _ZN4Json5Value10setCommentENSt3__112basic_stringIcNS1_11char_traitsIcEENS1_9allocatorIcEEEENS_16CommentPlacementE
[2m[DEBUG][0m NOISE-SKIP [COMPILER_GEN]: _ZNSt3__112basic_stringIcNS_11char_traitsIcEENS_9allocatorIcEEE4backB8ne210108Ev
[2m[DEBUG][0m NOISE-SKIP [COMPILER_GEN]: _ZNSt3__112basic_stringIcNS_11char_traitsIcEENS_9allocatorIcEEE8pop_backB8ne210108Ev
[2m[DEBUG][0m NOISE-SKIP [COMPILER_GEN]: _ZNSt3__112basic_stringIcNS_11char_traitsIcEENS_9allocatorIcEEE14__erase_to_endB8ne210108Em
[2m[DEBUG][0m NOISE-SKIP [COMPILER_GEN]: _ZNSt3__112basic_stringIcNS_11char_traitsIcEENS_9allocatorIcEEE19__null_terminate_atB8ne210108EPcm
[2m[DEBUG][0m ANALYZE [USER]: _ZNK4Json5Value10hasCommentENS_16CommentPlacementE
[2m[DEBUG][0m ANALYZE [USER]: _ZNK4Json5Value10getCommentENS_16CommentPlacementE
[2m[DEBUG][0m ANALYZE [USER]: _ZN4Json5Value14setOffsetStartEl
[2m[DEBUG][0m ANALYZE [USER]: _ZN4Json5Value14setOffsetLimitEl
[2m[DEBUG][0m ANALYZE [USER]: _ZNK4Json5Value14getOffsetStartEv
[2m[DEBUG][0m ANALYZE [USER]: _ZNK4Json5Value14getOffsetLimitEv
[2m[DEBUG][0m ANALYZE [USER]: _ZNK4Json5Value14toStyledStringEv
[2m[DEBUG][0m ANALYZE [USER]: _ZNK4Json5Value5beginEv
[2m[DEBUG][0m ANALYZE [USER]: _ZNK4Json5Value3endEv
[2m[DEBUG][0m ANALYZE [USER]: _ZN4Json5Value5beginEv
[2m[DEBUG][0m ANALYZE [USER]: _ZN4Json5Value3endEv
[2m[DEBUG][0m ANALYZE [USER]: _ZN4Json12PathArgumentC2Ev
[2m[DEBUG][0m ANALYZE [USER]: _ZN4Json12PathArgumentC1Ev
[2m[DEBUG][0m ANALYZE [USER]: _ZN4Json12PathArgumentC2Ej
[2m[DEBUG][0m ANALYZE [USER]: _ZN4Json12PathArgumentC1Ej
[2m[DEBUG][0m ANALYZE [USER]: _ZN4Json12PathArgumentC2EPKc
[2m[DEBUG][0m ANALYZE [USER]: _ZN4Json12PathArgumentC1EPKc
[2m[DEBUG][0m NOISE-SKIP [COMPILER_GEN]: _ZN4Json12PathArgumentC2ENSt3__112basic_stringIcNS1_11char_traitsIcEENS1_9allocatorIcEEEE
[2m[DEBUG][0m NOISE-SKIP [COMPILER_GEN]: _ZN4Json12PathArgumentC1ENSt3__112basic_stringIcNS1_11char_traitsIcEENS1_9allocatorIcEEEE
[2m[DEBUG][0m NOISE-SKIP [COMPILER_GEN]: _ZN4Json4PathC2ERKNSt3__112basic_stringIcNS1_11char_traitsIcEENS1_9allocatorIcEEEERKNS_12PathArgumentESC_SC_SC_SC_
[2m[DEBUG][0m ANALYZE [USER]: _ZNSt3__16vectorIN4Json12PathArgumentENS_9allocatorIS2_EEEC1B8ne210108Ev
[2m[DEBUG][0m ANALYZE [USER]: _ZNSt3__16vectorIPKN4Json12PathArgumentENS_9allocatorIS4_EEEC1B8ne210108Ev
[2m[DEBUG][0m ANALYZE [USER]: _ZNSt3__16vectorIPKN4Json12PathArgumentENS_9allocatorIS4_EEE7reserveEm
[2m[DEBUG][0m ANALYZE [USER]: _ZNSt3__16vectorIPKN4Json12PathArgumentENS_9allocatorIS4_EEE9push_backB8ne210108EOS4_
[2m[DEBUG][0m NOISE-SKIP [COMPILER_GEN]: _ZN4Json4Path8makePathERKNSt3__112basic_stringIcNS1_11char_traitsIcEENS1_9allocatorIcEEEERKNS1_6vectorIPKNS_12PathArgumentENS5_ISD_EEEE
[2m[DEBUG][0m ANALYZE [USER]: _ZNSt3__16vectorIPKN4Json12PathArgumentENS_9allocatorIS4_EEED1B8ne210108Ev
[2m[DEBUG][0m ANALYZE [USER]: _ZNSt3__16vectorIN4Json12PathArgumentENS_9allocatorIS2_EEED1B8ne210108Ev
[2m[DEBUG][0m ANALYZE [USER]: _ZNSt3__16vectorIN4Json12PathArgumentENS_9allocatorIS2_EEED2B8ne210108Ev
[2m[DEBUG][0m ANALYZE [USER]: _ZNSt3__16vectorIN4Json12PathArgumentENS_9allocatorIS2_EEE16__destroy_vectorC1B8ne210108ERS5_
[2m[DEBUG][0m ANALYZE [USER]: _ZNSt3__16vectorIN4Json12PathArgumentENS_9allocatorIS2_EEE16__destroy_vectorclB8ne210108Ev
[2m[DEBUG][0m ANALYZE [USER]: _ZNSt3__16vectorIN4Json12PathArgumentENS_9allocatorIS2_EEE5clearB8ne210108Ev
[2m[DEBUG][0m ANALYZE [USER]: _ZNKSt3__16vectorIN4Json12PathArgumentENS_9allocatorIS2_EEE17__annotate_deleteB8ne210108Ev
[2m[DEBUG][0m ANALYZE [USER]: _ZNKSt3__16vectorIN4Json12PathArgumentENS_9allocatorIS2_EEE8capacityB8ne210108Ev
[2m[DEBUG][0m ANALYZE [USER]: _ZNSt3__116allocator_traitsINS_9allocatorIN4Json12PathArgumentEEEE10deallocateB8ne210108ERS4_PS3_m
[2m[DEBUG][0m ANALYZE [USER]: _ZNSt3__19allocatorIN4Json12PathArgumentEE10deallocateB8ne210108EPS2_m
[2m[DEBUG][0m ANALYZE [USER]: _ZNSt3__119__libcpp_deallocateB8ne210108IN4Json12PathArgumentEEEvPNS_15__type_identityIT_E4typeENS_15__element_countEm
[2m[DEBUG][0m ANALYZE [USER]: _ZNKSt3__16vectorIN4Json12PathArgumentENS_9allocatorIS2_EEE4dataB8ne210108Ev
[2m[DEBUG][0m ANALYZE [USER]: _ZNKSt3__16vectorIN4Json12PathArgumentENS_9allocatorIS2_EEE4sizeB8ne210108Ev
[2m[DEBUG][0m ANALYZE [USER]: _ZNKSt3__16vectorIN4Json12PathArgumentENS_9allocatorIS2_EEE31__annotate_contiguous_containerB8ne210108EPKvS7_
[2m[DEBUG][0m ANALYZE [USER]: _ZNSt3__131__annotate_contiguous_containerB8ne210108INS_9allocatorIN4Json12PathArgumentEEEEEvPKvS6_S6_S6_
[2m[DEBUG][0m ANALYZE [USER]: _ZNSt3__112__to_addressB8ne210108IN4Json12PathArgumentEEEPT_S4_
[2m[DEBUG][0m ANALYZE [USER]: _ZNSt3__16vectorIN4Json12PathArgumentENS_9allocatorIS2_EEE22__base_destruct_at_endB8ne210108EPS2_
[2m[DEBUG][0m ANALYZE [USER]: _ZNKSt3__16vectorIN4Json12PathArgumentENS_9allocatorIS2_EEE17__annotate_shrinkB8ne210108Em
[2m[DEBUG][0m ANALYZE [USER]: _ZNSt3__116allocator_traitsINS_9allocatorIN4Json12PathArgumentEEEE7destroyB8ne210108IS3_TnNS_9enable_ifIX15__has_destroy_vIS4_PT_EEiE4typeELi0EEEvRS4_S9_
[2m[DEBUG][0m ANALYZE [USER]: _ZNSt3__19allocatorIN4Json12PathArgumentEE7destroyB8ne210108EPS2_
[2m[DEBUG][0m ANALYZE [USER]: _ZN4Json12PathArgumentD1Ev
[2m[DEBUG][0m ANALYZE [USER]: _ZN4Json12PathArgumentD2Ev
[2m[DEBUG][0m ANALYZE [USER]: _ZNSt3__16vectorIN4Json12PathArgumentENS_9allocatorIS2_EEE16__destroy_vectorC2B8ne210108ERS5_
[2m[DEBUG][0m ANALYZE [USER]: _ZNSt3__16vectorIPKN4Json12PathArgumentENS_9allocatorIS4_EEED2B8ne210108Ev
[2m[DEBUG][0m ANALYZE [USER]: _ZNSt3__16vectorIPKN4Json12PathArgumentENS_9allocatorIS4_EEE16__destroy_vectorC1B8ne210108ERS7_
[2m[DEBUG][0m ANALYZE [USER]: _ZNSt3__16vectorIPKN4Json12PathArgumentENS_9allocatorIS4_EEE16__destroy_vectorclB8ne210108Ev
[2m[DEBUG][0m ANALYZE [USER]: _ZNSt3__16vectorIPKN4Json12PathArgumentENS_9allocatorIS4_EEE5clearB8ne210108Ev
[2m[DEBUG][0m ANALYZE [USER]: _ZNKSt3__16vectorIPKN4Json12PathArgumentENS_9allocatorIS4_EEE17__annotate_deleteB8ne210108Ev
[2m[DEBUG][0m ANALYZE [USER]: _ZNKSt3__16vectorIPKN4Json12PathArgumentENS_9allocatorIS4_EEE8capacityB8ne210108Ev
[2m[DEBUG][0m ANALYZE [USER]: _ZNSt3__116allocator_traitsINS_9allocatorIPKN4Json12PathArgumentEEEE10deallocateB8ne210108ERS6_PS5_m
[2m[DEBUG][0m ANALYZE [USER]: _ZNSt3__19allocatorIPKN4Json12PathArgumentEE10deallocateB8ne210108EPS4_m
[2m[DEBUG][0m ANALYZE [USER]: _ZNSt3__119__libcpp_deallocateB8ne210108IPKN4Json12PathArgumentEEEvPNS_15__type_identityIT_E4typeENS_15__element_countEm
[2m[DEBUG][0m ANALYZE [USER]: _ZNKSt3__16vectorIPKN4Json12PathArgumentENS_9allocatorIS4_EEE4dataB8ne210108Ev
[2m[DEBUG][0m ANALYZE [USER]: _ZNKSt3__16vectorIPKN4Json12PathArgumentENS_9allocatorIS4_EEE4sizeB8ne210108Ev
[2m[DEBUG][0m ANALYZE [USER]: _ZNKSt3__16vectorIPKN4Json12PathArgumentENS_9allocatorIS4_EEE31__annotate_contiguous_containerB8ne210108EPKvS9_
[2m[DEBUG][0m ANALYZE [USER]: _ZNSt3__131__annotate_contiguous_containerB8ne210108INS_9allocatorIPKN4Json12PathArgumentEEEEEvPKvS8_S8_S8_
[2m[DEBUG][0m ANALYZE [USER]: _ZNSt3__112__to_addressB8ne210108IPKN4Json12PathArgumentEEEPT_S6_
[2m[DEBUG][0m ANALYZE [USER]: _ZNSt3__16vectorIPKN4Json12PathArgumentENS_9allocatorIS4_EEE22__base_destruct_at_endB8ne210108EPS4_
[2m[DEBUG][0m ANALYZE [USER]: _ZNKSt3__16vectorIPKN4Json12PathArgumentENS_9allocatorIS4_EEE17__annotate_shrinkB8ne210108Em
[2m[DEBUG][0m ANALYZE [USER]: _ZNSt3__116allocator_traitsINS_9allocatorIPKN4Json12PathArgumentEEEE7destroyB8ne210108IS5_TnNS_9enable_ifIX15__has_destroy_vIS6_PT_EEiE4typeELi0EEEvRS6_SB_
[2m[DEBUG][0m ANALYZE [USER]: _ZNSt3__19allocatorIPKN4Json12PathArgumentEE7destroyB8ne210108EPS4_
[2m[DEBUG][0m ANALYZE [USER]: _ZNSt3__16vectorIPKN4Json12PathArgumentENS_9allocatorIS4_EEE16__destroy_vectorC2B8ne210108ERS7_
[2m[DEBUG][0m ANALYZE [USER]: _ZNKSt3__16vectorIPKN4Json12PathArgumentENS_9allocatorIS4_EEE5beginB8ne210108Ev
[2m[DEBUG][0m NOISE-SKIP [COMPILER_GEN]: _ZN4Json4Path12addPathInArgERKNSt3__112basic_stringIcNS1_11char_traitsIcEENS1_9allocatorIcEEEERKNS1_6vectorIPKNS_12PathArgumentENS5_ISD_EEEERNS1_11__wrap_iterIPKSD_EENSB_4KindE
[2m[DEBUG][0m ANALYZE [USER]: _ZNSt3__16vectorIN4Json12PathArgumentENS_9allocatorIS2_EEE9push_backB8ne210108EOS2_
[2m[DEBUG][0m NOISE-SKIP [COMPILER_GEN]: _ZN4Json4Path11invalidPathERKNSt3__112basic_stringIcNS1_11char_traitsIcEENS1_9allocatorIcEEEEi
[2m[DEBUG][0m ANALYZE [USER]: _Z6strchrB8ne210108Ua9enable_ifILb1EEPKci
[2m[DEBUG][0m ANALYZE [USER]: _ZNSt3__16vectorIN4Json12PathArgumentENS_9allocatorIS2_EEE12emplace_backIJS2_EEEvDpOT_
[2m[DEBUG][0m ANALYZE [USER]: _ZNSt3__16vectorIN4Json12PathArgumentENS_9allocatorIS2_EEE30__emplace_back_assume_capacityB8ne210108IJS2_EEEvDpOT_
[2m[DEBUG][0m ANALYZE [USER]: _ZNSt3__16vectorIN4Json12PathArgumentENS_9allocatorIS2_EEE24__emplace_back_slow_pathIJS2_EEEPS2_DpOT_
[2m[DEBUG][0m ANALYZE [USER]: _ZNKSt3__16vectorIN4Json12PathArgumentENS_9allocatorIS2_EEE11__recommendB8ne210108Em
[2m[DEBUG][0m ANALYZE [USER]: _ZNSt3__114__split_bufferIN4Json12PathArgumentERNS_9allocatorIS2_EEEC1EmmS5_
[2m[DEBUG][0m ANALYZE [USER]: _ZNSt3__116allocator_traitsINS_9allocatorIN4Json12PathArgumentEEEE9constructB8ne210108IS3_JS3_ETnNS_9enable_ifIX17__has_construct_vIS4_PT_DpT0_EEiE4typeELi0EEEvRS4_S9_DpOSA_
[2m[DEBUG][0m ANALYZE [USER]: _ZNSt3__16vectorIN4Json12PathArgumentENS_9allocatorIS2_EEE26__swap_out_circular_bufferERNS_14__split_bufferIS2_RS4_EE
[2m[DEBUG][0m ANALYZE [USER]: _ZNSt3__114__split_bufferIN4Json12PathArgumentERNS_9allocatorIS2_EEED1Ev
[2m[DEBUG][0m ANALYZE [USER]: _ZNSt3__114__split_bufferIN4Json12PathArgumentERNS_9allocatorIS2_EEED2Ev
[2m[DEBUG][0m ANALYZE [USER]: _ZNSt3__114__split_bufferIN4Json12PathArgumentERNS_9allocatorIS2_EEE5clearB8ne210108Ev
[2m[DEBUG][0m ANALYZE [USER]: _ZNKSt3__114__split_bufferIN4Json12PathArgumentERNS_9allocatorIS2_EEE8capacityB8ne210108Ev
[2m[DEBUG][0m ANALYZE [USER]: _ZNSt3__114__split_bufferIN4Json12PathArgumentERNS_9allocatorIS2_EEE17__destruct_at_endB8ne210108EPS2_
[2m[DEBUG][0m ANALYZE [USER]: _ZNSt3__114__split_bufferIN4Json12PathArgumentERNS_9allocatorIS2_EEE17__destruct_at_endB8ne210108EPS2_NS_17integral_constantIbLb0EEE
[2m[DEBUG][0m ANALYZE [USER]: _ZNSt3__134__uninitialized_allocator_relocateB8ne210108INS_9allocatorIN4Json12PathArgumentEEEPS3_EEvRT_T0_S8_S8_
[2m[DEBUG][0m ANALYZE [USER]: _ZNSt3__14swapB8ne210108IPN4Json12PathArgumentEEENS_9enable_ifIXaasr21is_move_constructibleIT_EE5valuesr18is_move_assignableIS5_EE5valueEvE4typeERS5_S8_
[2m[DEBUG][0m ANALYZE [USER]: _ZNKSt3__16vectorIN4Json12PathArgumentENS_9allocatorIS2_EEE14__annotate_newB8ne210108Em
[2m[DEBUG][0m ANALYZE [USER]: _ZNSt3__129_AllocatorDestroyRangeReverseINS_9allocatorIN4Json12PathArgumentEEEPS3_EC1B8ne210108ERS4_RS5_S8_
[2m[DEBUG][0m ANALYZE [USER]: _ZNSt3__122__make_exception_guardB8ne210108INS_29_AllocatorDestroyRangeReverseINS_9allocatorIN4Json12PathArgumentEEEPS4_EEEENS_28__exception_guard_exceptionsIT_EES9_
[2m[DEBUG][0m ANALYZE [USER]: _ZNSt3__128__exception_guard_exceptionsINS_29_AllocatorDestroyRangeReverseINS_9allocatorIN4Json12PathArgumentEEEPS4_EEED1B8ne210108Ev
[2m[DEBUG][0m ANALYZE [USER]: _ZNSt3__128__exception_guard_exceptionsINS_29_AllocatorDestroyRangeReverseINS_9allocatorIN4Json12PathArgumentEEEPS4_EEE10__completeB8ne210108Ev
[2m[DEBUG][0m ANALYZE [USER]: _ZNSt3__119__allocator_destroyB8ne210108INS_9allocatorIN4Json12PathArgumentEEEPS3_S5_EEvRT_T0_T1_
[2m[DEBUG][0m ANALYZE [USER]: _ZNSt3__128__exception_guard_exceptionsINS_29_AllocatorDestroyRangeReverseINS_9allocatorIN4Json12PathArgumentEEEPS4_EEED2B8ne210108Ev
[2m[DEBUG][0m ANALYZE [USER]: _ZNKSt3__129_AllocatorDestroyRangeReverseINS_9allocatorIN4Json12PathArgumentEEEPS3_EclB8ne210108Ev
[2m[DEBUG][0m ANALYZE [USER]: _ZNSt3__116reverse_iteratorIPN4Json12PathArgumentEEC1B8ne210108ES3_
[2m[DEBUG][0m ANALYZE [USER]: _ZNSt3__119__allocator_destroyB8ne210108INS_9allocatorIN4Json12PathArgumentEEENS_16reverse_iteratorIPS3_EES7_EEvRT_T0_T1_
[2m[DEBUG][0m ANALYZE [USER]: _ZNSt3__1neB8ne210108IPN4Json12PathArgumentES3_EEbRKNS_16reverse_iteratorIT_EERKNS4_IT0_EE
[2m[DEBUG][0m ANALYZE [USER]: _ZNKSt3__116reverse_iteratorIPN4Json12PathArgumentEEdeB8ne210108Ev
[2m[DEBUG][0m ANALYZE [USER]: _ZNSt3__116reverse_iteratorIPN4Json12PathArgumentEEppB8ne210108Ev
[2m[DEBUG][0m ANALYZE [USER]: _ZNKSt3__116reverse_iteratorIPN4Json12PathArgumentEE4baseB8ne210108Ev
[2m[DEBUG][0m ANALYZE [USER]: _ZNSt3__116reverse_iteratorIPN4Json12PathArgumentEEC2B8ne210108ES3_
[2m[DEBUG][0m ANALYZE [USER]: _ZNSt3__128__exception_guard_exceptionsINS_29_AllocatorDestroyRangeReverseINS_9allocatorIN4Json12PathArgumentEEEPS4_EEEC1B8ne210108ES7_
[2m[DEBUG][0m ANALYZE [USER]: _ZNSt3__128__exception_guard_exceptionsINS_29_AllocatorDestroyRangeReverseINS_9allocatorIN4Json12PathArgumentEEEPS4_EEEC2B8ne210108ES7_
[2m[DEBUG][0m ANALYZE [USER]: _ZNSt3__129_AllocatorDestroyRangeReverseINS_9allocatorIN4Json12PathArgumentEEEPS3_EC2B8ne210108ERS4_RS5_S8_
[2m[DEBUG][0m ANALYZE [USER]: _ZNSt3__19allocatorIN4Json12PathArgumentEE9constructB8ne210108IS2_JS2_EEEvPT_DpOT0_
[2m[DEBUG][0m ANALYZE [USER]: _ZN4Json12PathArgumentC1EOS0_
[2m[DEBUG][0m ANALYZE [USER]: _ZN4Json12PathArgumentC2EOS0_
[2m[DEBUG][0m ANALYZE [USER]: _ZNSt3__114__split_bufferIN4Json12PathArgumentERNS_9allocatorIS2_EEEC2EmmS5_
[2m[DEBUG][0m ANALYZE [USER]: _ZNSt3__119__allocate_at_leastB8ne210108INS_9allocatorIN4Json12PathArgumentEEEEENS_19__allocation_resultINS_16allocator_traitsIT_E7pointerEEERS7_m
[2m[DEBUG][0m ANALYZE [USER]: _ZNSt3__19allocatorIN4Json12PathArgumentEE8allocateB8ne210108Em
[2m[DEBUG][0m ANALYZE [USER]: _ZNSt3__116allocator_traitsINS_9allocatorIN4Json12PathArgumentEEEE8max_sizeB8ne210108IS4_TnNS_9enable_ifIX16__has_max_size_vIKT_EEiE4typeELi0EEEmRKS4_
[2m[DEBUG][0m ANALYZE [USER]: _ZNSt3__117__libcpp_allocateB8ne210108IN4Json12PathArgumentEEEPT_NS_15__element_countEm
[2m[DEBUG][0m ANALYZE [USER]: _ZNKSt3__19allocatorIN4Json12PathArgumentEE8max_sizeB8ne210108Ev
[2m[DEBUG][0m ANALYZE [USER]: _ZNKSt3__16vectorIN4Json12PathArgumentENS_9allocatorIS2_EEE8max_sizeB8ne210108Ev
[2m[DEBUG][0m ANALYZE [USER]: _ZNSt3__16vectorIN4Json12PathArgumentENS_9allocatorIS2_EEE20__throw_length_errorB8ne210108Ev
[2m[DEBUG][0m ANALYZE [USER]: _ZNSt3__16vectorIN4Json12PathArgumentENS_9allocatorIS2_EEE21_ConstructTransactionC1B8ne210108ERS5_m
[2m[DEBUG][0m ANALYZE [USER]: _ZNSt3__16vectorIN4Json12PathArgumentENS_9allocatorIS2_EEE21_ConstructTransactionD1B8ne210108Ev
[2m[DEBUG][0m ANALYZE [USER]: _ZNSt3__16vectorIN4Json12PathArgumentENS_9allocatorIS2_EEE21_ConstructTransactionD2B8ne210108Ev
[2m[DEBUG][0m ANALYZE [USER]: _ZNSt3__16vectorIN4Json12PathArgumentENS_9allocatorIS2_EEE21_ConstructTransactionC2B8ne210108ERS5_m
[2m[DEBUG][0m ANALYZE [USER]: _ZNKSt3__16vectorIN4Json12PathArgumentENS_9allocatorIS2_EEE19__annotate_increaseB8ne210108Em
[2m[DEBUG][0m ANALYZE [USER]: _ZNKSt3__16vectorIPKN4Json12PathArgumentENS_9allocatorIS4_EEE3endB8ne210108Ev
[2m[DEBUG][0m ANALYZE [USER]: _ZNSt3__1eqB8ne210108IPKPKN4Json12PathArgumentEEEbRKNS_11__wrap_iterIT_EESB_
[2m[DEBUG][0m ANALYZE [USER]: _ZNKSt3__111__wrap_iterIPKPKN4Json12PathArgumentEEdeB8ne210108Ev
[2m[DEBUG][0m ANALYZE [USER]: _ZNSt3__111__wrap_iterIPKPKN4Json12PathArgumentEEppB8ne210108Ei
[2m[DEBUG][0m ANALYZE [USER]: _ZNSt3__16vectorIN4Json12PathArgumentENS_9allocatorIS2_EEE9push_backB8ne210108ERKS2_
[2m[DEBUG][0m ANALYZE [USER]: _ZNSt3__16vectorIN4Json12PathArgumentENS_9allocatorIS2_EEE12emplace_backIJRKS2_EEEvDpOT_
[2m[DEBUG][0m ANALYZE [USER]: _ZNSt3__16vectorIN4Json12PathArgumentENS_9allocatorIS2_EEE30__emplace_back_assume_capacityB8ne210108IJRKS2_EEEvDpOT_
[2m[DEBUG][0m ANALYZE [USER]: _ZNSt3__16vectorIN4Json12PathArgumentENS_9allocatorIS2_EEE24__emplace_back_slow_pathIJRKS2_EEEPS2_DpOT_
[2m[DEBUG][0m ANALYZE [USER]: _ZNSt3__116allocator_traitsINS_9allocatorIN4Json12PathArgumentEEEE9constructB8ne210108IS3_JRKS3_ETnNS_9enable_ifIX17__has_construct_vIS4_PT_DpT0_EEiE4typeELi0EEEvRS4_SB_DpOSC_
[2m[DEBUG][0m ANALYZE [USER]: _ZNSt3__19allocatorIN4Json12PathArgumentEE9constructB8ne210108IS2_JRKS2_EEEvPT_DpOT0_
[2m[DEBUG][0m ANALYZE [USER]: _ZN4Json12PathArgumentC1ERKS0_
[2m[DEBUG][0m ANALYZE [USER]: _ZN4Json12PathArgumentC2ERKS0_
[2m[DEBUG][0m ANALYZE [USER]: _ZNSt3__111__wrap_iterIPKPKN4Json12PathArgumentEEppB8ne210108Ev
[2m[DEBUG][0m ANALYZE [USER]: _ZNKSt3__111__wrap_iterIPKPKN4Json12PathArgumentEE4baseB8ne210108Ev
[2m[DEBUG][0m ANALYZE [USER]: _ZNSt3__16vectorIPKN4Json12PathArgumentENS_9allocatorIS4_EEE26__add_alignment_assumptionB8ne210108IPS4_TnNS_9enable_ifIXsr10is_pointerIT_EE5valueEiE4typeELi0EEES9_SB_
[2m[DEBUG][0m ANALYZE [USER]: _ZNKSt3__16vectorIPKN4Json12PathArgumentENS_9allocatorIS4_EEE11__make_iterB8ne210108EPKS4_
[2m[DEBUG][0m ANALYZE [USER]: _ZNSt3__111__wrap_iterIPKPKN4Json12PathArgumentEEC1B8ne210108ES6_
[2m[DEBUG][0m ANALYZE [USER]: _ZNSt3__111__wrap_iterIPKPKN4Json12PathArgumentEEC2B8ne210108ES6_
[2m[DEBUG][0m ANALYZE [USER]: _ZNSt3__16vectorIPKN4Json12PathArgumentENS_9allocatorIS4_EEE12emplace_backIJS4_EEEvDpOT_
[2m[DEBUG][0m ANALYZE [USER]: _ZNSt3__16vectorIPKN4Json12PathArgumentENS_9allocatorIS4_EEE30__emplace_back_assume_capacityB8ne210108IJS4_EEEvDpOT_
[2m[DEBUG][0m ANALYZE [USER]: _ZNSt3__16vectorIPKN4Json12PathArgumentENS_9allocatorIS4_EEE24__emplace_back_slow_pathIJS4_EEEPS4_DpOT_
[2m[DEBUG][0m ANALYZE [USER]: _ZNKSt3__16vectorIPKN4Json12PathArgumentENS_9allocatorIS4_EEE11__recommendB8ne210108Em
[2m[DEBUG][0m ANALYZE [USER]: _ZNSt3__114__split_bufferIPKN4Json12PathArgumentERNS_9allocatorIS4_EEEC1EmmS7_
[2m[DEBUG][0m ANALYZE [USER]: _ZNSt3__116allocator_traitsINS_9allocatorIPKN4Json12PathArgumentEEEE9constructB8ne210108IS5_JS5_ETnNS_9enable_ifIX17__has_construct_vIS6_PT_DpT0_EEiE4typeELi0EEEvRS6_SB_DpOSC_
[2m[DEBUG][0m ANALYZE [USER]: _ZNSt3__16vectorIPKN4Json12PathArgumentENS_9allocatorIS4_EEE26__swap_out_circular_bufferERNS_14__split_bufferIS4_RS6_EE
[2m[DEBUG][0m ANALYZE [USER]: _ZNSt3__114__split_bufferIPKN4Json12PathArgumentERNS_9allocatorIS4_EEED1Ev
[2m[DEBUG][0m ANALYZE [USER]: _ZNSt3__114__split_bufferIPKN4Json12PathArgumentERNS_9allocatorIS4_EEED2Ev
[2m[DEBUG][0m ANALYZE [USER]: _ZNSt3__114__split_bufferIPKN4Json12PathArgumentERNS_9allocatorIS4_EEE5clearB8ne210108Ev
[2m[DEBUG][0m ANALYZE [USER]: _ZNKSt3__114__split_bufferIPKN4Json12PathArgumentERNS_9allocatorIS4_EEE8capacityB8ne210108Ev
[2m[DEBUG][0m ANALYZE [USER]: _ZNSt3__114__split_bufferIPKN4Json12PathArgumentERNS_9allocatorIS4_EEE17__destruct_at_endB8ne210108EPS4_
[2m[DEBUG][0m ANALYZE [USER]: _ZNSt3__114__split_bufferIPKN4Json12PathArgumentERNS_9allocatorIS4_EEE17__destruct_at_endB8ne210108EPS4_NS_17integral_constantIbLb0EEE
[2m[DEBUG][0m ANALYZE [USER]: _ZNSt3__134__uninitialized_allocator_relocateB8ne210108INS_9allocatorIPKN4Json12PathArgumentEEEPS5_EEvRT_T0_SA_SA_
[2m[DEBUG][0m ANALYZE [USER]: _ZNSt3__14swapB8ne210108IPPKN4Json12PathArgumentEEENS_9enable_ifIXaasr21is_move_constructibleIT_EE5valuesr18is_move_assignableIS7_EE5valueEvE4typeERS7_SA_
[2m[DEBUG][0m ANALYZE [USER]: _ZNKSt3__16vectorIPKN4Json12PathArgumentENS_9allocatorIS4_EEE14__annotate_newB8ne210108Em
[2m[DEBUG][0m ANALYZE [USER]: _ZNSt3__19allocatorIPKN4Json12PathArgumentEE9constructB8ne210108IS4_JS4_EEEvPT_DpOT0_
[2m[DEBUG][0m ANALYZE [USER]: _ZNSt3__114__split_bufferIPKN4Json12PathArgumentERNS_9allocatorIS4_EEEC2EmmS7_
[2m[DEBUG][0m ANALYZE [USER]: _ZNSt3__119__allocate_at_leastB8ne210108INS_9allocatorIPKN4Json12PathArgumentEEEEENS_19__allocation_resultINS_16allocator_traitsIT_E7pointerEEERS9_m
[2m[DEBUG][0m ANALYZE [USER]: _ZNSt3__19allocatorIPKN4Json12PathArgumentEE8allocateB8ne210108Em
[2m[DEBUG][0m ANALYZE [USER]: _ZNSt3__116allocator_traitsINS_9allocatorIPKN4Json12PathArgumentEEEE8max_sizeB8ne210108IS6_TnNS_9enable_ifIX16__has_max_size_vIKT_EEiE4typeELi0EEEmRKS6_
[2m[DEBUG][0m ANALYZE [USER]: _ZNSt3__117__libcpp_allocateB8ne210108IPKN4Json12PathArgumentEEEPT_NS_15__element_countEm
[2m[DEBUG][0m ANALYZE [USER]: _ZNKSt3__19allocatorIPKN4Json12PathArgumentEE8max_sizeB8ne210108Ev
[2m[DEBUG][0m ANALYZE [USER]: _ZNKSt3__16vectorIPKN4Json12PathArgumentENS_9allocatorIS4_EEE8max_sizeB8ne210108Ev
[2m[DEBUG][0m ANALYZE [USER]: _ZNSt3__16vectorIPKN4Json12PathArgumentENS_9allocatorIS4_EEE20__throw_length_errorB8ne210108Ev
[2m[DEBUG][0m ANALYZE [USER]: _ZNSt3__16vectorIPKN4Json12PathArgumentENS_9allocatorIS4_EEE21_ConstructTransactionC1B8ne210108ERS7_m
[2m[DEBUG][0m ANALYZE [USER]: _ZNSt3__16vectorIPKN4Json12PathArgumentENS_9allocatorIS4_EEE21_ConstructTransactionD1B8ne210108Ev
[2m[DEBUG][0m ANALYZE [USER]: _ZNSt3__16vectorIPKN4Json12PathArgumentENS_9allocatorIS4_EEE21_ConstructTransactionD2B8ne210108Ev
[2m[DEBUG][0m ANALYZE [USER]: _ZNSt3__16vectorIPKN4Json12PathArgumentENS_9allocatorIS4_EEE21_ConstructTransactionC2B8ne210108ERS7_m
[2m[DEBUG][0m ANALYZE [USER]: _ZNKSt3__16vectorIPKN4Json12PathArgumentENS_9allocatorIS4_EEE19__annotate_increaseB8ne210108Em
[2m[DEBUG][0m ANALYZE [USER]: _ZNSt3__16vectorIPKN4Json12PathArgumentENS_9allocatorIS4_EEEC2B8ne210108Ev
[2m[DEBUG][0m ANALYZE [USER]: _ZNSt3__19allocatorIPKN4Json12PathArgumentEEC1B8ne210108Ev
[2m[DEBUG][0m ANALYZE [USER]: _ZNSt3__19allocatorIPKN4Json12PathArgumentEEC2B8ne210108Ev
[2m[DEBUG][0m ANALYZE [USER]: _ZNSt3__116__non_trivial_ifILb1ENS_9allocatorIPKN4Json12PathArgumentEEEEC2B8ne210108Ev
[2m[DEBUG][0m ANALYZE [USER]: _ZNSt3__16vectorIN4Json12PathArgumentENS_9allocatorIS2_EEEC2B8ne210108Ev
[2m[DEBUG][0m ANALYZE [USER]: _ZNSt3__19allocatorIN4Json12PathArgumentEEC1B8ne210108Ev
[2m[DEBUG][0m ANALYZE [USER]: _ZNSt3__19allocatorIN4Json12PathArgumentEEC2B8ne210108Ev
[2m[DEBUG][0m ANALYZE [USER]: _ZNSt3__116__non_trivial_ifILb1ENS_9allocatorIN4Json12PathArgumentEEEEC2B8ne210108Ev
[2m[DEBUG][0m NOISE-SKIP [COMPILER_GEN]: _ZN4Json4PathC1ERKNSt3__112basic_stringIcNS1_11char_traitsIcEENS1_9allocatorIcEEEERKNS_12PathArgumentESC_SC_SC_SC_
[2m[DEBUG][0m ANALYZE [USER]: _ZNK4Json4Path7resolveERKNS_5ValueE
[2m[DEBUG][0m ANALYZE [USER]: _ZNKSt3__16vectorIN4Json12PathArgumentENS_9allocatorIS2_EEE5beginB8ne210108Ev
[2m[DEBUG][0m ANALYZE [USER]: _ZNKSt3__16vectorIN4Json12PathArgumentENS_9allocatorIS2_EEE3endB8ne210108Ev
[2m[DEBUG][0m ANALYZE [USER]: _ZNSt3__1neB8ne210108IPKN4Json12PathArgumentEEEbRKNS_11__wrap_iterIT_EES9_
[2m[DEBUG][0m ANALYZE [USER]: _ZNKSt3__111__wrap_iterIPKN4Json12PathArgumentEEdeB8ne210108Ev
[2m[DEBUG][0m ANALYZE [USER]: _ZNSt3__111__wrap_iterIPKN4Json12PathArgumentEEppB8ne210108Ev
[2m[DEBUG][0m ANALYZE [USER]: _ZNSt3__1eqB8ne210108IPKN4Json12PathArgumentEEEbRKNS_11__wrap_iterIT_EES9_
[2m[DEBUG][0m ANALYZE [USER]: _ZNKSt3__111__wrap_iterIPKN4Json12PathArgumentEE4baseB8ne210108Ev
[2m[DEBUG][0m ANALYZE [USER]: _ZNSt3__16vectorIN4Json12PathArgumentENS_9allocatorIS2_EEE26__add_alignment_assumptionB8ne210108IPS2_TnNS_9enable_ifIXsr10is_pointerIT_EE5valueEiE4typeELi0EEES7_S9_
[2m[DEBUG][0m ANALYZE [USER]: _ZNKSt3__16vectorIN4Json12PathArgumentENS_9allocatorIS2_EEE11__make_iterB8ne210108EPKS2_
[2m[DEBUG][0m ANALYZE [USER]: _ZNSt3__111__wrap_iterIPKN4Json12PathArgumentEEC1B8ne210108ES4_
[2m[DEBUG][0m ANALYZE [USER]: _ZNSt3__111__wrap_iterIPKN4Json12PathArgumentEEC2B8ne210108ES4_
[2m[DEBUG][0m ANALYZE [USER]: _ZNK4Json4Path7resolveERKNS_5ValueES3_
[2m[DEBUG][0m ANALYZE [USER]: _ZNK4Json4Path4makeERNS_5ValueE
[2m[DEBUG][0m ANALYZE [USER]: _ZN4Json10FastWriterD1Ev
[2m[DEBUG][0m ANALYZE [USER]: _ZN4Json10FastWriterD0Ev
[2m[DEBUG][0m ANALYZE [USER]: _ZN4Json10FastWriter5writeERKNS_5ValueE
[2m[DEBUG][0m ANALYZE [USER]: _ZN4Json10FastWriter10writeValueERKNS_5ValueE
[2m[DEBUG][0m NOISE-SKIP [COMPILER_GEN]: _ZNSt3__112basic_stringIcNS_11char_traitsIcEENS_9allocatorIcEEEpLB8ne210108EPKc
[2m[DEBUG][0m ANALYZE [USER]: _ZN4Json13valueToStringEx
[2m[DEBUG][0m ANALYZE [USER]: _ZN4Json13valueToStringEy
[2m[DEBUG][0m ANALYZE [USER]: _ZN4Json13valueToStringEdjNS_13PrecisionTypeE
[2m[DEBUG][0m ANALYZE [USER]: _ZN4JsonL20valueToQuotedStringNEPKcmb
[2m[DEBUG][0m ANALYZE [USER]: _ZN4Json13valueToStringEb
[2m[DEBUG][0m NOISE-SKIP [COMPILER_GEN]: _ZNSt3__16vectorINS_12basic_stringIcNS_11char_traitsIcEENS_9allocatorIcEEEENS4_IS6_EEE5beginB8ne210108Ev
[2m[DEBUG][0m NOISE-SKIP [COMPILER_GEN]: _ZNSt3__16vectorINS_12basic_stringIcNS_11char_traitsIcEENS_9allocatorIcEEEENS4_IS6_EEE3endB8ne210108Ev
[2m[DEBUG][0m NOISE-SKIP [COMPILER_GEN]: _ZNSt3__1neB8ne210108IPNS_12basic_stringIcNS_11char_traitsIcEENS_9allocatorIcEEEEEEbRKNS_11__wrap_iterIT_EESC_
[2m[DEBUG][0m NOISE-SKIP [COMPILER_GEN]: _ZNKSt3__111__wrap_iterIPNS_12basic_stringIcNS_11char_traitsIcEENS_9allocatorIcEEEEEdeB8ne210108Ev
[2m[DEBUG][0m NOISE-SKIP [COMPILER_GEN]: _ZNSt3__111__wrap_iterIPNS_12basic_stringIcNS_11char_traitsIcEENS_9allocatorIcEEEEEppB8ne210108Ev
[2m[DEBUG][0m NOISE-SKIP [COMPILER_GEN]: _ZNSt3__1eqB8ne210108IPNS_12basic_stringIcNS_11char_traitsIcEENS_9allocatorIcEEEEEEbRKNS_11__wrap_iterIT_EESC_
[2m[DEBUG][0m NOISE-SKIP [COMPILER_GEN]: _ZNKSt3__111__wrap_iterIPNS_12basic_stringIcNS_11char_traitsIcEENS_9allocatorIcEEEEE4baseB8ne210108Ev
[2m[DEBUG][0m NOISE-SKIP [COMPILER_GEN]: _ZNSt3__16vectorINS_12basic_stringIcNS_11char_traitsIcEENS_9allocatorIcEEEENS4_IS6_EEE26__add_alignment_assumptionB8ne210108IPS6_TnNS_9enable_ifIXsr10is_pointerIT_EE5valueEiE4typeELi0EEESA_SC_
[2m[DEBUG][0m NOISE-SKIP [COMPILER_GEN]: _ZNSt3__16vectorINS_12basic_stringIcNS_11char_traitsIcEENS_9allocatorIcEEEENS4_IS6_EEE11__make_iterB8ne210108EPS6_
[2m[DEBUG][0m NOISE-SKIP [COMPILER_GEN]: _ZNSt3__111__wrap_iterIPNS_12basic_stringIcNS_11char_traitsIcEENS_9allocatorIcEEEEEC1B8ne210108ES7_
[2m[DEBUG][0m NOISE-SKIP [COMPILER_GEN]: _ZNSt3__111__wrap_iterIPNS_12basic_stringIcNS_11char_traitsIcEENS_9allocatorIcEEEEEC2B8ne210108ES7_
[2m[DEBUG][0m ANALYZE [USER]: _ZN4JsonL26doesAnyCharRequireEscapingEPKcm
[2m[DEBUG][0m NOISE-SKIP [COMPILER_GEN]: _ZN4JsonL9appendHexERNSt3__112basic_stringIcNS0_11char_traitsIcEENS0_9allocatorIcEEEEj
[2m[DEBUG][0m NOISE-SKIP [COMPILER_GEN]: _ZN4JsonL9appendRawERNSt3__112basic_stringIcNS0_11char_traitsIcEENS0_9allocatorIcEEEEj
[2m[DEBUG][0m ANALYZE [USER]: _ZN4JsonL15utf8ToCodepointERPKcS1_
[2m[DEBUG][0m ANALYZE [USER]: _ZN4JsonL10toHex16BitEj
[2m[DEBUG][0m ANALYZE [USER]: _ZNSt3__16any_ofB8ne210108IPKcZN4JsonL26doesAnyCharRequireEscapingES2_mE3$_0EEbT_S5_T0_
[2m[DEBUG][0m ANALYZE [USER]: _ZNSt3__18__any_ofB8ne210108IPKcS2_NS_10__identityEZN4JsonL26doesAnyCharRequireEscapingES2_mE3$_0EEbT_T0_RT2_RT1_
[2m[DEBUG][0m ANALYZE [USER]: _ZNSt3__18__invokeB8ne210108IJRZN4JsonL26doesAnyCharRequireEscapingEPKcmE3$_0RS2_EEENS_20__invoke_result_implIvJDpT_EE4typeEDpOS8_
[2m[DEBUG][0m ANALYZE [USER]: _ZZN4JsonL26doesAnyCharRequireEscapingEPKcmENK3$_0clEh
[2m[DEBUG][0m ANALYZE [USER]: _ZN4Json12_GLOBAL__N_113valueToStringEdbjNS_13PrecisionTypeE
[31m[ERROR][0m [MEDIUM] FFI RISK: Json::_GLOBAL__N_1 -> snprintf
[31m[ERROR][0m   Location: /tmp/jsoncpp-1.9.5/src/lib_json/json_writer.cpp:141:15
[31m[ERROR][0m   Kind: format_string
[31m[ERROR][0m   Detail: Print formatted - format string vulnerability if user-controlled
[2m[DEBUG][0m ANALYZE [USER]: _ZNSt3__16__math8isfiniteB8ne210108Ed
[2m[DEBUG][0m ANALYZE [USER]: _ZNSt3__16__math5isnanB8ne210108EUa9enable_ifILb1EEd
[2m[DEBUG][0m NOISE-SKIP [COMPILER_GEN]: _ZNSt3__112basic_stringIcNS_11char_traitsIcEENS_9allocatorIcEEE5beginB8ne210108Ev
[2m[DEBUG][0m ANALYZE [USER]: _ZNKSt3__111__wrap_iterIPcEdeB8ne210108Ev
[2m[DEBUG][0m NOISE-SKIP [COMPILER_GEN]: _ZNSt3__112basic_stringIcNS_11char_traitsIcEENS_9allocatorIcEEE3endB8ne210108Ev
[2m[DEBUG][0m ANALYZE [USER]: _ZN4Json16fixNumericLocaleINSt3__111__wrap_iterIPcEEEET_S5_S5_
[2m[DEBUG][0m ANALYZE [USER]: _ZNSt3__111__wrap_iterIPKcEC1B8ne210108IPcTnNS_9enable_ifIXsr4_AndINS_14is_convertibleIRKT_S2_EENS_7_OrImplIXaantcvbsr7is_sameIRS1_NS_15iterator_traitsIS8_E9referenceEEE5valuenesZT1_Li0EEE7_ResultINS_7is_sameISD_SG_EENSJ_ISD_RKu20__remove_reference_tISG_EEEEEEE5valueEiE4typeELi0EEERKNS0_IS8_EE
[2m[DEBUG][0m NOISE-SKIP [COMPILER_GEN]: _ZNSt3__112basic_stringIcNS_11char_traitsIcEENS_9allocatorIcEEE5eraseB8ne210108ENS_11__wrap_iterIPKcEES9_
[2m[DEBUG][0m ANALYZE [USER]: _ZN4Json16fixZerosInTheEndINSt3__111__wrap_iterIPcEEEET_S5_S5_j
[2m[DEBUG][0m ANALYZE [USER]: _ZNSt3__1neB8ne210108IPcEEbRKNS_11__wrap_iterIT_EES6_
[2m[DEBUG][0m ANALYZE [USER]: _ZNKSt3__111__wrap_iterIPcEmiB8ne210108El
[2m[DEBUG][0m ANALYZE [USER]: _ZNSt3__111__wrap_iterIPcEmmB8ne210108Ev
[2m[DEBUG][0m ANALYZE [USER]: _ZNKSt3__111__wrap_iterIPcEplB8ne210108El
[2m[DEBUG][0m ANALYZE [USER]: _ZNSt3__111__wrap_iterIPcEpLB8ne210108El
[2m[DEBUG][0m ANALYZE [USER]: _ZNSt3__1eqB8ne210108IPcEEbRKNS_11__wrap_iterIT_EES6_
[2m[DEBUG][0m ANALYZE [USER]: _ZNKSt3__111__wrap_iterIPcE4baseB8ne210108Ev
[2m[DEBUG][0m ANALYZE [USER]: _ZNSt3__1miB8ne210108IPKcPcEEDTmicldtfp_4baseEcldtfp0_4baseEERKNS_11__wrap_iterIT_EERKNS5_IT0_EE
[2m[DEBUG][0m ANALYZE [USER]: _ZNSt3__111__wrap_iterIPKcEC2B8ne210108IPcTnNS_9enable_ifIXsr4_AndINS_14is_convertibleIRKT_S2_EENS_7_OrImplIXaantcvbsr7is_sameIRS1_NS_15iterator_traitsIS8_E9referenceEEE5valuenesZT1_Li0EEE7_ResultINS_7is_sameISD_SG_EENSJ_ISD_RKu20__remove_reference_tISG_EEEEEEE5valueEiE4typeELi0EEERKNS0_IS8_EE
[2m[DEBUG][0m ANALYZE [USER]: _ZNSt3__111__wrap_iterIPcEppB8ne210108Ev
[2m[DEBUG][0m NOISE-SKIP [COMPILER_GEN]: _ZNSt3__112basic_stringIcNS_11char_traitsIcEENS_9allocatorIcEEE15__make_iteratorB8ne210108EPc
[2m[DEBUG][0m ANALYZE [USER]: _ZNSt3__111__wrap_iterIPcEC1B8ne210108ES1_
[2m[DEBUG][0m ANALYZE [USER]: _ZNSt3__111__wrap_iterIPcEC2B8ne210108ES1_
[2m[DEBUG][0m ANALYZE [USER]: _ZN4JsonL12uintToStringEyRPc
[2m[DEBUG][0m ANALYZE [USER]: _ZN4Json10FastWriterD2Ev
[2m[DEBUG][0m ANALYZE [USER]: _ZN4Json6WriterD2Ev
[2m[DEBUG][0m ANALYZE [USER]: _ZN4Json12StyledWriterD1Ev
[2m[DEBUG][0m ANALYZE [USER]: _ZN4Json12StyledWriterD0Ev
[2m[DEBUG][0m ANALYZE [USER]: _ZN4Json12StyledWriter5writeERKNS_5ValueE
[2m[DEBUG][0m ANALYZE [USER]: _ZN4Json12StyledWriter23writeCommentBeforeValueERKNS_5ValueE
[2m[DEBUG][0m ANALYZE [USER]: _ZN4Json12StyledWriter10writeValueERKNS_5ValueE
[2m[DEBUG][0m ANALYZE [USER]: _ZN4Json12StyledWriter32writeCommentAfterValueOnSameLineERKNS_5ValueE
[2m[DEBUG][0m NOISE-SKIP [COMPILER_GEN]: _ZN4Json12StyledWriter9pushValueERKNSt3__112basic_stringIcNS1_11char_traitsIcEENS1_9allocatorIcEEEE
[2m[DEBUG][0m ANALYZE [USER]: _ZN4Json12StyledWriter15writeArrayValueERKNS_5ValueE
[2m[DEBUG][0m NOISE-SKIP [COMPILER_GEN]: _ZNKSt3__16vectorINS_12basic_stringIcNS_11char_traitsIcEENS_9allocatorIcEEEENS4_IS6_EEE5emptyB8ne210108Ev
[2m[DEBUG][0m NOISE-SKIP [COMPILER_GEN]: _ZN4Json12StyledWriter15writeWithIndentERKNSt3__112basic_stringIcNS1_11char_traitsIcEENS1_9allocatorIcEEEE
[2m[DEBUG][0m ANALYZE [USER]: _ZN4Json12StyledWriter6indentEv
[2m[DEBUG][0m ANALYZE [USER]: _ZN4Json19valueToQuotedStringEPKc
[2m[DEBUG][0m ANALYZE [USER]: _ZN4Json12StyledWriter8unindentEv
[2m[DEBUG][0m ANALYZE [USER]: _ZN4Json12StyledWriter11writeIndentEv
[2m[DEBUG][0m ANALYZE [USER]: _ZN4Json12StyledWriter16isMultilineArrayERKNS_5ValueE
[2m[DEBUG][0m NOISE-SKIP [COMPILER_GEN]: _ZNSt3__16vectorINS_12basic_stringIcNS_11char_traitsIcEENS_9allocatorIcEEEENS4_IS6_EEEixB8ne210108Em
[2m[DEBUG][0m ANALYZE [USER]: _ZN4Json12StyledWriter18hasCommentForValueERKNS_5ValueE
[2m[DEBUG][0m NOISE-SKIP [COMPILER_GEN]: _ZNSt3__16vectorINS_12basic_stringIcNS_11char_traitsIcEENS_9allocatorIcEEEENS4_IS6_EEE9push_backB8ne210108ERKS6_
[2m[DEBUG][0m NOISE-SKIP [COMPILER_GEN]: _ZNSt3__16vectorINS_12basic_stringIcNS_11char_traitsIcEENS_9allocatorIcEEEENS4_IS6_EEE12emplace_backIJRKS6_EEEvDpOT_
[2m[DEBUG][0m NOISE-SKIP [COMPILER_GEN]: _ZNSt3__16vectorINS_12basic_stringIcNS_11char_traitsIcEENS_9allocatorIcEEEENS4_IS6_EEE30__emplace_back_assume_capacityB8ne210108IJRKS6_EEEvDpOT_
[2m[DEBUG][0m NOISE-SKIP [COMPILER_GEN]: _ZNSt3__16vectorINS_12basic_stringIcNS_11char_traitsIcEENS_9allocatorIcEEEENS4_IS6_EEE24__emplace_back_slow_pathIJRKS6_EEEPS6_DpOT_
[2m[DEBUG][0m NOISE-SKIP [COMPILER_GEN]: _ZNSt3__116allocator_traitsINS_9allocatorINS_12basic_stringIcNS_11char_traitsIcEENS1_IcEEEEEEE9constructB8ne210108IS6_JRKS6_ETnNS_9enable_ifIX17__has_construct_vIS7_PT_DpT0_EEiE4typeELi0EEEvRS7_SE_DpOSF_
[2m[DEBUG][0m NOISE-SKIP [COMPILER_GEN]: _ZNSt3__19allocatorINS_12basic_stringIcNS_11char_traitsIcEENS0_IcEEEEE9constructB8ne210108IS5_JRKS5_EEEvPT_DpOT0_
[2m[DEBUG][0m ANALYZE [USER]: _ZNKSt3__111__wrap_iterIPKcEplB8ne210108El
[2m[DEBUG][0m ANALYZE [USER]: _ZNSt3__111__wrap_iterIPKcEpLB8ne210108El
[2m[DEBUG][0m ANALYZE [USER]: _ZN4Json12StyledWriterD2Ev
[2m[DEBUG][0m ANALYZE [USER]: _ZN4Json23BuiltStyledStreamWriterD1Ev
[2m[DEBUG][0m ANALYZE [USER]: _ZN4Json23BuiltStyledStreamWriterD0Ev
[2m[DEBUG][0m ANALYZE [USER]: _ZN4Json23BuiltStyledStreamWriter5writeERKNS_5ValueEPNSt3__113basic_ostreamIcNS4_11char_traitsIcEEEE
[2m[DEBUG][0m ANALYZE [USER]: _ZN4Json23BuiltStyledStreamWriter23writeCommentBeforeValueERKNS_5ValueE
[2m[DEBUG][0m ANALYZE [USER]: _ZN4Json23BuiltStyledStreamWriter11writeIndentEv
[2m[DEBUG][0m ANALYZE [USER]: _ZN4Json23BuiltStyledStreamWriter10writeValueERKNS_5ValueE
[2m[DEBUG][0m ANALYZE [USER]: _ZN4Json23BuiltStyledStreamWriter32writeCommentAfterValueOnSameLineERKNS_5ValueE
[2m[DEBUG][0m NOISE-SKIP [COMPILER_GEN]: _ZNSt3__1lsB8ne210108IcNS_11char_traitsIcEENS_9allocatorIcEEEERNS_13basic_ostreamIT_T0_EES9_RKNS_12basic_stringIS6_S7_T1_EE
[2m[DEBUG][0m NOISE-SKIP [COMPILER_GEN]: _ZN4Json23BuiltStyledStreamWriter9pushValueERKNSt3__112basic_stringIcNS1_11char_traitsIcEENS1_9allocatorIcEEEE
[2m[DEBUG][0m ANALYZE [USER]: _ZN4Json23BuiltStyledStreamWriter15writeArrayValueERKNS_5ValueE
[2m[DEBUG][0m NOISE-SKIP [COMPILER_GEN]: _ZN4Json23BuiltStyledStreamWriter15writeWithIndentERKNSt3__112basic_stringIcNS1_11char_traitsIcEENS1_9allocatorIcEEEE
[2m[DEBUG][0m ANALYZE [USER]: _ZN4Json23BuiltStyledStreamWriter6indentEv
[2m[DEBUG][0m ANALYZE [USER]: _ZN4Json23BuiltStyledStreamWriter8unindentEv
[2m[DEBUG][0m ANALYZE [USER]: _ZN4Json23BuiltStyledStreamWriter16isMultilineArrayERKNS_5ValueE
[2m[DEBUG][0m ANALYZE [USER]: _ZN4Json23BuiltStyledStreamWriter18hasCommentForValueERKNS_5ValueE
[2m[DEBUG][0m ANALYZE [USER]: _ZNSt3__1lsB8ne210108INS_11char_traitsIcEEEERNS_13basic_ostreamIcT_EES6_c
[2m[DEBUG][0m ANALYZE [USER]: _ZN4Json23BuiltStyledStreamWriterD2Ev
[2m[DEBUG][0m ANALYZE [USER]: _ZN4Json12StreamWriterD2Ev
[2m[DEBUG][0m ANALYZE [USER]: _ZN4Json12StreamWriterD1Ev
[2m[DEBUG][0m ANALYZE [USER]: _ZN4Json12StreamWriterD0Ev
[2m[DEBUG][0m ANALYZE [USER]: _ZN4Json19StreamWriterBuilderD1Ev
[2m[DEBUG][0m ANALYZE [USER]: _ZN4Json19StreamWriterBuilderD0Ev
[2m[DEBUG][0m ANALYZE [USER]: _ZNK4Json19StreamWriterBuilder15newStreamWriterEv
[2m[DEBUG][0m NOISE-SKIP [COMPILER_GEN]: _ZNSt3__1eqB8ne210108IcNS_11char_traitsIcEENS_9allocatorIcEEEEbRKNS_12basic_stringIT_T0_T1_EEPKS6_
[2m[DEBUG][0m NOISE-SKIP [COMPILER_GEN]: _ZNSt3__112basic_stringIcNS_11char_traitsIcEENS_9allocatorIcEEEaSB8ne210108EPKc
[2m[DEBUG][0m NOISE-SKIP [COMPILER_GEN]: _ZN4Json23BuiltStyledStreamWriterC1ENSt3__112basic_stringIcNS1_11char_traitsIcEENS1_9allocatorIcEEEENS_12CommentStyle4EnumES7_S7_S7_bbjNS_13PrecisionTypeE
[2m[DEBUG][0m NOISE-SKIP [COMPILER_GEN]: _ZN4Json23BuiltStyledStreamWriterC2ENSt3__112basic_stringIcNS1_11char_traitsIcEENS1_9allocatorIcEEEENS_12CommentStyle4EnumES7_S7_S7_bbjNS_13PrecisionTypeE
[2m[DEBUG][0m ANALYZE [USER]: _ZN4Json12StreamWriterC2Ev
[2m[DEBUG][0m ANALYZE [USER]: _ZN4Json19StreamWriterBuilderD2Ev
[2m[DEBUG][0m ANALYZE [USER]: _ZN4Json12StreamWriter7FactoryD2Ev
[2m[DEBUG][0m ANALYZE [USER]: _ZN4Json6WriterD1Ev
[2m[DEBUG][0m ANALYZE [USER]: _ZN4Json6WriterD0Ev
[2m[DEBUG][0m ANALYZE [USER]: _ZN4Json12StreamWriter7FactoryD1Ev
[2m[DEBUG][0m ANALYZE [USER]: _ZN4Json12StreamWriter7FactoryD0Ev
[2m[DEBUG][0m ANALYZE [USER]: _ZN4Json13valueToStringEi
[2m[DEBUG][0m ANALYZE [USER]: _ZN4Json13valueToStringEj
[2m[DEBUG][0m ANALYZE [USER]: _ZN4Json10FastWriterC2Ev
[2m[DEBUG][0m ANALYZE [USER]: _ZN4Json6WriterC2Ev
[2m[DEBUG][0m ANALYZE [USER]: _ZN4Json10FastWriterC1Ev
[2m[DEBUG][0m ANALYZE [USER]: _ZN4Json10FastWriter23enableYAMLCompatibilityEv
[2m[DEBUG][0m ANALYZE [USER]: _ZN4Json10FastWriter20dropNullPlaceholdersEv
[2m[DEBUG][0m ANALYZE [USER]: _ZN4Json10FastWriter18omitEndingLineFeedEv
[2m[DEBUG][0m ANALYZE [USER]: _ZN4Json12StyledWriterC2Ev
[2m[DEBUG][0m ANALYZE [USER]: _ZN4Json12StyledWriterC1Ev
[2m[DEBUG][0m NOISE-SKIP [COMPILER_GEN]: _ZN4Json18StyledStreamWriterC2ENSt3__112basic_stringIcNS1_11char_traitsIcEENS1_9allocatorIcEEEE
[2m[DEBUG][0m NOISE-SKIP [COMPILER_GEN]: _ZN4Json18StyledStreamWriterC1ENSt3__112basic_stringIcNS1_11char_traitsIcEENS1_9allocatorIcEEEE
[2m[DEBUG][0m ANALYZE [USER]: _ZN4Json18StyledStreamWriter5writeERNSt3__113basic_ostreamIcNS1_11char_traitsIcEEEERKNS_5ValueE
[2m[DEBUG][0m ANALYZE [USER]: _ZN4Json18StyledStreamWriter23writeCommentBeforeValueERKNS_5ValueE
[2m[DEBUG][0m ANALYZE [USER]: _ZN4Json18StyledStreamWriter11writeIndentEv
[2m[DEBUG][0m ANALYZE [USER]: _ZN4Json18StyledStreamWriter10writeValueERKNS_5ValueE
[2m[DEBUG][0m ANALYZE [USER]: _ZN4Json18StyledStreamWriter32writeCommentAfterValueOnSameLineERKNS_5ValueE
[2m[DEBUG][0m NOISE-SKIP [COMPILER_GEN]: _ZN4Json18StyledStreamWriter9pushValueERKNSt3__112basic_stringIcNS1_11char_traitsIcEENS1_9allocatorIcEEEE
[2m[DEBUG][0m ANALYZE [USER]: _ZN4Json18StyledStreamWriter15writeArrayValueERKNS_5ValueE
[2m[DEBUG][0m NOISE-SKIP [COMPILER_GEN]: _ZN4Json18StyledStreamWriter15writeWithIndentERKNSt3__112basic_stringIcNS1_11char_traitsIcEENS1_9allocatorIcEEEE
[2m[DEBUG][0m ANALYZE [USER]: _ZN4Json18StyledStreamWriter6indentEv
[2m[DEBUG][0m ANALYZE [USER]: _ZN4Json18StyledStreamWriter8unindentEv
[2m[DEBUG][0m ANALYZE [USER]: _ZN4Json18StyledStreamWriter16isMultilineArrayERKNS_5ValueE
[2m[DEBUG][0m ANALYZE [USER]: _ZN4Json18StyledStreamWriter18hasCommentForValueERKNS_5ValueE
[2m[DEBUG][0m ANALYZE [USER]: _ZN4Json19StreamWriterBuilderC2Ev
[2m[DEBUG][0m ANALYZE [USER]: _ZN4Json12StreamWriter7FactoryC2Ev
[2m[DEBUG][0m ANALYZE [USER]: _ZN4Json19StreamWriterBuilder11setDefaultsEPNS_5ValueE
[2m[DEBUG][0m ANALYZE [USER]: _ZN4Json19StreamWriterBuilderC1Ev
[2m[DEBUG][0m ANALYZE [USER]: _ZNK4Json19StreamWriterBuilder8validateEPNS_5ValueE
[2m[DEBUG][0m NOISE-SKIP [COMPILER_GEN]: _ZN4Json19StreamWriterBuilderixERKNSt3__112basic_stringIcNS1_11char_traitsIcEENS1_9allocatorIcEEEE
[2m[DEBUG][0m ANALYZE [USER]: _ZN4Json11writeStringERKNS_12StreamWriter7FactoryERKNS_5ValueE
[2m[DEBUG][0m ANALYZE [USER]: _ZNSt3__110unique_ptrIN4Json12StreamWriterENS_14default_deleteIS2_EEEC1B8ne210108ILb1EvEEPS2_
[2m[DEBUG][0m ANALYZE [USER]: _ZNKSt3__110unique_ptrIN4Json12StreamWriterENS_14default_deleteIS2_EEEptB8ne210108Ev
[2m[DEBUG][0m ANALYZE [USER]: _ZNSt3__110unique_ptrIN4Json12StreamWriterENS_14default_deleteIS2_EEED1B8ne210108Ev
[2m[DEBUG][0m ANALYZE [USER]: _ZNSt3__110unique_ptrIN4Json12StreamWriterENS_14default_deleteIS2_EEED2B8ne210108Ev
[2m[DEBUG][0m ANALYZE [USER]: _ZNSt3__110unique_ptrIN4Json12StreamWriterENS_14default_deleteIS2_EEE5resetB8ne210108EPS2_
[2m[DEBUG][0m ANALYZE [USER]: _ZNKSt3__114default_deleteIN4Json12StreamWriterEEclB8ne210108EPS2_
[2m[DEBUG][0m ANALYZE [USER]: _ZNSt3__110unique_ptrIN4Json12StreamWriterENS_14default_deleteIS2_EEEC2B8ne210108ILb1EvEEPS2_
[2m[DEBUG][0m ANALYZE [USER]: _ZN4JsonlsERNSt3__113basic_ostreamIcNS0_11char_traitsIcEEEERKNS_5ValueE
[32m[INFO][0m FFI Analysis Summary:
[32m[INFO][0m   Functions analyzed: 2070
[32m[INFO][0m   FFI Boundaries: 646
[32m[INFO][0m     - Cross-language: 3
[32m[INFO][0m     - External unknown: 249
[32m[INFO][0m     - LibC calls: 15
[31m[ERROR][0m   Dangerous calls: 7
[32m[INFO][0m   Semantic Registry: 267 functions known
[33m[WARN][0m [RETURN-STACK] stack alloca returned from _ZN4Json17CharReaderBuilderD1Ev
[33m[WARN][0m [RETURN-STACK] stack alloca returned from _ZN4Json10CharReaderC2Ev
[33m[WARN][0m [RETURN-STACK] stack alloca returned from _ZN4Json13OurCharReaderD1Ev
[2m[DEBUG][0m [SUPPRESSED] C API output parameter pattern: _ZN4Json9OurReader5parseEPKcS2_RNS_5ValueEb returns non-pointer (likely using output params)
[2m[DEBUG][0m [SUPPRESSED] C API output parameter pattern: _ZN4Json9OurReader9readValueEv returns non-pointer (likely using output params)
[33m[WARN][0m [RETURN-STACK] stack alloca returned from _ZN4Json9OurReader9ErrorInfoC1Ev
[33m[WARN][0m [RETURN-STACK] stack alloca returned from _ZN4Json9OurReader9ErrorInfoD1Ev
[33m[WARN][0m [RETURN-STACK] stack alloca returned from _ZN4Json9OurReader9ErrorInfoD2Ev
[33m[WARN][0m [RETURN-STACK] stack alloca returned from _ZN4Json9OurReader9ErrorInfoC1ERKS1_
[33m[WARN][0m [RETURN-STACK] stack alloca returned from _ZN4Json9OurReader9ErrorInfoC2ERKS1_
[33m[WARN][0m [RETURN-STACK] stack alloca returned from _ZN4Json9OurReader9ErrorInfoC2Ev
[2m[DEBUG][0m [SUPPRESSED] C API output parameter pattern: _ZN4Json9OurReader9readTokenERNS0_5TokenE returns non-pointer (likely using output params)
[2m[DEBUG][0m [SUPPRESSED] C API output parameter pattern: _ZN4Json9OurReader11getNextCharEv returns non-pointer (likely using output params)
[2m[DEBUG][0m [SUPPRESSED] C API output parameter pattern: _ZN4Json9OurReader10readStringEv returns non-pointer (likely using output params)
[2m[DEBUG][0m [SUPPRESSED] C API output parameter pattern: _ZN4Json9OurReader21readStringSingleQuoteEv returns non-pointer (likely using output params)
[2m[DEBUG][0m [SUPPRESSED] C API output parameter pattern: _ZN4Json9OurReader11readCommentEv returns non-pointer (likely using output params)
[2m[DEBUG][0m [SUPPRESSED] C API output parameter pattern: _ZN4Json9OurReader10readNumberEb returns non-pointer (likely using output params)
[2m[DEBUG][0m [SUPPRESSED] C API output parameter pattern: _ZN4Json9OurReader5matchEPKci returns non-pointer (likely using output params)
[2m[DEBUG][0m [SUPPRESSED] C API output parameter pattern: _ZN4Json9OurReader17readCStyleCommentEPb returns non-pointer (likely using output params)
[2m[DEBUG][0m [SUPPRESSED] C API output parameter pattern: _ZN4Json9OurReader19readCppStyleCommentEv returns non-pointer (likely using output params)
[2m[DEBUG][0m [SUPPRESSED] C API output parameter pattern: _ZN4Json9OurReader15containsNewLineEPKcS2_ returns non-pointer (likely using output params)
[2m[DEBUG][0m [SUPPRESSED] C API output parameter pattern: _ZZN4Json9OurReader15containsNewLineEPKcS2_ENK3$_0clEc returns non-pointer (likely using output params)
[2m[DEBUG][0m [SUPPRESSED] C API output parameter pattern: _ZN4Json9OurReader10readObjectERNS0_5TokenE returns non-pointer (likely using output params)
[2m[DEBUG][0m [SUPPRESSED] C API output parameter pattern: _ZN4Json9OurReader9readArrayERNS0_5TokenE returns non-pointer (likely using output params)
[2m[DEBUG][0m [SUPPRESSED] C API output parameter pattern: _ZN4Json9OurReader12decodeNumberERNS0_5TokenE returns non-pointer (likely using output params)
[2m[DEBUG][0m [SUPPRESSED] C API output parameter pattern: _ZN4Json9OurReader12decodeStringERNS0_5TokenE returns non-pointer (likely using output params)
[2m[DEBUG][0m [SUPPRESSED] C API output parameter pattern: _ZN4Json9OurReader22decodeUnicodeCodePointERNS0_5TokenERPKcS4_Rj returns non-pointer (likely using output params)
[2m[DEBUG][0m [SUPPRESSED] C API output parameter pattern: _ZN4Json9OurReader27decodeUnicodeEscapeSequenceERNS0_5TokenERPKcS4_Rj returns non-pointer (likely using output params)
[2m[DEBUG][0m [SUPPRESSED] C API output parameter pattern: _ZN4Json9OurReader12decodeNumberERNS0_5TokenERNS_5ValueE returns non-pointer (likely using output params)
[2m[DEBUG][0m [SUPPRESSED] C API output parameter pattern: _ZN4Json9OurReader12decodeDoubleERNS0_5TokenERNS_5ValueE returns non-pointer (likely using output params)
[2m[DEBUG][0m [SUPPRESSED] C API output parameter pattern: _ZN4Json9OurReader16recoverFromErrorENS0_9TokenTypeE returns non-pointer (likely using output params)
[33m[WARN][0m [RETURN-STACK] stack alloca returned from _ZN4Json13OurCharReaderD2Ev
[33m[WARN][0m [RETURN-STACK] stack alloca returned from _ZN4Json9OurReaderD1Ev
[33m[WARN][0m [RETURN-STACK] stack alloca returned from _ZN4Json10CharReaderD2Ev
[33m[WARN][0m [RETURN-STACK] stack alloca returned from _ZN4Json9OurReaderD2Ev
[33m[WARN][0m [RETURN-STACK] stack alloca returned from _ZN4Json17CharReaderBuilderD2Ev
[33m[WARN][0m [RETURN-STACK] stack alloca returned from _ZN4Json10CharReader7FactoryD2Ev
[33m[WARN][0m [RETURN-STACK] stack alloca returned from _ZN4Json8FeaturesC2Ev
[33m[WARN][0m [RETURN-STACK] stack alloca returned from _ZN4Json8FeaturesC1Ev
[2m[DEBUG][0m [SUPPRESSED] C API output parameter pattern: _ZN4Json8Features3allEv returns non-pointer (likely using output params)
[2m[DEBUG][0m [SUPPRESSED] C API output parameter pattern: _ZN4Json8Features10strictModeEv returns non-pointer (likely using output params)
[2m[DEBUG][0m [SUPPRESSED] C API output parameter pattern: _ZN4Json6Reader15containsNewLineEPKcS2_ returns non-pointer (likely using output params)
[2m[DEBUG][0m [SUPPRESSED] C API output parameter pattern: _ZZN4Json6Reader15containsNewLineEPKcS2_ENK3$_0clEc returns non-pointer (likely using output params)
[33m[WARN][0m [RETURN-STACK] stack alloca returned from _ZN4Json6ReaderC2Ev
[33m[WARN][0m [RETURN-STACK] stack alloca returned from _ZN4Json6ReaderC1Ev
[2m[DEBUG][0m [SUPPRESSED] C API output parameter pattern: _ZN4Json6Reader5parseEPKcS2_RNS_5ValueEb returns non-pointer (likely using output params)
[2m[DEBUG][0m [SUPPRESSED] C API output parameter pattern: _ZN4Json6Reader9readValueEv returns non-pointer (likely using output params)
[33m[WARN][0m [RETURN-STACK] stack alloca returned from _ZN4Json6Reader9ErrorInfoC1Ev
[33m[WARN][0m [RETURN-STACK] stack alloca returned from _ZN4Json6Reader9ErrorInfoD1Ev
[33m[WARN][0m [RETURN-STACK] stack alloca returned from _ZN4Json6Reader9ErrorInfoD2Ev
[33m[WARN][0m [RETURN-STACK] stack alloca returned from _ZN4Json6Reader9ErrorInfoC1ERKS1_
[33m[WARN][0m [RETURN-STACK] stack alloca returned from _ZN4Json6Reader9ErrorInfoC2ERKS1_
[33m[WARN][0m [RETURN-STACK] stack alloca returned from _ZN4Json6Reader9ErrorInfoC2Ev
[2m[DEBUG][0m [SUPPRESSED] C API output parameter pattern: _ZN4Json6Reader9readTokenERNS0_5TokenE returns non-pointer (likely using output params)
[2m[DEBUG][0m [SUPPRESSED] C API output parameter pattern: _ZN4Json6Reader11getNextCharEv returns non-pointer (likely using output params)
[2m[DEBUG][0m [SUPPRESSED] C API output parameter pattern: _ZN4Json6Reader10readStringEv returns non-pointer (likely using output params)
[2m[DEBUG][0m [SUPPRESSED] C API output parameter pattern: _ZN4Json6Reader11readCommentEv returns non-pointer (likely using output params)
[2m[DEBUG][0m [SUPPRESSED] C API output parameter pattern: _ZN4Json6Reader5matchEPKci returns non-pointer (likely using output params)
[2m[DEBUG][0m [SUPPRESSED] C API output parameter pattern: _ZN4Json6Reader17readCStyleCommentEv returns non-pointer (likely using output params)
[2m[DEBUG][0m [SUPPRESSED] C API output parameter pattern: _ZN4Json6Reader19readCppStyleCommentEv returns non-pointer (likely using output params)
[2m[DEBUG][0m [SUPPRESSED] C API output parameter pattern: _ZN4Json6Reader10readObjectERNS0_5TokenE returns non-pointer (likely using output params)
[2m[DEBUG][0m [SUPPRESSED] C API output parameter pattern: _ZN4Json6Reader9readArrayERNS0_5TokenE returns non-pointer (likely using output params)
[2m[DEBUG][0m [SUPPRESSED] C API output parameter pattern: _ZN4Json6Reader12decodeNumberERNS0_5TokenE returns non-pointer (likely using output params)
[2m[DEBUG][0m [SUPPRESSED] C API output parameter pattern: _ZN4Json6Reader12decodeStringERNS0_5TokenE returns non-pointer (likely using output params)
[2m[DEBUG][0m [SUPPRESSED] C API output parameter pattern: _ZN4Json6Reader22decodeUnicodeCodePointERNS0_5TokenERPKcS4_Rj returns non-pointer (likely using output params)
[2m[DEBUG][0m [SUPPRESSED] C API output parameter pattern: _ZN4Json6Reader27decodeUnicodeEscapeSequenceERNS0_5TokenERPKcS4_Rj returns non-pointer (likely using output params)
[2m[DEBUG][0m [SUPPRESSED] C API output parameter pattern: _ZN4Json6Reader12decodeNumberERNS0_5TokenERNS_5ValueE returns non-pointer (likely using output params)
[2m[DEBUG][0m [SUPPRESSED] C API output parameter pattern: _ZN4Json6Reader12decodeDoubleERNS0_5TokenERNS_5ValueE returns non-pointer (likely using output params)
[2m[DEBUG][0m [SUPPRESSED] C API output parameter pattern: _ZN4Json6Reader16recoverFromErrorENS0_9TokenTypeE returns non-pointer (likely using output params)
[2m[DEBUG][0m [SUPPRESSED] C API output parameter pattern: _ZN4Json6Reader5parseERNSt3__113basic_istreamIcNS1_11char_traitsIcEEEERNS_5ValueEb returns non-pointer (likely using output params)
[2m[DEBUG][0m [SUPPRESSED] C API output parameter pattern: _ZN4Json6Reader12decodeDoubleERNS0_5TokenE returns non-pointer (likely using output params)
[33m[WARN][0m [RETURN-STACK] stack alloca returned from _ZN4Json6Reader15StructuredErrorC1Ev
[33m[WARN][0m [RETURN-STACK] stack alloca returned from _ZN4Json6Reader15StructuredErrorD1Ev
[33m[WARN][0m [RETURN-STACK] stack alloca returned from _ZN4Json6Reader15StructuredErrorD2Ev
[33m[WARN][0m [RETURN-STACK] stack alloca returned from _ZN4Json6Reader15StructuredErrorC1EOS1_
[33m[WARN][0m [RETURN-STACK] stack alloca returned from _ZN4Json6Reader15StructuredErrorC2EOS1_
[33m[WARN][0m [RETURN-STACK] stack alloca returned from _ZN4Json6Reader15StructuredErrorC1ERKS1_
[33m[WARN][0m [RETURN-STACK] stack alloca returned from _ZN4Json6Reader15StructuredErrorC2ERKS1_
[33m[WARN][0m [RETURN-STACK] stack alloca returned from _ZN4Json6Reader15StructuredErrorC2Ev
[2m[DEBUG][0m [SUPPRESSED] C API output parameter pattern: _ZNK4Json6Reader4goodEv returns non-pointer (likely using output params)
[2m[DEBUG][0m [SUPPRESSED] C API output parameter pattern: _ZN4Json9OurReader12decodeDoubleERNS0_5TokenE returns non-pointer (likely using output params)
[33m[WARN][0m [RETURN-STACK] stack alloca returned from _ZN4Json9OurReader15StructuredErrorC1Ev
[33m[WARN][0m [RETURN-STACK] stack alloca returned from _ZN4Json9OurReader15StructuredErrorD1Ev
[33m[WARN][0m [RETURN-STACK] stack alloca returned from _ZN4Json9OurReader15StructuredErrorD2Ev
[33m[WARN][0m [RETURN-STACK] stack alloca returned from _ZN4Json9OurReader15StructuredErrorC1EOS1_
[33m[WARN][0m [RETURN-STACK] stack alloca returned from _ZN4Json9OurReader15StructuredErrorC2EOS1_
[33m[WARN][0m [RETURN-STACK] stack alloca returned from _ZN4Json9OurReader15StructuredErrorC1ERKS1_
[33m[WARN][0m [RETURN-STACK] stack alloca returned from _ZN4Json9OurReader15StructuredErrorC2ERKS1_
[33m[WARN][0m [RETURN-STACK] stack alloca returned from _ZN4Json9OurReader15StructuredErrorC2Ev
[33m[WARN][0m [RETURN-STACK] stack alloca returned from _ZN4Json17CharReaderBuilderC2Ev
[33m[WARN][0m [RETURN-STACK] stack alloca returned from _ZN4Json10CharReader7FactoryC2Ev
[33m[WARN][0m [RETURN-STACK] stack alloca returned from _ZN4Json17CharReaderBuilderC1Ev
[2m[DEBUG][0m [SUPPRESSED] C API output parameter pattern: _ZNK4Json17CharReaderBuilder8validateEPNS_5ValueE returns non-pointer (likely using output params)
[33m[WARN][0m [RETURN-STACK] stack alloca returned from _ZN4JsonrsERNSt3__113basic_istreamIcNS0_11char_traitsIcEEEERNS_5ValueE
[33m[WARN][0m [RETURN-STACK] stack alloca returned from _ZN4Json9ExceptionD1Ev
[33m[WARN][0m [RETURN-STACK] stack alloca returned from _ZN4Json9ExceptionD2Ev
[33m[WARN][0m [RETURN-STACK] stack alloca returned from _ZN4Json5ValueD1Ev
[33m[WARN][0m [RETURN-STACK] stack alloca returned from _ZN4Json5ValueD2Ev
[33m[WARN][0m [RETURN-STACK] stack alloca returned from _ZN4Json5Value8CommentsD1Ev
[33m[WARN][0m [RETURN-STACK] stack alloca returned from _ZN4Json5Value8CommentsD2Ev
[2m[DEBUG][0m [SUPPRESSED] C API output parameter pattern: _ZNK4Json5Value4typeEv returns non-pointer (likely using output params)
[2m[DEBUG][0m [SUPPRESSED] C API output parameter pattern: _ZNK4Json5Value11isAllocatedEv returns non-pointer (likely using output params)
[33m[WARN][0m [RETURN-STACK] stack alloca returned from _ZN4Json5Value8CZStringD1Ev
[33m[WARN][0m [RETURN-STACK] stack alloca returned from _ZN4Json5Value8CZStringD2Ev
[33m[WARN][0m [RETURN-STACK] stack alloca returned from _ZN4Json5Value8CommentsC1Ev
[33m[WARN][0m [RETURN-STACK] stack alloca returned from _ZN4Json5Value8CommentsaSEOS1_
[33m[WARN][0m [RETURN-STACK] stack alloca returned from _ZN4Json5Value8CommentsC2Ev
[33m[WARN][0m [RETURN-STACK] stack alloca returned from _ZN4Json5Value8CZStringC1ERKS1_
[33m[WARN][0m [RETURN-STACK] stack alloca returned from _ZNK4Json5Value8CZString4dataEv
[2m[DEBUG][0m [SUPPRESSED] C API output parameter pattern: _ZNK4Json5Value8CZString14isStaticStringEv returns non-pointer (likely using output params)
[33m[WARN][0m [RETURN-STACK] stack alloca returned from _ZN4Json12StaticStringC1EPKc
[2m[DEBUG][0m [SUPPRESSED] C API output parameter pattern: _ZNK4Json5Value8CZString6lengthEv returns non-pointer (likely using output params)
[33m[WARN][0m [RETURN-STACK] stack alloca returned from _ZN4Json5ValueC1EPKcS2_
[2m[DEBUG][0m [SUPPRESSED] C API output parameter pattern: _ZNK4Json5Value8CZString5indexEv returns non-pointer (likely using output params)
[33m[WARN][0m [RETURN-STACK] stack alloca returned from _ZN4Json5ValueC1Ej
[33m[WARN][0m [RETURN-STACK] stack alloca returned from _ZN4Json5ValueC2Ej
[33m[WARN][0m [RETURN-STACK] stack alloca returned from _ZN4Json5ValueC2EPKcS2_
[33m[WARN][0m [RETURN-HEAP] heap via malloc() returned from _ZN4JsonL29duplicateAndPrefixStringValueEPKcj - ownership unclear
[33m[WARN][0m [RETURN-STACK] stack alloca returned from _ZN4Json12RuntimeErrorD1Ev
[33m[WARN][0m [RETURN-STACK] stack alloca returned from _ZN4Json12RuntimeErrorD2Ev
[33m[WARN][0m [RETURN-STACK] stack alloca returned from _ZN4Json10LogicErrorD1Ev
[33m[WARN][0m [RETURN-STACK] stack alloca returned from _ZN4Json10LogicErrorD2Ev
[33m[WARN][0m [RETURN-STACK] stack alloca returned from _ZNK4Json12StaticString5c_strEv
[33m[WARN][0m [RETURN-STACK] stack alloca returned from _ZN4Json12StaticStringC2EPKc
[33m[WARN][0m [RETURN-STACK] stack alloca returned from _ZN4Json5Value8CZStringC2ERKS1_
[33m[WARN][0m [RETURN-HEAP] heap via malloc() returned from _ZN4JsonL20duplicateStringValueEPKcm - ownership unclear
[33m[WARN][0m [RETURN-STACK] stack alloca returned from _ZN4Json5Value8CZStringC2Ej
[33m[WARN][0m [RETURN-STACK] stack alloca returned from _ZN4Json5Value8CZStringC1Ej
[33m[WARN][0m [RETURN-STACK] stack alloca returned from _ZN4Json5Value8CZStringC2EOS1_
[33m[WARN][0m [RETURN-STACK] stack alloca returned from _ZN4Json5Value8CZStringC1EOS1_
[33m[WARN][0m [RETURN-STACK] stack alloca returned from _ZN4Json5Value8CZStringaSERKS1_
[33m[WARN][0m [RETURN-STACK] stack alloca returned from _ZN4Json5Value8CZStringaSEOS1_
[2m[DEBUG][0m [SUPPRESSED] C API output parameter pattern: _ZNK4Json5Value8CZStringltERKS1_ returns non-pointer (likely using output params)
[2m[DEBUG][0m [SUPPRESSED] C API output parameter pattern: _ZNK4Json5Value8CZStringeqERKS1_ returns non-pointer (likely using output params)
[33m[WARN][0m [RETURN-STACK] stack alloca returned from _ZN4Json5ValueC2Ei
[33m[WARN][0m [RETURN-STACK] stack alloca returned from _ZN4Json5ValueC1Ei
[33m[WARN][0m [RETURN-STACK] stack alloca returned from _ZN4Json5ValueC2Ex
[33m[WARN][0m [RETURN-STACK] stack alloca returned from _ZN4Json5ValueC1Ex
[33m[WARN][0m [RETURN-STACK] stack alloca returned from _ZN4Json5ValueC2Ey
[33m[WARN][0m [RETURN-STACK] stack alloca returned from _ZN4Json5ValueC1Ey
[33m[WARN][0m [RETURN-STACK] stack alloca returned from _ZN4Json5ValueC2Ed
[33m[WARN][0m [RETURN-STACK] stack alloca returned from _ZN4Json5ValueC1Ed
[33m[WARN][0m [RETURN-STACK] stack alloca returned from _ZN4Json5ValueC2EPKc
[33m[WARN][0m [RETURN-STACK] stack alloca returned from _ZN4Json5ValueC1EPKc
[33m[WARN][0m [RETURN-STACK] stack alloca returned from _ZN4Json5ValueC2Eb
[33m[WARN][0m [RETURN-STACK] stack alloca returned from _ZN4Json5ValueC1Eb
[33m[WARN][0m [RETURN-STACK] stack alloca returned from _ZN4Json5ValueC2ERKS0_
[33m[WARN][0m [RETURN-STACK] stack alloca returned from _ZN4Json5Value8CommentsaSERKS1_
[33m[WARN][0m [RETURN-STACK] stack alloca returned from _ZN4Json5ValueC1ERKS0_
[33m[WARN][0m [RETURN-STACK] stack alloca returned from _ZN4Json5ValueC2EOS0_
[33m[WARN][0m [RETURN-STACK] stack alloca returned from _ZN4Json5Value8CommentsC1EOS1_
[33m[WARN][0m [RETURN-STACK] stack alloca returned from _ZN4Json5Value8CommentsC2EOS1_
[33m[WARN][0m [RETURN-STACK] stack alloca returned from _ZN4Json5ValueC1EOS0_
[33m[WARN][0m [RETURN-STACK] stack alloca returned from _ZN4Json5ValueaSERKS0_
[33m[WARN][0m [RETURN-STACK] stack alloca returned from _ZN4Json5ValueaSEOS0_
[2m[DEBUG][0m [SUPPRESSED] C API output parameter pattern: _ZNK4Json5Value7compareERKS0_ returns non-pointer (likely using output params)
[2m[DEBUG][0m [SUPPRESSED] C API output parameter pattern: _ZNK4Json5ValueltERKS0_ returns non-pointer (likely using output params)
[2m[DEBUG][0m [SUPPRESSED] C API output parameter pattern: _ZNK4Json5ValuegtERKS0_ returns non-pointer (likely using output params)
[2m[DEBUG][0m [SUPPRESSED] C API output parameter pattern: _ZNK4Json5ValueleERKS0_ returns non-pointer (likely using output params)
[2m[DEBUG][0m [SUPPRESSED] C API output parameter pattern: _ZNK4Json5ValuegeERKS0_ returns non-pointer (likely using output params)
[2m[DEBUG][0m [SUPPRESSED] C API output parameter pattern: _ZNK4Json5ValueeqERKS0_ returns non-pointer (likely using output params)
[2m[DEBUG][0m [SUPPRESSED] C API output parameter pattern: _ZNK4Json5ValueneERKS0_ returns non-pointer (likely using output params)
[33m[WARN][0m [RETURN-STACK] stack alloca returned from _ZNK4Json5Value9asCStringEv
[2m[DEBUG][0m [SUPPRESSED] C API output parameter pattern: _ZNK4Json5Value9getStringEPPKcS3_ returns non-pointer (likely using output params)
[2m[DEBUG][0m [SUPPRESSED] C API output parameter pattern: _ZNK4Json5Value5asIntEv returns non-pointer (likely using output params)
[2m[DEBUG][0m [SUPPRESSED] C API output parameter pattern: _ZNK4Json5Value5isIntEv returns non-pointer (likely using output params)
[2m[DEBUG][0m [SUPPRESSED] C API output parameter pattern: _ZN4JsonL7InRangeIiiEEbdT_T0_ returns non-pointer (likely using output params)
[2m[DEBUG][0m [SUPPRESSED] C API output parameter pattern: _ZN4JsonL15integerToDoubleIiEEdT_ returns non-pointer (likely using output params)
[2m[DEBUG][0m [SUPPRESSED] C API output parameter pattern: _ZN4JsonL10IsIntegralEd returns non-pointer (likely using output params)
[2m[DEBUG][0m [SUPPRESSED] C API output parameter pattern: _ZNK4Json5Value6asUIntEv returns non-pointer (likely using output params)
[2m[DEBUG][0m [SUPPRESSED] C API output parameter pattern: _ZNK4Json5Value6isUIntEv returns non-pointer (likely using output params)
[2m[DEBUG][0m [SUPPRESSED] C API output parameter pattern: _ZN4JsonL7InRangeIijEEbdT_T0_ returns non-pointer (likely using output params)
[2m[DEBUG][0m [SUPPRESSED] C API output parameter pattern: _ZN4JsonL15integerToDoubleIjEEdT_ returns non-pointer (likely using output params)
[2m[DEBUG][0m [SUPPRESSED] C API output parameter pattern: _ZNK4Json5Value7asInt64Ev returns non-pointer (likely using output params)
[2m[DEBUG][0m [SUPPRESSED] C API output parameter pattern: _ZNK4Json5Value7isInt64Ev returns non-pointer (likely using output params)
[2m[DEBUG][0m [SUPPRESSED] C API output parameter pattern: _ZN4JsonL7InRangeIxxEEbdT_T0_ returns non-pointer (likely using output params)
[2m[DEBUG][0m [SUPPRESSED] C API output parameter pattern: _ZN4JsonL15integerToDoubleIxEEdT_ returns non-pointer (likely using output params)
[2m[DEBUG][0m [SUPPRESSED] C API output parameter pattern: _ZNK4Json5Value8asUInt64Ev returns non-pointer (likely using output params)
[2m[DEBUG][0m [SUPPRESSED] C API output parameter pattern: _ZNK4Json5Value8isUInt64Ev returns non-pointer (likely using output params)
[2m[DEBUG][0m [SUPPRESSED] C API output parameter pattern: _ZN4JsonL7InRangeIiyEEbdT_T0_ returns non-pointer (likely using output params)
[2m[DEBUG][0m [SUPPRESSED] C API output parameter pattern: _ZN4JsonL15integerToDoubleEy returns non-pointer (likely using output params)
[2m[DEBUG][0m [SUPPRESSED] C API output parameter pattern: _ZNK4Json5Value12asLargestIntEv returns non-pointer (likely using output params)
[2m[DEBUG][0m [SUPPRESSED] C API output parameter pattern: _ZNK4Json5Value13asLargestUIntEv returns non-pointer (likely using output params)
[2m[DEBUG][0m [SUPPRESSED] C API output parameter pattern: _ZNK4Json5Value8asDoubleEv returns non-pointer (likely using output params)
[2m[DEBUG][0m [SUPPRESSED] C API output parameter pattern: _ZNK4Json5Value7asFloatEv returns non-pointer (likely using output params)
[2m[DEBUG][0m [SUPPRESSED] C API output parameter pattern: _ZNK4Json5Value6asBoolEv returns non-pointer (likely using output params)
[2m[DEBUG][0m [SUPPRESSED] C API output parameter pattern: _ZNK4Json5Value15isConvertibleToENS_9ValueTypeE returns non-pointer (likely using output params)
[2m[DEBUG][0m [SUPPRESSED] C API output parameter pattern: _ZNK4Json5Value9isNumericEv returns non-pointer (likely using output params)
[2m[DEBUG][0m [SUPPRESSED] C API output parameter pattern: _ZNK4Json5Value8isDoubleEv returns non-pointer (likely using output params)
[2m[DEBUG][0m [SUPPRESSED] C API output parameter pattern: _ZNK4Json5Value4sizeEv returns non-pointer (likely using output params)
[2m[DEBUG][0m [SUPPRESSED] C API output parameter pattern: _ZNK4Json5Value5emptyEv returns non-pointer (likely using output params)
[2m[DEBUG][0m [SUPPRESSED] C API output parameter pattern: _ZNK4Json5Value6isNullEv returns non-pointer (likely using output params)
[2m[DEBUG][0m [SUPPRESSED] C API output parameter pattern: _ZNK4Json5Value7isArrayEv returns non-pointer (likely using output params)
[2m[DEBUG][0m [SUPPRESSED] C API output parameter pattern: _ZNK4Json5Value8isObjectEv returns non-pointer (likely using output params)
[2m[DEBUG][0m [SUPPRESSED] C API output parameter pattern: _ZNK4Json5ValuecvbEv returns non-pointer (likely using output params)
[33m[WARN][0m [RETURN-STACK] stack alloca returned from _ZN4Json5ValueixEj
[33m[WARN][0m [RETURN-STACK] stack alloca returned from _ZNK4Json5ValueixEj
[33m[WARN][0m [RETURN-STACK] stack alloca returned from _ZN4Json5Value16resolveReferenceEPKc
[33m[WARN][0m [RETURN-STACK] stack alloca returned from _ZN4Json5Value16resolveReferenceEPKcS2_
[2m[DEBUG][0m [SUPPRESSED] C API output parameter pattern: _ZNK4Json5Value12isValidIndexEj returns non-pointer (likely using output params)
[33m[WARN][0m [RETURN-STACK] stack alloca returned from _ZNK4Json5Value4findEPKcS2_
[33m[WARN][0m [RETURN-STACK] stack alloca returned from _ZNK4Json5ValueixEPKc
[2m[DEBUG][0m [SUPPRESSED] C API output parameter pattern: _ZN4Json5Value6insertEjRKS0_ returns non-pointer (likely using output params)
[2m[DEBUG][0m [SUPPRESSED] C API output parameter pattern: _ZN4Json5Value6insertEjOS0_ returns non-pointer (likely using output params)
[2m[DEBUG][0m [SUPPRESSED] C API output parameter pattern: _ZN4Json5Value12removeMemberEPKcS2_PS0_ returns non-pointer (likely using output params)
[2m[DEBUG][0m [SUPPRESSED] C API output parameter pattern: _ZN4Json5Value12removeMemberEPKcPS0_ returns non-pointer (likely using output params)
[2m[DEBUG][0m [SUPPRESSED] C API output parameter pattern: _ZN4Json5Value11removeIndexEjPS0_ returns non-pointer (likely using output params)
[2m[DEBUG][0m [SUPPRESSED] C API output parameter pattern: _ZNK4Json5Value8isMemberEPKcS2_ returns non-pointer (likely using output params)
[2m[DEBUG][0m [SUPPRESSED] C API output parameter pattern: _ZNK4Json5Value8isMemberEPKc returns non-pointer (likely using output params)
[2m[DEBUG][0m [SUPPRESSED] C API output parameter pattern: _ZNK4Json5Value6isBoolEv returns non-pointer (likely using output params)
[2m[DEBUG][0m [SUPPRESSED] C API output parameter pattern: _ZNK4Json5Value10isIntegralEv returns non-pointer (likely using output params)
[2m[DEBUG][0m [SUPPRESSED] C API output parameter pattern: _ZNK4Json5Value8isStringEv returns non-pointer (likely using output params)
[33m[WARN][0m [RETURN-STACK] stack alloca returned from _ZN4Json5Value8CommentsC2ERKS1_
[33m[WARN][0m [RETURN-STACK] stack alloca returned from _ZN4Json5Value8CommentsC1ERKS1_
[2m[DEBUG][0m [SUPPRESSED] C API output parameter pattern: _ZNK4Json5Value8Comments3hasENS_16CommentPlacementE returns non-pointer (likely using output params)
[2m[DEBUG][0m [SUPPRESSED] C API output parameter pattern: _ZNK4Json5Value10hasCommentENS_16CommentPlacementE returns non-pointer (likely using output params)
[2m[DEBUG][0m [SUPPRESSED] C API output parameter pattern: _ZNK4Json5Value14getOffsetStartEv returns non-pointer (likely using output params)
[2m[DEBUG][0m [SUPPRESSED] C API output parameter pattern: _ZNK4Json5Value14getOffsetLimitEv returns non-pointer (likely using output params)
[2m[DEBUG][0m [SUPPRESSED] C API output parameter pattern: _ZNK4Json5Value5beginEv returns non-pointer (likely using output params)
[2m[DEBUG][0m [SUPPRESSED] C API output parameter pattern: _ZNK4Json5Value3endEv returns non-pointer (likely using output params)
[33m[WARN][0m [RETURN-STACK] stack alloca returned from _ZN4Json12PathArgumentC2Ev
[33m[WARN][0m [RETURN-STACK] stack alloca returned from _ZN4Json12PathArgumentC1Ev
[33m[WARN][0m [RETURN-STACK] stack alloca returned from _ZN4Json12PathArgumentC2Ej
[33m[WARN][0m [RETURN-STACK] stack alloca returned from _ZN4Json12PathArgumentC1Ej
[33m[WARN][0m [RETURN-STACK] stack alloca returned from _ZN4Json12PathArgumentC2EPKc
[33m[WARN][0m [RETURN-STACK] stack alloca returned from _ZN4Json12PathArgumentC1EPKc
[33m[WARN][0m [RETURN-STACK] stack alloca returned from _ZN4Json12PathArgumentD1Ev
[33m[WARN][0m [RETURN-STACK] stack alloca returned from _ZN4Json12PathArgumentD2Ev
[33m[WARN][0m [RETURN-STACK] stack alloca returned from _ZN4Json12PathArgumentC1EOS0_
[33m[WARN][0m [RETURN-STACK] stack alloca returned from _ZN4Json12PathArgumentC2EOS0_
[33m[WARN][0m [RETURN-STACK] stack alloca returned from _ZN4Json12PathArgumentC1ERKS0_
[33m[WARN][0m [RETURN-STACK] stack alloca returned from _ZN4Json12PathArgumentC2ERKS0_
[33m[WARN][0m [RETURN-STACK] stack alloca returned from _ZNK4Json4Path7resolveERKNS_5ValueE
[33m[WARN][0m [RETURN-STACK] stack alloca returned from _ZNK4Json4Path4makeERNS_5ValueE
[33m[WARN][0m [RETURN-STACK] stack alloca returned from _ZN4Json10FastWriterD1Ev
[2m[DEBUG][0m [SUPPRESSED] C API output parameter pattern: _ZN4JsonL26doesAnyCharRequireEscapingEPKcm returns non-pointer (likely using output params)
[2m[DEBUG][0m [SUPPRESSED] C API output parameter pattern: _ZN4JsonL15utf8ToCodepointERPKcS1_ returns non-pointer (likely using output params)
[2m[DEBUG][0m [SUPPRESSED] C API output parameter pattern: _ZZN4JsonL26doesAnyCharRequireEscapingEPKcmENK3$_0clEh returns non-pointer (likely using output params)
[2m[DEBUG][0m [SUPPRESSED] C API output parameter pattern: _ZN4Json16fixNumericLocaleINSt3__111__wrap_iterIPcEEEET_S5_S5_ returns non-pointer (likely using output params)
[2m[DEBUG][0m [SUPPRESSED] C API output parameter pattern: _ZN4Json16fixZerosInTheEndINSt3__111__wrap_iterIPcEEEET_S5_S5_j returns non-pointer (likely using output params)
[33m[WARN][0m [RETURN-STACK] stack alloca returned from _ZN4Json10FastWriterD2Ev
[33m[WARN][0m [RETURN-STACK] stack alloca returned from _ZN4Json6WriterD2Ev
[33m[WARN][0m [RETURN-STACK] stack alloca returned from _ZN4Json12StyledWriterD1Ev
[2m[DEBUG][0m [SUPPRESSED] C API output parameter pattern: _ZN4Json12StyledWriter16isMultilineArrayERKNS_5ValueE returns non-pointer (likely using output params)
[2m[DEBUG][0m [SUPPRESSED] C API output parameter pattern: _ZN4Json12StyledWriter18hasCommentForValueERKNS_5ValueE returns non-pointer (likely using output params)
[33m[WARN][0m [RETURN-STACK] stack alloca returned from _ZN4Json12StyledWriterD2Ev
[33m[WARN][0m [RETURN-STACK] stack alloca returned from _ZN4Json23BuiltStyledStreamWriterD1Ev
[2m[DEBUG][0m [SUPPRESSED] C API output parameter pattern: _ZN4Json23BuiltStyledStreamWriter5writeERKNS_5ValueEPNSt3__113basic_ostreamIcNS4_11char_traitsIcEEEE returns non-pointer (likely using output params)
[2m[DEBUG][0m [SUPPRESSED] C API output parameter pattern: _ZN4Json23BuiltStyledStreamWriter16isMultilineArrayERKNS_5ValueE returns non-pointer (likely using output params)
[2m[DEBUG][0m [SUPPRESSED] C API output parameter pattern: _ZN4Json23BuiltStyledStreamWriter18hasCommentForValueERKNS_5ValueE returns non-pointer (likely using output params)
[33m[WARN][0m [RETURN-STACK] stack alloca returned from _ZN4Json23BuiltStyledStreamWriterD2Ev
[33m[WARN][0m [RETURN-STACK] stack alloca returned from _ZN4Json12StreamWriterD2Ev
[33m[WARN][0m [RETURN-STACK] stack alloca returned from _ZN4Json19StreamWriterBuilderD1Ev
[33m[WARN][0m [RETURN-STACK] stack alloca returned from _ZN4Json12StreamWriterC2Ev
[33m[WARN][0m [RETURN-STACK] stack alloca returned from _ZN4Json19StreamWriterBuilderD2Ev
[33m[WARN][0m [RETURN-STACK] stack alloca returned from _ZN4Json12StreamWriter7FactoryD2Ev
[33m[WARN][0m [RETURN-STACK] stack alloca returned from _ZN4Json10FastWriterC2Ev
[33m[WARN][0m [RETURN-STACK] stack alloca returned from _ZN4Json6WriterC2Ev
[33m[WARN][0m [RETURN-STACK] stack alloca returned from _ZN4Json10FastWriterC1Ev
[33m[WARN][0m [RETURN-STACK] stack alloca returned from _ZN4Json12StyledWriterC2Ev
[33m[WARN][0m [RETURN-STACK] stack alloca returned from _ZN4Json12StyledWriterC1Ev
[2m[DEBUG][0m [SUPPRESSED] C API output parameter pattern: _ZN4Json18StyledStreamWriter16isMultilineArrayERKNS_5ValueE returns non-pointer (likely using output params)
[2m[DEBUG][0m [SUPPRESSED] C API output parameter pattern: _ZN4Json18StyledStreamWriter18hasCommentForValueERKNS_5ValueE returns non-pointer (likely using output params)
[33m[WARN][0m [RETURN-STACK] stack alloca returned from _ZN4Json19StreamWriterBuilderC2Ev
[33m[WARN][0m [RETURN-STACK] stack alloca returned from _ZN4Json12StreamWriter7FactoryC2Ev
[33m[WARN][0m [RETURN-STACK] stack alloca returned from _ZN4Json19StreamWriterBuilderC1Ev
[2m[DEBUG][0m [SUPPRESSED] C API output parameter pattern: _ZNK4Json19StreamWriterBuilder8validateEPNS_5ValueE returns non-pointer (likely using output params)
[33m[WARN][0m [RETURN-STACK] stack alloca returned from _ZN4JsonlsERNSt3__113basic_ostreamIcNS0_11char_traitsIcEEEERKNS_5ValueE
[32m[INFO][0m PtrLifetime: analyzed 409 funcs, tracked 1764 ptrs, found 143 violations
[33m[WARN][0m [FREE-ORPHAN] 1 frees vs 0 allocs in _ZN4JsonL26releasePrefixedStringValueEPc
[33m[WARN][0m [FREE-ORPHAN] 1 frees vs 0 allocs in _ZN4JsonL18releaseStringValueEPcj
[33m[WARN][0m [MALLOC-LEAK] 1 allocs vs 0 frees in _ZN4JsonL29duplicateAndPrefixStringValueEPKcj
[33m[WARN][0m [MALLOC-LEAK] 1 allocs vs 0 frees in _ZN4JsonL20duplicateStringValueEPKcm
[32m[INFO][0m CallbackEscape: analyzed 409 funcs, 0 cgo boundaries, 4 issues found
[32m[INFO][0m ReturnCheck: Analyzed functions, found 0 unchecked return values
[32m[INFO][0m MemorySafety: Analyzed functions, found 0 memory issues
[32m[INFO][0m FreeValidation: Analyzed functions, found 0 invalid free calls
[2m[DEBUG][0m ZONE-SKIP: _ZN4Json10CharReaderC2Ev is safe zone — language guarantees apply
[2m[DEBUG][0m ZONE-SKIP: _ZNSt3__15stackIPN4Json5ValueENS_5dequeIS3_NS_9allocatorIS3_EEEEEC1B8ne210108Ev is safe zone — language guarantees apply
[2m[DEBUG][0m ZONE-SKIP: _ZNSt3__15dequeIN4Json9OurReader9ErrorInfoENS_9allocatorIS3_EEEC1B8ne210108Ev is safe zone — language guarantees apply
[2m[DEBUG][0m ZONE-SKIP: _ZNSt3__112basic_stringIcNS_11char_traitsIcEENS_9allocatorIcEEEC1B8ne210108Ev is safe zone — language guarantees apply
[2m[DEBUG][0m ZONE-SKIP: _ZNSt3__112basic_stringIcNS_11char_traitsIcEENS_9allocatorIcEEEC2B8ne210108Ev is safe zone — language guarantees apply
[2m[DEBUG][0m ZONE-SKIP: _ZNSt3__19allocatorIcEC1B8ne210108Ev is safe zone — language guarantees apply
[2m[DEBUG][0m ZONE-SKIP: _ZNKSt3__112basic_stringIcNS_11char_traitsIcEENS_9allocatorIcEEE14__annotate_newB8ne210108Em is safe zone — language guarantees apply
[2m[DEBUG][0m ZONE-SKIP: _ZNKSt3__112basic_stringIcNS_11char_traitsIcEENS_9allocatorIcEEE4dataB8ne210108Ev is safe zone — language guarantees apply
[2m[DEBUG][0m ZONE-SKIP: _ZNKSt3__112basic_stringIcNS_11char_traitsIcEENS_9allocatorIcEEE8capacityB8ne210108Ev is safe zone — language guarantees apply
[2m[DEBUG][0m ZONE-SKIP: _ZNKSt3__112basic_stringIcNS_11char_traitsIcEENS_9allocatorIcEEE31__annotate_contiguous_containerB8ne210108EPKvS7_ is safe zone — language guarantees apply
[2m[DEBUG][0m ZONE-SKIP: _ZNKSt3__112basic_stringIcNS_11char_traitsIcEENS_9allocatorIcEEE9__is_longB8ne210108Ev is safe zone — language guarantees apply
[2m[DEBUG][0m ZONE-SKIP: _ZNKSt3__112basic_stringIcNS_11char_traitsIcEENS_9allocatorIcEEE14__get_long_capB8ne210108Ev is safe zone — language guarantees apply
[2m[DEBUG][0m ZONE-SKIP: _ZNKSt3__112basic_stringIcNS_11char_traitsIcEENS_9allocatorIcEEE13__get_pointerB8ne210108Ev is safe zone — language guarantees apply
[2m[DEBUG][0m ZONE-SKIP: _ZNSt3__112__to_addressB8ne210108IKcEEPT_S3_ is safe zone — language guarantees apply
[2m[DEBUG][0m ZONE-SKIP: _ZNKSt3__112basic_stringIcNS_11char_traitsIcEENS_9allocatorIcEEE18__get_long_pointerB8ne210108Ev is safe zone — language guarantees apply
[2m[DEBUG][0m ZONE-SKIP: _ZNKSt3__112basic_stringIcNS_11char_traitsIcEENS_9allocatorIcEEE19__get_short_pointerB8ne210108Ev is safe zone — language guarantees apply
[2m[DEBUG][0m ZONE-SKIP: _ZNSt3__114pointer_traitsIPKcE10pointer_toB8ne210108ERS1_ is safe zone — language guarantees apply
[2m[DEBUG][0m ZONE-SKIP: _ZNSt3__19allocatorIcEC2B8ne210108Ev is safe zone — language guarantees apply
[2m[DEBUG][0m ZONE-SKIP: _ZNSt3__116__non_trivial_ifILb1ENS_9allocatorIcEEEC2B8ne210108Ev is safe zone — language guarantees apply
[2m[DEBUG][0m ZONE-SKIP: _ZNSt3__15dequeIN4Json9OurReader9ErrorInfoENS_9allocatorIS3_EEEC2B8ne210108Ev is safe zone — language guarantees apply
[2m[DEBUG][0m ZONE-SKIP: _ZNSt3__114__split_bufferIPN4Json9OurReader9ErrorInfoENS_9allocatorIS4_EEEC1B8ne210108Ev is safe zone — language guarantees apply
[2m[DEBUG][0m ZONE-SKIP: _ZNSt3__19allocatorIN4Json9OurReader9ErrorInfoEEC1B8ne210108Ev is safe zone — language guarantees apply
[2m[DEBUG][0m ZONE-SKIP: _ZNKSt3__15dequeIN4Json9OurReader9ErrorInfoENS_9allocatorIS3_EEE14__annotate_newB8ne210108Em is safe zone — language guarantees apply
[2m[DEBUG][0m ZONE-SKIP: _ZNSt3__19allocatorIN4Json9OurReader9ErrorInfoEEC2B8ne210108Ev is safe zone — language guarantees apply
[2m[DEBUG][0m ZONE-SKIP: _ZNSt3__116__non_trivial_ifILb1ENS_9allocatorIN4Json9OurReader9ErrorInfoEEEEC2B8ne210108Ev is safe zone — language guarantees apply
[2m[DEBUG][0m ZONE-SKIP: _ZNSt3__114__split_bufferIPN4Json9OurReader9ErrorInfoENS_9allocatorIS4_EEEC2B8ne210108Ev is safe zone — language guarantees apply
[2m[DEBUG][0m ZONE-SKIP: _ZNSt3__19allocatorIPN4Json9OurReader9ErrorInfoEEC1B8ne210108Ev is safe zone — language guarantees apply
[2m[DEBUG][0m ZONE-SKIP: _ZNSt3__19allocatorIPN4Json9OurReader9ErrorInfoEEC2B8ne210108Ev is safe zone — language guarantees apply
[2m[DEBUG][0m ZONE-SKIP: _ZNSt3__116__non_trivial_ifILb1ENS_9allocatorIPN4Json9OurReader9ErrorInfoEEEEC2B8ne210108Ev is safe zone — language guarantees apply
[2m[DEBUG][0m ZONE-SKIP: _ZNSt3__15stackIPN4Json5ValueENS_5dequeIS3_NS_9allocatorIS3_EEEEEC2B8ne210108Ev is safe zone — language guarantees apply
[2m[DEBUG][0m ZONE-SKIP: _ZNSt3__15dequeIPN4Json5ValueENS_9allocatorIS3_EEEC1B8ne210108Ev is safe zone — language guarantees apply
[2m[DEBUG][0m ZONE-SKIP: _ZNSt3__15dequeIPN4Json5ValueENS_9allocatorIS3_EEEC2B8ne210108Ev is safe zone — language guarantees apply
[2m[DEBUG][0m ZONE-SKIP: _ZNSt3__114__split_bufferIPPN4Json5ValueENS_9allocatorIS4_EEEC1B8ne210108Ev is safe zone — language guarantees apply
[2m[DEBUG][0m ZONE-SKIP: _ZNSt3__19allocatorIPN4Json5ValueEEC1B8ne210108Ev is safe zone — language guarantees apply
[2m[DEBUG][0m ZONE-SKIP: _ZNKSt3__15dequeIPN4Json5ValueENS_9allocatorIS3_EEE14__annotate_newB8ne210108Em is safe zone — language guarantees apply
[2m[DEBUG][0m ZONE-SKIP: _ZNSt3__19allocatorIPN4Json5ValueEEC2B8ne210108Ev is safe zone — language guarantees apply
[2m[DEBUG][0m ZONE-SKIP: _ZNSt3__116__non_trivial_ifILb1ENS_9allocatorIPN4Json5ValueEEEEC2B8ne210108Ev is safe zone — language guarantees apply
[2m[DEBUG][0m ZONE-SKIP: _ZNSt3__114__split_bufferIPPN4Json5ValueENS_9allocatorIS4_EEEC2B8ne210108Ev is safe zone — language guarantees apply
[2m[DEBUG][0m ZONE-SKIP: _ZNSt3__19allocatorIPPN4Json5ValueEEC1B8ne210108Ev is safe zone — language guarantees apply
[2m[DEBUG][0m ZONE-SKIP: _ZNSt3__19allocatorIPPN4Json5ValueEEC2B8ne210108Ev is safe zone — language guarantees apply
[2m[DEBUG][0m ZONE-SKIP: _ZNSt3__116__non_trivial_ifILb1ENS_9allocatorIPPN4Json5ValueEEEEC2B8ne210108Ev is safe zone — language guarantees apply
[2m[DEBUG][0m ZONE-SKIP: _ZNSt3__112basic_stringIcNS_11char_traitsIcEENS_9allocatorIcEEEaSB8ne210108EOS5_ is safe zone — language guarantees apply
[2m[DEBUG][0m ZONE-SKIP: _ZNSt3__112basic_stringIcNS_11char_traitsIcEENS_9allocatorIcEEE13__move_assignB8ne210108ERS5_NS_17integral_constantIbLb1EEE is safe zone — language guarantees apply
[2m[DEBUG][0m ZONE-SKIP: _ZNKSt3__112basic_stringIcNS_11char_traitsIcEENS_9allocatorIcEEE17__annotate_deleteB8ne210108Ev is safe zone — language guarantees apply
[2m[DEBUG][0m ZONE-SKIP: _ZNSt3__112basic_stringIcNS_11char_traitsIcEENS_9allocatorIcEEE18__get_long_pointerB8ne210108Ev is safe zone — language guarantees apply
[2m[DEBUG][0m ZONE-SKIP: _ZNSt3__116allocator_traitsINS_9allocatorIcEEE10deallocateB8ne210108ERS2_Pcm is safe zone — language guarantees apply
[2m[DEBUG][0m ZONE-SKIP: _ZNKSt3__112basic_stringIcNS_11char_traitsIcEENS_9allocatorIcEEE4sizeB8ne210108Ev is safe zone — language guarantees apply
[2m[DEBUG][0m ZONE-SKIP: _ZNSt3__112basic_stringIcNS_11char_traitsIcEENS_9allocatorIcEEE19__move_assign_allocB8ne210108ERS5_ is safe zone — language guarantees apply
[2m[DEBUG][0m ZONE-SKIP: _ZNSt3__112basic_stringIcNS_11char_traitsIcEENS_9allocatorIcEEE16__set_short_sizeB8ne210108Em is safe zone — language guarantees apply
[2m[DEBUG][0m ZONE-SKIP: _ZNSt3__112basic_stringIcNS_11char_traitsIcEENS_9allocatorIcEEE19__get_short_pointerB8ne210108Ev is safe zone — language guarantees apply
[2m[DEBUG][0m ZONE-SKIP: _ZNSt3__111char_traitsIcE6assignB8ne210108ERcRKc is safe zone — language guarantees apply
[2m[DEBUG][0m ZONE-SKIP: _ZNKSt3__112basic_stringIcNS_11char_traitsIcEENS_9allocatorIcEEE17__annotate_shrinkB8ne210108Em is safe zone — language guarantees apply
[2m[DEBUG][0m ZONE-SKIP: _ZNKSt3__112basic_stringIcNS_11char_traitsIcEENS_9allocatorIcEEE16__get_short_sizeB8ne210108Ev is safe zone — language guarantees apply
[2m[DEBUG][0m ZONE-SKIP: _ZNSt3__114pointer_traitsIPcE10pointer_toB8ne210108ERc is safe zone — language guarantees apply
[2m[DEBUG][0m ZONE-SKIP: _ZNSt3__112basic_stringIcNS_11char_traitsIcEENS_9allocatorIcEEE19__move_assign_allocB8ne210108ERS5_NS_17integral_constantIbLb1EEE is safe zone — language guarantees apply
[2m[DEBUG][0m ZONE-SKIP: _ZNKSt3__112basic_stringIcNS_11char_traitsIcEENS_9allocatorIcEEE15__get_long_sizeB8ne210108Ev is safe zone — language guarantees apply
[2m[DEBUG][0m ZONE-SKIP: _ZNSt3__19allocatorIcE10deallocateB8ne210108EPcm is safe zone — language guarantees apply
[2m[DEBUG][0m ZONE-SKIP: _ZNSt3__119__libcpp_deallocateB8ne210108IcEEvPNS_15__type_identityIT_E4typeENS_15__element_countEm is safe zone — language guarantees apply
[2m[DEBUG][0m ZONE-SKIP: _ZNKSt3__15dequeIN4Json9OurReader9ErrorInfoENS_9allocatorIS3_EEE5beginB8ne210108Ev is safe zone — language guarantees apply
[2m[DEBUG][0m ZONE-SKIP: _ZNKSt3__15dequeIN4Json9OurReader9ErrorInfoENS_9allocatorIS3_EEE3endB8ne210108Ev is safe zone — language guarantees apply
[2m[DEBUG][0m ZONE-SKIP: _ZNSt3__1neB8ne210108ERKNS_16__deque_iteratorIN4Json9OurReader9ErrorInfoEPKS3_RS4_PKS5_lLl73EEESB_ is safe zone — language guarantees apply
[2m[DEBUG][0m ZONE-SKIP: _ZNKSt3__116__deque_iteratorIN4Json9OurReader9ErrorInfoEPKS3_RS4_PKS5_lLl73EEdeB8ne210108Ev is safe zone — language guarantees apply
[2m[DEBUG][0m ZONE-SKIP: _ZNSt3__1plB8ne210108IcNS_11char_traitsIcEENS_9allocatorIcEEEENS_12basic_stringIT_T0_T1_EEPKS6_OS9_ is safe zone — language guarantees apply
[2m[DEBUG][0m ZONE-SKIP: _ZNSt3__1plB8ne210108IcNS_11char_traitsIcEENS_9allocatorIcEEEENS_12basic_stringIT_T0_T1_EEOS9_PKS6_ is safe zone — language guarantees apply
[2m[DEBUG][0m ZONE-SKIP: _ZNSt3__112basic_stringIcNS_11char_traitsIcEENS_9allocatorIcEEEpLB8ne210108ERKS5_ is safe zone — language guarantees apply
[2m[DEBUG][0m ZONE-SKIP: _ZNSt3__116__deque_iteratorIN4Json9OurReader9ErrorInfoEPKS3_RS4_PKS5_lLl73EEppB8ne210108Ev is safe zone — language guarantees apply
[2m[DEBUG][0m ZONE-SKIP: _ZNSt3__112basic_stringIcNS_11char_traitsIcEENS_9allocatorIcEEE6appendB8ne210108ERKS5_ is safe zone — language guarantees apply
[2m[DEBUG][0m ZONE-SKIP: _ZNSt3__112basic_stringIcNS_11char_traitsIcEENS_9allocatorIcEEEC1B8ne210108EOS5_ is safe zone — language guarantees apply
[2m[DEBUG][0m ZONE-SKIP: _ZNSt3__112basic_stringIcNS_11char_traitsIcEENS_9allocatorIcEEEC2B8ne210108EOS5_ is safe zone — language guarantees apply
[2m[DEBUG][0m ZONE-SKIP: _ZZNSt3__112basic_stringIcNS_11char_traitsIcEENS_9allocatorIcEEEC1B8ne210108EOS5_ENKUlRS5_E_clES7_ is safe zone — language guarantees apply
[2m[DEBUG][0m ZONE-SKIP: _ZNSt3__112basic_stringIcNS_11char_traitsIcEENS_9allocatorIcEEEC1B8ne210108ILi0EEEPKc is safe zone — language guarantees apply
[2m[DEBUG][0m ZONE-SKIP: _ZNSt3__112basic_stringIcNS_11char_traitsIcEENS_9allocatorIcEEEC2B8ne210108ILi0EEEPKc is safe zone — language guarantees apply
[2m[DEBUG][0m ZONE-SKIP: _ZNSt3__111char_traitsIcE6lengthB8ne210108EPKc is safe zone — language guarantees apply
[2m[DEBUG][0m ZONE-SKIP: _ZNSt3__118__constexpr_strlenB8ne210108IcEEmPKT_ is safe zone — language guarantees apply
[2m[DEBUG][0m ZONE-SKIP: _ZNSt3__1eqB8ne210108ERKNS_16__deque_iteratorIN4Json9OurReader9ErrorInfoEPKS3_RS4_PKS5_lLl73EEESB_ is safe zone — language guarantees apply
[2m[DEBUG][0m ZONE-SKIP: _ZNKSt3__15dequeIN4Json9OurReader9ErrorInfoENS_9allocatorIS3_EEE4sizeB8ne210108Ev is safe zone — language guarantees apply
[2m[DEBUG][0m ZONE-SKIP: _ZNKSt3__114__split_bufferIPN4Json9OurReader9ErrorInfoENS_9allocatorIS4_EEE5beginB8ne210108Ev is safe zone — language guarantees apply
[2m[DEBUG][0m ZONE-SKIP: _ZNKSt3__114__split_bufferIPN4Json9OurReader9ErrorInfoENS_9allocatorIS4_EEE5emptyB8ne210108Ev is safe zone — language guarantees apply
[2m[DEBUG][0m ZONE-SKIP: _ZNSt3__116__deque_iteratorIN4Json9OurReader9ErrorInfoEPKS3_RS4_PKS5_lLl73EEC1B8ne210108ES8_S5_ is safe zone — language guarantees apply
[2m[DEBUG][0m ZONE-SKIP: _ZNSt3__116__deque_iteratorIN4Json9OurReader9ErrorInfoEPKS3_RS4_PKS5_lLl73EEC2B8ne210108ES8_S5_ is safe zone — language guarantees apply
[2m[DEBUG][0m ZONE-SKIP: _ZNKSt3__15dequeIN4Json9OurReader9ErrorInfoENS_9allocatorIS3_EEE6__sizeB8ne210108Ev is safe zone — language guarantees apply
[2m[DEBUG][0m ZONE-SKIP: _ZNSt3__112basic_stringIcNS_11char_traitsIcEENS_9allocatorIcEEE5clearB8ne210108Ev is safe zone — language guarantees apply
[2m[DEBUG][0m ZONE-SKIP: _ZNSt3__15dequeIN4Json9OurReader9ErrorInfoENS_9allocatorIS3_EEE5clearEv is safe zone — language guarantees apply
[2m[DEBUG][0m ZONE-SKIP: _ZNKSt3__15stackIPN4Json5ValueENS_5dequeIS3_NS_9allocatorIS3_EEEEE5emptyB8ne210108Ev is safe zone — language guarantees apply
[2m[DEBUG][0m ZONE-SKIP: _ZNSt3__15stackIPN4Json5ValueENS_5dequeIS3_NS_9allocatorIS3_EEEEE3popB8ne210108Ev is safe zone — language guarantees apply
[2m[DEBUG][0m ZONE-SKIP: _ZNSt3__15stackIPN4Json5ValueENS_5dequeIS3_NS_9allocatorIS3_EEEEE4pushB8ne210108EOS3_ is safe zone — language guarantees apply
[2m[DEBUG][0m ZONE-SKIP: _ZNKSt3__112basic_stringIcNS_11char_traitsIcEENS_9allocatorIcEEE5emptyB8ne210108Ev is safe zone — language guarantees apply
[2m[DEBUG][0m ZONE-SKIP: _ZNSt3__15dequeIN4Json9OurReader9ErrorInfoENS_9allocatorIS3_EEE9push_backERKS3_ is safe zone — language guarantees apply
[2m[DEBUG][0m ZONE-SKIP: _ZNSt3__15dequeIN4Json9OurReader9ErrorInfoENS_9allocatorIS3_EEE7__allocB8ne210108Ev is safe zone — language guarantees apply
[2m[DEBUG][0m ZONE-SKIP: _ZNKSt3__15dequeIN4Json9OurReader9ErrorInfoENS_9allocatorIS3_EEE12__back_spareB8ne210108Ev is safe zone — language guarantees apply
[2m[DEBUG][0m ZONE-SKIP: _ZNSt3__15dequeIN4Json9OurReader9ErrorInfoENS_9allocatorIS3_EEE19__add_back_capacityEv is safe zone — language guarantees apply
[2m[DEBUG][0m ZONE-SKIP: _ZNKSt3__15dequeIN4Json9OurReader9ErrorInfoENS_9allocatorIS3_EEE24__annotate_increase_backB8ne210108Em is safe zone — language guarantees apply
[2m[DEBUG][0m ZONE-SKIP: _ZNSt3__15dequeIN4Json9OurReader9ErrorInfoENS_9allocatorIS3_EEE3endB8ne210108Ev is safe zone — language guarantees apply
[2m[DEBUG][0m ZONE-SKIP: _ZNKSt3__116__deque_iteratorIN4Json9OurReader9ErrorInfoEPS3_RS3_PS4_lLl73EEdeB8ne210108Ev is safe zone — language guarantees apply
[2m[DEBUG][0m ZONE-SKIP: _ZNSt3__116allocator_traitsINS_9allocatorIN4Json9OurReader9ErrorInfoEEEE9constructB8ne210108IS4_JRKS4_ETnNS_9enable_ifIX17__has_construct_vIS5_PT_DpT0_EEiE4typeELi0EEEvRS5_SC_DpOSD_ is safe zone — language guarantees apply
[2m[DEBUG][0m ZONE-SKIP: _ZNSt3__15dequeIN4Json9OurReader9ErrorInfoENS_9allocatorIS3_EEE6__sizeB8ne210108Ev is safe zone — language guarantees apply
[2m[DEBUG][0m ZONE-SKIP: _ZNSt3__19allocatorIN4Json9OurReader9ErrorInfoEE9constructB8ne210108IS3_JRKS3_EEEvPT_DpOT0_ is safe zone — language guarantees apply
[2m[DEBUG][0m ZONE-SKIP: _ZNSt3__114__split_bufferIPN4Json9OurReader9ErrorInfoENS_9allocatorIS4_EEE5beginB8ne210108Ev is safe zone — language guarantees apply
[2m[DEBUG][0m ZONE-SKIP: _ZNSt3__116__deque_iteratorIN4Json9OurReader9ErrorInfoEPS3_RS3_PS4_lLl73EEC1B8ne210108ES6_S4_ is safe zone — language guarantees apply
[2m[DEBUG][0m ZONE-SKIP: _ZNSt3__116__deque_iteratorIN4Json9OurReader9ErrorInfoEPS3_RS3_PS4_lLl73EEC2B8ne210108ES6_S4_ is safe zone — language guarantees apply
[2m[DEBUG][0m ZONE-SKIP: _ZNKSt3__15dequeIN4Json9OurReader9ErrorInfoENS_9allocatorIS3_EEE13__front_spareB8ne210108Ev is safe zone — language guarantees apply
[2m[DEBUG][0m ZONE-SKIP: _ZNSt3__114__split_bufferIPN4Json9OurReader9ErrorInfoENS_9allocatorIS4_EEE5frontB8ne210108Ev is safe zone — language guarantees apply
[2m[DEBUG][0m ZONE-SKIP: _ZNSt3__114__split_bufferIPN4Json9OurReader9ErrorInfoENS_9allocatorIS4_EEE9pop_frontB8ne210108Ev is safe zone — language guarantees apply
[2m[DEBUG][0m ZONE-SKIP: _ZNSt3__114__split_bufferIPN4Json9OurReader9ErrorInfoENS_9allocatorIS4_EEE12emplace_backIJRS4_EEEvDpOT_ is safe zone — language guarantees apply
[2m[DEBUG][0m ZONE-SKIP: _ZNKSt3__114__split_bufferIPN4Json9OurReader9ErrorInfoENS_9allocatorIS4_EEE4sizeB8ne210108Ev is safe zone — language guarantees apply
[2m[DEBUG][0m ZONE-SKIP: _ZNKSt3__114__split_bufferIPN4Json9OurReader9ErrorInfoENS_9allocatorIS4_EEE8capacityB8ne210108Ev is safe zone — language guarantees apply
[2m[DEBUG][0m ZONE-SKIP: _ZNKSt3__114__split_bufferIPN4Json9OurReader9ErrorInfoENS_9allocatorIS4_EEE12__back_spareB8ne210108Ev is safe zone — language guarantees apply
[2m[DEBUG][0m ZONE-SKIP: _ZNSt3__116allocator_traitsINS_9allocatorIN4Json9OurReader9ErrorInfoEEEE8allocateB8ne210108ERS5_m is safe zone — language guarantees apply
[2m[DEBUG][0m ZONE-SKIP: _ZNSt3__114__split_bufferIPN4Json9OurReader9ErrorInfoENS_9allocatorIS4_EEE12emplace_backIJS4_EEEvDpOT_ is safe zone — language guarantees apply
[2m[DEBUG][0m ZONE-SKIP: _ZNSt3__114__split_bufferIPN4Json9OurReader9ErrorInfoENS_9allocatorIS4_EEE13emplace_frontIJS4_EEEvDpOT_ is safe zone — language guarantees apply
[2m[DEBUG][0m ZONE-SKIP: _ZNKSt3__15dequeIN4Json9OurReader9ErrorInfoENS_9allocatorIS3_EEE22__annotate_whole_blockB8ne210108EmNS6_22__asan_annotation_typeE is safe zone — language guarantees apply
[2m[DEBUG][0m ZONE-SKIP: _ZNSt3__13maxB8ne210108ImEERKT_S3_S3_ is safe zone — language guarantees apply
[2m[DEBUG][0m ZONE-SKIP: _ZNSt3__114__split_bufferIPN4Json9OurReader9ErrorInfoERNS_9allocatorIS4_EEEC1EmmS7_ is safe zone — language guarantees apply
[2m[DEBUG][0m ZONE-SKIP: _ZNSt3__122__allocator_destructorINS_9allocatorIN4Json9OurReader9ErrorInfoEEEEC1B8ne210108ERS5_m is safe zone — language guarantees apply
[2m[DEBUG][0m ZONE-SKIP: _ZNSt3__110unique_ptrIPN4Json9OurReader9ErrorInfoENS_22__allocator_destructorINS_9allocatorIS3_EEEEEC1B8ne210108ILb1EvEES4_NS_16__dependent_typeINS_27__unique_ptr_deleter_sfinaeIS8_EEXT_EE20__good_rval_ref_typeE is safe zone — language guarantees apply
[2m[DEBUG][0m ZONE-SKIP: _ZNKSt3__110unique_ptrIPN4Json9OurReader9ErrorInfoENS_22__allocator_destructorINS_9allocatorIS3_EEEEE3getB8ne210108Ev is safe zone — language guarantees apply
[2m[DEBUG][0m ZONE-SKIP: _ZNSt3__114__split_bufferIPN4Json9OurReader9ErrorInfoERNS_9allocatorIS4_EEE12emplace_backIJS4_EEEvDpOT_ is safe zone — language guarantees apply
[2m[DEBUG][0m ZONE-SKIP: _ZNSt3__110unique_ptrIPN4Json9OurReader9ErrorInfoENS_22__allocator_destructorINS_9allocatorIS3_EEEEE7releaseB8ne210108Ev is safe zone — language guarantees apply
[2m[DEBUG][0m ZONE-SKIP: _ZNSt3__114__split_bufferIPN4Json9OurReader9ErrorInfoENS_9allocatorIS4_EEE3endB8ne210108Ev is safe zone — language guarantees apply
[2m[DEBUG][0m ZONE-SKIP: _ZNSt3__114__split_bufferIPN4Json9OurReader9ErrorInfoERNS_9allocatorIS4_EEE13emplace_frontIJRS4_EEEvDpOT_ is safe zone — language guarantees apply
[2m[DEBUG][0m ZONE-SKIP: _ZNSt3__110unique_ptrIPN4Json9OurReader9ErrorInfoENS_22__allocator_destructorINS_9allocatorIS3_EEEEED1B8ne210108Ev is safe zone — language guarantees apply
[2m[DEBUG][0m ZONE-SKIP: _ZNSt3__14swapB8ne210108IPPN4Json9OurReader9ErrorInfoEEENS_9enable_ifIXaasr21is_move_constructibleIT_EE5valuesr18is_move_assignableIS7_EE5valueEvE4typeERS7_SA_ is safe zone — language guarantees apply
[2m[DEBUG][0m ZONE-SKIP: _ZNSt3__114__split_bufferIPN4Json9OurReader9ErrorInfoERNS_9allocatorIS4_EEED1Ev is safe zone — language guarantees apply
[2m[DEBUG][0m ZONE-SKIP: _ZNSt3__114__split_bufferIPN4Json9OurReader9ErrorInfoERNS_9allocatorIS4_EEED2Ev is safe zone — language guarantees apply
[2m[DEBUG][0m ZONE-SKIP: _ZNSt3__114__split_bufferIPN4Json9OurReader9ErrorInfoERNS_9allocatorIS4_EEE5clearB8ne210108Ev is safe zone — language guarantees apply
[2m[DEBUG][0m ZONE-SKIP: _ZNKSt3__114__split_bufferIPN4Json9OurReader9ErrorInfoERNS_9allocatorIS4_EEE8capacityB8ne210108Ev is safe zone — language guarantees apply
[2m[DEBUG][0m ZONE-SKIP: _ZNSt3__116allocator_traitsINS_9allocatorIPN4Json9OurReader9ErrorInfoEEEE10deallocateB8ne210108ERS6_PS5_m is safe zone — language guarantees apply
[2m[DEBUG][0m ZONE-SKIP: _ZNSt3__19allocatorIPN4Json9OurReader9ErrorInfoEE10deallocateB8ne210108EPS4_m is safe zone — language guarantees apply
[2m[DEBUG][0m ZONE-SKIP: _ZNSt3__119__libcpp_deallocateB8ne210108IPN4Json9OurReader9ErrorInfoEEEvPNS_15__type_identityIT_E4typeENS_15__element_countEm is safe zone — language guarantees apply
[2m[DEBUG][0m ZONE-SKIP: _ZNSt3__114__split_bufferIPN4Json9OurReader9ErrorInfoERNS_9allocatorIS4_EEE17__destruct_at_endB8ne210108EPS4_ is safe zone — language guarantees apply
[2m[DEBUG][0m ZONE-SKIP: _ZNSt3__114__split_bufferIPN4Json9OurReader9ErrorInfoERNS_9allocatorIS4_EEE17__destruct_at_endB8ne210108EPS4_NS_17integral_constantIbLb0EEE is safe zone — language guarantees apply
[2m[DEBUG][0m ZONE-SKIP: _ZNSt3__112__to_addressB8ne210108IPN4Json9OurReader9ErrorInfoEEEPT_S6_ is safe zone — language guarantees apply
[2m[DEBUG][0m ZONE-SKIP: _ZNSt3__116allocator_traitsINS_9allocatorIPN4Json9OurReader9ErrorInfoEEEE7destroyB8ne210108IS5_TnNS_9enable_ifIX15__has_destroy_vIS6_PT_EEiE4typeELi0EEEvRS6_SB_ is safe zone — language guarantees apply
[2m[DEBUG][0m ZONE-SKIP: _ZNSt3__19allocatorIPN4Json9OurReader9ErrorInfoEE7destroyB8ne210108EPS4_ is safe zone — language guarantees apply
[2m[DEBUG][0m ZONE-SKIP: _ZNSt3__110unique_ptrIPN4Json9OurReader9ErrorInfoENS_22__allocator_destructorINS_9allocatorIS3_EEEEED2B8ne210108Ev is safe zone — language guarantees apply
[2m[DEBUG][0m ZONE-SKIP: _ZNSt3__110unique_ptrIPN4Json9OurReader9ErrorInfoENS_22__allocator_destructorINS_9allocatorIS3_EEEEE5resetB8ne210108ES4_ is safe zone — language guarantees apply
[2m[DEBUG][0m ZONE-SKIP: _ZNSt3__122__allocator_destructorINS_9allocatorIN4Json9OurReader9ErrorInfoEEEEclB8ne210108EPS4_ is safe zone — language guarantees apply
[2m[DEBUG][0m ZONE-SKIP: _ZNSt3__116allocator_traitsINS_9allocatorIN4Json9OurReader9ErrorInfoEEEE10deallocateB8ne210108ERS5_PS4_m is safe zone — language guarantees apply
[2m[DEBUG][0m ZONE-SKIP: _ZNSt3__19allocatorIN4Json9OurReader9ErrorInfoEE10deallocateB8ne210108EPS3_m is safe zone — language guarantees apply
[2m[DEBUG][0m ZONE-SKIP: _ZNSt3__119__libcpp_deallocateB8ne210108IN4Json9OurReader9ErrorInfoEEEvPNS_15__type_identityIT_E4typeENS_15__element_countEm is safe zone — language guarantees apply
[2m[DEBUG][0m ZONE-SKIP: _ZNSt3__113move_backwardB8ne210108IPPN4Json9OurReader9ErrorInfoES5_EET0_T_S7_S6_ is safe zone — language guarantees apply
[2m[DEBUG][0m ZONE-SKIP: _ZNSt3__113move_iteratorIPPN4Json9OurReader9ErrorInfoEEC1B8ne210108ES5_ is safe zone — language guarantees apply
[2m[DEBUG][0m ZONE-SKIP: _ZNSt3__114__split_bufferIPN4Json9OurReader9ErrorInfoERNS_9allocatorIS4_EEE18__construct_at_endINS_13move_iteratorIPS4_EETnNS_9enable_ifIXsr31__has_forward_iterator_categoryIT_EE5valueEiE4typeELi0EEEvSE_SE_ is safe zone — language guarantees apply
[2m[DEBUG][0m ZONE-SKIP: _ZNSt3__116allocator_traitsINS_9allocatorIPN4Json9OurReader9ErrorInfoEEEE9constructB8ne210108IS5_JRS5_ETnNS_9enable_ifIX17__has_construct_vIS6_PT_DpT0_EEiE4typeELi0EEEvRS6_SC_DpOSD_ is safe zone — language guarantees apply
[2m[DEBUG][0m ZONE-SKIP: _ZNSt3__19allocatorIPN4Json9OurReader9ErrorInfoEE9constructB8ne210108IS4_JRS4_EEEvPT_DpOT0_ is safe zone — language guarantees apply
[2m[DEBUG][0m ZONE-SKIP: _ZNSt3__18distanceB8ne210108INS_13move_iteratorIPPN4Json9OurReader9ErrorInfoEEEEENS_15iterator_traitsIT_E15difference_typeES9_S9_ is safe zone — language guarantees apply
[2m[DEBUG][0m ZONE-SKIP: _ZNSt3__114__split_bufferIPN4Json9OurReader9ErrorInfoERNS_9allocatorIS4_EEE28__construct_at_end_with_sizeINS_13move_iteratorIPS4_EEEEvT_m is safe zone — language guarantees apply
[2m[DEBUG][0m ZONE-SKIP: _ZNSt3__114__split_bufferIPN4Json9OurReader9ErrorInfoERNS_9allocatorIS4_EEE21_ConstructTransactionC1B8ne210108EPPS4_m is safe zone — language guarantees apply
[2m[DEBUG][0m ZONE-SKIP: _ZNKSt3__113move_iteratorIPPN4Json9OurReader9ErrorInfoEEdeB8ne210108Ev is safe zone — language guarantees apply
[2m[DEBUG][0m ZONE-SKIP: _ZNSt3__116allocator_traitsINS_9allocatorIPN4Json9OurReader9ErrorInfoEEEE9constructB8ne210108IS5_JS5_ETnNS_9enable_ifIX17__has_construct_vIS6_PT_DpT0_EEiE4typeELi0EEEvRS6_SB_DpOSC_ is safe zone — language guarantees apply
[2m[DEBUG][0m ZONE-SKIP: _ZNSt3__113move_iteratorIPPN4Json9OurReader9ErrorInfoEEppB8ne210108Ev is safe zone — language guarantees apply
[2m[DEBUG][0m ZONE-SKIP: _ZNSt3__114__split_bufferIPN4Json9OurReader9ErrorInfoERNS_9allocatorIS4_EEE21_ConstructTransactionD1B8ne210108Ev is safe zone — language guarantees apply
[2m[DEBUG][0m ZONE-SKIP: _ZNSt3__114__split_bufferIPN4Json9OurReader9ErrorInfoERNS_9allocatorIS4_EEE21_ConstructTransactionD2B8ne210108Ev is safe zone — language guarantees apply
[2m[DEBUG][0m ZONE-SKIP: _ZNSt3__19allocatorIPN4Json9OurReader9ErrorInfoEE9constructB8ne210108IS4_JS4_EEEvPT_DpOT0_ is safe zone — language guarantees apply
[2m[DEBUG][0m ZONE-SKIP: _ZNSt3__114__split_bufferIPN4Json9OurReader9ErrorInfoERNS_9allocatorIS4_EEE21_ConstructTransactionC2B8ne210108EPPS4_m is safe zone — language guarantees apply
[2m[DEBUG][0m ZONE-SKIP: _ZNSt3__110__distanceB8ne210108INS_13move_iteratorIPPN4Json9OurReader9ErrorInfoEEEEENS_15iterator_traitsIT_E15difference_typeES9_S9_NS_26random_access_iterator_tagE is safe zone — language guarantees apply
[2m[DEBUG][0m ZONE-SKIP: _ZNSt3__1miB8ne210108IPPN4Json9OurReader9ErrorInfoES5_EEDTmicldtfp_4baseEcldtfp0_4baseEERKNS_13move_iteratorIT_EERKNS7_IT0_EE is safe zone — language guarantees apply
[2m[DEBUG][0m ZONE-SKIP: _ZNKSt3__113move_iteratorIPPN4Json9OurReader9ErrorInfoEE4baseB8ne210108Ev is safe zone — language guarantees apply
[2m[DEBUG][0m ZONE-SKIP: _ZNSt3__113move_iteratorIPPN4Json9OurReader9ErrorInfoEEC2B8ne210108ES5_ is safe zone — language guarantees apply
[2m[DEBUG][0m ZONE-SKIP: _ZNSt3__115__move_backwardB8ne210108INS_17_ClassicAlgPolicyEPPN4Json9OurReader9ErrorInfoES6_S6_EENS_4pairIT0_T2_EES8_T1_S9_ is safe zone — language guarantees apply
[2m[DEBUG][0m ZONE-SKIP: _ZNSt3__124__copy_move_unwrap_itersB8ne210108INS_20__move_backward_implINS_17_ClassicAlgPolicyEEEPPN4Json9OurReader9ErrorInfoES8_S8_TnNS_9enable_ifIXsr12__can_rewrapIT0_T2_EE5valueEiE4typeELi0EEENS_4pairISA_SB_EESA_T1_SB_ is safe zone — language guarantees apply
[2m[DEBUG][0m ZONE-SKIP: _ZNSt3__114__unwrap_rangeB8ne210108IPPN4Json9OurReader9ErrorInfoES5_EENS_4pairIT0_S7_EET_S9_ is safe zone — language guarantees apply
[2m[DEBUG][0m ZONE-SKIP: _ZNSt3__113__unwrap_iterB8ne210108IPPN4Json9OurReader9ErrorInfoENS_18__unwrap_iter_implIS5_Lb1EEETnNS_9enable_ifIXsr21is_copy_constructibleIT_EE5valueEiE4typeELi0EEEDTclsrT0_8__unwrapclsr3stdE7declvalIS9_EEEES9_ is safe zone — language guarantees apply
[2m[DEBUG][0m ZONE-SKIP: _ZNKSt3__120__move_backward_implINS_17_ClassicAlgPolicyEEclB8ne210108IPN4Json9OurReader9ErrorInfoES7_TnNS_9enable_ifIXsr38__can_lower_move_assignment_to_memmoveIT_T0_EE5valueEiE4typeELi0EEENS_4pairIPS9_PSA_EESE_SE_SF_ is safe zone — language guarantees apply
[2m[DEBUG][0m ZONE-SKIP: _ZNSt3__114__rewrap_rangeB8ne210108IPPN4Json9OurReader9ErrorInfoES5_EET_S6_T0_ is safe zone — language guarantees apply
[2m[DEBUG][0m ZONE-SKIP: _ZNSt3__113__rewrap_iterB8ne210108IPPN4Json9OurReader9ErrorInfoES5_NS_18__unwrap_iter_implIS5_Lb1EEEEET_S8_T0_ is safe zone — language guarantees apply
[2m[DEBUG][0m ZONE-SKIP: _ZNSt3__19make_pairB8ne210108IPPN4Json9OurReader9ErrorInfoES5_EENS_4pairINS_18__unwrap_referenceIu7__decayIT_EE4typeENS7_Iu7__decayIT0_EE4typeEEEOS8_OSC_ is safe zone — language guarantees apply
[2m[DEBUG][0m ZONE-SKIP: _ZNSt3__14pairIPPN4Json9OurReader9ErrorInfoES5_EC1B8ne210108IS5_S5_TnNS_9enable_ifIXclsr25__check_pair_constructionIS5_S5_EE23__is_pair_constructibleIT_T0_EEEiE4typeELi0EEEOS9_OSA_ is safe zone — language guarantees apply
[2m[DEBUG][0m ZONE-SKIP: _ZNSt3__14pairIPPN4Json9OurReader9ErrorInfoES5_EC2B8ne210108IS5_S5_TnNS_9enable_ifIXclsr25__check_pair_constructionIS5_S5_EE23__is_pair_constructibleIT_T0_EEEiE4typeELi0EEEOS9_OSA_ is safe zone — language guarantees apply
[2m[DEBUG][0m ZONE-SKIP: _ZNSt3__118__unwrap_iter_implIPPN4Json9OurReader9ErrorInfoELb1EE8__rewrapB8ne210108ES5_S5_ is safe zone — language guarantees apply
[2m[DEBUG][0m ZONE-SKIP: _ZNSt3__128__copy_backward_trivial_implB8ne210108IPN4Json9OurReader9ErrorInfoES4_EENS_4pairIPT_PT0_EES7_S7_S9_ is safe zone — language guarantees apply
[2m[DEBUG][0m ZONE-SKIP: _ZNSt3__119__constexpr_memmoveB8ne210108IPN4Json9OurReader9ErrorInfoES4_EEPT_S6_PT0_NS_15__element_countE is safe zone — language guarantees apply
[2m[DEBUG][0m ZONE-SKIP: _ZNSt3__19make_pairB8ne210108IRPPN4Json9OurReader9ErrorInfoES6_EENS_4pairINS_18__unwrap_referenceIu7__decayIT_EE4typeENS8_Iu7__decayIT0_EE4typeEEEOS9_OSD_ is safe zone — language guarantees apply
[2m[DEBUG][0m ZONE-SKIP: _ZNSt3__14pairIPPN4Json9OurReader9ErrorInfoES5_EC1B8ne210108IRS5_S8_TnNS_9enable_ifIXclsr25__check_pair_constructionIS5_S5_EE23__is_pair_constructibleIT_T0_EEEiE4typeELi0EEEOSA_OSB_ is safe zone — language guarantees apply
[2m[DEBUG][0m ZONE-SKIP: _ZNSt3__14pairIPPN4Json9OurReader9ErrorInfoES5_EC2B8ne210108IRS5_S8_TnNS_9enable_ifIXclsr25__check_pair_constructionIS5_S5_EE23__is_pair_constructibleIT_T0_EEEiE4typeELi0EEEOSA_OSB_ is safe zone — language guarantees apply
[2m[DEBUG][0m ZONE-SKIP: _ZNSt3__118__unwrap_iter_implIPPN4Json9OurReader9ErrorInfoELb1EE8__unwrapB8ne210108ES5_ is safe zone — language guarantees apply
[2m[DEBUG][0m ZONE-SKIP: _ZNSt3__14moveB8ne210108IPPN4Json9OurReader9ErrorInfoES5_EET0_T_S7_S6_ is safe zone — language guarantees apply
[2m[DEBUG][0m ZONE-SKIP: _ZNSt3__16__moveB8ne210108INS_17_ClassicAlgPolicyEPPN4Json9OurReader9ErrorInfoES6_S6_EENS_4pairIT0_T2_EES8_T1_S9_ is safe zone — language guarantees apply
[2m[DEBUG][0m ZONE-SKIP: _ZNSt3__124__copy_move_unwrap_itersB8ne210108INS_11__move_implINS_17_ClassicAlgPolicyEEEPPN4Json9OurReader9ErrorInfoES8_S8_TnNS_9enable_ifIXsr12__can_rewrapIT0_T2_EE5valueEiE4typeELi0EEENS_4pairISA_SB_EESA_T1_SB_ is safe zone — language guarantees apply
[2m[DEBUG][0m ZONE-SKIP: _ZNKSt3__111__move_implINS_17_ClassicAlgPolicyEEclB8ne210108IPN4Json9OurReader9ErrorInfoES7_TnNS_9enable_ifIXsr38__can_lower_move_assignment_to_memmoveIT_T0_EE5valueEiE4typeELi0EEENS_4pairIPS9_PSA_EESE_SE_SF_ is safe zone — language guarantees apply
[2m[DEBUG][0m ZONE-SKIP: _ZNSt3__119__copy_trivial_implB8ne210108IPN4Json9OurReader9ErrorInfoES4_EENS_4pairIPT_PT0_EES7_S7_S9_ is safe zone — language guarantees apply
[2m[DEBUG][0m ZONE-SKIP: _ZNSt3__19make_pairB8ne210108IRPPN4Json9OurReader9ErrorInfoES5_EENS_4pairINS_18__unwrap_referenceIu7__decayIT_EE4typeENS8_Iu7__decayIT0_EE4typeEEEOS9_OSD_ is safe zone — language guarantees apply
[2m[DEBUG][0m ZONE-SKIP: _ZNSt3__14pairIPPN4Json9OurReader9ErrorInfoES5_EC1B8ne210108IRS5_S5_TnNS_9enable_ifIXclsr25__check_pair_constructionIS5_S5_EE23__is_pair_constructibleIT_T0_EEEiE4typeELi0EEEOSA_OSB_ is safe zone — language guarantees apply
[2m[DEBUG][0m ZONE-SKIP: _ZNSt3__14pairIPPN4Json9OurReader9ErrorInfoES5_EC2B8ne210108IRS5_S5_TnNS_9enable_ifIXclsr25__check_pair_constructionIS5_S5_EE23__is_pair_constructibleIT_T0_EEEiE4typeELi0EEEOSA_OSB_ is safe zone — language guarantees apply
[2m[DEBUG][0m ZONE-SKIP: _ZNSt3__110unique_ptrIPN4Json9OurReader9ErrorInfoENS_22__allocator_destructorINS_9allocatorIS3_EEEEEC2B8ne210108ILb1EvEES4_NS_16__dependent_typeINS_27__unique_ptr_deleter_sfinaeIS8_EEXT_EE20__good_rval_ref_typeE is safe zone — language guarantees apply
[2m[DEBUG][0m ZONE-SKIP: _ZNSt3__122__allocator_destructorINS_9allocatorIN4Json9OurReader9ErrorInfoEEEEC2B8ne210108ERS5_m is safe zone — language guarantees apply
[2m[DEBUG][0m ZONE-SKIP: _ZNSt3__114__split_bufferIPN4Json9OurReader9ErrorInfoERNS_9allocatorIS4_EEEC2EmmS7_ is safe zone — language guarantees apply
[2m[DEBUG][0m ZONE-SKIP: _ZNSt3__119__allocate_at_leastB8ne210108INS_9allocatorIPN4Json9OurReader9ErrorInfoEEEEENS_19__allocation_resultINS_16allocator_traitsIT_E7pointerEEERS9_m is safe zone — language guarantees apply
[2m[DEBUG][0m ZONE-SKIP: _ZNSt3__19allocatorIPN4Json9OurReader9ErrorInfoEE8allocateB8ne210108Em is safe zone — language guarantees apply
[2m[DEBUG][0m ZONE-SKIP: _ZNSt3__116allocator_traitsINS_9allocatorIPN4Json9OurReader9ErrorInfoEEEE8max_sizeB8ne210108IS6_TnNS_9enable_ifIX16__has_max_size_vIKT_EEiE4typeELi0EEEmRKS6_ is safe zone — language guarantees apply
[2m[DEBUG][0m ZONE-SKIP: _ZSt28__throw_bad_array_new_lengthB8ne210108v is safe zone — language guarantees apply
[2m[DEBUG][0m ZONE-SKIP: _ZNSt3__117__libcpp_allocateB8ne210108IPN4Json9OurReader9ErrorInfoEEEPT_NS_15__element_countEm is safe zone — language guarantees apply
[2m[DEBUG][0m ZONE-SKIP: _ZNKSt3__19allocatorIPN4Json9OurReader9ErrorInfoEE8max_sizeB8ne210108Ev is safe zone — language guarantees apply
[2m[DEBUG][0m ZONE-SKIP: _ZNSt3__13maxB8ne210108ImNS_6__lessIvvEEEERKT_S5_S5_T0_ is safe zone — language guarantees apply
[2m[DEBUG][0m ZONE-SKIP: _ZNKSt3__16__lessIvvEclB8ne210108ImmEEbRKT_RKT0_ is safe zone — language guarantees apply
[2m[DEBUG][0m ZONE-SKIP: _ZNSt3__19allocatorIN4Json9OurReader9ErrorInfoEE8allocateB8ne210108Em is safe zone — language guarantees apply
[2m[DEBUG][0m ZONE-SKIP: _ZNSt3__116allocator_traitsINS_9allocatorIN4Json9OurReader9ErrorInfoEEEE8max_sizeB8ne210108IS5_TnNS_9enable_ifIX16__has_max_size_vIKT_EEiE4typeELi0EEEmRKS5_ is safe zone — language guarantees apply
[2m[DEBUG][0m ZONE-SKIP: _ZNSt3__117__libcpp_allocateB8ne210108IN4Json9OurReader9ErrorInfoEEEPT_NS_15__element_countEm is safe zone — language guarantees apply
[2m[DEBUG][0m ZONE-SKIP: _ZNKSt3__19allocatorIN4Json9OurReader9ErrorInfoEE8max_sizeB8ne210108Ev is safe zone — language guarantees apply
[2m[DEBUG][0m ZONE-SKIP: _ZNSt3__114__split_bufferIPN4Json9OurReader9ErrorInfoENS_9allocatorIS4_EEE19__destruct_at_beginB8ne210108EPS4_ is safe zone — language guarantees apply
[2m[DEBUG][0m ZONE-SKIP: _ZNSt3__114__split_bufferIPN4Json9OurReader9ErrorInfoENS_9allocatorIS4_EEE19__destruct_at_beginEPS4_NS_17integral_constantIbLb1EEE is safe zone — language guarantees apply
[2m[DEBUG][0m ZONE-SKIP: _ZNKSt3__15dequeIN4Json9OurReader9ErrorInfoENS_9allocatorIS3_EEE10__capacityB8ne210108Ev is safe zone — language guarantees apply
[2m[DEBUG][0m ZONE-SKIP: _ZNSt3__112basic_stringIcNS_11char_traitsIcEENS_9allocatorIcEEEpLB8ne210108Ec is safe zone — language guarantees apply
[2m[DEBUG][0m ZONE-SKIP: _ZNSt3__16any_ofB8ne210108IPKcZN4Json9OurReader15containsNewLineES2_S2_E3$_0EEbT_S6_T0_ is safe zone — language guarantees apply
[2m[DEBUG][0m ZONE-SKIP: _ZNSt3__18__any_ofB8ne210108IPKcS2_NS_10__identityEZN4Json9OurReader15containsNewLineES2_S2_E3$_0EEbT_T0_RT2_RT1_ is safe zone — language guarantees apply
[2m[DEBUG][0m ZONE-SKIP: _ZNSt3__18__invokeB8ne210108IJRNS_10__identityERKcEEENS_20__invoke_result_implIvJDpT_EE4typeEDpOS6_ is safe zone — language guarantees apply
[2m[DEBUG][0m ZONE-SKIP: _ZNSt3__18__invokeB8ne210108IJRZN4Json9OurReader15containsNewLineEPKcS4_E3$_0RS3_EEENS_20__invoke_result_implIvJDpT_EE4typeEDpOS9_ is safe zone — language guarantees apply
[2m[DEBUG][0m ZONE-SKIP: _ZNKSt3__110__identityclB8ne210108IRKcEEOT_S5_ is safe zone — language guarantees apply
[2m[DEBUG][0m ZONE-SKIP: _ZNKSt3__15stackIPN4Json5ValueENS_5dequeIS3_NS_9allocatorIS3_EEEEE4sizeB8ne210108Ev is safe zone — language guarantees apply
[2m[DEBUG][0m ZONE-SKIP: _ZNSt3__114numeric_limitsIdE9quiet_NaNB8ne210108Ev is safe zone — language guarantees apply
[2m[DEBUG][0m ZONE-SKIP: _ZNSt3__114numeric_limitsIdE8infinityB8ne210108Ev is safe zone — language guarantees apply
[2m[DEBUG][0m ZONE-SKIP: _ZNSt3__123__libcpp_numeric_limitsIdLb1EE8infinityB8ne210108Ev is safe zone — language guarantees apply
[2m[DEBUG][0m ZONE-SKIP: _ZNSt3__123__libcpp_numeric_limitsIdLb1EE9quiet_NaNB8ne210108Ev is safe zone — language guarantees apply
[2m[DEBUG][0m ZONE-SKIP: _ZNSt3__112basic_stringIcNS_11char_traitsIcEENS_9allocatorIcEEE6resizeB8ne210108Em is safe zone — language guarantees apply
[2m[DEBUG][0m ZONE-SKIP: _ZNSt3__112basic_stringIcNS_11char_traitsIcEENS_9allocatorIcEEEixB8ne210108Em is safe zone — language guarantees apply
[2m[DEBUG][0m ZONE-SKIP: _ZNSt3__112basic_stringIcNS_11char_traitsIcEENS_9allocatorIcEEE13__fits_in_ssoB8ne210108Em is safe zone — language guarantees apply
[2m[DEBUG][0m ZONE-SKIP: _ZNSt3__112basic_stringIcNS_11char_traitsIcEENS_9allocatorIcEEE13__get_pointerB8ne210108Ev is safe zone — language guarantees apply
[2m[DEBUG][0m ZONE-SKIP: _ZNSt3__112basic_stringIcNS_11char_traitsIcEENS_9allocatorIcEEEC1B8ne210108IPKcTnNS_9enable_ifIXsr29__has_input_iterator_categoryIT_EE5valueEiE4typeELi0EEESA_SA_ is safe zone — language guarantees apply
[2m[DEBUG][0m ZONE-SKIP: _ZNSt3__119basic_istringstreamIcNS_11char_traitsIcEENS_9allocatorIcEEEC1B8ne210108ERKNS_12basic_stringIcS2_S4_EEj is safe zone — language guarantees apply
[2m[DEBUG][0m ZONE-SKIP: _ZNKSt3__19basic_iosIcNS_11char_traitsIcEEEntB8ne210108Ev is safe zone — language guarantees apply
[2m[DEBUG][0m ZONE-SKIP: _ZNSt3__119basic_istringstreamIcNS_11char_traitsIcEENS_9allocatorIcEEED1Ev is safe zone — language guarantees apply
[2m[DEBUG][0m ZONE-SKIP: _ZNSt3__119basic_istringstreamIcNS_11char_traitsIcEENS_9allocatorIcEEED2Ev is safe zone — language guarantees apply
[2m[DEBUG][0m ZONE-SKIP: _ZNSt3__115basic_stringbufIcNS_11char_traitsIcEENS_9allocatorIcEEED1Ev is safe zone — language guarantees apply
[2m[DEBUG][0m ZONE-SKIP: _ZNSt3__115basic_stringbufIcNS_11char_traitsIcEENS_9allocatorIcEEED2Ev is safe zone — language guarantees apply
[2m[DEBUG][0m ZONE-SKIP: _ZNKSt3__19basic_iosIcNS_11char_traitsIcEEE4failB8ne210108Ev is safe zone — language guarantees apply
[2m[DEBUG][0m ZONE-SKIP: _ZNKSt3__18ios_base4failB8ne210108Ev is safe zone — language guarantees apply
[2m[DEBUG][0m ZONE-SKIP: _ZNSt3__19basic_iosIcNS_11char_traitsIcEEEC2B8ne210108Ev is safe zone — language guarantees apply
[2m[DEBUG][0m ZONE-SKIP: _ZNSt3__113basic_istreamIcNS_11char_traitsIcEEEC2B8ne210108EPNS_15basic_streambufIcS2_EE is safe zone — language guarantees apply
[2m[DEBUG][0m ZONE-SKIP: _ZNSt3__115basic_stringbufIcNS_11char_traitsIcEENS_9allocatorIcEEEC1B8ne210108ERKNS_12basic_stringIcS2_S4_EEj is safe zone — language guarantees apply
[2m[DEBUG][0m ZONE-SKIP: _ZNSt3__115basic_stringbufIcNS_11char_traitsIcEENS_9allocatorIcEEEC2B8ne210108ERKNS_12basic_stringIcS2_S4_EEj is safe zone — language guarantees apply
[2m[DEBUG][0m ZONE-SKIP: _ZNKSt3__112basic_stringIcNS_11char_traitsIcEENS_9allocatorIcEEE13get_allocatorB8ne210108Ev is safe zone — language guarantees apply
[2m[DEBUG][0m ZONE-SKIP: _ZNSt3__112basic_stringIcNS_11char_traitsIcEENS_9allocatorIcEEEC1B8ne210108ERKS4_ is safe zone — language guarantees apply
[2m[DEBUG][0m ZONE-SKIP: _ZNSt3__112basic_stringIcNS_11char_traitsIcEENS_9allocatorIcEEEC2B8ne210108ERKS4_ is safe zone — language guarantees apply
[2m[DEBUG][0m ZONE-SKIP: _ZNSt3__19basic_iosIcNS_11char_traitsIcEEE4initB8ne210108EPNS_15basic_streambufIcS2_EE is safe zone — language guarantees apply
[2m[DEBUG][0m ZONE-SKIP: _ZNSt3__118_SentinelValueFillINS_11char_traitsIcEEE6__initB8ne210108Ev is safe zone — language guarantees apply
[2m[DEBUG][0m ZONE-SKIP: _ZNSt3__111char_traitsIcE3eofB8ne210108Ev is safe zone — language guarantees apply
[2m[DEBUG][0m ZONE-SKIP: _ZNSt3__18ios_baseC2B8ne210108Ev is safe zone — language guarantees apply
[2m[DEBUG][0m ZONE-SKIP: _ZNSt3__112basic_stringIcNS_11char_traitsIcEENS_9allocatorIcEEEC2B8ne210108IPKcTnNS_9enable_ifIXsr29__has_input_iterator_categoryIT_EE5valueEiE4typeELi0EEESA_SA_ is safe zone — language guarantees apply
[2m[DEBUG][0m ZONE-SKIP: _ZNSt3__112basic_stringIcNS_11char_traitsIcEENS_9allocatorIcEEE6__initIPKcTnNS_9enable_ifIXsr31__has_forward_iterator_categoryIT_EE5valueEiE4typeELi0EEEvSA_SA_ is safe zone — language guarantees apply
[2m[DEBUG][0m ZONE-SKIP: _ZNSt3__18distanceB8ne210108IPKcEENS_15iterator_traitsIT_E15difference_typeES4_S4_ is safe zone — language guarantees apply
[2m[DEBUG][0m ZONE-SKIP: _ZNSt3__112basic_stringIcNS_11char_traitsIcEENS_9allocatorIcEEE16__init_with_sizeB8ne210108IPKcS8_EEvT_T0_m is safe zone — language guarantees apply
[2m[DEBUG][0m ZONE-SKIP: _ZNKSt3__112basic_stringIcNS_11char_traitsIcEENS_9allocatorIcEEE8max_sizeB8ne210108Ev is safe zone — language guarantees apply
[2m[DEBUG][0m ZONE-SKIP: _ZNSt3__112basic_stringIcNS_11char_traitsIcEENS_9allocatorIcEEE20__throw_length_errorB8ne210108Ev is safe zone — language guarantees apply
[2m[DEBUG][0m ZONE-SKIP: _ZNSt3__112basic_stringIcNS_11char_traitsIcEENS_9allocatorIcEEE11__recommendB8ne210108Em is safe zone — language guarantees apply
[2m[DEBUG][0m ZONE-SKIP: _ZNSt3__119__allocate_at_leastB8ne210108INS_9allocatorIcEEEENS_19__allocation_resultINS_16allocator_traitsIT_E7pointerEEERS5_m is safe zone — language guarantees apply
[2m[DEBUG][0m ZONE-SKIP: _ZNSt3__112basic_stringIcNS_11char_traitsIcEENS_9allocatorIcEEE16__begin_lifetimeB8ne210108EPcm is safe zone — language guarantees apply
[2m[DEBUG][0m ZONE-SKIP: _ZNSt3__112basic_stringIcNS_11char_traitsIcEENS_9allocatorIcEEE18__set_long_pointerB8ne210108EPc is safe zone — language guarantees apply
[2m[DEBUG][0m ZONE-SKIP: _ZNSt3__112basic_stringIcNS_11char_traitsIcEENS_9allocatorIcEEE14__set_long_capB8ne210108Em is safe zone — language guarantees apply
[2m[DEBUG][0m ZONE-SKIP: _ZNSt3__112basic_stringIcNS_11char_traitsIcEENS_9allocatorIcEEE15__set_long_sizeB8ne210108Em is safe zone — language guarantees apply
[2m[DEBUG][0m ZONE-SKIP: _ZNSt3__112__to_addressB8ne210108IcEEPT_S2_ is safe zone — language guarantees apply
[2m[DEBUG][0m ZONE-SKIP: _ZNSt3__112basic_stringIcNS_11char_traitsIcEENS_9allocatorIcEEE28__copy_non_overlapping_rangeB8ne210108IPKcS8_EEPcT_T0_S9_ is safe zone — language guarantees apply
[2m[DEBUG][0m ZONE-SKIP: _ZNSt3__111char_traitsIcE4copyB8ne210108EPcPKcm is safe zone — language guarantees apply
[2m[DEBUG][0m ZONE-SKIP: _ZNSt3__119__constexpr_memmoveB8ne210108IcKcEEPT_S3_PT0_NS_15__element_countE is safe zone — language guarantees apply
[2m[DEBUG][0m ZONE-SKIP: _ZNSt3__19allocatorIcE8allocateB8ne210108Em is safe zone — language guarantees apply
[2m[DEBUG][0m ZONE-SKIP: _ZNSt3__116allocator_traitsINS_9allocatorIcEEE8max_sizeB8ne210108IS2_TnNS_9enable_ifIX16__has_max_size_vIKT_EEiE4typeELi0EEEmRKS2_ is safe zone — language guarantees apply
[2m[DEBUG][0m ZONE-SKIP: _ZNSt3__117__libcpp_allocateB8ne210108IcEEPT_NS_15__element_countEm is safe zone — language guarantees apply
[2m[DEBUG][0m ZONE-SKIP: _ZNKSt3__19allocatorIcE8max_sizeB8ne210108Ev is safe zone — language guarantees apply
[2m[DEBUG][0m ZONE-SKIP: _ZNSt3__112basic_stringIcNS_11char_traitsIcEENS_9allocatorIcEEE10__align_itB8ne210108ILm8EEEmm is safe zone — language guarantees apply
[2m[DEBUG][0m ZONE-SKIP: _ZNSt3__120__throw_length_errorB8ne210108EPKc is safe zone — language guarantees apply
[2m[DEBUG][0m ZONE-SKIP: _ZNSt12length_errorC1B8ne210108EPKc is safe zone — language guarantees apply
[2m[DEBUG][0m ZONE-SKIP: _ZNSt12length_errorC2B8ne210108EPKc is safe zone — language guarantees apply
[2m[DEBUG][0m ZONE-SKIP: _ZNSt3__114numeric_limitsImE3maxB8ne210108Ev is safe zone — language guarantees apply
[2m[DEBUG][0m ZONE-SKIP: _ZNSt3__123__libcpp_numeric_limitsImLb1EE3maxB8ne210108Ev is safe zone — language guarantees apply
[2m[DEBUG][0m ZONE-SKIP: _ZNSt3__110__distanceB8ne210108IPKcEENS_15iterator_traitsIT_E15difference_typeES4_S4_NS_26random_access_iterator_tagE is safe zone — language guarantees apply
[2m[DEBUG][0m ZONE-SKIP: _ZNSt3__15dequeIN4Json9OurReader9ErrorInfoENS_9allocatorIS3_EEE6resizeEm is safe zone — language guarantees apply
[2m[DEBUG][0m ZONE-SKIP: _ZNSt3__15dequeIN4Json9OurReader9ErrorInfoENS_9allocatorIS3_EEE8__appendEm is safe zone — language guarantees apply
[2m[DEBUG][0m ZONE-SKIP: _ZNSt3__15dequeIN4Json9OurReader9ErrorInfoENS_9allocatorIS3_EEE5beginB8ne210108Ev is safe zone — language guarantees apply
[2m[DEBUG][0m ZONE-SKIP: _ZNKSt3__116__deque_iteratorIN4Json9OurReader9ErrorInfoEPS3_RS3_PS4_lLl73EEplB8ne210108El is safe zone — language guarantees apply
[2m[DEBUG][0m ZONE-SKIP: _ZNSt3__116__deque_iteratorIN4Json9OurReader9ErrorInfoEPKS3_RS4_PKS5_lLl73EEC1B8ne210108IPS3_RS3_PSB_TnNS_9enable_ifIXsr14is_convertibleIT_S5_EE5valueEiE4typeELi0EEERKNS0_IS3_SF_T0_T1_lLl73EEE is safe zone — language guarantees apply
[2m[DEBUG][0m ZONE-SKIP: _ZNSt3__15dequeIN4Json9OurReader9ErrorInfoENS_9allocatorIS3_EEE14__erase_to_endENS_16__deque_iteratorIS3_PKS3_RS8_PKS9_lLl73EEE is safe zone — language guarantees apply
[2m[DEBUG][0m ZONE-SKIP: _ZNSt3__1miB8ne210108ERKNS_16__deque_iteratorIN4Json9OurReader9ErrorInfoEPKS3_RS4_PKS5_lLl73EEESB_ is safe zone — language guarantees apply
[2m[DEBUG][0m ZONE-SKIP: _ZNSt3__1neB8ne210108ERKNS_16__deque_iteratorIN4Json9OurReader9ErrorInfoEPS3_RS3_PS4_lLl73EEES9_ is safe zone — language guarantees apply
[2m[DEBUG][0m ZONE-SKIP: _ZNSt3__116allocator_traitsINS_9allocatorIN4Json9OurReader9ErrorInfoEEEE7destroyB8ne210108IS4_TnNS_9enable_ifIX15__has_destroy_vIS5_PT_EEiE4typeELi0EEEvRS5_SA_ is safe zone — language guarantees apply
[2m[DEBUG][0m ZONE-SKIP: _ZNSt3__116__deque_iteratorIN4Json9OurReader9ErrorInfoEPS3_RS3_PS4_lLl73EEppB8ne210108Ev is safe zone — language guarantees apply
[2m[DEBUG][0m ZONE-SKIP: _ZNKSt3__15dequeIN4Json9OurReader9ErrorInfoENS_9allocatorIS3_EEE22__annotate_shrink_backB8ne210108Emm is safe zone — language guarantees apply
[2m[DEBUG][0m ZONE-SKIP: _ZNSt3__15dequeIN4Json9OurReader9ErrorInfoENS_9allocatorIS3_EEE25__maybe_remove_back_spareB8ne210108Eb is safe zone — language guarantees apply
[2m[DEBUG][0m ZONE-SKIP: _ZNKSt3__15dequeIN4Json9OurReader9ErrorInfoENS_9allocatorIS3_EEE19__back_spare_blocksB8ne210108Ev is safe zone — language guarantees apply
[2m[DEBUG][0m ZONE-SKIP: _ZNSt3__114__split_bufferIPN4Json9OurReader9ErrorInfoENS_9allocatorIS4_EEE4backB8ne210108Ev is safe zone — language guarantees apply
[2m[DEBUG][0m ZONE-SKIP: _ZNSt3__114__split_bufferIPN4Json9OurReader9ErrorInfoENS_9allocatorIS4_EEE8pop_backB8ne210108Ev is safe zone — language guarantees apply
[2m[DEBUG][0m ZONE-SKIP: _ZNSt3__114__split_bufferIPN4Json9OurReader9ErrorInfoENS_9allocatorIS4_EEE17__destruct_at_endB8ne210108EPS4_ is safe zone — language guarantees apply
[2m[DEBUG][0m ZONE-SKIP: _ZNSt3__114__split_bufferIPN4Json9OurReader9ErrorInfoENS_9allocatorIS4_EEE17__destruct_at_endB8ne210108EPS4_NS_17integral_constantIbLb0EEE is safe zone — language guarantees apply
[2m[DEBUG][0m ZONE-SKIP: _ZNSt3__19allocatorIN4Json9OurReader9ErrorInfoEE7destroyB8ne210108EPS3_ is safe zone — language guarantees apply
[2m[DEBUG][0m ZONE-SKIP: _ZNSt3__1eqB8ne210108ERKNS_16__deque_iteratorIN4Json9OurReader9ErrorInfoEPS3_RS3_PS4_lLl73EEES9_ is safe zone — language guarantees apply
[2m[DEBUG][0m ZONE-SKIP: _ZNSt3__116__deque_iteratorIN4Json9OurReader9ErrorInfoEPKS3_RS4_PKS5_lLl73EEC2B8ne210108IPS3_RS3_PSB_TnNS_9enable_ifIXsr14is_convertibleIT_S5_EE5valueEiE4typeELi0EEERKNS0_IS3_SF_T0_T1_lLl73EEE is safe zone — language guarantees apply
[2m[DEBUG][0m ZONE-SKIP: _ZNSt3__116__deque_iteratorIN4Json9OurReader9ErrorInfoEPS3_RS3_PS4_lLl73EEpLB8ne210108El is safe zone — language guarantees apply
[2m[DEBUG][0m ZONE-SKIP: _ZNSt3__15dequeIN4Json9OurReader9ErrorInfoENS_9allocatorIS3_EEE19__add_back_capacityEm is safe zone — language guarantees apply
[2m[DEBUG][0m ZONE-SKIP: _ZNSt3__15dequeIN4Json9OurReader9ErrorInfoENS_9allocatorIS3_EEE13__deque_rangeC1B8ne210108ENS_16__deque_iteratorIS3_PS3_RS3_PS9_lLl73EEESC_ is safe zone — language guarantees apply
[2m[DEBUG][0m ZONE-SKIP: _ZNKSt3__15dequeIN4Json9OurReader9ErrorInfoENS_9allocatorIS3_EEE13__deque_range5beginB8ne210108Ev is safe zone — language guarantees apply
[2m[DEBUG][0m ZONE-SKIP: _ZNKSt3__15dequeIN4Json9OurReader9ErrorInfoENS_9allocatorIS3_EEE13__deque_range3endB8ne210108Ev is safe zone — language guarantees apply
[2m[DEBUG][0m ZONE-SKIP: _ZNSt3__1neB8ne210108ERKNS_5dequeIN4Json9OurReader9ErrorInfoENS_9allocatorIS3_EEE13__deque_rangeES9_ is safe zone — language guarantees apply
[2m[DEBUG][0m ZONE-SKIP: _ZNKSt3__15dequeIN4Json9OurReader9ErrorInfoENS_9allocatorIS3_EEE13__deque_rangedeB8ne210108Ev is safe zone — language guarantees apply
[2m[DEBUG][0m ZONE-SKIP: _ZNSt3__15dequeIN4Json9OurReader9ErrorInfoENS_9allocatorIS3_EEE21_ConstructTransactionC1B8ne210108EPS6_RNS6_19__deque_block_rangeE is safe zone — language guarantees apply
[2m[DEBUG][0m ZONE-SKIP: _ZNSt3__112__to_addressB8ne210108IN4Json9OurReader9ErrorInfoEEEPT_S5_ is safe zone — language guarantees apply
[2m[DEBUG][0m ZONE-SKIP: _ZNSt3__116allocator_traitsINS_9allocatorIN4Json9OurReader9ErrorInfoEEEE9constructB8ne210108IS4_JETnNS_9enable_ifIX17__has_construct_vIS5_PT_DpT0_EEiE4typeELi0EEEvRS5_SA_DpOSB_ is safe zone — language guarantees apply
[2m[DEBUG][0m ZONE-SKIP: _ZNSt3__15dequeIN4Json9OurReader9ErrorInfoENS_9allocatorIS3_EEE21_ConstructTransactionD1B8ne210108Ev is safe zone — language guarantees apply
[2m[DEBUG][0m ZONE-SKIP: _ZNSt3__15dequeIN4Json9OurReader9ErrorInfoENS_9allocatorIS3_EEE13__deque_rangeppB8ne210108Ev is safe zone — language guarantees apply
[2m[DEBUG][0m ZONE-SKIP: _ZNSt3__15dequeIN4Json9OurReader9ErrorInfoENS_9allocatorIS3_EEE21_ConstructTransactionD2B8ne210108Ev is safe zone — language guarantees apply
[2m[DEBUG][0m ZONE-SKIP: _ZNSt3__19allocatorIN4Json9OurReader9ErrorInfoEE9constructB8ne210108IS3_JEEEvPT_DpOT0_ is safe zone — language guarantees apply
[2m[DEBUG][0m ZONE-SKIP: _ZNSt3__15dequeIN4Json9OurReader9ErrorInfoENS_9allocatorIS3_EEE21_ConstructTransactionC2B8ne210108EPS6_RNS6_19__deque_block_rangeE is safe zone — language guarantees apply
[2m[DEBUG][0m ZONE-SKIP: _ZNSt3__15dequeIN4Json9OurReader9ErrorInfoENS_9allocatorIS3_EEE19__deque_block_rangeC1B8ne210108EPS3_S8_ is safe zone — language guarantees apply
[2m[DEBUG][0m ZONE-SKIP: _ZNSt3__15dequeIN4Json9OurReader9ErrorInfoENS_9allocatorIS3_EEE19__deque_block_rangeC2B8ne210108EPS3_S8_ is safe zone — language guarantees apply
[2m[DEBUG][0m ZONE-SKIP: _ZNSt3__1eqB8ne210108ERKNS_5dequeIN4Json9OurReader9ErrorInfoENS_9allocatorIS3_EEE13__deque_rangeES9_ is safe zone — language guarantees apply
[2m[DEBUG][0m ZONE-SKIP: _ZNSt3__15dequeIN4Json9OurReader9ErrorInfoENS_9allocatorIS3_EEE13__deque_rangeC2B8ne210108ENS_16__deque_iteratorIS3_PS3_RS3_PS9_lLl73EEESC_ is safe zone — language guarantees apply
[2m[DEBUG][0m ZONE-SKIP: _ZNSt3__15dequeIN4Json9OurReader9ErrorInfoENS_9allocatorIS3_EEE18__recommend_blocksB8ne210108Em is safe zone — language guarantees apply
[2m[DEBUG][0m ZONE-SKIP: _ZNSt3__13minB8ne210108ImEERKT_S3_S3_ is safe zone — language guarantees apply
[2m[DEBUG][0m ZONE-SKIP: _ZNSt3__114__split_bufferIPN4Json9OurReader9ErrorInfoERNS_9allocatorIS4_EEE4backB8ne210108Ev is safe zone — language guarantees apply
[2m[DEBUG][0m ZONE-SKIP: _ZNKSt3__15dequeIN4Json9OurReader9ErrorInfoENS_9allocatorIS3_EEE23__annotate_poison_blockB8ne210108EPKvS8_ is safe zone — language guarantees apply
[2m[DEBUG][0m ZONE-SKIP: _ZNKSt3__15dequeIN4Json9OurReader9ErrorInfoENS_9allocatorIS3_EEE17__annotate_deleteB8ne210108Ev is safe zone — language guarantees apply
[2m[DEBUG][0m ZONE-SKIP: _ZNSt3__114__split_bufferIPN4Json9OurReader9ErrorInfoERNS_9allocatorIS4_EEE5beginB8ne210108Ev is safe zone — language guarantees apply
[2m[DEBUG][0m ZONE-SKIP: _ZNSt3__114__split_bufferIPN4Json9OurReader9ErrorInfoERNS_9allocatorIS4_EEE3endB8ne210108Ev is safe zone — language guarantees apply
[2m[DEBUG][0m ZONE-SKIP: _ZNSt3__114__split_bufferIPN4Json9OurReader9ErrorInfoERNS_9allocatorIS4_EEE12emplace_backIJRS4_EEEvDpOT_ is safe zone — language guarantees apply
[2m[DEBUG][0m ZONE-SKIP: _ZNSt3__144__annotate_double_ended_contiguous_containerB8ne210108INS_9allocatorIN4Json9OurReader9ErrorInfoEEEEEvPKvS7_S7_S7_S7_S7_ is safe zone — language guarantees apply
[2m[DEBUG][0m ZONE-SKIP: _ZNSt3__13minB8ne210108ImNS_6__lessIvvEEEERKT_S5_S5_T0_ is safe zone — language guarantees apply
[2m[DEBUG][0m ZONE-SKIP: _ZNKSt3__112basic_stringIcNS_11char_traitsIcEENS_9allocatorIcEEE6lengthB8ne210108Ev is safe zone — language guarantees apply
[2m[DEBUG][0m ZONE-SKIP: _ZNSt3__15stackIPN4Json5ValueENS_5dequeIS3_NS_9allocatorIS3_EEEEE3topB8ne210108Ev is safe zone — language guarantees apply
[2m[DEBUG][0m ZONE-SKIP: _ZNSt3__15dequeIPN4Json5ValueENS_9allocatorIS3_EEE4backEv is safe zone — language guarantees apply
[2m[DEBUG][0m ZONE-SKIP: _ZNKSt3__15dequeIPN4Json5ValueENS_9allocatorIS3_EEE4sizeB8ne210108Ev is safe zone — language guarantees apply
[2m[DEBUG][0m ZONE-SKIP: _ZNSt3__114__split_bufferIPPN4Json5ValueENS_9allocatorIS4_EEE5beginB8ne210108Ev is safe zone — language guarantees apply
[2m[DEBUG][0m ZONE-SKIP: _ZNKSt3__15dequeIPN4Json5ValueENS_9allocatorIS3_EEE6__sizeB8ne210108Ev is safe zone — language guarantees apply
[2m[DEBUG][0m ZONE-SKIP: _ZNSt3__15dequeIPN4Json5ValueENS_9allocatorIS3_EEE9push_backEOS3_ is safe zone — language guarantees apply
[2m[DEBUG][0m ZONE-SKIP: _ZNSt3__15dequeIPN4Json5ValueENS_9allocatorIS3_EEE7__allocB8ne210108Ev is safe zone — language guarantees apply
[2m[DEBUG][0m ZONE-SKIP: _ZNKSt3__15dequeIPN4Json5ValueENS_9allocatorIS3_EEE12__back_spareB8ne210108Ev is safe zone — language guarantees apply
[2m[DEBUG][0m ZONE-SKIP: _ZNSt3__15dequeIPN4Json5ValueENS_9allocatorIS3_EEE19__add_back_capacityEv is safe zone — language guarantees apply
[2m[DEBUG][0m ZONE-SKIP: _ZNKSt3__15dequeIPN4Json5ValueENS_9allocatorIS3_EEE24__annotate_increase_backB8ne210108Em is safe zone — language guarantees apply
[2m[DEBUG][0m ZONE-SKIP: _ZNSt3__15dequeIPN4Json5ValueENS_9allocatorIS3_EEE3endB8ne210108Ev is safe zone — language guarantees apply
[2m[DEBUG][0m ZONE-SKIP: _ZNKSt3__116__deque_iteratorIPN4Json5ValueEPS3_RS3_PS4_lLl512EEdeB8ne210108Ev is safe zone — language guarantees apply
[2m[DEBUG][0m ZONE-SKIP: _ZNSt3__116allocator_traitsINS_9allocatorIPN4Json5ValueEEEE9constructB8ne210108IS4_JS4_ETnNS_9enable_ifIX17__has_construct_vIS5_PT_DpT0_EEiE4typeELi0EEEvRS5_SA_DpOSB_ is safe zone — language guarantees apply
[2m[DEBUG][0m ZONE-SKIP: _ZNSt3__15dequeIPN4Json5ValueENS_9allocatorIS3_EEE6__sizeB8ne210108Ev is safe zone — language guarantees apply
[2m[DEBUG][0m ZONE-SKIP: _ZNSt3__19allocatorIPN4Json5ValueEE9constructB8ne210108IS3_JS3_EEEvPT_DpOT0_ is safe zone — language guarantees apply
[2m[DEBUG][0m ZONE-SKIP: _ZNKSt3__114__split_bufferIPPN4Json5ValueENS_9allocatorIS4_EEE5emptyB8ne210108Ev is safe zone — language guarantees apply
[2m[DEBUG][0m ZONE-SKIP: _ZNSt3__116__deque_iteratorIPN4Json5ValueEPS3_RS3_PS4_lLl512EEC1B8ne210108ES6_S4_ is safe zone — language guarantees apply
[2m[DEBUG][0m ZONE-SKIP: _ZNSt3__116__deque_iteratorIPN4Json5ValueEPS3_RS3_PS4_lLl512EEC2B8ne210108ES6_S4_ is safe zone — language guarantees apply
[2m[DEBUG][0m ZONE-SKIP: _ZNKSt3__15dequeIPN4Json5ValueENS_9allocatorIS3_EEE13__front_spareB8ne210108Ev is safe zone — language guarantees apply
[2m[DEBUG][0m ZONE-SKIP: _ZNSt3__114__split_bufferIPPN4Json5ValueENS_9allocatorIS4_EEE5frontB8ne210108Ev is safe zone — language guarantees apply
[2m[DEBUG][0m ZONE-SKIP: _ZNSt3__114__split_bufferIPPN4Json5ValueENS_9allocatorIS4_EEE9pop_frontB8ne210108Ev is safe zone — language guarantees apply
[2m[DEBUG][0m ZONE-SKIP: _ZNSt3__114__split_bufferIPPN4Json5ValueENS_9allocatorIS4_EEE12emplace_backIJRS4_EEEvDpOT_ is safe zone — language guarantees apply
[2m[DEBUG][0m ZONE-SKIP: _ZNKSt3__114__split_bufferIPPN4Json5ValueENS_9allocatorIS4_EEE4sizeB8ne210108Ev is safe zone — language guarantees apply
[2m[DEBUG][0m ZONE-SKIP: _ZNKSt3__114__split_bufferIPPN4Json5ValueENS_9allocatorIS4_EEE8capacityB8ne210108Ev is safe zone — language guarantees apply
[2m[DEBUG][0m ZONE-SKIP: _ZNKSt3__114__split_bufferIPPN4Json5ValueENS_9allocatorIS4_EEE12__back_spareB8ne210108Ev is safe zone — language guarantees apply
[2m[DEBUG][0m ZONE-SKIP: _ZNSt3__116allocator_traitsINS_9allocatorIPN4Json5ValueEEEE8allocateB8ne210108ERS5_m is safe zone — language guarantees apply
[2m[DEBUG][0m ZONE-SKIP: _ZNSt3__114__split_bufferIPPN4Json5ValueENS_9allocatorIS4_EEE12emplace_backIJS4_EEEvDpOT_ is safe zone — language guarantees apply
[2m[DEBUG][0m ZONE-SKIP: _ZNSt3__114__split_bufferIPPN4Json5ValueENS_9allocatorIS4_EEE13emplace_frontIJS4_EEEvDpOT_ is safe zone — language guarantees apply
[2m[DEBUG][0m ZONE-SKIP: _ZNKSt3__15dequeIPN4Json5ValueENS_9allocatorIS3_EEE22__annotate_whole_blockB8ne210108EmNS6_22__asan_annotation_typeE is safe zone — language guarantees apply
[2m[DEBUG][0m ZONE-SKIP: _ZNSt3__114__split_bufferIPPN4Json5ValueERNS_9allocatorIS4_EEEC1EmmS7_ is safe zone — language guarantees apply
[2m[DEBUG][0m ZONE-SKIP: _ZNSt3__122__allocator_destructorINS_9allocatorIPN4Json5ValueEEEEC1B8ne210108ERS5_m is safe zone — language guarantees apply
[2m[DEBUG][0m ZONE-SKIP: _ZNSt3__110unique_ptrIPPN4Json5ValueENS_22__allocator_destructorINS_9allocatorIS3_EEEEEC1B8ne210108ILb1EvEES4_NS_16__dependent_typeINS_27__unique_ptr_deleter_sfinaeIS8_EEXT_EE20__good_rval_ref_typeE is safe zone — language guarantees apply
[2m[DEBUG][0m ZONE-SKIP: _ZNKSt3__110unique_ptrIPPN4Json5ValueENS_22__allocator_destructorINS_9allocatorIS3_EEEEE3getB8ne210108Ev is safe zone — language guarantees apply
[2m[DEBUG][0m ZONE-SKIP: _ZNSt3__114__split_bufferIPPN4Json5ValueERNS_9allocatorIS4_EEE12emplace_backIJS4_EEEvDpOT_ is safe zone — language guarantees apply
[2m[DEBUG][0m ZONE-SKIP: _ZNSt3__110unique_ptrIPPN4Json5ValueENS_22__allocator_destructorINS_9allocatorIS3_EEEEE7releaseB8ne210108Ev is safe zone — language guarantees apply
[2m[DEBUG][0m ZONE-SKIP: _ZNSt3__114__split_bufferIPPN4Json5ValueENS_9allocatorIS4_EEE3endB8ne210108Ev is safe zone — language guarantees apply
[2m[DEBUG][0m ZONE-SKIP: _ZNSt3__114__split_bufferIPPN4Json5ValueERNS_9allocatorIS4_EEE13emplace_frontIJRS4_EEEvDpOT_ is safe zone — language guarantees apply
[2m[DEBUG][0m ZONE-SKIP: _ZNSt3__110unique_ptrIPPN4Json5ValueENS_22__allocator_destructorINS_9allocatorIS3_EEEEED1B8ne210108Ev is safe zone — language guarantees apply
[2m[DEBUG][0m ZONE-SKIP: _ZNSt3__14swapB8ne210108IPPPN4Json5ValueEEENS_9enable_ifIXaasr21is_move_constructibleIT_EE5valuesr18is_move_assignableIS7_EE5valueEvE4typeERS7_SA_ is safe zone — language guarantees apply
[2m[DEBUG][0m ZONE-SKIP: _ZNSt3__114__split_bufferIPPN4Json5ValueERNS_9allocatorIS4_EEED1Ev is safe zone — language guarantees apply
[2m[DEBUG][0m ZONE-SKIP: _ZNSt3__114__split_bufferIPPN4Json5ValueERNS_9allocatorIS4_EEED2Ev is safe zone — language guarantees apply
[2m[DEBUG][0m ZONE-SKIP: _ZNSt3__114__split_bufferIPPN4Json5ValueERNS_9allocatorIS4_EEE5clearB8ne210108Ev is safe zone — language guarantees apply
[2m[DEBUG][0m ZONE-SKIP: _ZNKSt3__114__split_bufferIPPN4Json5ValueERNS_9allocatorIS4_EEE8capacityB8ne210108Ev is safe zone — language guarantees apply
[2m[DEBUG][0m ZONE-SKIP: _ZNSt3__116allocator_traitsINS_9allocatorIPPN4Json5ValueEEEE10deallocateB8ne210108ERS6_PS5_m is safe zone — language guarantees apply
[2m[DEBUG][0m ZONE-SKIP: _ZNSt3__19allocatorIPPN4Json5ValueEE10deallocateB8ne210108EPS4_m is safe zone — language guarantees apply
[2m[DEBUG][0m ZONE-SKIP: _ZNSt3__119__libcpp_deallocateB8ne210108IPPN4Json5ValueEEEvPNS_15__type_identityIT_E4typeENS_15__element_countEm is safe zone — language guarantees apply
[2m[DEBUG][0m ZONE-SKIP: _ZNSt3__114__split_bufferIPPN4Json5ValueERNS_9allocatorIS4_EEE17__destruct_at_endB8ne210108EPS4_ is safe zone — language guarantees apply
[2m[DEBUG][0m ZONE-SKIP: _ZNSt3__114__split_bufferIPPN4Json5ValueERNS_9allocatorIS4_EEE17__destruct_at_endB8ne210108EPS4_NS_17integral_constantIbLb0EEE is safe zone — language guarantees apply
[2m[DEBUG][0m ZONE-SKIP: _ZNSt3__112__to_addressB8ne210108IPPN4Json5ValueEEEPT_S6_ is safe zone — language guarantees apply
[2m[DEBUG][0m ZONE-SKIP: _ZNSt3__116allocator_traitsINS_9allocatorIPPN4Json5ValueEEEE7destroyB8ne210108IS5_TnNS_9enable_ifIX15__has_destroy_vIS6_PT_EEiE4typeELi0EEEvRS6_SB_ is safe zone — language guarantees apply
[2m[DEBUG][0m ZONE-SKIP: _ZNSt3__19allocatorIPPN4Json5ValueEE7destroyB8ne210108EPS4_ is safe zone — language guarantees apply
[2m[DEBUG][0m ZONE-SKIP: _ZNSt3__110unique_ptrIPPN4Json5ValueENS_22__allocator_destructorINS_9allocatorIS3_EEEEED2B8ne210108Ev is safe zone — language guarantees apply
[2m[DEBUG][0m ZONE-SKIP: _ZNSt3__110unique_ptrIPPN4Json5ValueENS_22__allocator_destructorINS_9allocatorIS3_EEEEE5resetB8ne210108ES4_ is safe zone — language guarantees apply
[2m[DEBUG][0m ZONE-SKIP: _ZNSt3__122__allocator_destructorINS_9allocatorIPN4Json5ValueEEEEclB8ne210108EPS4_ is safe zone — language guarantees apply
[2m[DEBUG][0m ZONE-SKIP: _ZNSt3__116allocator_traitsINS_9allocatorIPN4Json5ValueEEEE10deallocateB8ne210108ERS5_PS4_m is safe zone — language guarantees apply
[2m[DEBUG][0m ZONE-SKIP: _ZNSt3__19allocatorIPN4Json5ValueEE10deallocateB8ne210108EPS3_m is safe zone — language guarantees apply
[2m[DEBUG][0m ZONE-SKIP: _ZNSt3__119__libcpp_deallocateB8ne210108IPN4Json5ValueEEEvPNS_15__type_identityIT_E4typeENS_15__element_countEm is safe zone — language guarantees apply
[2m[DEBUG][0m ZONE-SKIP: _ZNSt3__113move_backwardB8ne210108IPPPN4Json5ValueES5_EET0_T_S7_S6_ is safe zone — language guarantees apply
[2m[DEBUG][0m ZONE-SKIP: _ZNSt3__113move_iteratorIPPPN4Json5ValueEEC1B8ne210108ES5_ is safe zone — language guarantees apply
[2m[DEBUG][0m ZONE-SKIP: _ZNSt3__114__split_bufferIPPN4Json5ValueERNS_9allocatorIS4_EEE18__construct_at_endINS_13move_iteratorIPS4_EETnNS_9enable_ifIXsr31__has_forward_iterator_categoryIT_EE5valueEiE4typeELi0EEEvSE_SE_ is safe zone — language guarantees apply
[2m[DEBUG][0m ZONE-SKIP: _ZNSt3__116allocator_traitsINS_9allocatorIPPN4Json5ValueEEEE9constructB8ne210108IS5_JRS5_ETnNS_9enable_ifIX17__has_construct_vIS6_PT_DpT0_EEiE4typeELi0EEEvRS6_SC_DpOSD_ is safe zone — language guarantees apply
[2m[DEBUG][0m ZONE-SKIP: _ZNSt3__19allocatorIPPN4Json5ValueEE9constructB8ne210108IS4_JRS4_EEEvPT_DpOT0_ is safe zone — language guarantees apply
[2m[DEBUG][0m ZONE-SKIP: _ZNSt3__18distanceB8ne210108INS_13move_iteratorIPPPN4Json5ValueEEEEENS_15iterator_traitsIT_E15difference_typeES9_S9_ is safe zone — language guarantees apply
[2m[DEBUG][0m ZONE-SKIP: _ZNSt3__114__split_bufferIPPN4Json5ValueERNS_9allocatorIS4_EEE28__construct_at_end_with_sizeINS_13move_iteratorIPS4_EEEEvT_m is safe zone — language guarantees apply
[2m[DEBUG][0m ZONE-SKIP: _ZNSt3__114__split_bufferIPPN4Json5ValueERNS_9allocatorIS4_EEE21_ConstructTransactionC1B8ne210108EPPS4_m is safe zone — language guarantees apply
[2m[DEBUG][0m ZONE-SKIP: _ZNKSt3__113move_iteratorIPPPN4Json5ValueEEdeB8ne210108Ev is safe zone — language guarantees apply
[2m[DEBUG][0m ZONE-SKIP: _ZNSt3__116allocator_traitsINS_9allocatorIPPN4Json5ValueEEEE9constructB8ne210108IS5_JS5_ETnNS_9enable_ifIX17__has_construct_vIS6_PT_DpT0_EEiE4typeELi0EEEvRS6_SB_DpOSC_ is safe zone — language guarantees apply
[2m[DEBUG][0m ZONE-SKIP: _ZNSt3__113move_iteratorIPPPN4Json5ValueEEppB8ne210108Ev is safe zone — language guarantees apply
[2m[DEBUG][0m ZONE-SKIP: _ZNSt3__114__split_bufferIPPN4Json5ValueERNS_9allocatorIS4_EEE21_ConstructTransactionD1B8ne210108Ev is safe zone — language guarantees apply
[2m[DEBUG][0m ZONE-SKIP: _ZNSt3__114__split_bufferIPPN4Json5ValueERNS_9allocatorIS4_EEE21_ConstructTransactionD2B8ne210108Ev is safe zone — language guarantees apply
[2m[DEBUG][0m ZONE-SKIP: _ZNSt3__19allocatorIPPN4Json5ValueEE9constructB8ne210108IS4_JS4_EEEvPT_DpOT0_ is safe zone — language guarantees apply
[2m[DEBUG][0m ZONE-SKIP: _ZNSt3__114__split_bufferIPPN4Json5ValueERNS_9allocatorIS4_EEE21_ConstructTransactionC2B8ne210108EPPS4_m is safe zone — language guarantees apply
[2m[DEBUG][0m ZONE-SKIP: _ZNSt3__110__distanceB8ne210108INS_13move_iteratorIPPPN4Json5ValueEEEEENS_15iterator_traitsIT_E15difference_typeES9_S9_NS_26random_access_iterator_tagE is safe zone — language guarantees apply
[2m[DEBUG][0m ZONE-SKIP: _ZNSt3__1miB8ne210108IPPPN4Json5ValueES5_EEDTmicldtfp_4baseEcldtfp0_4baseEERKNS_13move_iteratorIT_EERKNS7_IT0_EE is safe zone — language guarantees apply
[2m[DEBUG][0m ZONE-SKIP: _ZNKSt3__113move_iteratorIPPPN4Json5ValueEE4baseB8ne210108Ev is safe zone — language guarantees apply
[2m[DEBUG][0m ZONE-SKIP: _ZNSt3__113move_iteratorIPPPN4Json5ValueEEC2B8ne210108ES5_ is safe zone — language guarantees apply
[2m[DEBUG][0m ZONE-SKIP: _ZNSt3__115__move_backwardB8ne210108INS_17_ClassicAlgPolicyEPPPN4Json5ValueES6_S6_EENS_4pairIT0_T2_EES8_T1_S9_ is safe zone — language guarantees apply
[2m[DEBUG][0m ZONE-SKIP: _ZNSt3__124__copy_move_unwrap_itersB8ne210108INS_20__move_backward_implINS_17_ClassicAlgPolicyEEEPPPN4Json5ValueES8_S8_TnNS_9enable_ifIXsr12__can_rewrapIT0_T2_EE5valueEiE4typeELi0EEENS_4pairISA_SB_EESA_T1_SB_ is safe zone — language guarantees apply
[2m[DEBUG][0m ZONE-SKIP: _ZNSt3__114__unwrap_rangeB8ne210108IPPPN4Json5ValueES5_EENS_4pairIT0_S7_EET_S9_ is safe zone — language guarantees apply
[2m[DEBUG][0m ZONE-SKIP: _ZNSt3__113__unwrap_iterB8ne210108IPPPN4Json5ValueENS_18__unwrap_iter_implIS5_Lb1EEETnNS_9enable_ifIXsr21is_copy_constructibleIT_EE5valueEiE4typeELi0EEEDTclsrT0_8__unwrapclsr3stdE7declvalIS9_EEEES9_ is safe zone — language guarantees apply
[2m[DEBUG][0m ZONE-SKIP: _ZNKSt3__120__move_backward_implINS_17_ClassicAlgPolicyEEclB8ne210108IPPN4Json5ValueES7_TnNS_9enable_ifIXsr38__can_lower_move_assignment_to_memmoveIT_T0_EE5valueEiE4typeELi0EEENS_4pairIPS9_PSA_EESE_SE_SF_ is safe zone — language guarantees apply
[2m[DEBUG][0m ZONE-SKIP: _ZNSt3__114__rewrap_rangeB8ne210108IPPPN4Json5ValueES5_EET_S6_T0_ is safe zone — language guarantees apply
[2m[DEBUG][0m ZONE-SKIP: _ZNSt3__113__rewrap_iterB8ne210108IPPPN4Json5ValueES5_NS_18__unwrap_iter_implIS5_Lb1EEEEET_S8_T0_ is safe zone — language guarantees apply
[2m[DEBUG][0m ZONE-SKIP: _ZNSt3__19make_pairB8ne210108IPPPN4Json5ValueES5_EENS_4pairINS_18__unwrap_referenceIu7__decayIT_EE4typeENS7_Iu7__decayIT0_EE4typeEEEOS8_OSC_ is safe zone — language guarantees apply
[2m[DEBUG][0m ZONE-SKIP: _ZNSt3__14pairIPPPN4Json5ValueES5_EC1B8ne210108IS5_S5_TnNS_9enable_ifIXclsr25__check_pair_constructionIS5_S5_EE23__is_pair_constructibleIT_T0_EEEiE4typeELi0EEEOS9_OSA_ is safe zone — language guarantees apply
[2m[DEBUG][0m ZONE-SKIP: _ZNSt3__14pairIPPPN4Json5ValueES5_EC2B8ne210108IS5_S5_TnNS_9enable_ifIXclsr25__check_pair_constructionIS5_S5_EE23__is_pair_constructibleIT_T0_EEEiE4typeELi0EEEOS9_OSA_ is safe zone — language guarantees apply
[2m[DEBUG][0m ZONE-SKIP: _ZNSt3__118__unwrap_iter_implIPPPN4Json5ValueELb1EE8__rewrapB8ne210108ES5_S5_ is safe zone — language guarantees apply
[2m[DEBUG][0m ZONE-SKIP: _ZNSt3__128__copy_backward_trivial_implB8ne210108IPPN4Json5ValueES4_EENS_4pairIPT_PT0_EES7_S7_S9_ is safe zone — language guarantees apply
[2m[DEBUG][0m ZONE-SKIP: _ZNSt3__119__constexpr_memmoveB8ne210108IPPN4Json5ValueES4_EEPT_S6_PT0_NS_15__element_countE is safe zone — language guarantees apply
[2m[DEBUG][0m ZONE-SKIP: _ZNSt3__19make_pairB8ne210108IRPPPN4Json5ValueES6_EENS_4pairINS_18__unwrap_referenceIu7__decayIT_EE4typeENS8_Iu7__decayIT0_EE4typeEEEOS9_OSD_ is safe zone — language guarantees apply
[2m[DEBUG][0m ZONE-SKIP: _ZNSt3__14pairIPPPN4Json5ValueES5_EC1B8ne210108IRS5_S8_TnNS_9enable_ifIXclsr25__check_pair_constructionIS5_S5_EE23__is_pair_constructibleIT_T0_EEEiE4typeELi0EEEOSA_OSB_ is safe zone — language guarantees apply
[2m[DEBUG][0m ZONE-SKIP: _ZNSt3__14pairIPPPN4Json5ValueES5_EC2B8ne210108IRS5_S8_TnNS_9enable_ifIXclsr25__check_pair_constructionIS5_S5_EE23__is_pair_constructibleIT_T0_EEEiE4typeELi0EEEOSA_OSB_ is safe zone — language guarantees apply
[2m[DEBUG][0m ZONE-SKIP: _ZNSt3__118__unwrap_iter_implIPPPN4Json5ValueELb1EE8__unwrapB8ne210108ES5_ is safe zone — language guarantees apply
[2m[DEBUG][0m ZONE-SKIP: _ZNSt3__14moveB8ne210108IPPPN4Json5ValueES5_EET0_T_S7_S6_ is safe zone — language guarantees apply
[2m[DEBUG][0m ZONE-SKIP: _ZNSt3__16__moveB8ne210108INS_17_ClassicAlgPolicyEPPPN4Json5ValueES6_S6_EENS_4pairIT0_T2_EES8_T1_S9_ is safe zone — language guarantees apply
[2m[DEBUG][0m ZONE-SKIP: _ZNSt3__124__copy_move_unwrap_itersB8ne210108INS_11__move_implINS_17_ClassicAlgPolicyEEEPPPN4Json5ValueES8_S8_TnNS_9enable_ifIXsr12__can_rewrapIT0_T2_EE5valueEiE4typeELi0EEENS_4pairISA_SB_EESA_T1_SB_ is safe zone — language guarantees apply
[2m[DEBUG][0m ZONE-SKIP: _ZNKSt3__111__move_implINS_17_ClassicAlgPolicyEEclB8ne210108IPPN4Json5ValueES7_TnNS_9enable_ifIXsr38__can_lower_move_assignment_to_memmoveIT_T0_EE5valueEiE4typeELi0EEENS_4pairIPS9_PSA_EESE_SE_SF_ is safe zone — language guarantees apply
[2m[DEBUG][0m ZONE-SKIP: _ZNSt3__119__copy_trivial_implB8ne210108IPPN4Json5ValueES4_EENS_4pairIPT_PT0_EES7_S7_S9_ is safe zone — language guarantees apply
[2m[DEBUG][0m ZONE-SKIP: _ZNSt3__19make_pairB8ne210108IRPPPN4Json5ValueES5_EENS_4pairINS_18__unwrap_referenceIu7__decayIT_EE4typeENS8_Iu7__decayIT0_EE4typeEEEOS9_OSD_ is safe zone — language guarantees apply
[2m[DEBUG][0m ZONE-SKIP: _ZNSt3__14pairIPPPN4Json5ValueES5_EC1B8ne210108IRS5_S5_TnNS_9enable_ifIXclsr25__check_pair_constructionIS5_S5_EE23__is_pair_constructibleIT_T0_EEEiE4typeELi0EEEOSA_OSB_ is safe zone — language guarantees apply
[2m[DEBUG][0m ZONE-SKIP: _ZNSt3__14pairIPPPN4Json5ValueES5_EC2B8ne210108IRS5_S5_TnNS_9enable_ifIXclsr25__check_pair_constructionIS5_S5_EE23__is_pair_constructibleIT_T0_EEEiE4typeELi0EEEOSA_OSB_ is safe zone — language guarantees apply
[2m[DEBUG][0m ZONE-SKIP: _ZNSt3__110unique_ptrIPPN4Json5ValueENS_22__allocator_destructorINS_9allocatorIS3_EEEEEC2B8ne210108ILb1EvEES4_NS_16__dependent_typeINS_27__unique_ptr_deleter_sfinaeIS8_EEXT_EE20__good_rval_ref_typeE is safe zone — language guarantees apply
[2m[DEBUG][0m ZONE-SKIP: _ZNSt3__122__allocator_destructorINS_9allocatorIPN4Json5ValueEEEEC2B8ne210108ERS5_m is safe zone — language guarantees apply
[2m[DEBUG][0m ZONE-SKIP: _ZNSt3__114__split_bufferIPPN4Json5ValueERNS_9allocatorIS4_EEEC2EmmS7_ is safe zone — language guarantees apply
[2m[DEBUG][0m ZONE-SKIP: _ZNSt3__119__allocate_at_leastB8ne210108INS_9allocatorIPPN4Json5ValueEEEEENS_19__allocation_resultINS_16allocator_traitsIT_E7pointerEEERS9_m is safe zone — language guarantees apply
[2m[DEBUG][0m ZONE-SKIP: _ZNSt3__19allocatorIPPN4Json5ValueEE8allocateB8ne210108Em is safe zone — language guarantees apply
[2m[DEBUG][0m ZONE-SKIP: _ZNSt3__116allocator_traitsINS_9allocatorIPPN4Json5ValueEEEE8max_sizeB8ne210108IS6_TnNS_9enable_ifIX16__has_max_size_vIKT_EEiE4typeELi0EEEmRKS6_ is safe zone — language guarantees apply
[2m[DEBUG][0m ZONE-SKIP: _ZNSt3__117__libcpp_allocateB8ne210108IPPN4Json5ValueEEEPT_NS_15__element_countEm is safe zone — language guarantees apply
[2m[DEBUG][0m ZONE-SKIP: _ZNKSt3__19allocatorIPPN4Json5ValueEE8max_sizeB8ne210108Ev is safe zone — language guarantees apply
[2m[DEBUG][0m ZONE-SKIP: _ZNSt3__19allocatorIPN4Json5ValueEE8allocateB8ne210108Em is safe zone — language guarantees apply
[2m[DEBUG][0m ZONE-SKIP: _ZNSt3__116allocator_traitsINS_9allocatorIPN4Json5ValueEEEE8max_sizeB8ne210108IS5_TnNS_9enable_ifIX16__has_max_size_vIKT_EEiE4typeELi0EEEmRKS5_ is safe zone — language guarantees apply
[2m[DEBUG][0m ZONE-SKIP: _ZNSt3__117__libcpp_allocateB8ne210108IPN4Json5ValueEEEPT_NS_15__element_countEm is safe zone — language guarantees apply
[2m[DEBUG][0m ZONE-SKIP: _ZNKSt3__19allocatorIPN4Json5ValueEE8max_sizeB8ne210108Ev is safe zone — language guarantees apply
[2m[DEBUG][0m ZONE-SKIP: _ZNSt3__114__split_bufferIPPN4Json5ValueENS_9allocatorIS4_EEE19__destruct_at_beginB8ne210108EPS4_ is safe zone — language guarantees apply
[2m[DEBUG][0m ZONE-SKIP: _ZNSt3__114__split_bufferIPPN4Json5ValueENS_9allocatorIS4_EEE19__destruct_at_beginEPS4_NS_17integral_constantIbLb1EEE is safe zone — language guarantees apply
[2m[DEBUG][0m ZONE-SKIP: _ZNKSt3__15dequeIPN4Json5ValueENS_9allocatorIS3_EEE10__capacityB8ne210108Ev is safe zone — language guarantees apply
[2m[DEBUG][0m ZONE-SKIP: _ZNSt3__15dequeIPN4Json5ValueENS_9allocatorIS3_EEE8pop_backEv is safe zone — language guarantees apply
[2m[DEBUG][0m ZONE-SKIP: _ZNSt3__112__to_addressB8ne210108IPN4Json5ValueEEEPT_S5_ is safe zone — language guarantees apply
[2m[DEBUG][0m ZONE-SKIP: _ZNSt3__116allocator_traitsINS_9allocatorIPN4Json5ValueEEEE7destroyB8ne210108IS4_TnNS_9enable_ifIX15__has_destroy_vIS5_PT_EEiE4typeELi0EEEvRS5_SA_ is safe zone — language guarantees apply
[2m[DEBUG][0m ZONE-SKIP: _ZNKSt3__15dequeIPN4Json5ValueENS_9allocatorIS3_EEE22__annotate_shrink_backB8ne210108Emm is safe zone — language guarantees apply
[2m[DEBUG][0m ZONE-SKIP: _ZNSt3__15dequeIPN4Json5ValueENS_9allocatorIS3_EEE25__maybe_remove_back_spareB8ne210108Eb is safe zone — language guarantees apply
[2m[DEBUG][0m ZONE-SKIP: _ZNKSt3__15dequeIPN4Json5ValueENS_9allocatorIS3_EEE19__back_spare_blocksB8ne210108Ev is safe zone — language guarantees apply
[2m[DEBUG][0m ZONE-SKIP: _ZNSt3__114__split_bufferIPPN4Json5ValueENS_9allocatorIS4_EEE4backB8ne210108Ev is safe zone — language guarantees apply
[2m[DEBUG][0m ZONE-SKIP: _ZNSt3__114__split_bufferIPPN4Json5ValueENS_9allocatorIS4_EEE8pop_backB8ne210108Ev is safe zone — language guarantees apply
[2m[DEBUG][0m ZONE-SKIP: _ZNSt3__114__split_bufferIPPN4Json5ValueENS_9allocatorIS4_EEE17__destruct_at_endB8ne210108EPS4_ is safe zone — language guarantees apply
[2m[DEBUG][0m ZONE-SKIP: _ZNSt3__114__split_bufferIPPN4Json5ValueENS_9allocatorIS4_EEE17__destruct_at_endB8ne210108EPS4_NS_17integral_constantIbLb0EEE is safe zone — language guarantees apply
[2m[DEBUG][0m ZONE-SKIP: _ZNSt3__19allocatorIPN4Json5ValueEE7destroyB8ne210108EPS3_ is safe zone — language guarantees apply
[2m[DEBUG][0m ZONE-SKIP: _ZNKSt3__15dequeIPN4Json5ValueENS_9allocatorIS3_EEE5emptyB8ne210108Ev is safe zone — language guarantees apply
[2m[DEBUG][0m ZONE-SKIP: _ZN4Json10CharReaderD2Ev is safe zone — language guarantees apply
[2m[DEBUG][0m ZONE-SKIP: _ZNSt3__15dequeIN4Json9OurReader9ErrorInfoENS_9allocatorIS3_EEED1B8ne210108Ev is safe zone — language guarantees apply
[2m[DEBUG][0m ZONE-SKIP: _ZNSt3__15stackIPN4Json5ValueENS_5dequeIS3_NS_9allocatorIS3_EEEEED1Ev is safe zone — language guarantees apply
[2m[DEBUG][0m ZONE-SKIP: _ZNSt3__15stackIPN4Json5ValueENS_5dequeIS3_NS_9allocatorIS3_EEEEED2Ev is safe zone — language guarantees apply
[2m[DEBUG][0m ZONE-SKIP: _ZNSt3__15dequeIPN4Json5ValueENS_9allocatorIS3_EEED1B8ne210108Ev is safe zone — language guarantees apply
[2m[DEBUG][0m ZONE-SKIP: _ZNSt3__15dequeIPN4Json5ValueENS_9allocatorIS3_EEED2B8ne210108Ev is safe zone — language guarantees apply
[2m[DEBUG][0m ZONE-SKIP: _ZNSt3__15dequeIPN4Json5ValueENS_9allocatorIS3_EEE5clearEv is safe zone — language guarantees apply
[2m[DEBUG][0m ZONE-SKIP: _ZNKSt3__15dequeIPN4Json5ValueENS_9allocatorIS3_EEE17__annotate_deleteB8ne210108Ev is safe zone — language guarantees apply
[2m[DEBUG][0m ZONE-SKIP: _ZNSt3__114__split_bufferIPPN4Json5ValueENS_9allocatorIS4_EEED1Ev is safe zone — language guarantees apply
[2m[DEBUG][0m ZONE-SKIP: _ZNSt3__114__split_bufferIPPN4Json5ValueENS_9allocatorIS4_EEED2Ev is safe zone — language guarantees apply
[2m[DEBUG][0m ZONE-SKIP: _ZNSt3__114__split_bufferIPPN4Json5ValueENS_9allocatorIS4_EEE5clearB8ne210108Ev is safe zone — language guarantees apply
[2m[DEBUG][0m ZONE-SKIP: _ZNSt3__15dequeIPN4Json5ValueENS_9allocatorIS3_EEE5beginB8ne210108Ev is safe zone — language guarantees apply
[2m[DEBUG][0m ZONE-SKIP: _ZNSt3__1neB8ne210108ERKNS_16__deque_iteratorIPN4Json5ValueEPS3_RS3_PS4_lLl512EEES9_ is safe zone — language guarantees apply
[2m[DEBUG][0m ZONE-SKIP: _ZNSt3__116__deque_iteratorIPN4Json5ValueEPS3_RS3_PS4_lLl512EEppB8ne210108Ev is safe zone — language guarantees apply
[2m[DEBUG][0m ZONE-SKIP: _ZNSt3__1eqB8ne210108ERKNS_16__deque_iteratorIPN4Json5ValueEPS3_RS3_PS4_lLl512EEES9_ is safe zone — language guarantees apply
[2m[DEBUG][0m ZONE-SKIP: _ZNSt3__15dequeIN4Json9OurReader9ErrorInfoENS_9allocatorIS3_EEED2B8ne210108Ev is safe zone — language guarantees apply
[2m[DEBUG][0m ZONE-SKIP: _ZNSt3__114__split_bufferIPN4Json9OurReader9ErrorInfoENS_9allocatorIS4_EEED1Ev is safe zone — language guarantees apply
[2m[DEBUG][0m ZONE-SKIP: _ZNSt3__114__split_bufferIPN4Json9OurReader9ErrorInfoENS_9allocatorIS4_EEED2Ev is safe zone — language guarantees apply
[2m[DEBUG][0m ZONE-SKIP: _ZNSt3__114__split_bufferIPN4Json9OurReader9ErrorInfoENS_9allocatorIS4_EEE5clearB8ne210108Ev is safe zone — language guarantees apply
[2m[DEBUG][0m ZONE-SKIP: _ZN4Json10CharReaderD1Ev is safe zone — language guarantees apply
[2m[DEBUG][0m ZONE-SKIP: _ZN4Json10CharReaderD0Ev is safe zone — language guarantees apply
[2m[DEBUG][0m ZONE-SKIP: _ZN4Json10CharReader7FactoryD2Ev is safe zone — language guarantees apply
[2m[DEBUG][0m ZONE-SKIP: _ZNSt3__16any_ofB8ne210108IPKcZN4Json6Reader15containsNewLineES2_S2_E3$_0EEbT_S6_T0_ is safe zone — language guarantees apply
[2m[DEBUG][0m ZONE-SKIP: _ZNSt3__18__any_ofB8ne210108IPKcS2_NS_10__identityEZN4Json6Reader15containsNewLineES2_S2_E3$_0EEbT_T0_RT2_RT1_ is safe zone — language guarantees apply
[2m[DEBUG][0m ZONE-SKIP: _ZNSt3__18__invokeB8ne210108IJRZN4Json6Reader15containsNewLineEPKcS4_E3$_0RS3_EEENS_20__invoke_result_implIvJDpT_EE4typeEDpOS9_ is safe zone — language guarantees apply
[2m[DEBUG][0m ZONE-SKIP: _ZNSt3__15dequeIN4Json6Reader9ErrorInfoENS_9allocatorIS3_EEEC1B8ne210108Ev is safe zone — language guarantees apply
[2m[DEBUG][0m ZONE-SKIP: _ZNSt3__15dequeIN4Json6Reader9ErrorInfoENS_9allocatorIS3_EEEC2B8ne210108Ev is safe zone — language guarantees apply
[2m[DEBUG][0m ZONE-SKIP: _ZNSt3__114__split_bufferIPN4Json6Reader9ErrorInfoENS_9allocatorIS4_EEEC1B8ne210108Ev is safe zone — language guarantees apply
[2m[DEBUG][0m ZONE-SKIP: _ZNSt3__19allocatorIN4Json6Reader9ErrorInfoEEC1B8ne210108Ev is safe zone — language guarantees apply
[2m[DEBUG][0m ZONE-SKIP: _ZNKSt3__15dequeIN4Json6Reader9ErrorInfoENS_9allocatorIS3_EEE14__annotate_newB8ne210108Em is safe zone — language guarantees apply
[2m[DEBUG][0m ZONE-SKIP: _ZNSt3__19allocatorIN4Json6Reader9ErrorInfoEEC2B8ne210108Ev is safe zone — language guarantees apply
[2m[DEBUG][0m ZONE-SKIP: _ZNSt3__116__non_trivial_ifILb1ENS_9allocatorIN4Json6Reader9ErrorInfoEEEEC2B8ne210108Ev is safe zone — language guarantees apply
[2m[DEBUG][0m ZONE-SKIP: _ZNSt3__114__split_bufferIPN4Json6Reader9ErrorInfoENS_9allocatorIS4_EEEC2B8ne210108Ev is safe zone — language guarantees apply
[2m[DEBUG][0m ZONE-SKIP: _ZNSt3__19allocatorIPN4Json6Reader9ErrorInfoEEC1B8ne210108Ev is safe zone — language guarantees apply
[2m[DEBUG][0m ZONE-SKIP: _ZNSt3__19allocatorIPN4Json6Reader9ErrorInfoEEC2B8ne210108Ev is safe zone — language guarantees apply
[2m[DEBUG][0m ZONE-SKIP: _ZNSt3__116__non_trivial_ifILb1ENS_9allocatorIPN4Json6Reader9ErrorInfoEEEEC2B8ne210108Ev is safe zone — language guarantees apply
[2m[DEBUG][0m ZONE-SKIP: _ZNKSt3__112basic_stringIcNS_11char_traitsIcEENS_9allocatorIcEEE5beginB8ne210108Ev is safe zone — language guarantees apply
[2m[DEBUG][0m ZONE-SKIP: _ZNKSt3__112basic_stringIcNS_11char_traitsIcEENS_9allocatorIcEEE3endB8ne210108Ev is safe zone — language guarantees apply
[2m[DEBUG][0m ZONE-SKIP: _ZNSt3__112basic_stringIcNS_11char_traitsIcEENS_9allocatorIcEEE6assignB8ne210108INS_11__wrap_iterIPKcEETnNS_9enable_ifIXsr31__has_forward_iterator_categoryIT_EE5valueEiE4typeELi0EEERS5_SC_SC_ is safe zone — language guarantees apply
[2m[DEBUG][0m ZONE-SKIP: _ZNKSt3__112basic_stringIcNS_11char_traitsIcEENS_9allocatorIcEEE5c_strB8ne210108Ev is safe zone — language guarantees apply
[2m[DEBUG][0m ZONE-SKIP: _ZNSt3__15dequeIN4Json6Reader9ErrorInfoENS_9allocatorIS3_EEE5clearEv is safe zone — language guarantees apply
[2m[DEBUG][0m ZONE-SKIP: _ZN4Json6Reader9ErrorInfoC1Ev is safe zone — language guarantees apply
[2m[DEBUG][0m ZONE-SKIP: _ZNSt3__15dequeIN4Json6Reader9ErrorInfoENS_9allocatorIS3_EEE9push_backERKS3_ is safe zone — language guarantees apply
[2m[DEBUG][0m ZONE-SKIP: _ZN4Json6Reader9ErrorInfoD1Ev is safe zone — language guarantees apply
[2m[DEBUG][0m ZONE-SKIP: _ZN4Json6Reader9ErrorInfoD2Ev is safe zone — language guarantees apply
[2m[DEBUG][0m ZONE-SKIP: _ZNSt3__15dequeIN4Json6Reader9ErrorInfoENS_9allocatorIS3_EEE7__allocB8ne210108Ev is safe zone — language guarantees apply
[2m[DEBUG][0m ZONE-SKIP: _ZNKSt3__15dequeIN4Json6Reader9ErrorInfoENS_9allocatorIS3_EEE12__back_spareB8ne210108Ev is safe zone — language guarantees apply
[2m[DEBUG][0m ZONE-SKIP: _ZNSt3__15dequeIN4Json6Reader9ErrorInfoENS_9allocatorIS3_EEE19__add_back_capacityEv is safe zone — language guarantees apply
[2m[DEBUG][0m ZONE-SKIP: _ZNKSt3__15dequeIN4Json6Reader9ErrorInfoENS_9allocatorIS3_EEE24__annotate_increase_backB8ne210108Em is safe zone — language guarantees apply
[2m[DEBUG][0m ZONE-SKIP: _ZNSt3__15dequeIN4Json6Reader9ErrorInfoENS_9allocatorIS3_EEE3endB8ne210108Ev is safe zone — language guarantees apply
[2m[DEBUG][0m ZONE-SKIP: _ZNKSt3__116__deque_iteratorIN4Json6Reader9ErrorInfoEPS3_RS3_PS4_lLl73EEdeB8ne210108Ev is safe zone — language guarantees apply
[2m[DEBUG][0m ZONE-SKIP: _ZNSt3__116allocator_traitsINS_9allocatorIN4Json6Reader9ErrorInfoEEEE9constructB8ne210108IS4_JRKS4_ETnNS_9enable_ifIX17__has_construct_vIS5_PT_DpT0_EEiE4typeELi0EEEvRS5_SC_DpOSD_ is safe zone — language guarantees apply
[2m[DEBUG][0m ZONE-SKIP: _ZNSt3__15dequeIN4Json6Reader9ErrorInfoENS_9allocatorIS3_EEE6__sizeB8ne210108Ev is safe zone — language guarantees apply
[2m[DEBUG][0m ZONE-SKIP: _ZNSt3__19allocatorIN4Json6Reader9ErrorInfoEE9constructB8ne210108IS3_JRKS3_EEEvPT_DpOT0_ is safe zone — language guarantees apply
[2m[DEBUG][0m ZONE-SKIP: _ZN4Json6Reader9ErrorInfoC1ERKS1_ is safe zone — language guarantees apply
[2m[DEBUG][0m ZONE-SKIP: _ZN4Json6Reader9ErrorInfoC2ERKS1_ is safe zone — language guarantees apply
[2m[DEBUG][0m ZONE-SKIP: _ZNKSt3__15dequeIN4Json6Reader9ErrorInfoENS_9allocatorIS3_EEE4sizeB8ne210108Ev is safe zone — language guarantees apply
[2m[DEBUG][0m ZONE-SKIP: _ZNSt3__114__split_bufferIPN4Json6Reader9ErrorInfoENS_9allocatorIS4_EEE5beginB8ne210108Ev is safe zone — language guarantees apply
[2m[DEBUG][0m ZONE-SKIP: _ZNKSt3__114__split_bufferIPN4Json6Reader9ErrorInfoENS_9allocatorIS4_EEE5emptyB8ne210108Ev is safe zone — language guarantees apply
[2m[DEBUG][0m ZONE-SKIP: _ZNSt3__116__deque_iteratorIN4Json6Reader9ErrorInfoEPS3_RS3_PS4_lLl73EEC1B8ne210108ES6_S4_ is safe zone — language guarantees apply
[2m[DEBUG][0m ZONE-SKIP: _ZNSt3__116__deque_iteratorIN4Json6Reader9ErrorInfoEPS3_RS3_PS4_lLl73EEC2B8ne210108ES6_S4_ is safe zone — language guarantees apply
[2m[DEBUG][0m ZONE-SKIP: _ZNKSt3__15dequeIN4Json6Reader9ErrorInfoENS_9allocatorIS3_EEE6__sizeB8ne210108Ev is safe zone — language guarantees apply
[2m[DEBUG][0m ZONE-SKIP: _ZNKSt3__15dequeIN4Json6Reader9ErrorInfoENS_9allocatorIS3_EEE13__front_spareB8ne210108Ev is safe zone — language guarantees apply
[2m[DEBUG][0m ZONE-SKIP: _ZNSt3__114__split_bufferIPN4Json6Reader9ErrorInfoENS_9allocatorIS4_EEE5frontB8ne210108Ev is safe zone — language guarantees apply
[2m[DEBUG][0m ZONE-SKIP: _ZNSt3__114__split_bufferIPN4Json6Reader9ErrorInfoENS_9allocatorIS4_EEE9pop_frontB8ne210108Ev is safe zone — language guarantees apply
[2m[DEBUG][0m ZONE-SKIP: _ZNSt3__114__split_bufferIPN4Json6Reader9ErrorInfoENS_9allocatorIS4_EEE12emplace_backIJRS4_EEEvDpOT_ is safe zone — language guarantees apply
[2m[DEBUG][0m ZONE-SKIP: _ZNKSt3__114__split_bufferIPN4Json6Reader9ErrorInfoENS_9allocatorIS4_EEE4sizeB8ne210108Ev is safe zone — language guarantees apply
[2m[DEBUG][0m ZONE-SKIP: _ZNKSt3__114__split_bufferIPN4Json6Reader9ErrorInfoENS_9allocatorIS4_EEE8capacityB8ne210108Ev is safe zone — language guarantees apply
[2m[DEBUG][0m ZONE-SKIP: _ZNKSt3__114__split_bufferIPN4Json6Reader9ErrorInfoENS_9allocatorIS4_EEE12__back_spareB8ne210108Ev is safe zone — language guarantees apply
[2m[DEBUG][0m ZONE-SKIP: _ZNSt3__116allocator_traitsINS_9allocatorIN4Json6Reader9ErrorInfoEEEE8allocateB8ne210108ERS5_m is safe zone — language guarantees apply
[2m[DEBUG][0m ZONE-SKIP: _ZNSt3__114__split_bufferIPN4Json6Reader9ErrorInfoENS_9allocatorIS4_EEE12emplace_backIJS4_EEEvDpOT_ is safe zone — language guarantees apply
[2m[DEBUG][0m ZONE-SKIP: _ZNSt3__114__split_bufferIPN4Json6Reader9ErrorInfoENS_9allocatorIS4_EEE13emplace_frontIJS4_EEEvDpOT_ is safe zone — language guarantees apply
[2m[DEBUG][0m ZONE-SKIP: _ZNKSt3__15dequeIN4Json6Reader9ErrorInfoENS_9allocatorIS3_EEE22__annotate_whole_blockB8ne210108EmNS6_22__asan_annotation_typeE is safe zone — language guarantees apply
[2m[DEBUG][0m ZONE-SKIP: _ZNSt3__114__split_bufferIPN4Json6Reader9ErrorInfoERNS_9allocatorIS4_EEEC1EmmS7_ is safe zone — language guarantees apply
[2m[DEBUG][0m ZONE-SKIP: _ZNSt3__122__allocator_destructorINS_9allocatorIN4Json6Reader9ErrorInfoEEEEC1B8ne210108ERS5_m is safe zone — language guarantees apply
[2m[DEBUG][0m ZONE-SKIP: _ZNSt3__110unique_ptrIPN4Json6Reader9ErrorInfoENS_22__allocator_destructorINS_9allocatorIS3_EEEEEC1B8ne210108ILb1EvEES4_NS_16__dependent_typeINS_27__unique_ptr_deleter_sfinaeIS8_EEXT_EE20__good_rval_ref_typeE is safe zone — language guarantees apply
[2m[DEBUG][0m ZONE-SKIP: _ZNKSt3__110unique_ptrIPN4Json6Reader9ErrorInfoENS_22__allocator_destructorINS_9allocatorIS3_EEEEE3getB8ne210108Ev is safe zone — language guarantees apply
[2m[DEBUG][0m ZONE-SKIP: _ZNSt3__114__split_bufferIPN4Json6Reader9ErrorInfoERNS_9allocatorIS4_EEE12emplace_backIJS4_EEEvDpOT_ is safe zone — language guarantees apply
[2m[DEBUG][0m ZONE-SKIP: _ZNSt3__110unique_ptrIPN4Json6Reader9ErrorInfoENS_22__allocator_destructorINS_9allocatorIS3_EEEEE7releaseB8ne210108Ev is safe zone — language guarantees apply
[2m[DEBUG][0m ZONE-SKIP: _ZNSt3__114__split_bufferIPN4Json6Reader9ErrorInfoENS_9allocatorIS4_EEE3endB8ne210108Ev is safe zone — language guarantees apply
[2m[DEBUG][0m ZONE-SKIP: _ZNSt3__114__split_bufferIPN4Json6Reader9ErrorInfoERNS_9allocatorIS4_EEE13emplace_frontIJRS4_EEEvDpOT_ is safe zone — language guarantees apply
[2m[DEBUG][0m ZONE-SKIP: _ZNSt3__110unique_ptrIPN4Json6Reader9ErrorInfoENS_22__allocator_destructorINS_9allocatorIS3_EEEEED1B8ne210108Ev is safe zone — language guarantees apply
[2m[DEBUG][0m ZONE-SKIP: _ZNSt3__14swapB8ne210108IPPN4Json6Reader9ErrorInfoEEENS_9enable_ifIXaasr21is_move_constructibleIT_EE5valuesr18is_move_assignableIS7_EE5valueEvE4typeERS7_SA_ is safe zone — language guarantees apply
[2m[DEBUG][0m ZONE-SKIP: _ZNSt3__114__split_bufferIPN4Json6Reader9ErrorInfoERNS_9allocatorIS4_EEED1Ev is safe zone — language guarantees apply
[2m[DEBUG][0m ZONE-SKIP: _ZNSt3__114__split_bufferIPN4Json6Reader9ErrorInfoERNS_9allocatorIS4_EEED2Ev is safe zone — language guarantees apply
[2m[DEBUG][0m ZONE-SKIP: _ZNSt3__114__split_bufferIPN4Json6Reader9ErrorInfoERNS_9allocatorIS4_EEE5clearB8ne210108Ev is safe zone — language guarantees apply
[2m[DEBUG][0m ZONE-SKIP: _ZNKSt3__114__split_bufferIPN4Json6Reader9ErrorInfoERNS_9allocatorIS4_EEE8capacityB8ne210108Ev is safe zone — language guarantees apply
[2m[DEBUG][0m ZONE-SKIP: _ZNSt3__116allocator_traitsINS_9allocatorIPN4Json6Reader9ErrorInfoEEEE10deallocateB8ne210108ERS6_PS5_m is safe zone — language guarantees apply
[2m[DEBUG][0m ZONE-SKIP: _ZNSt3__19allocatorIPN4Json6Reader9ErrorInfoEE10deallocateB8ne210108EPS4_m is safe zone — language guarantees apply
[2m[DEBUG][0m ZONE-SKIP: _ZNSt3__119__libcpp_deallocateB8ne210108IPN4Json6Reader9ErrorInfoEEEvPNS_15__type_identityIT_E4typeENS_15__element_countEm is safe zone — language guarantees apply
[2m[DEBUG][0m ZONE-SKIP: _ZNSt3__114__split_bufferIPN4Json6Reader9ErrorInfoERNS_9allocatorIS4_EEE17__destruct_at_endB8ne210108EPS4_ is safe zone — language guarantees apply
[2m[DEBUG][0m ZONE-SKIP: _ZNSt3__114__split_bufferIPN4Json6Reader9ErrorInfoERNS_9allocatorIS4_EEE17__destruct_at_endB8ne210108EPS4_NS_17integral_constantIbLb0EEE is safe zone — language guarantees apply
[2m[DEBUG][0m ZONE-SKIP: _ZNSt3__112__to_addressB8ne210108IPN4Json6Reader9ErrorInfoEEEPT_S6_ is safe zone — language guarantees apply
[2m[DEBUG][0m ZONE-SKIP: _ZNSt3__116allocator_traitsINS_9allocatorIPN4Json6Reader9ErrorInfoEEEE7destroyB8ne210108IS5_TnNS_9enable_ifIX15__has_destroy_vIS6_PT_EEiE4typeELi0EEEvRS6_SB_ is safe zone — language guarantees apply
[2m[DEBUG][0m ZONE-SKIP: _ZNSt3__19allocatorIPN4Json6Reader9ErrorInfoEE7destroyB8ne210108EPS4_ is safe zone — language guarantees apply
[2m[DEBUG][0m ZONE-SKIP: _ZNSt3__110unique_ptrIPN4Json6Reader9ErrorInfoENS_22__allocator_destructorINS_9allocatorIS3_EEEEED2B8ne210108Ev is safe zone — language guarantees apply
[2m[DEBUG][0m ZONE-SKIP: _ZNSt3__110unique_ptrIPN4Json6Reader9ErrorInfoENS_22__allocator_destructorINS_9allocatorIS3_EEEEE5resetB8ne210108ES4_ is safe zone — language guarantees apply
[2m[DEBUG][0m ZONE-SKIP: _ZNSt3__122__allocator_destructorINS_9allocatorIN4Json6Reader9ErrorInfoEEEEclB8ne210108EPS4_ is safe zone — language guarantees apply
[2m[DEBUG][0m ZONE-SKIP: _ZNSt3__116allocator_traitsINS_9allocatorIN4Json6Reader9ErrorInfoEEEE10deallocateB8ne210108ERS5_PS4_m is safe zone — language guarantees apply
[2m[DEBUG][0m ZONE-SKIP: _ZNSt3__19allocatorIN4Json6Reader9ErrorInfoEE10deallocateB8ne210108EPS3_m is safe zone — language guarantees apply
[2m[DEBUG][0m ZONE-SKIP: _ZNSt3__119__libcpp_deallocateB8ne210108IN4Json6Reader9ErrorInfoEEEvPNS_15__type_identityIT_E4typeENS_15__element_countEm is safe zone — language guarantees apply
[2m[DEBUG][0m ZONE-SKIP: _ZNSt3__113move_backwardB8ne210108IPPN4Json6Reader9ErrorInfoES5_EET0_T_S7_S6_ is safe zone — language guarantees apply
[2m[DEBUG][0m ZONE-SKIP: _ZNSt3__113move_iteratorIPPN4Json6Reader9ErrorInfoEEC1B8ne210108ES5_ is safe zone — language guarantees apply
[2m[DEBUG][0m ZONE-SKIP: _ZNSt3__114__split_bufferIPN4Json6Reader9ErrorInfoERNS_9allocatorIS4_EEE18__construct_at_endINS_13move_iteratorIPS4_EETnNS_9enable_ifIXsr31__has_forward_iterator_categoryIT_EE5valueEiE4typeELi0EEEvSE_SE_ is safe zone — language guarantees apply
[2m[DEBUG][0m ZONE-SKIP: _ZNSt3__116allocator_traitsINS_9allocatorIPN4Json6Reader9ErrorInfoEEEE9constructB8ne210108IS5_JRS5_ETnNS_9enable_ifIX17__has_construct_vIS6_PT_DpT0_EEiE4typeELi0EEEvRS6_SC_DpOSD_ is safe zone — language guarantees apply
[2m[DEBUG][0m ZONE-SKIP: _ZNSt3__19allocatorIPN4Json6Reader9ErrorInfoEE9constructB8ne210108IS4_JRS4_EEEvPT_DpOT0_ is safe zone — language guarantees apply
[2m[DEBUG][0m ZONE-SKIP: _ZNSt3__18distanceB8ne210108INS_13move_iteratorIPPN4Json6Reader9ErrorInfoEEEEENS_15iterator_traitsIT_E15difference_typeES9_S9_ is safe zone — language guarantees apply
[2m[DEBUG][0m ZONE-SKIP: _ZNSt3__114__split_bufferIPN4Json6Reader9ErrorInfoERNS_9allocatorIS4_EEE28__construct_at_end_with_sizeINS_13move_iteratorIPS4_EEEEvT_m is safe zone — language guarantees apply
[2m[DEBUG][0m ZONE-SKIP: _ZNSt3__114__split_bufferIPN4Json6Reader9ErrorInfoERNS_9allocatorIS4_EEE21_ConstructTransactionC1B8ne210108EPPS4_m is safe zone — language guarantees apply
[2m[DEBUG][0m ZONE-SKIP: _ZNKSt3__113move_iteratorIPPN4Json6Reader9ErrorInfoEEdeB8ne210108Ev is safe zone — language guarantees apply
[2m[DEBUG][0m ZONE-SKIP: _ZNSt3__116allocator_traitsINS_9allocatorIPN4Json6Reader9ErrorInfoEEEE9constructB8ne210108IS5_JS5_ETnNS_9enable_ifIX17__has_construct_vIS6_PT_DpT0_EEiE4typeELi0EEEvRS6_SB_DpOSC_ is safe zone — language guarantees apply
[2m[DEBUG][0m ZONE-SKIP: _ZNSt3__113move_iteratorIPPN4Json6Reader9ErrorInfoEEppB8ne210108Ev is safe zone — language guarantees apply
[2m[DEBUG][0m ZONE-SKIP: _ZNSt3__114__split_bufferIPN4Json6Reader9ErrorInfoERNS_9allocatorIS4_EEE21_ConstructTransactionD1B8ne210108Ev is safe zone — language guarantees apply
[2m[DEBUG][0m ZONE-SKIP: _ZNSt3__114__split_bufferIPN4Json6Reader9ErrorInfoERNS_9allocatorIS4_EEE21_ConstructTransactionD2B8ne210108Ev is safe zone — language guarantees apply
[2m[DEBUG][0m ZONE-SKIP: _ZNSt3__19allocatorIPN4Json6Reader9ErrorInfoEE9constructB8ne210108IS4_JS4_EEEvPT_DpOT0_ is safe zone — language guarantees apply
[2m[DEBUG][0m ZONE-SKIP: _ZNSt3__114__split_bufferIPN4Json6Reader9ErrorInfoERNS_9allocatorIS4_EEE21_ConstructTransactionC2B8ne210108EPPS4_m is safe zone — language guarantees apply
[2m[DEBUG][0m ZONE-SKIP: _ZNSt3__110__distanceB8ne210108INS_13move_iteratorIPPN4Json6Reader9ErrorInfoEEEEENS_15iterator_traitsIT_E15difference_typeES9_S9_NS_26random_access_iterator_tagE is safe zone — language guarantees apply
[2m[DEBUG][0m ZONE-SKIP: _ZNSt3__1miB8ne210108IPPN4Json6Reader9ErrorInfoES5_EEDTmicldtfp_4baseEcldtfp0_4baseEERKNS_13move_iteratorIT_EERKNS7_IT0_EE is safe zone — language guarantees apply
[2m[DEBUG][0m ZONE-SKIP: _ZNKSt3__113move_iteratorIPPN4Json6Reader9ErrorInfoEE4baseB8ne210108Ev is safe zone — language guarantees apply
[2m[DEBUG][0m ZONE-SKIP: _ZNSt3__113move_iteratorIPPN4Json6Reader9ErrorInfoEEC2B8ne210108ES5_ is safe zone — language guarantees apply
[2m[DEBUG][0m ZONE-SKIP: _ZNSt3__115__move_backwardB8ne210108INS_17_ClassicAlgPolicyEPPN4Json6Reader9ErrorInfoES6_S6_EENS_4pairIT0_T2_EES8_T1_S9_ is safe zone — language guarantees apply
[2m[DEBUG][0m ZONE-SKIP: _ZNSt3__124__copy_move_unwrap_itersB8ne210108INS_20__move_backward_implINS_17_ClassicAlgPolicyEEEPPN4Json6Reader9ErrorInfoES8_S8_TnNS_9enable_ifIXsr12__can_rewrapIT0_T2_EE5valueEiE4typeELi0EEENS_4pairISA_SB_EESA_T1_SB_ is safe zone — language guarantees apply
[2m[DEBUG][0m ZONE-SKIP: _ZNSt3__114__unwrap_rangeB8ne210108IPPN4Json6Reader9ErrorInfoES5_EENS_4pairIT0_S7_EET_S9_ is safe zone — language guarantees apply
[2m[DEBUG][0m ZONE-SKIP: _ZNSt3__113__unwrap_iterB8ne210108IPPN4Json6Reader9ErrorInfoENS_18__unwrap_iter_implIS5_Lb1EEETnNS_9enable_ifIXsr21is_copy_constructibleIT_EE5valueEiE4typeELi0EEEDTclsrT0_8__unwrapclsr3stdE7declvalIS9_EEEES9_ is safe zone — language guarantees apply
[2m[DEBUG][0m ZONE-SKIP: _ZNKSt3__120__move_backward_implINS_17_ClassicAlgPolicyEEclB8ne210108IPN4Json6Reader9ErrorInfoES7_TnNS_9enable_ifIXsr38__can_lower_move_assignment_to_memmoveIT_T0_EE5valueEiE4typeELi0EEENS_4pairIPS9_PSA_EESE_SE_SF_ is safe zone — language guarantees apply
[2m[DEBUG][0m ZONE-SKIP: _ZNSt3__114__rewrap_rangeB8ne210108IPPN4Json6Reader9ErrorInfoES5_EET_S6_T0_ is safe zone — language guarantees apply
[2m[DEBUG][0m ZONE-SKIP: _ZNSt3__113__rewrap_iterB8ne210108IPPN4Json6Reader9ErrorInfoES5_NS_18__unwrap_iter_implIS5_Lb1EEEEET_S8_T0_ is safe zone — language guarantees apply
[2m[DEBUG][0m ZONE-SKIP: _ZNSt3__19make_pairB8ne210108IPPN4Json6Reader9ErrorInfoES5_EENS_4pairINS_18__unwrap_referenceIu7__decayIT_EE4typeENS7_Iu7__decayIT0_EE4typeEEEOS8_OSC_ is safe zone — language guarantees apply
[2m[DEBUG][0m ZONE-SKIP: _ZNSt3__14pairIPPN4Json6Reader9ErrorInfoES5_EC1B8ne210108IS5_S5_TnNS_9enable_ifIXclsr25__check_pair_constructionIS5_S5_EE23__is_pair_constructibleIT_T0_EEEiE4typeELi0EEEOS9_OSA_ is safe zone — language guarantees apply
[2m[DEBUG][0m ZONE-SKIP: _ZNSt3__14pairIPPN4Json6Reader9ErrorInfoES5_EC2B8ne210108IS5_S5_TnNS_9enable_ifIXclsr25__check_pair_constructionIS5_S5_EE23__is_pair_constructibleIT_T0_EEEiE4typeELi0EEEOS9_OSA_ is safe zone — language guarantees apply
[2m[DEBUG][0m ZONE-SKIP: _ZNSt3__118__unwrap_iter_implIPPN4Json6Reader9ErrorInfoELb1EE8__rewrapB8ne210108ES5_S5_ is safe zone — language guarantees apply
[2m[DEBUG][0m ZONE-SKIP: _ZNSt3__128__copy_backward_trivial_implB8ne210108IPN4Json6Reader9ErrorInfoES4_EENS_4pairIPT_PT0_EES7_S7_S9_ is safe zone — language guarantees apply
[2m[DEBUG][0m ZONE-SKIP: _ZNSt3__119__constexpr_memmoveB8ne210108IPN4Json6Reader9ErrorInfoES4_EEPT_S6_PT0_NS_15__element_countE is safe zone — language guarantees apply
[2m[DEBUG][0m ZONE-SKIP: _ZNSt3__19make_pairB8ne210108IRPPN4Json6Reader9ErrorInfoES6_EENS_4pairINS_18__unwrap_referenceIu7__decayIT_EE4typeENS8_Iu7__decayIT0_EE4typeEEEOS9_OSD_ is safe zone — language guarantees apply
[2m[DEBUG][0m ZONE-SKIP: _ZNSt3__14pairIPPN4Json6Reader9ErrorInfoES5_EC1B8ne210108IRS5_S8_TnNS_9enable_ifIXclsr25__check_pair_constructionIS5_S5_EE23__is_pair_constructibleIT_T0_EEEiE4typeELi0EEEOSA_OSB_ is safe zone — language guarantees apply
[2m[DEBUG][0m ZONE-SKIP: _ZNSt3__14pairIPPN4Json6Reader9ErrorInfoES5_EC2B8ne210108IRS5_S8_TnNS_9enable_ifIXclsr25__check_pair_constructionIS5_S5_EE23__is_pair_constructibleIT_T0_EEEiE4typeELi0EEEOSA_OSB_ is safe zone — language guarantees apply
[2m[DEBUG][0m ZONE-SKIP: _ZNSt3__118__unwrap_iter_implIPPN4Json6Reader9ErrorInfoELb1EE8__unwrapB8ne210108ES5_ is safe zone — language guarantees apply
[2m[DEBUG][0m ZONE-SKIP: _ZNSt3__14moveB8ne210108IPPN4Json6Reader9ErrorInfoES5_EET0_T_S7_S6_ is safe zone — language guarantees apply
[2m[DEBUG][0m ZONE-SKIP: _ZNSt3__16__moveB8ne210108INS_17_ClassicAlgPolicyEPPN4Json6Reader9ErrorInfoES6_S6_EENS_4pairIT0_T2_EES8_T1_S9_ is safe zone — language guarantees apply
[2m[DEBUG][0m ZONE-SKIP: _ZNSt3__124__copy_move_unwrap_itersB8ne210108INS_11__move_implINS_17_ClassicAlgPolicyEEEPPN4Json6Reader9ErrorInfoES8_S8_TnNS_9enable_ifIXsr12__can_rewrapIT0_T2_EE5valueEiE4typeELi0EEENS_4pairISA_SB_EESA_T1_SB_ is safe zone — language guarantees apply
[2m[DEBUG][0m ZONE-SKIP: _ZNKSt3__111__move_implINS_17_ClassicAlgPolicyEEclB8ne210108IPN4Json6Reader9ErrorInfoES7_TnNS_9enable_ifIXsr38__can_lower_move_assignment_to_memmoveIT_T0_EE5valueEiE4typeELi0EEENS_4pairIPS9_PSA_EESE_SE_SF_ is safe zone — language guarantees apply
[2m[DEBUG][0m ZONE-SKIP: _ZNSt3__119__copy_trivial_implB8ne210108IPN4Json6Reader9ErrorInfoES4_EENS_4pairIPT_PT0_EES7_S7_S9_ is safe zone — language guarantees apply
[2m[DEBUG][0m ZONE-SKIP: _ZNSt3__19make_pairB8ne210108IRPPN4Json6Reader9ErrorInfoES5_EENS_4pairINS_18__unwrap_referenceIu7__decayIT_EE4typeENS8_Iu7__decayIT0_EE4typeEEEOS9_OSD_ is safe zone — language guarantees apply
[2m[DEBUG][0m ZONE-SKIP: _ZNSt3__14pairIPPN4Json6Reader9ErrorInfoES5_EC1B8ne210108IRS5_S5_TnNS_9enable_ifIXclsr25__check_pair_constructionIS5_S5_EE23__is_pair_constructibleIT_T0_EEEiE4typeELi0EEEOSA_OSB_ is safe zone — language guarantees apply
[2m[DEBUG][0m ZONE-SKIP: _ZNSt3__14pairIPPN4Json6Reader9ErrorInfoES5_EC2B8ne210108IRS5_S5_TnNS_9enable_ifIXclsr25__check_pair_constructionIS5_S5_EE23__is_pair_constructibleIT_T0_EEEiE4typeELi0EEEOSA_OSB_ is safe zone — language guarantees apply
[2m[DEBUG][0m ZONE-SKIP: _ZNSt3__110unique_ptrIPN4Json6Reader9ErrorInfoENS_22__allocator_destructorINS_9allocatorIS3_EEEEEC2B8ne210108ILb1EvEES4_NS_16__dependent_typeINS_27__unique_ptr_deleter_sfinaeIS8_EEXT_EE20__good_rval_ref_typeE is safe zone — language guarantees apply
[2m[DEBUG][0m ZONE-SKIP: _ZNSt3__122__allocator_destructorINS_9allocatorIN4Json6Reader9ErrorInfoEEEEC2B8ne210108ERS5_m is safe zone — language guarantees apply
[2m[DEBUG][0m ZONE-SKIP: _ZNSt3__114__split_bufferIPN4Json6Reader9ErrorInfoERNS_9allocatorIS4_EEEC2EmmS7_ is safe zone — language guarantees apply
[2m[DEBUG][0m ZONE-SKIP: _ZNSt3__119__allocate_at_leastB8ne210108INS_9allocatorIPN4Json6Reader9ErrorInfoEEEEENS_19__allocation_resultINS_16allocator_traitsIT_E7pointerEEERS9_m is safe zone — language guarantees apply
[2m[DEBUG][0m ZONE-SKIP: _ZNSt3__19allocatorIPN4Json6Reader9ErrorInfoEE8allocateB8ne210108Em is safe zone — language guarantees apply
[2m[DEBUG][0m ZONE-SKIP: _ZNSt3__116allocator_traitsINS_9allocatorIPN4Json6Reader9ErrorInfoEEEE8max_sizeB8ne210108IS6_TnNS_9enable_ifIX16__has_max_size_vIKT_EEiE4typeELi0EEEmRKS6_ is safe zone — language guarantees apply
[2m[DEBUG][0m ZONE-SKIP: _ZNSt3__117__libcpp_allocateB8ne210108IPN4Json6Reader9ErrorInfoEEEPT_NS_15__element_countEm is safe zone — language guarantees apply
[2m[DEBUG][0m ZONE-SKIP: _ZNKSt3__19allocatorIPN4Json6Reader9ErrorInfoEE8max_sizeB8ne210108Ev is safe zone — language guarantees apply
[2m[DEBUG][0m ZONE-SKIP: _ZNSt3__19allocatorIN4Json6Reader9ErrorInfoEE8allocateB8ne210108Em is safe zone — language guarantees apply
[2m[DEBUG][0m ZONE-SKIP: _ZNSt3__116allocator_traitsINS_9allocatorIN4Json6Reader9ErrorInfoEEEE8max_sizeB8ne210108IS5_TnNS_9enable_ifIX16__has_max_size_vIKT_EEiE4typeELi0EEEmRKS5_ is safe zone — language guarantees apply
[2m[DEBUG][0m ZONE-SKIP: _ZNSt3__117__libcpp_allocateB8ne210108IN4Json6Reader9ErrorInfoEEEPT_NS_15__element_countEm is safe zone — language guarantees apply
[2m[DEBUG][0m ZONE-SKIP: _ZNKSt3__19allocatorIN4Json6Reader9ErrorInfoEE8max_sizeB8ne210108Ev is safe zone — language guarantees apply
[2m[DEBUG][0m ZONE-SKIP: _ZNSt3__114__split_bufferIPN4Json6Reader9ErrorInfoENS_9allocatorIS4_EEE19__destruct_at_beginB8ne210108EPS4_ is safe zone — language guarantees apply
[2m[DEBUG][0m ZONE-SKIP: _ZNSt3__114__split_bufferIPN4Json6Reader9ErrorInfoENS_9allocatorIS4_EEE19__destruct_at_beginEPS4_NS_17integral_constantIbLb1EEE is safe zone — language guarantees apply
[2m[DEBUG][0m ZONE-SKIP: _ZNKSt3__15dequeIN4Json6Reader9ErrorInfoENS_9allocatorIS3_EEE10__capacityB8ne210108Ev is safe zone — language guarantees apply
[2m[DEBUG][0m ZONE-SKIP: _ZN4Json6Reader9ErrorInfoC2Ev is safe zone — language guarantees apply
[2m[DEBUG][0m ZONE-SKIP: _ZNSt3__15dequeIN4Json6Reader9ErrorInfoENS_9allocatorIS3_EEE6resizeEm is safe zone — language guarantees apply
[2m[DEBUG][0m ZONE-SKIP: _ZNSt3__15dequeIN4Json6Reader9ErrorInfoENS_9allocatorIS3_EEE8__appendEm is safe zone — language guarantees apply
[2m[DEBUG][0m ZONE-SKIP: _ZNSt3__15dequeIN4Json6Reader9ErrorInfoENS_9allocatorIS3_EEE5beginB8ne210108Ev is safe zone — language guarantees apply
[2m[DEBUG][0m ZONE-SKIP: _ZNKSt3__116__deque_iteratorIN4Json6Reader9ErrorInfoEPS3_RS3_PS4_lLl73EEplB8ne210108El is safe zone — language guarantees apply
[2m[DEBUG][0m ZONE-SKIP: _ZNSt3__116__deque_iteratorIN4Json6Reader9ErrorInfoEPKS3_RS4_PKS5_lLl73EEC1B8ne210108IPS3_RS3_PSB_TnNS_9enable_ifIXsr14is_convertibleIT_S5_EE5valueEiE4typeELi0EEERKNS0_IS3_SF_T0_T1_lLl73EEE is safe zone — language guarantees apply
[2m[DEBUG][0m ZONE-SKIP: _ZNSt3__15dequeIN4Json6Reader9ErrorInfoENS_9allocatorIS3_EEE14__erase_to_endENS_16__deque_iteratorIS3_PKS3_RS8_PKS9_lLl73EEE is safe zone — language guarantees apply
[2m[DEBUG][0m ZONE-SKIP: _ZNSt3__1miB8ne210108ERKNS_16__deque_iteratorIN4Json6Reader9ErrorInfoEPKS3_RS4_PKS5_lLl73EEESB_ is safe zone — language guarantees apply
[2m[DEBUG][0m ZONE-SKIP: _ZNSt3__1neB8ne210108ERKNS_16__deque_iteratorIN4Json6Reader9ErrorInfoEPS3_RS3_PS4_lLl73EEES9_ is safe zone — language guarantees apply
[2m[DEBUG][0m ZONE-SKIP: _ZNSt3__116allocator_traitsINS_9allocatorIN4Json6Reader9ErrorInfoEEEE7destroyB8ne210108IS4_TnNS_9enable_ifIX15__has_destroy_vIS5_PT_EEiE4typeELi0EEEvRS5_SA_ is safe zone — language guarantees apply
[2m[DEBUG][0m ZONE-SKIP: _ZNSt3__116__deque_iteratorIN4Json6Reader9ErrorInfoEPS3_RS3_PS4_lLl73EEppB8ne210108Ev is safe zone — language guarantees apply
[2m[DEBUG][0m ZONE-SKIP: _ZNKSt3__15dequeIN4Json6Reader9ErrorInfoENS_9allocatorIS3_EEE22__annotate_shrink_backB8ne210108Emm is safe zone — language guarantees apply
[2m[DEBUG][0m ZONE-SKIP: _ZNSt3__15dequeIN4Json6Reader9ErrorInfoENS_9allocatorIS3_EEE25__maybe_remove_back_spareB8ne210108Eb is safe zone — language guarantees apply
[2m[DEBUG][0m ZONE-SKIP: _ZNKSt3__15dequeIN4Json6Reader9ErrorInfoENS_9allocatorIS3_EEE19__back_spare_blocksB8ne210108Ev is safe zone — language guarantees apply
[2m[DEBUG][0m ZONE-SKIP: _ZNSt3__114__split_bufferIPN4Json6Reader9ErrorInfoENS_9allocatorIS4_EEE4backB8ne210108Ev is safe zone — language guarantees apply
[2m[DEBUG][0m ZONE-SKIP: _ZNSt3__114__split_bufferIPN4Json6Reader9ErrorInfoENS_9allocatorIS4_EEE8pop_backB8ne210108Ev is safe zone — language guarantees apply
[2m[DEBUG][0m ZONE-SKIP: _ZNSt3__114__split_bufferIPN4Json6Reader9ErrorInfoENS_9allocatorIS4_EEE17__destruct_at_endB8ne210108EPS4_ is safe zone — language guarantees apply
[2m[DEBUG][0m ZONE-SKIP: _ZNSt3__114__split_bufferIPN4Json6Reader9ErrorInfoENS_9allocatorIS4_EEE17__destruct_at_endB8ne210108EPS4_NS_17integral_constantIbLb0EEE is safe zone — language guarantees apply
[2m[DEBUG][0m ZONE-SKIP: _ZNSt3__19allocatorIN4Json6Reader9ErrorInfoEE7destroyB8ne210108EPS3_ is safe zone — language guarantees apply
[2m[DEBUG][0m ZONE-SKIP: _ZNSt3__1eqB8ne210108ERKNS_16__deque_iteratorIN4Json6Reader9ErrorInfoEPS3_RS3_PS4_lLl73EEES9_ is safe zone — language guarantees apply
[2m[DEBUG][0m ZONE-SKIP: _ZNSt3__1neB8ne210108ERKNS_16__deque_iteratorIN4Json6Reader9ErrorInfoEPKS3_RS4_PKS5_lLl73EEESB_ is safe zone — language guarantees apply
[2m[DEBUG][0m ZONE-SKIP: _ZNSt3__1eqB8ne210108ERKNS_16__deque_iteratorIN4Json6Reader9ErrorInfoEPKS3_RS4_PKS5_lLl73EEESB_ is safe zone — language guarantees apply
[2m[DEBUG][0m ZONE-SKIP: _ZNSt3__116__deque_iteratorIN4Json6Reader9ErrorInfoEPKS3_RS4_PKS5_lLl73EEC2B8ne210108IPS3_RS3_PSB_TnNS_9enable_ifIXsr14is_convertibleIT_S5_EE5valueEiE4typeELi0EEERKNS0_IS3_SF_T0_T1_lLl73EEE is safe zone — language guarantees apply
[2m[DEBUG][0m ZONE-SKIP: _ZNSt3__116__deque_iteratorIN4Json6Reader9ErrorInfoEPS3_RS3_PS4_lLl73EEpLB8ne210108El is safe zone — language guarantees apply
[2m[DEBUG][0m ZONE-SKIP: _ZNSt3__15dequeIN4Json6Reader9ErrorInfoENS_9allocatorIS3_EEE19__add_back_capacityEm is safe zone — language guarantees apply
[2m[DEBUG][0m ZONE-SKIP: _ZNSt3__15dequeIN4Json6Reader9ErrorInfoENS_9allocatorIS3_EEE13__deque_rangeC1B8ne210108ENS_16__deque_iteratorIS3_PS3_RS3_PS9_lLl73EEESC_ is safe zone — language guarantees apply
[2m[DEBUG][0m ZONE-SKIP: _ZNKSt3__15dequeIN4Json6Reader9ErrorInfoENS_9allocatorIS3_EEE13__deque_range5beginB8ne210108Ev is safe zone — language guarantees apply
[2m[DEBUG][0m ZONE-SKIP: _ZNKSt3__15dequeIN4Json6Reader9ErrorInfoENS_9allocatorIS3_EEE13__deque_range3endB8ne210108Ev is safe zone — language guarantees apply
[2m[DEBUG][0m ZONE-SKIP: _ZNSt3__1neB8ne210108ERKNS_5dequeIN4Json6Reader9ErrorInfoENS_9allocatorIS3_EEE13__deque_rangeES9_ is safe zone — language guarantees apply
[2m[DEBUG][0m ZONE-SKIP: _ZNKSt3__15dequeIN4Json6Reader9ErrorInfoENS_9allocatorIS3_EEE13__deque_rangedeB8ne210108Ev is safe zone — language guarantees apply
[2m[DEBUG][0m ZONE-SKIP: _ZNSt3__15dequeIN4Json6Reader9ErrorInfoENS_9allocatorIS3_EEE21_ConstructTransactionC1B8ne210108EPS6_RNS6_19__deque_block_rangeE is safe zone — language guarantees apply
[2m[DEBUG][0m ZONE-SKIP: _ZNSt3__112__to_addressB8ne210108IN4Json6Reader9ErrorInfoEEEPT_S5_ is safe zone — language guarantees apply
[2m[DEBUG][0m ZONE-SKIP: _ZNSt3__116allocator_traitsINS_9allocatorIN4Json6Reader9ErrorInfoEEEE9constructB8ne210108IS4_JETnNS_9enable_ifIX17__has_construct_vIS5_PT_DpT0_EEiE4typeELi0EEEvRS5_SA_DpOSB_ is safe zone — language guarantees apply
[2m[DEBUG][0m ZONE-SKIP: _ZNSt3__15dequeIN4Json6Reader9ErrorInfoENS_9allocatorIS3_EEE21_ConstructTransactionD1B8ne210108Ev is safe zone — language guarantees apply
[2m[DEBUG][0m ZONE-SKIP: _ZNSt3__15dequeIN4Json6Reader9ErrorInfoENS_9allocatorIS3_EEE13__deque_rangeppB8ne210108Ev is safe zone — language guarantees apply
[2m[DEBUG][0m ZONE-SKIP: _ZNSt3__15dequeIN4Json6Reader9ErrorInfoENS_9allocatorIS3_EEE21_ConstructTransactionD2B8ne210108Ev is safe zone — language guarantees apply
[2m[DEBUG][0m ZONE-SKIP: _ZNSt3__19allocatorIN4Json6Reader9ErrorInfoEE9constructB8ne210108IS3_JEEEvPT_DpOT0_ is safe zone — language guarantees apply
[2m[DEBUG][0m ZONE-SKIP: _ZNSt3__15dequeIN4Json6Reader9ErrorInfoENS_9allocatorIS3_EEE21_ConstructTransactionC2B8ne210108EPS6_RNS6_19__deque_block_rangeE is safe zone — language guarantees apply
[2m[DEBUG][0m ZONE-SKIP: _ZNSt3__15dequeIN4Json6Reader9ErrorInfoENS_9allocatorIS3_EEE19__deque_block_rangeC1B8ne210108EPS3_S8_ is safe zone — language guarantees apply
[2m[DEBUG][0m ZONE-SKIP: _ZNSt3__15dequeIN4Json6Reader9ErrorInfoENS_9allocatorIS3_EEE19__deque_block_rangeC2B8ne210108EPS3_S8_ is safe zone — language guarantees apply
[2m[DEBUG][0m ZONE-SKIP: _ZNSt3__1eqB8ne210108ERKNS_5dequeIN4Json6Reader9ErrorInfoENS_9allocatorIS3_EEE13__deque_rangeES9_ is safe zone — language guarantees apply
[2m[DEBUG][0m ZONE-SKIP: _ZNSt3__15dequeIN4Json6Reader9ErrorInfoENS_9allocatorIS3_EEE13__deque_rangeC2B8ne210108ENS_16__deque_iteratorIS3_PS3_RS3_PS9_lLl73EEESC_ is safe zone — language guarantees apply
[2m[DEBUG][0m ZONE-SKIP: _ZNSt3__15dequeIN4Json6Reader9ErrorInfoENS_9allocatorIS3_EEE18__recommend_blocksB8ne210108Em is safe zone — language guarantees apply
[2m[DEBUG][0m ZONE-SKIP: _ZNSt3__114__split_bufferIPN4Json6Reader9ErrorInfoERNS_9allocatorIS4_EEE4backB8ne210108Ev is safe zone — language guarantees apply
[2m[DEBUG][0m ZONE-SKIP: _ZNKSt3__15dequeIN4Json6Reader9ErrorInfoENS_9allocatorIS3_EEE23__annotate_poison_blockB8ne210108EPKvS8_ is safe zone — language guarantees apply
[2m[DEBUG][0m ZONE-SKIP: _ZNKSt3__15dequeIN4Json6Reader9ErrorInfoENS_9allocatorIS3_EEE17__annotate_deleteB8ne210108Ev is safe zone — language guarantees apply
[2m[DEBUG][0m ZONE-SKIP: _ZNSt3__114__split_bufferIPN4Json6Reader9ErrorInfoERNS_9allocatorIS4_EEE5beginB8ne210108Ev is safe zone — language guarantees apply
[2m[DEBUG][0m ZONE-SKIP: _ZNSt3__114__split_bufferIPN4Json6Reader9ErrorInfoERNS_9allocatorIS4_EEE3endB8ne210108Ev is safe zone — language guarantees apply
[2m[DEBUG][0m ZONE-SKIP: _ZNSt3__114__split_bufferIPN4Json6Reader9ErrorInfoERNS_9allocatorIS4_EEE12emplace_backIJRS4_EEEvDpOT_ is safe zone — language guarantees apply
[2m[DEBUG][0m ZONE-SKIP: _ZNSt3__144__annotate_double_ended_contiguous_containerB8ne210108INS_9allocatorIN4Json6Reader9ErrorInfoEEEEEvPKvS7_S7_S7_S7_S7_ is safe zone — language guarantees apply
[2m[DEBUG][0m ZONE-SKIP: _ZNSt3__18distanceB8ne210108INS_11__wrap_iterIPKcEEEENS_15iterator_traitsIT_E15difference_typeES6_S6_ is safe zone — language guarantees apply
[2m[DEBUG][0m ZONE-SKIP: _ZNSt3__112basic_stringIcNS_11char_traitsIcEENS_9allocatorIcEEE16__assign_trivialB8ne210108INS_11__wrap_iterIPKcEESA_EEvT_T0_m is safe zone — language guarantees apply
[2m[DEBUG][0m ZONE-SKIP: _ZNSt3__112basic_stringIcNS_11char_traitsIcEENS_9allocatorIcEEE25__grow_by_without_replaceB8ne210108Emmmmmm is safe zone — language guarantees apply
[2m[DEBUG][0m ZONE-SKIP: _ZNKSt3__112basic_stringIcNS_11char_traitsIcEENS_9allocatorIcEEE19__annotate_increaseB8ne210108Em is safe zone — language guarantees apply
[2m[DEBUG][0m ZONE-SKIP: _ZNSt3__1neB8ne210108IPKcEEbRKNS_11__wrap_iterIT_EES7_ is safe zone — language guarantees apply
[2m[DEBUG][0m ZONE-SKIP: _ZNKSt3__111__wrap_iterIPKcEdeB8ne210108Ev is safe zone — language guarantees apply
[2m[DEBUG][0m ZONE-SKIP: _ZNSt3__111__wrap_iterIPKcEppB8ne210108Ev is safe zone — language guarantees apply
[2m[DEBUG][0m ZONE-SKIP: _ZNSt3__112basic_stringIcNS_11char_traitsIcEENS_9allocatorIcEEE10__set_sizeB8ne210108Em is safe zone — language guarantees apply
[2m[DEBUG][0m ZONE-SKIP: _ZNSt3__1eqB8ne210108IPKcEEbRKNS_11__wrap_iterIT_EES7_ is safe zone — language guarantees apply
[2m[DEBUG][0m ZONE-SKIP: _ZNKSt3__111__wrap_iterIPKcE4baseB8ne210108Ev is safe zone — language guarantees apply
[2m[DEBUG][0m ZONE-SKIP: _ZNSt3__112basic_stringIcNS_11char_traitsIcEENS_9allocatorIcEEE19__annotate_new_sizeC1B8ne210108ERS5_ is safe zone — language guarantees apply
[2m[DEBUG][0m ZONE-SKIP: _ZNSt3__118__make_scope_guardB8ne210108INS_12basic_stringIcNS_11char_traitsIcEENS_9allocatorIcEEE19__annotate_new_sizeEEENS_13__scope_guardIT_EES9_ is safe zone — language guarantees apply
[2m[DEBUG][0m ZONE-SKIP: _ZNSt3__113__scope_guardINS_12basic_stringIcNS_11char_traitsIcEENS_9allocatorIcEEE19__annotate_new_sizeEED1B8ne210108Ev is safe zone — language guarantees apply
[2m[DEBUG][0m ZONE-SKIP: _ZNSt3__113__scope_guardINS_12basic_stringIcNS_11char_traitsIcEENS_9allocatorIcEEE19__annotate_new_sizeEED2B8ne210108Ev is safe zone — language guarantees apply
[2m[DEBUG][0m ZONE-SKIP: _ZNSt3__112basic_stringIcNS_11char_traitsIcEENS_9allocatorIcEEE19__annotate_new_sizeclB8ne210108Ev is safe zone — language guarantees apply
[2m[DEBUG][0m ZONE-SKIP: _ZNSt3__113__scope_guardINS_12basic_stringIcNS_11char_traitsIcEENS_9allocatorIcEEE19__annotate_new_sizeEEC1B8ne210108ES7_ is safe zone — language guarantees apply
[2m[DEBUG][0m ZONE-SKIP: _ZNSt3__113__scope_guardINS_12basic_stringIcNS_11char_traitsIcEENS_9allocatorIcEEE19__annotate_new_sizeEEC2B8ne210108ES7_ is safe zone — language guarantees apply
[2m[DEBUG][0m ZONE-SKIP: _ZNSt3__112basic_stringIcNS_11char_traitsIcEENS_9allocatorIcEEE19__annotate_new_sizeC2B8ne210108ERS5_ is safe zone — language guarantees apply
[2m[DEBUG][0m ZONE-SKIP: _ZNSt3__110__distanceB8ne210108INS_11__wrap_iterIPKcEEEENS_15iterator_traitsIT_E15difference_typeES6_S6_NS_26random_access_iterator_tagE is safe zone — language guarantees apply
[2m[DEBUG][0m ZONE-SKIP: _ZNSt3__1miB8ne210108IPKcS2_EEDTmicldtfp_4baseEcldtfp0_4baseEERKNS_11__wrap_iterIT_EERKNS4_IT0_EE is safe zone — language guarantees apply
[2m[DEBUG][0m ZONE-SKIP: _ZNKSt3__112basic_stringIcNS_11char_traitsIcEENS_9allocatorIcEEE21__make_const_iteratorB8ne210108EPKc is safe zone — language guarantees apply
[2m[DEBUG][0m ZONE-SKIP: _ZNSt3__111__wrap_iterIPKcEC1B8ne210108ES2_ is safe zone — language guarantees apply
[2m[DEBUG][0m ZONE-SKIP: _ZNSt3__111__wrap_iterIPKcEC2B8ne210108ES2_ is safe zone — language guarantees apply
[2m[DEBUG][0m ZONE-SKIP: _ZNSt3__119istreambuf_iteratorIcNS_11char_traitsIcEEEC1B8ne210108ERNS_13basic_istreamIcS2_EE is safe zone — language guarantees apply
[2m[DEBUG][0m ZONE-SKIP: _ZNSt3__119istreambuf_iteratorIcNS_11char_traitsIcEEEC1B8ne210108Ev is safe zone — language guarantees apply
[2m[DEBUG][0m ZONE-SKIP: _ZNSt3__112basic_stringIcNS_11char_traitsIcEENS_9allocatorIcEEEC1B8ne210108INS_19istreambuf_iteratorIcS2_EETnNS_9enable_ifIXsr29__has_input_iterator_categoryIT_EE5valueEiE4typeELi0EEESA_SA_ is safe zone — language guarantees apply
[2m[DEBUG][0m ZONE-SKIP: _ZNSt3__112basic_stringIcNS_11char_traitsIcEENS_9allocatorIcEEEC2B8ne210108INS_19istreambuf_iteratorIcS2_EETnNS_9enable_ifIXsr29__has_input_iterator_categoryIT_EE5valueEiE4typeELi0EEESA_SA_ is safe zone — language guarantees apply
[2m[DEBUG][0m ZONE-SKIP: _ZNSt3__112basic_stringIcNS_11char_traitsIcEENS_9allocatorIcEEE6__initINS_19istreambuf_iteratorIcS2_EETnNS_9enable_ifIXsr37__has_exactly_input_iterator_categoryIT_EE5valueEiE4typeELi0EEEvSA_SA_ is safe zone — language guarantees apply
[2m[DEBUG][0m ZONE-SKIP: _ZNSt3__112basic_stringIcNS_11char_traitsIcEENS_9allocatorIcEEE20__init_with_sentinelB8ne210108INS_19istreambuf_iteratorIcS2_EES8_EEvT_T0_ is safe zone — language guarantees apply
[2m[DEBUG][0m ZONE-SKIP: _ZNSt3__1neB8ne210108IcNS_11char_traitsIcEEEEbRKNS_19istreambuf_iteratorIT_T0_EES8_ is safe zone — language guarantees apply
[2m[DEBUG][0m ZONE-SKIP: _ZNKSt3__119istreambuf_iteratorIcNS_11char_traitsIcEEEdeB8ne210108Ev is safe zone — language guarantees apply
[2m[DEBUG][0m ZONE-SKIP: _ZNSt3__119istreambuf_iteratorIcNS_11char_traitsIcEEEppB8ne210108Ev is safe zone — language guarantees apply
[2m[DEBUG][0m ZONE-SKIP: _ZNSt3__115basic_streambufIcNS_11char_traitsIcEEE6sbumpcB8ne210108Ev is safe zone — language guarantees apply
[2m[DEBUG][0m ZONE-SKIP: _ZNKSt3__115basic_streambufIcNS_11char_traitsIcEEE4gptrB8ne210108Ev is safe zone — language guarantees apply
[2m[DEBUG][0m ZONE-SKIP: _ZNKSt3__115basic_streambufIcNS_11char_traitsIcEEE5egptrB8ne210108Ev is safe zone — language guarantees apply
[2m[DEBUG][0m ZONE-SKIP: _ZNSt3__111char_traitsIcE11to_int_typeB8ne210108Ec is safe zone — language guarantees apply
[2m[DEBUG][0m ZONE-SKIP: _ZNSt3__115basic_streambufIcNS_11char_traitsIcEEE5gbumpB8ne210108Ei is safe zone — language guarantees apply
[2m[DEBUG][0m ZONE-SKIP: _ZNSt3__115basic_streambufIcNS_11char_traitsIcEEE5sgetcB8ne210108Ev is safe zone — language guarantees apply
[2m[DEBUG][0m ZONE-SKIP: _ZNKSt3__119istreambuf_iteratorIcNS_11char_traitsIcEEE5equalB8ne210108ERKS3_ is safe zone — language guarantees apply
[2m[DEBUG][0m ZONE-SKIP: _ZNKSt3__119istreambuf_iteratorIcNS_11char_traitsIcEEE14__test_for_eofB8ne210108Ev is safe zone — language guarantees apply
[2m[DEBUG][0m ZONE-SKIP: _ZNSt3__111char_traitsIcE11eq_int_typeB8ne210108Eii is safe zone — language guarantees apply
[2m[DEBUG][0m ZONE-SKIP: _ZNSt3__119istreambuf_iteratorIcNS_11char_traitsIcEEEC2B8ne210108Ev is safe zone — language guarantees apply
[2m[DEBUG][0m ZONE-SKIP: _ZNSt3__119istreambuf_iteratorIcNS_11char_traitsIcEEEC2B8ne210108ERNS_13basic_istreamIcS2_EE is safe zone — language guarantees apply
[2m[DEBUG][0m ZONE-SKIP: _ZNKSt3__19basic_iosIcNS_11char_traitsIcEEE5rdbufB8ne210108Ev is safe zone — language guarantees apply
[2m[DEBUG][0m ZONE-SKIP: _ZNKSt3__18ios_base5rdbufB8ne210108Ev is safe zone — language guarantees apply
[2m[DEBUG][0m ZONE-SKIP: _ZNKSt3__15dequeIN4Json6Reader9ErrorInfoENS_9allocatorIS3_EEE5beginB8ne210108Ev is safe zone — language guarantees apply
[2m[DEBUG][0m ZONE-SKIP: _ZNKSt3__15dequeIN4Json6Reader9ErrorInfoENS_9allocatorIS3_EEE3endB8ne210108Ev is safe zone — language guarantees apply
[2m[DEBUG][0m ZONE-SKIP: _ZNKSt3__116__deque_iteratorIN4Json6Reader9ErrorInfoEPKS3_RS4_PKS5_lLl73EEdeB8ne210108Ev is safe zone — language guarantees apply
[2m[DEBUG][0m ZONE-SKIP: _ZNSt3__116__deque_iteratorIN4Json6Reader9ErrorInfoEPKS3_RS4_PKS5_lLl73EEppB8ne210108Ev is safe zone — language guarantees apply
[2m[DEBUG][0m ZONE-SKIP: _ZNKSt3__114__split_bufferIPN4Json6Reader9ErrorInfoENS_9allocatorIS4_EEE5beginB8ne210108Ev is safe zone — language guarantees apply
[2m[DEBUG][0m ZONE-SKIP: _ZNSt3__116__deque_iteratorIN4Json6Reader9ErrorInfoEPKS3_RS4_PKS5_lLl73EEC1B8ne210108ES8_S5_ is safe zone — language guarantees apply
[2m[DEBUG][0m ZONE-SKIP: _ZNSt3__116__deque_iteratorIN4Json6Reader9ErrorInfoEPKS3_RS4_PKS5_lLl73EEC2B8ne210108ES8_S5_ is safe zone — language guarantees apply
[2m[DEBUG][0m ZONE-SKIP: _ZNSt3__16vectorIN4Json6Reader15StructuredErrorENS_9allocatorIS3_EEEC1B8ne210108Ev is safe zone — language guarantees apply
[2m[DEBUG][0m ZONE-SKIP: _ZN4Json6Reader15StructuredErrorC1Ev is safe zone — language guarantees apply
[2m[DEBUG][0m ZONE-SKIP: _ZNSt3__16vectorIN4Json6Reader15StructuredErrorENS_9allocatorIS3_EEE9push_backB8ne210108ERKS3_ is safe zone — language guarantees apply
[2m[DEBUG][0m ZONE-SKIP: _ZN4Json6Reader15StructuredErrorD1Ev is safe zone — language guarantees apply
[2m[DEBUG][0m ZONE-SKIP: _ZNSt3__16vectorIN4Json6Reader15StructuredErrorENS_9allocatorIS3_EEED1B8ne210108Ev is safe zone — language guarantees apply
[2m[DEBUG][0m ZONE-SKIP: _ZNSt3__16vectorIN4Json6Reader15StructuredErrorENS_9allocatorIS3_EEED2B8ne210108Ev is safe zone — language guarantees apply
[2m[DEBUG][0m ZONE-SKIP: _ZNSt3__16vectorIN4Json6Reader15StructuredErrorENS_9allocatorIS3_EEE16__destroy_vectorC1B8ne210108ERS6_ is safe zone — language guarantees apply
[2m[DEBUG][0m ZONE-SKIP: _ZNSt3__16vectorIN4Json6Reader15StructuredErrorENS_9allocatorIS3_EEE16__destroy_vectorclB8ne210108Ev is safe zone — language guarantees apply
[2m[DEBUG][0m ZONE-SKIP: _ZNSt3__16vectorIN4Json6Reader15StructuredErrorENS_9allocatorIS3_EEE5clearB8ne210108Ev is safe zone — language guarantees apply
[2m[DEBUG][0m ZONE-SKIP: _ZNKSt3__16vectorIN4Json6Reader15StructuredErrorENS_9allocatorIS3_EEE17__annotate_deleteB8ne210108Ev is safe zone — language guarantees apply
[2m[DEBUG][0m ZONE-SKIP: _ZNKSt3__16vectorIN4Json6Reader15StructuredErrorENS_9allocatorIS3_EEE8capacityB8ne210108Ev is safe zone — language guarantees apply
[2m[DEBUG][0m ZONE-SKIP: _ZNSt3__116allocator_traitsINS_9allocatorIN4Json6Reader15StructuredErrorEEEE10deallocateB8ne210108ERS5_PS4_m is safe zone — language guarantees apply
[2m[DEBUG][0m ZONE-SKIP: _ZNSt3__19allocatorIN4Json6Reader15StructuredErrorEE10deallocateB8ne210108EPS3_m is safe zone — language guarantees apply
[2m[DEBUG][0m ZONE-SKIP: _ZNSt3__119__libcpp_deallocateB8ne210108IN4Json6Reader15StructuredErrorEEEvPNS_15__type_identityIT_E4typeENS_15__element_countEm is safe zone — language guarantees apply
[2m[DEBUG][0m ZONE-SKIP: _ZNKSt3__16vectorIN4Json6Reader15StructuredErrorENS_9allocatorIS3_EEE4dataB8ne210108Ev is safe zone — language guarantees apply
[2m[DEBUG][0m ZONE-SKIP: _ZNKSt3__16vectorIN4Json6Reader15StructuredErrorENS_9allocatorIS3_EEE4sizeB8ne210108Ev is safe zone — language guarantees apply
[2m[DEBUG][0m ZONE-SKIP: _ZNKSt3__16vectorIN4Json6Reader15StructuredErrorENS_9allocatorIS3_EEE31__annotate_contiguous_containerB8ne210108EPKvS8_ is safe zone — language guarantees apply
[2m[DEBUG][0m ZONE-SKIP: _ZNSt3__131__annotate_contiguous_containerB8ne210108INS_9allocatorIN4Json6Reader15StructuredErrorEEEEEvPKvS7_S7_S7_ is safe zone — language guarantees apply
[2m[DEBUG][0m ZONE-SKIP: _ZNSt3__112__to_addressB8ne210108IN4Json6Reader15StructuredErrorEEEPT_S5_ is safe zone — language guarantees apply
[2m[DEBUG][0m ZONE-SKIP: _ZNSt3__16vectorIN4Json6Reader15StructuredErrorENS_9allocatorIS3_EEE22__base_destruct_at_endB8ne210108EPS3_ is safe zone — language guarantees apply
[2m[DEBUG][0m ZONE-SKIP: _ZNKSt3__16vectorIN4Json6Reader15StructuredErrorENS_9allocatorIS3_EEE17__annotate_shrinkB8ne210108Em is safe zone — language guarantees apply
[2m[DEBUG][0m ZONE-SKIP: _ZNSt3__116allocator_traitsINS_9allocatorIN4Json6Reader15StructuredErrorEEEE7destroyB8ne210108IS4_TnNS_9enable_ifIX15__has_destroy_vIS5_PT_EEiE4typeELi0EEEvRS5_SA_ is safe zone — language guarantees apply
[2m[DEBUG][0m ZONE-SKIP: _ZNSt3__19allocatorIN4Json6Reader15StructuredErrorEE7destroyB8ne210108EPS3_ is safe zone — language guarantees apply
[2m[DEBUG][0m ZONE-SKIP: _ZNSt3__16vectorIN4Json6Reader15StructuredErrorENS_9allocatorIS3_EEE16__destroy_vectorC2B8ne210108ERS6_ is safe zone — language guarantees apply
[2m[DEBUG][0m ZONE-SKIP: _ZN4Json6Reader15StructuredErrorD2Ev is safe zone — language guarantees apply
[2m[DEBUG][0m ZONE-SKIP: _ZNSt3__16vectorIN4Json6Reader15StructuredErrorENS_9allocatorIS3_EEE12emplace_backIJRKS3_EEEvDpOT_ is safe zone — language guarantees apply
[2m[DEBUG][0m ZONE-SKIP: _ZNSt3__16vectorIN4Json6Reader15StructuredErrorENS_9allocatorIS3_EEE30__emplace_back_assume_capacityB8ne210108IJRKS3_EEEvDpOT_ is safe zone — language guarantees apply
[2m[DEBUG][0m ZONE-SKIP: _ZNSt3__16vectorIN4Json6Reader15StructuredErrorENS_9allocatorIS3_EEE24__emplace_back_slow_pathIJRKS3_EEEPS3_DpOT_ is safe zone — language guarantees apply
[2m[DEBUG][0m ZONE-SKIP: _ZNKSt3__16vectorIN4Json6Reader15StructuredErrorENS_9allocatorIS3_EEE11__recommendB8ne210108Em is safe zone — language guarantees apply
[2m[DEBUG][0m ZONE-SKIP: _ZNSt3__114__split_bufferIN4Json6Reader15StructuredErrorERNS_9allocatorIS3_EEEC1EmmS6_ is safe zone — language guarantees apply
[2m[DEBUG][0m ZONE-SKIP: _ZNSt3__116allocator_traitsINS_9allocatorIN4Json6Reader15StructuredErrorEEEE9constructB8ne210108IS4_JRKS4_ETnNS_9enable_ifIX17__has_construct_vIS5_PT_DpT0_EEiE4typeELi0EEEvRS5_SC_DpOSD_ is safe zone — language guarantees apply
[2m[DEBUG][0m ZONE-SKIP: _ZNSt3__16vectorIN4Json6Reader15StructuredErrorENS_9allocatorIS3_EEE26__swap_out_circular_bufferERNS_14__split_bufferIS3_RS5_EE is safe zone — language guarantees apply
[2m[DEBUG][0m ZONE-SKIP: _ZNSt3__114__split_bufferIN4Json6Reader15StructuredErrorERNS_9allocatorIS3_EEED1Ev is safe zone — language guarantees apply
[2m[DEBUG][0m ZONE-SKIP: _ZNSt3__114__split_bufferIN4Json6Reader15StructuredErrorERNS_9allocatorIS3_EEED2Ev is safe zone — language guarantees apply
[2m[DEBUG][0m ZONE-SKIP: _ZNSt3__114__split_bufferIN4Json6Reader15StructuredErrorERNS_9allocatorIS3_EEE5clearB8ne210108Ev is safe zone — language guarantees apply
[2m[DEBUG][0m ZONE-SKIP: _ZNKSt3__114__split_bufferIN4Json6Reader15StructuredErrorERNS_9allocatorIS3_EEE8capacityB8ne210108Ev is safe zone — language guarantees apply
[2m[DEBUG][0m ZONE-SKIP: _ZNSt3__114__split_bufferIN4Json6Reader15StructuredErrorERNS_9allocatorIS3_EEE17__destruct_at_endB8ne210108EPS3_ is safe zone — language guarantees apply
[2m[DEBUG][0m ZONE-SKIP: _ZNSt3__114__split_bufferIN4Json6Reader15StructuredErrorERNS_9allocatorIS3_EEE17__destruct_at_endB8ne210108EPS3_NS_17integral_constantIbLb0EEE is safe zone — language guarantees apply
[2m[DEBUG][0m ZONE-SKIP: _ZNSt3__134__uninitialized_allocator_relocateB8ne210108INS_9allocatorIN4Json6Reader15StructuredErrorEEEPS4_EEvRT_T0_S9_S9_ is safe zone — language guarantees apply
[2m[DEBUG][0m ZONE-SKIP: _ZNSt3__14swapB8ne210108IPN4Json6Reader15StructuredErrorEEENS_9enable_ifIXaasr21is_move_constructibleIT_EE5valuesr18is_move_assignableIS6_EE5valueEvE4typeERS6_S9_ is safe zone — language guarantees apply
[2m[DEBUG][0m ZONE-SKIP: _ZNKSt3__16vectorIN4Json6Reader15StructuredErrorENS_9allocatorIS3_EEE14__annotate_newB8ne210108Em is safe zone — language guarantees apply
[2m[DEBUG][0m ZONE-SKIP: _ZNSt3__129_AllocatorDestroyRangeReverseINS_9allocatorIN4Json6Reader15StructuredErrorEEEPS4_EC1B8ne210108ERS5_RS6_S9_ is safe zone — language guarantees apply
[2m[DEBUG][0m ZONE-SKIP: _ZNSt3__122__make_exception_guardB8ne210108INS_29_AllocatorDestroyRangeReverseINS_9allocatorIN4Json6Reader15StructuredErrorEEEPS5_EEEENS_28__exception_guard_exceptionsIT_EESA_ is safe zone — language guarantees apply
[2m[DEBUG][0m ZONE-SKIP: _ZNSt3__116allocator_traitsINS_9allocatorIN4Json6Reader15StructuredErrorEEEE9constructB8ne210108IS4_JS4_ETnNS_9enable_ifIX17__has_construct_vIS5_PT_DpT0_EEiE4typeELi0EEEvRS5_SA_DpOSB_ is safe zone — language guarantees apply
[2m[DEBUG][0m ZONE-SKIP: _ZNSt3__128__exception_guard_exceptionsINS_29_AllocatorDestroyRangeReverseINS_9allocatorIN4Json6Reader15StructuredErrorEEEPS5_EEED1B8ne210108Ev is safe zone — language guarantees apply
[2m[DEBUG][0m ZONE-SKIP: _ZNSt3__128__exception_guard_exceptionsINS_29_AllocatorDestroyRangeReverseINS_9allocatorIN4Json6Reader15StructuredErrorEEEPS5_EEE10__completeB8ne210108Ev is safe zone — language guarantees apply
[2m[DEBUG][0m ZONE-SKIP: _ZNSt3__119__allocator_destroyB8ne210108INS_9allocatorIN4Json6Reader15StructuredErrorEEEPS4_S6_EEvRT_T0_T1_ is safe zone — language guarantees apply
[2m[DEBUG][0m ZONE-SKIP: _ZNSt3__128__exception_guard_exceptionsINS_29_AllocatorDestroyRangeReverseINS_9allocatorIN4Json6Reader15StructuredErrorEEEPS5_EEED2B8ne210108Ev is safe zone — language guarantees apply
[2m[DEBUG][0m ZONE-SKIP: _ZNKSt3__129_AllocatorDestroyRangeReverseINS_9allocatorIN4Json6Reader15StructuredErrorEEEPS4_EclB8ne210108Ev is safe zone — language guarantees apply
[2m[DEBUG][0m ZONE-SKIP: _ZNSt3__116reverse_iteratorIPN4Json6Reader15StructuredErrorEEC1B8ne210108ES4_ is safe zone — language guarantees apply
[2m[DEBUG][0m ZONE-SKIP: _ZNSt3__119__allocator_destroyB8ne210108INS_9allocatorIN4Json6Reader15StructuredErrorEEENS_16reverse_iteratorIPS4_EES8_EEvRT_T0_T1_ is safe zone — language guarantees apply
[2m[DEBUG][0m ZONE-SKIP: _ZNSt3__1neB8ne210108IPN4Json6Reader15StructuredErrorES4_EEbRKNS_16reverse_iteratorIT_EERKNS5_IT0_EE is safe zone — language guarantees apply
[2m[DEBUG][0m ZONE-SKIP: _ZNKSt3__116reverse_iteratorIPN4Json6Reader15StructuredErrorEEdeB8ne210108Ev is safe zone — language guarantees apply
[2m[DEBUG][0m ZONE-SKIP: _ZNSt3__116reverse_iteratorIPN4Json6Reader15StructuredErrorEEppB8ne210108Ev is safe zone — language guarantees apply
[2m[DEBUG][0m ZONE-SKIP: _ZNKSt3__116reverse_iteratorIPN4Json6Reader15StructuredErrorEE4baseB8ne210108Ev is safe zone — language guarantees apply
[2m[DEBUG][0m ZONE-SKIP: _ZNSt3__116reverse_iteratorIPN4Json6Reader15StructuredErrorEEC2B8ne210108ES4_ is safe zone — language guarantees apply
[2m[DEBUG][0m ZONE-SKIP: _ZNSt3__19allocatorIN4Json6Reader15StructuredErrorEE9constructB8ne210108IS3_JS3_EEEvPT_DpOT0_ is safe zone — language guarantees apply
[2m[DEBUG][0m ZONE-SKIP: _ZN4Json6Reader15StructuredErrorC1EOS1_ is safe zone — language guarantees apply
[2m[DEBUG][0m ZONE-SKIP: _ZN4Json6Reader15StructuredErrorC2EOS1_ is safe zone — language guarantees apply
[2m[DEBUG][0m ZONE-SKIP: _ZNSt3__128__exception_guard_exceptionsINS_29_AllocatorDestroyRangeReverseINS_9allocatorIN4Json6Reader15StructuredErrorEEEPS5_EEEC1B8ne210108ES8_ is safe zone — language guarantees apply
[2m[DEBUG][0m ZONE-SKIP: _ZNSt3__128__exception_guard_exceptionsINS_29_AllocatorDestroyRangeReverseINS_9allocatorIN4Json6Reader15StructuredErrorEEEPS5_EEEC2B8ne210108ES8_ is safe zone — language guarantees apply
[2m[DEBUG][0m ZONE-SKIP: _ZNSt3__129_AllocatorDestroyRangeReverseINS_9allocatorIN4Json6Reader15StructuredErrorEEEPS4_EC2B8ne210108ERS5_RS6_S9_ is safe zone — language guarantees apply
[2m[DEBUG][0m ZONE-SKIP: _ZNSt3__19allocatorIN4Json6Reader15StructuredErrorEE9constructB8ne210108IS3_JRKS3_EEEvPT_DpOT0_ is safe zone — language guarantees apply
[2m[DEBUG][0m ZONE-SKIP: _ZN4Json6Reader15StructuredErrorC1ERKS1_ is safe zone — language guarantees apply
[2m[DEBUG][0m ZONE-SKIP: _ZN4Json6Reader15StructuredErrorC2ERKS1_ is safe zone — language guarantees apply
[2m[DEBUG][0m ZONE-SKIP: _ZNSt3__114__split_bufferIN4Json6Reader15StructuredErrorERNS_9allocatorIS3_EEEC2EmmS6_ is safe zone — language guarantees apply
[2m[DEBUG][0m ZONE-SKIP: _ZNSt3__119__allocate_at_leastB8ne210108INS_9allocatorIN4Json6Reader15StructuredErrorEEEEENS_19__allocation_resultINS_16allocator_traitsIT_E7pointerEEERS8_m is safe zone — language guarantees apply
[2m[DEBUG][0m ZONE-SKIP: _ZNSt3__19allocatorIN4Json6Reader15StructuredErrorEE8allocateB8ne210108Em is safe zone — language guarantees apply
[2m[DEBUG][0m ZONE-SKIP: _ZNSt3__116allocator_traitsINS_9allocatorIN4Json6Reader15StructuredErrorEEEE8max_sizeB8ne210108IS5_TnNS_9enable_ifIX16__has_max_size_vIKT_EEiE4typeELi0EEEmRKS5_ is safe zone — language guarantees apply
[2m[DEBUG][0m ZONE-SKIP: _ZNSt3__117__libcpp_allocateB8ne210108IN4Json6Reader15StructuredErrorEEEPT_NS_15__element_countEm is safe zone — language guarantees apply
[2m[DEBUG][0m ZONE-SKIP: _ZNKSt3__19allocatorIN4Json6Reader15StructuredErrorEE8max_sizeB8ne210108Ev is safe zone — language guarantees apply
[2m[DEBUG][0m ZONE-SKIP: _ZNKSt3__16vectorIN4Json6Reader15StructuredErrorENS_9allocatorIS3_EEE8max_sizeB8ne210108Ev is safe zone — language guarantees apply
[2m[DEBUG][0m ZONE-SKIP: _ZNSt3__16vectorIN4Json6Reader15StructuredErrorENS_9allocatorIS3_EEE20__throw_length_errorB8ne210108Ev is safe zone — language guarantees apply
[2m[DEBUG][0m ZONE-SKIP: _ZNSt3__114numeric_limitsIlE3maxB8ne210108Ev is safe zone — language guarantees apply
[2m[DEBUG][0m ZONE-SKIP: _ZNSt3__123__libcpp_numeric_limitsIlLb1EE3maxB8ne210108Ev is safe zone — language guarantees apply
[2m[DEBUG][0m ZONE-SKIP: _ZNSt3__16vectorIN4Json6Reader15StructuredErrorENS_9allocatorIS3_EEE21_ConstructTransactionC1B8ne210108ERS6_m is safe zone — language guarantees apply
[2m[DEBUG][0m ZONE-SKIP: _ZNSt3__16vectorIN4Json6Reader15StructuredErrorENS_9allocatorIS3_EEE21_ConstructTransactionD1B8ne210108Ev is safe zone — language guarantees apply
[2m[DEBUG][0m ZONE-SKIP: _ZNSt3__16vectorIN4Json6Reader15StructuredErrorENS_9allocatorIS3_EEE21_ConstructTransactionD2B8ne210108Ev is safe zone — language guarantees apply
[2m[DEBUG][0m ZONE-SKIP: _ZNSt3__16vectorIN4Json6Reader15StructuredErrorENS_9allocatorIS3_EEE21_ConstructTransactionC2B8ne210108ERS6_m is safe zone — language guarantees apply
[2m[DEBUG][0m ZONE-SKIP: _ZNKSt3__16vectorIN4Json6Reader15StructuredErrorENS_9allocatorIS3_EEE19__annotate_increaseB8ne210108Em is safe zone — language guarantees apply
[2m[DEBUG][0m ZONE-SKIP: _ZN4Json6Reader15StructuredErrorC2Ev is safe zone — language guarantees apply
[2m[DEBUG][0m ZONE-SKIP: _ZNSt3__16vectorIN4Json6Reader15StructuredErrorENS_9allocatorIS3_EEEC2B8ne210108Ev is safe zone — language guarantees apply
[2m[DEBUG][0m ZONE-SKIP: _ZNSt3__19allocatorIN4Json6Reader15StructuredErrorEEC1B8ne210108Ev is safe zone — language guarantees apply
[2m[DEBUG][0m ZONE-SKIP: _ZNSt3__19allocatorIN4Json6Reader15StructuredErrorEEC2B8ne210108Ev is safe zone — language guarantees apply
[2m[DEBUG][0m ZONE-SKIP: _ZNSt3__116__non_trivial_ifILb1ENS_9allocatorIN4Json6Reader15StructuredErrorEEEEC2B8ne210108Ev is safe zone — language guarantees apply
[2m[DEBUG][0m ZONE-SKIP: _ZNKSt3__15dequeIN4Json6Reader9ErrorInfoENS_9allocatorIS3_EEE5emptyB8ne210108Ev is safe zone — language guarantees apply
[2m[DEBUG][0m ZONE-SKIP: _ZNSt3__16vectorIN4Json9OurReader15StructuredErrorENS_9allocatorIS3_EEEC1B8ne210108Ev is safe zone — language guarantees apply
[2m[DEBUG][0m ZONE-SKIP: _ZNSt3__16vectorIN4Json9OurReader15StructuredErrorENS_9allocatorIS3_EEE9push_backB8ne210108ERKS3_ is safe zone — language guarantees apply
[2m[DEBUG][0m ZONE-SKIP: _ZNSt3__16vectorIN4Json9OurReader15StructuredErrorENS_9allocatorIS3_EEED1B8ne210108Ev is safe zone — language guarantees apply
[2m[DEBUG][0m ZONE-SKIP: _ZNSt3__16vectorIN4Json9OurReader15StructuredErrorENS_9allocatorIS3_EEED2B8ne210108Ev is safe zone — language guarantees apply
[2m[DEBUG][0m ZONE-SKIP: _ZNSt3__16vectorIN4Json9OurReader15StructuredErrorENS_9allocatorIS3_EEE16__destroy_vectorC1B8ne210108ERS6_ is safe zone — language guarantees apply
[2m[DEBUG][0m ZONE-SKIP: _ZNSt3__16vectorIN4Json9OurReader15StructuredErrorENS_9allocatorIS3_EEE16__destroy_vectorclB8ne210108Ev is safe zone — language guarantees apply
[2m[DEBUG][0m ZONE-SKIP: _ZNSt3__16vectorIN4Json9OurReader15StructuredErrorENS_9allocatorIS3_EEE5clearB8ne210108Ev is safe zone — language guarantees apply
[2m[DEBUG][0m ZONE-SKIP: _ZNKSt3__16vectorIN4Json9OurReader15StructuredErrorENS_9allocatorIS3_EEE17__annotate_deleteB8ne210108Ev is safe zone — language guarantees apply
[2m[DEBUG][0m ZONE-SKIP: _ZNKSt3__16vectorIN4Json9OurReader15StructuredErrorENS_9allocatorIS3_EEE8capacityB8ne210108Ev is safe zone — language guarantees apply
[2m[DEBUG][0m ZONE-SKIP: _ZNSt3__116allocator_traitsINS_9allocatorIN4Json9OurReader15StructuredErrorEEEE10deallocateB8ne210108ERS5_PS4_m is safe zone — language guarantees apply
[2m[DEBUG][0m ZONE-SKIP: _ZNSt3__19allocatorIN4Json9OurReader15StructuredErrorEE10deallocateB8ne210108EPS3_m is safe zone — language guarantees apply
[2m[DEBUG][0m ZONE-SKIP: _ZNSt3__119__libcpp_deallocateB8ne210108IN4Json9OurReader15StructuredErrorEEEvPNS_15__type_identityIT_E4typeENS_15__element_countEm is safe zone — language guarantees apply
[2m[DEBUG][0m ZONE-SKIP: _ZNKSt3__16vectorIN4Json9OurReader15StructuredErrorENS_9allocatorIS3_EEE4dataB8ne210108Ev is safe zone — language guarantees apply
[2m[DEBUG][0m ZONE-SKIP: _ZNKSt3__16vectorIN4Json9OurReader15StructuredErrorENS_9allocatorIS3_EEE4sizeB8ne210108Ev is safe zone — language guarantees apply
[2m[DEBUG][0m ZONE-SKIP: _ZNKSt3__16vectorIN4Json9OurReader15StructuredErrorENS_9allocatorIS3_EEE31__annotate_contiguous_containerB8ne210108EPKvS8_ is safe zone — language guarantees apply
[2m[DEBUG][0m ZONE-SKIP: _ZNSt3__131__annotate_contiguous_containerB8ne210108INS_9allocatorIN4Json9OurReader15StructuredErrorEEEEEvPKvS7_S7_S7_ is safe zone — language guarantees apply
[2m[DEBUG][0m ZONE-SKIP: _ZNSt3__112__to_addressB8ne210108IN4Json9OurReader15StructuredErrorEEEPT_S5_ is safe zone — language guarantees apply
[2m[DEBUG][0m ZONE-SKIP: _ZNSt3__16vectorIN4Json9OurReader15StructuredErrorENS_9allocatorIS3_EEE22__base_destruct_at_endB8ne210108EPS3_ is safe zone — language guarantees apply
[2m[DEBUG][0m ZONE-SKIP: _ZNKSt3__16vectorIN4Json9OurReader15StructuredErrorENS_9allocatorIS3_EEE17__annotate_shrinkB8ne210108Em is safe zone — language guarantees apply
[2m[DEBUG][0m ZONE-SKIP: _ZNSt3__116allocator_traitsINS_9allocatorIN4Json9OurReader15StructuredErrorEEEE7destroyB8ne210108IS4_TnNS_9enable_ifIX15__has_destroy_vIS5_PT_EEiE4typeELi0EEEvRS5_SA_ is safe zone — language guarantees apply
[2m[DEBUG][0m ZONE-SKIP: _ZNSt3__19allocatorIN4Json9OurReader15StructuredErrorEE7destroyB8ne210108EPS3_ is safe zone — language guarantees apply
[2m[DEBUG][0m ZONE-SKIP: _ZNSt3__16vectorIN4Json9OurReader15StructuredErrorENS_9allocatorIS3_EEE16__destroy_vectorC2B8ne210108ERS6_ is safe zone — language guarantees apply
[2m[DEBUG][0m ZONE-SKIP: _ZNSt3__16vectorIN4Json9OurReader15StructuredErrorENS_9allocatorIS3_EEE12emplace_backIJRKS3_EEEvDpOT_ is safe zone — language guarantees apply
[2m[DEBUG][0m ZONE-SKIP: _ZNSt3__16vectorIN4Json9OurReader15StructuredErrorENS_9allocatorIS3_EEE30__emplace_back_assume_capacityB8ne210108IJRKS3_EEEvDpOT_ is safe zone — language guarantees apply
[2m[DEBUG][0m ZONE-SKIP: _ZNSt3__16vectorIN4Json9OurReader15StructuredErrorENS_9allocatorIS3_EEE24__emplace_back_slow_pathIJRKS3_EEEPS3_DpOT_ is safe zone — language guarantees apply
[2m[DEBUG][0m ZONE-SKIP: _ZNKSt3__16vectorIN4Json9OurReader15StructuredErrorENS_9allocatorIS3_EEE11__recommendB8ne210108Em is safe zone — language guarantees apply
[2m[DEBUG][0m ZONE-SKIP: _ZNSt3__114__split_bufferIN4Json9OurReader15StructuredErrorERNS_9allocatorIS3_EEEC1EmmS6_ is safe zone — language guarantees apply
[2m[DEBUG][0m ZONE-SKIP: _ZNSt3__116allocator_traitsINS_9allocatorIN4Json9OurReader15StructuredErrorEEEE9constructB8ne210108IS4_JRKS4_ETnNS_9enable_ifIX17__has_construct_vIS5_PT_DpT0_EEiE4typeELi0EEEvRS5_SC_DpOSD_ is safe zone — language guarantees apply
[2m[DEBUG][0m ZONE-SKIP: _ZNSt3__16vectorIN4Json9OurReader15StructuredErrorENS_9allocatorIS3_EEE26__swap_out_circular_bufferERNS_14__split_bufferIS3_RS5_EE is safe zone — language guarantees apply
[2m[DEBUG][0m ZONE-SKIP: _ZNSt3__114__split_bufferIN4Json9OurReader15StructuredErrorERNS_9allocatorIS3_EEED1Ev is safe zone — language guarantees apply
[2m[DEBUG][0m ZONE-SKIP: _ZNSt3__114__split_bufferIN4Json9OurReader15StructuredErrorERNS_9allocatorIS3_EEED2Ev is safe zone — language guarantees apply
[2m[DEBUG][0m ZONE-SKIP: _ZNSt3__114__split_bufferIN4Json9OurReader15StructuredErrorERNS_9allocatorIS3_EEE5clearB8ne210108Ev is safe zone — language guarantees apply
[2m[DEBUG][0m ZONE-SKIP: _ZNKSt3__114__split_bufferIN4Json9OurReader15StructuredErrorERNS_9allocatorIS3_EEE8capacityB8ne210108Ev is safe zone — language guarantees apply
[2m[DEBUG][0m ZONE-SKIP: _ZNSt3__114__split_bufferIN4Json9OurReader15StructuredErrorERNS_9allocatorIS3_EEE17__destruct_at_endB8ne210108EPS3_ is safe zone — language guarantees apply
[2m[DEBUG][0m ZONE-SKIP: _ZNSt3__114__split_bufferIN4Json9OurReader15StructuredErrorERNS_9allocatorIS3_EEE17__destruct_at_endB8ne210108EPS3_NS_17integral_constantIbLb0EEE is safe zone — language guarantees apply
[2m[DEBUG][0m ZONE-SKIP: _ZNSt3__134__uninitialized_allocator_relocateB8ne210108INS_9allocatorIN4Json9OurReader15StructuredErrorEEEPS4_EEvRT_T0_S9_S9_ is safe zone — language guarantees apply
[2m[DEBUG][0m ZONE-SKIP: _ZNSt3__14swapB8ne210108IPN4Json9OurReader15StructuredErrorEEENS_9enable_ifIXaasr21is_move_constructibleIT_EE5valuesr18is_move_assignableIS6_EE5valueEvE4typeERS6_S9_ is safe zone — language guarantees apply
[2m[DEBUG][0m ZONE-SKIP: _ZNKSt3__16vectorIN4Json9OurReader15StructuredErrorENS_9allocatorIS3_EEE14__annotate_newB8ne210108Em is safe zone — language guarantees apply
[2m[DEBUG][0m ZONE-SKIP: _ZNSt3__129_AllocatorDestroyRangeReverseINS_9allocatorIN4Json9OurReader15StructuredErrorEEEPS4_EC1B8ne210108ERS5_RS6_S9_ is safe zone — language guarantees apply
[2m[DEBUG][0m ZONE-SKIP: _ZNSt3__122__make_exception_guardB8ne210108INS_29_AllocatorDestroyRangeReverseINS_9allocatorIN4Json9OurReader15StructuredErrorEEEPS5_EEEENS_28__exception_guard_exceptionsIT_EESA_ is safe zone — language guarantees apply
[2m[DEBUG][0m ZONE-SKIP: _ZNSt3__116allocator_traitsINS_9allocatorIN4Json9OurReader15StructuredErrorEEEE9constructB8ne210108IS4_JS4_ETnNS_9enable_ifIX17__has_construct_vIS5_PT_DpT0_EEiE4typeELi0EEEvRS5_SA_DpOSB_ is safe zone — language guarantees apply
[2m[DEBUG][0m ZONE-SKIP: _ZNSt3__128__exception_guard_exceptionsINS_29_AllocatorDestroyRangeReverseINS_9allocatorIN4Json9OurReader15StructuredErrorEEEPS5_EEED1B8ne210108Ev is safe zone — language guarantees apply
[2m[DEBUG][0m ZONE-SKIP: _ZNSt3__128__exception_guard_exceptionsINS_29_AllocatorDestroyRangeReverseINS_9allocatorIN4Json9OurReader15StructuredErrorEEEPS5_EEE10__completeB8ne210108Ev is safe zone — language guarantees apply
[2m[DEBUG][0m ZONE-SKIP: _ZNSt3__119__allocator_destroyB8ne210108INS_9allocatorIN4Json9OurReader15StructuredErrorEEEPS4_S6_EEvRT_T0_T1_ is safe zone — language guarantees apply
[2m[DEBUG][0m ZONE-SKIP: _ZNSt3__128__exception_guard_exceptionsINS_29_AllocatorDestroyRangeReverseINS_9allocatorIN4Json9OurReader15StructuredErrorEEEPS5_EEED2B8ne210108Ev is safe zone — language guarantees apply
[2m[DEBUG][0m ZONE-SKIP: _ZNKSt3__129_AllocatorDestroyRangeReverseINS_9allocatorIN4Json9OurReader15StructuredErrorEEEPS4_EclB8ne210108Ev is safe zone — language guarantees apply
[2m[DEBUG][0m ZONE-SKIP: _ZNSt3__116reverse_iteratorIPN4Json9OurReader15StructuredErrorEEC1B8ne210108ES4_ is safe zone — language guarantees apply
[2m[DEBUG][0m ZONE-SKIP: _ZNSt3__119__allocator_destroyB8ne210108INS_9allocatorIN4Json9OurReader15StructuredErrorEEENS_16reverse_iteratorIPS4_EES8_EEvRT_T0_T1_ is safe zone — language guarantees apply
[2m[DEBUG][0m ZONE-SKIP: _ZNSt3__1neB8ne210108IPN4Json9OurReader15StructuredErrorES4_EEbRKNS_16reverse_iteratorIT_EERKNS5_IT0_EE is safe zone — language guarantees apply
[2m[DEBUG][0m ZONE-SKIP: _ZNKSt3__116reverse_iteratorIPN4Json9OurReader15StructuredErrorEEdeB8ne210108Ev is safe zone — language guarantees apply
[2m[DEBUG][0m ZONE-SKIP: _ZNSt3__116reverse_iteratorIPN4Json9OurReader15StructuredErrorEEppB8ne210108Ev is safe zone — language guarantees apply
[2m[DEBUG][0m ZONE-SKIP: _ZNKSt3__116reverse_iteratorIPN4Json9OurReader15StructuredErrorEE4baseB8ne210108Ev is safe zone — language guarantees apply
[2m[DEBUG][0m ZONE-SKIP: _ZNSt3__116reverse_iteratorIPN4Json9OurReader15StructuredErrorEEC2B8ne210108ES4_ is safe zone — language guarantees apply
[2m[DEBUG][0m ZONE-SKIP: _ZNSt3__19allocatorIN4Json9OurReader15StructuredErrorEE9constructB8ne210108IS3_JS3_EEEvPT_DpOT0_ is safe zone — language guarantees apply
[2m[DEBUG][0m ZONE-SKIP: _ZNSt3__128__exception_guard_exceptionsINS_29_AllocatorDestroyRangeReverseINS_9allocatorIN4Json9OurReader15StructuredErrorEEEPS5_EEEC1B8ne210108ES8_ is safe zone — language guarantees apply
[2m[DEBUG][0m ZONE-SKIP: _ZNSt3__128__exception_guard_exceptionsINS_29_AllocatorDestroyRangeReverseINS_9allocatorIN4Json9OurReader15StructuredErrorEEEPS5_EEEC2B8ne210108ES8_ is safe zone — language guarantees apply
[2m[DEBUG][0m ZONE-SKIP: _ZNSt3__129_AllocatorDestroyRangeReverseINS_9allocatorIN4Json9OurReader15StructuredErrorEEEPS4_EC2B8ne210108ERS5_RS6_S9_ is safe zone — language guarantees apply
[2m[DEBUG][0m ZONE-SKIP: _ZNSt3__19allocatorIN4Json9OurReader15StructuredErrorEE9constructB8ne210108IS3_JRKS3_EEEvPT_DpOT0_ is safe zone — language guarantees apply
[2m[DEBUG][0m ZONE-SKIP: _ZNSt3__114__split_bufferIN4Json9OurReader15StructuredErrorERNS_9allocatorIS3_EEEC2EmmS6_ is safe zone — language guarantees apply
[2m[DEBUG][0m ZONE-SKIP: _ZNSt3__119__allocate_at_leastB8ne210108INS_9allocatorIN4Json9OurReader15StructuredErrorEEEEENS_19__allocation_resultINS_16allocator_traitsIT_E7pointerEEERS8_m is safe zone — language guarantees apply
[2m[DEBUG][0m ZONE-SKIP: _ZNSt3__19allocatorIN4Json9OurReader15StructuredErrorEE8allocateB8ne210108Em is safe zone — language guarantees apply
[2m[DEBUG][0m ZONE-SKIP: _ZNSt3__116allocator_traitsINS_9allocatorIN4Json9OurReader15StructuredErrorEEEE8max_sizeB8ne210108IS5_TnNS_9enable_ifIX16__has_max_size_vIKT_EEiE4typeELi0EEEmRKS5_ is safe zone — language guarantees apply
[2m[DEBUG][0m ZONE-SKIP: _ZNSt3__117__libcpp_allocateB8ne210108IN4Json9OurReader15StructuredErrorEEEPT_NS_15__element_countEm is safe zone — language guarantees apply
[2m[DEBUG][0m ZONE-SKIP: _ZNKSt3__19allocatorIN4Json9OurReader15StructuredErrorEE8max_sizeB8ne210108Ev is safe zone — language guarantees apply
[2m[DEBUG][0m ZONE-SKIP: _ZNKSt3__16vectorIN4Json9OurReader15StructuredErrorENS_9allocatorIS3_EEE8max_sizeB8ne210108Ev is safe zone — language guarantees apply
[2m[DEBUG][0m ZONE-SKIP: _ZNSt3__16vectorIN4Json9OurReader15StructuredErrorENS_9allocatorIS3_EEE20__throw_length_errorB8ne210108Ev is safe zone — language guarantees apply
[2m[DEBUG][0m ZONE-SKIP: _ZNSt3__16vectorIN4Json9OurReader15StructuredErrorENS_9allocatorIS3_EEE21_ConstructTransactionC1B8ne210108ERS6_m is safe zone — language guarantees apply
[2m[DEBUG][0m ZONE-SKIP: _ZNSt3__16vectorIN4Json9OurReader15StructuredErrorENS_9allocatorIS3_EEE21_ConstructTransactionD1B8ne210108Ev is safe zone — language guarantees apply
[2m[DEBUG][0m ZONE-SKIP: _ZNSt3__16vectorIN4Json9OurReader15StructuredErrorENS_9allocatorIS3_EEE21_ConstructTransactionD2B8ne210108Ev is safe zone — language guarantees apply
[2m[DEBUG][0m ZONE-SKIP: _ZNSt3__16vectorIN4Json9OurReader15StructuredErrorENS_9allocatorIS3_EEE21_ConstructTransactionC2B8ne210108ERS6_m is safe zone — language guarantees apply
[2m[DEBUG][0m ZONE-SKIP: _ZNKSt3__16vectorIN4Json9OurReader15StructuredErrorENS_9allocatorIS3_EEE19__annotate_increaseB8ne210108Em is safe zone — language guarantees apply
[2m[DEBUG][0m ZONE-SKIP: _ZNSt3__16vectorIN4Json9OurReader15StructuredErrorENS_9allocatorIS3_EEEC2B8ne210108Ev is safe zone — language guarantees apply
[2m[DEBUG][0m ZONE-SKIP: _ZNSt3__19allocatorIN4Json9OurReader15StructuredErrorEEC1B8ne210108Ev is safe zone — language guarantees apply
[2m[DEBUG][0m ZONE-SKIP: _ZNSt3__19allocatorIN4Json9OurReader15StructuredErrorEEC2B8ne210108Ev is safe zone — language guarantees apply
[2m[DEBUG][0m ZONE-SKIP: _ZNSt3__116__non_trivial_ifILb1ENS_9allocatorIN4Json9OurReader15StructuredErrorEEEEC2B8ne210108Ev is safe zone — language guarantees apply
[2m[DEBUG][0m ZONE-SKIP: _ZN4Json10CharReader7FactoryC2Ev is safe zone — language guarantees apply
[2m[DEBUG][0m ZONE-SKIP: _ZN4Json10CharReader7FactoryD1Ev is safe zone — language guarantees apply
[2m[DEBUG][0m ZONE-SKIP: _ZN4Json10CharReader7FactoryD0Ev is safe zone — language guarantees apply
[2m[DEBUG][0m ZONE-SKIP: _ZNSt3__13setINS_12basic_stringIcNS_11char_traitsIcEENS_9allocatorIcEEEENS_4lessIS6_EENS4_IS6_EEEC1B8ne210108ESt16initializer_listIS6_ERKS8_ is safe zone — language guarantees apply
[2m[DEBUG][0m ZONE-SKIP: _ZNK4Json17ValueIteratorBaseneERKS0_ is safe zone — language guarantees apply
[2m[DEBUG][0m ZONE-SKIP: _ZNKSt3__13setINS_12basic_stringIcNS_11char_traitsIcEENS_9allocatorIcEEEENS_4lessIS6_EENS4_IS6_EEE5countB8ne210108ERKS6_ is safe zone — language guarantees apply
[2m[DEBUG][0m ZONE-SKIP: _ZNK4Json18ValueConstIteratordeEv is safe zone — language guarantees apply
[2m[DEBUG][0m ZONE-SKIP: _ZN4Json18ValueConstIteratorppEv is safe zone — language guarantees apply
[2m[DEBUG][0m ZONE-SKIP: _ZNKSt3__16__treeINS_12basic_stringIcNS_11char_traitsIcEENS_9allocatorIcEEEENS_4lessIS6_EENS4_IS6_EEE14__count_uniqueIS6_EEmRKT_ is safe zone — language guarantees apply
[2m[DEBUG][0m ZONE-SKIP: _ZNKSt3__16__treeINS_12basic_stringIcNS_11char_traitsIcEENS_9allocatorIcEEEENS_4lessIS6_EENS4_IS6_EEE6__rootB8ne210108Ev is safe zone — language guarantees apply
[2m[DEBUG][0m ZONE-SKIP: _ZNKSt3__16__treeINS_12basic_stringIcNS_11char_traitsIcEENS_9allocatorIcEEEENS_4lessIS6_EENS4_IS6_EEE10value_compB8ne210108Ev is safe zone — language guarantees apply
[2m[DEBUG][0m ZONE-SKIP: _ZNKSt3__14lessINS_12basic_stringIcNS_11char_traitsIcEENS_9allocatorIcEEEEEclB8ne210108ERKS6_S9_ is safe zone — language guarantees apply
[2m[DEBUG][0m ZONE-SKIP: _ZNSt3__1ltB8ne210108IcNS_11char_traitsIcEENS_9allocatorIcEEEEbRKNS_12basic_stringIT_T0_T1_EESB_ is safe zone — language guarantees apply
[2m[DEBUG][0m ZONE-SKIP: _ZNKSt3__112basic_stringIcNS_11char_traitsIcEENS_9allocatorIcEEE7compareB8ne210108ERKS5_ is safe zone — language guarantees apply
[2m[DEBUG][0m ZONE-SKIP: _ZNKSt3__112basic_stringIcNS_11char_traitsIcEENS_9allocatorIcEEEcvNS_17basic_string_viewIcS2_EEB8ne210108Ev is safe zone — language guarantees apply
[2m[DEBUG][0m ZONE-SKIP: _ZNKSt3__112basic_stringIcNS_11char_traitsIcEENS_9allocatorIcEEE7compareB8ne210108INS_17basic_string_viewIcS2_EETnNS_9enable_ifIXsr33__can_be_converted_to_string_viewIcS2_T_EE5valueEiE4typeELi0EEEiRKSA_ is safe zone — language guarantees apply
[2m[DEBUG][0m ZONE-SKIP: _ZNKSt3__117basic_string_viewIcNS_11char_traitsIcEEE4sizeB8ne210108Ev is safe zone — language guarantees apply
[2m[DEBUG][0m ZONE-SKIP: _ZNKSt3__117basic_string_viewIcNS_11char_traitsIcEEE4dataB8ne210108Ev is safe zone — language guarantees apply
[2m[DEBUG][0m ZONE-SKIP: _ZNSt3__111char_traitsIcE7compareB8ne210108EPKcS3_m is safe zone — language guarantees apply
[2m[DEBUG][0m ZONE-SKIP: _ZNSt3__117basic_string_viewIcNS_11char_traitsIcEEEC1B8ne210108ENS3_14__assume_validEPKcm is safe zone — language guarantees apply
[2m[DEBUG][0m ZONE-SKIP: _ZNSt3__117basic_string_viewIcNS_11char_traitsIcEEEC2B8ne210108ENS3_14__assume_validEPKcm is safe zone — language guarantees apply
[2m[DEBUG][0m ZONE-SKIP: _ZNKSt3__16__treeINS_12basic_stringIcNS_11char_traitsIcEENS_9allocatorIcEEEENS_4lessIS6_EENS4_IS6_EEE10__end_nodeB8ne210108Ev is safe zone — language guarantees apply
[2m[DEBUG][0m ZONE-SKIP: _ZNSt3__114pointer_traitsIPNS_15__tree_end_nodeIPNS_16__tree_node_baseIPvEEEEE10pointer_toB8ne210108ERS6_ is safe zone — language guarantees apply
[2m[DEBUG][0m ZONE-SKIP: _ZNSt3__13setINS_12basic_stringIcNS_11char_traitsIcEENS_9allocatorIcEEEENS_4lessIS6_EENS4_IS6_EEEC2B8ne210108ESt16initializer_listIS6_ERKS8_ is safe zone — language guarantees apply
[2m[DEBUG][0m ZONE-SKIP: _ZNSt3__16__treeINS_12basic_stringIcNS_11char_traitsIcEENS_9allocatorIcEEEENS_4lessIS6_EENS4_IS6_EEEC1ERKS8_ is safe zone — language guarantees apply
[2m[DEBUG][0m ZONE-SKIP: _ZNKSt16initializer_listINSt3__112basic_stringIcNS0_11char_traitsIcEENS0_9allocatorIcEEEEE5beginB8ne210108Ev is safe zone — language guarantees apply
[2m[DEBUG][0m ZONE-SKIP: _ZNKSt16initializer_listINSt3__112basic_stringIcNS0_11char_traitsIcEENS0_9allocatorIcEEEEE3endB8ne210108Ev is safe zone — language guarantees apply
[2m[DEBUG][0m ZONE-SKIP: _ZNSt3__13setINS_12basic_stringIcNS_11char_traitsIcEENS_9allocatorIcEEEENS_4lessIS6_EENS4_IS6_EEE6insertB8ne210108IPKS6_EEvT_SE_ is safe zone — language guarantees apply
[2m[DEBUG][0m ZONE-SKIP: _ZNSt3__16__treeINS_12basic_stringIcNS_11char_traitsIcEENS_9allocatorIcEEEENS_4lessIS6_EENS4_IS6_EEED1Ev is safe zone — language guarantees apply
[2m[DEBUG][0m ZONE-SKIP: _ZNSt3__16__treeINS_12basic_stringIcNS_11char_traitsIcEENS_9allocatorIcEEEENS_4lessIS6_EENS4_IS6_EEED2Ev is safe zone — language guarantees apply
[2m[DEBUG][0m ZONE-SKIP: _ZNSt3__16__treeINS_12basic_stringIcNS_11char_traitsIcEENS_9allocatorIcEEEENS_4lessIS6_EENS4_IS6_EEE7destroyEPNS_11__tree_nodeIS6_PvEE is safe zone — language guarantees apply
[2m[DEBUG][0m ZONE-SKIP: _ZNSt3__16__treeINS_12basic_stringIcNS_11char_traitsIcEENS_9allocatorIcEEEENS_4lessIS6_EENS4_IS6_EEE12__node_allocB8ne210108Ev is safe zone — language guarantees apply
[2m[DEBUG][0m ZONE-SKIP: _ZNSt3__116allocator_traitsINS_9allocatorINS_11__tree_nodeINS_12basic_stringIcNS_11char_traitsIcEENS1_IcEEEEPvEEEEE7destroyB8ne210108IS7_TnNS_9enable_ifIXnt15__has_destroy_vISA_PT_EEiE4typeELi0EEEvRSA_SF_ is safe zone — language guarantees apply
[2m[DEBUG][0m ZONE-SKIP: _ZNSt3__116allocator_traitsINS_9allocatorINS_11__tree_nodeINS_12basic_stringIcNS_11char_traitsIcEENS1_IcEEEEPvEEEEE10deallocateB8ne210108ERSA_PS9_m is safe zone — language guarantees apply
[2m[DEBUG][0m ZONE-SKIP: _ZNSt3__19allocatorINS_11__tree_nodeINS_12basic_stringIcNS_11char_traitsIcEENS0_IcEEEEPvEEE10deallocateB8ne210108EPS8_m is safe zone — language guarantees apply
[2m[DEBUG][0m ZONE-SKIP: _ZNSt3__119__libcpp_deallocateB8ne210108INS_11__tree_nodeINS_12basic_stringIcNS_11char_traitsIcEENS_9allocatorIcEEEEPvEEEEvPNS_15__type_identityIT_E4typeENS_15__element_countEm is safe zone — language guarantees apply
[2m[DEBUG][0m ZONE-SKIP: _ZNSt3__112__destroy_atB8ne210108INS_12basic_stringIcNS_11char_traitsIcEENS_9allocatorIcEEEETnNS_9enable_ifIXntsr8is_arrayIT_EE5valueEiE4typeELi0EEEvPS8_ is safe zone — language guarantees apply
[2m[DEBUG][0m ZONE-SKIP: _ZNKSt3__13setINS_12basic_stringIcNS_11char_traitsIcEENS_9allocatorIcEEEENS_4lessIS6_EENS4_IS6_EEE4cendB8ne210108Ev is safe zone — language guarantees apply
[2m[DEBUG][0m ZONE-SKIP: _ZNSt3__16__treeINS_12basic_stringIcNS_11char_traitsIcEENS_9allocatorIcEEEENS_4lessIS6_EENS4_IS6_EEE21__emplace_hint_uniqueB8ne210108IRKS6_EENS_15__tree_iteratorIS6_PNS_11__tree_nodeIS6_PvEElEENS_21__tree_const_iteratorIS6_SI_lEEOT_ is safe zone — language guarantees apply
[2m[DEBUG][0m ZONE-SKIP: _ZNSt3__16__treeINS_12basic_stringIcNS_11char_traitsIcEENS_9allocatorIcEEEENS_4lessIS6_EENS4_IS6_EEE33__emplace_hint_unique_extract_keyB8ne210108IRKS6_EENS_15__tree_iteratorIS6_PNS_11__tree_nodeIS6_PvEElEENS_21__tree_const_iteratorIS6_SI_lEEOT_NS_22__extract_key_self_tagE is safe zone — language guarantees apply
[2m[DEBUG][0m ZONE-SKIP: _ZNSt3__16__treeINS_12basic_stringIcNS_11char_traitsIcEENS_9allocatorIcEEEENS_4lessIS6_EENS4_IS6_EEE30__emplace_hint_unique_key_argsIS6_JRKS6_EEENS_4pairINS_15__tree_iteratorIS6_PNS_11__tree_nodeIS6_PvEElEEbEENS_21__tree_const_iteratorIS6_SJ_lEERKT_DpOT0_ is safe zone — language guarantees apply
[2m[DEBUG][0m ZONE-SKIP: _ZNSt3__16__treeINS_12basic_stringIcNS_11char_traitsIcEENS_9allocatorIcEEEENS_4lessIS6_EENS4_IS6_EEE12__find_equalIS6_EERPNS_16__tree_node_baseIPvEENS_21__tree_const_iteratorIS6_PNS_11__tree_nodeIS6_SD_EElEERPNS_15__tree_end_nodeISF_EESG_RKT_ is safe zone — language guarantees apply
[2m[DEBUG][0m ZONE-SKIP: _ZNSt3__16__treeINS_12basic_stringIcNS_11char_traitsIcEENS_9allocatorIcEEEENS_4lessIS6_EENS4_IS6_EEE16__construct_nodeIJRKS6_EEENS_10unique_ptrINS_11__tree_nodeIS6_PvEENS_22__tree_node_destructorINS4_ISH_EEEEEEDpOT_ is safe zone — language guarantees apply
[2m[DEBUG][0m ZONE-SKIP: _ZNKSt3__110unique_ptrINS_11__tree_nodeINS_12basic_stringIcNS_11char_traitsIcEENS_9allocatorIcEEEEPvEENS_22__tree_node_destructorINS5_IS9_EEEEE3getB8ne210108Ev is safe zone — language guarantees apply
[2m[DEBUG][0m ZONE-SKIP: _ZNSt3__16__treeINS_12basic_stringIcNS_11char_traitsIcEENS_9allocatorIcEEEENS_4lessIS6_EENS4_IS6_EEE16__insert_node_atEPNS_15__tree_end_nodeIPNS_16__tree_node_baseIPvEEEERSF_SF_ is safe zone — language guarantees apply
[2m[DEBUG][0m ZONE-SKIP: _ZNSt3__110unique_ptrINS_11__tree_nodeINS_12basic_stringIcNS_11char_traitsIcEENS_9allocatorIcEEEEPvEENS_22__tree_node_destructorINS5_IS9_EEEEE7releaseB8ne210108Ev is safe zone — language guarantees apply
[2m[DEBUG][0m ZONE-SKIP: _ZNSt3__110unique_ptrINS_11__tree_nodeINS_12basic_stringIcNS_11char_traitsIcEENS_9allocatorIcEEEEPvEENS_22__tree_node_destructorINS5_IS9_EEEEED1B8ne210108Ev is safe zone — language guarantees apply
[2m[DEBUG][0m ZONE-SKIP: _ZNSt3__115__tree_iteratorINS_12basic_stringIcNS_11char_traitsIcEENS_9allocatorIcEEEEPNS_11__tree_nodeIS6_PvEElEC1B8ne210108ESA_ is safe zone — language guarantees apply
[2m[DEBUG][0m ZONE-SKIP: _ZNSt3__14pairINS_15__tree_iteratorINS_12basic_stringIcNS_11char_traitsIcEENS_9allocatorIcEEEEPNS_11__tree_nodeIS7_PvEElEEbEC1B8ne210108ISC_RbTnNS_9enable_ifIXclsr25__check_pair_constructionISC_bEE23__is_pair_constructibleIT_T0_EEEiE4typeELi0EEEOSH_OSI_ is safe zone — language guarantees apply
[2m[DEBUG][0m ZONE-SKIP: _ZNSt3__14pairINS_15__tree_iteratorINS_12basic_stringIcNS_11char_traitsIcEENS_9allocatorIcEEEEPNS_11__tree_nodeIS7_PvEElEEbEC2B8ne210108ISC_RbTnNS_9enable_ifIXclsr25__check_pair_constructionISC_bEE23__is_pair_constructibleIT_T0_EEEiE4typeELi0EEEOSH_OSI_ is safe zone — language guarantees apply
[2m[DEBUG][0m ZONE-SKIP: _ZNSt3__115__tree_iteratorINS_12basic_stringIcNS_11char_traitsIcEENS_9allocatorIcEEEEPNS_11__tree_nodeIS6_PvEElEC2B8ne210108ESA_ is safe zone — language guarantees apply
[2m[DEBUG][0m ZONE-SKIP: _ZNSt3__110unique_ptrINS_11__tree_nodeINS_12basic_stringIcNS_11char_traitsIcEENS_9allocatorIcEEEEPvEENS_22__tree_node_destructorINS5_IS9_EEEEED2B8ne210108Ev is safe zone — language guarantees apply
[2m[DEBUG][0m ZONE-SKIP: _ZNSt3__110unique_ptrINS_11__tree_nodeINS_12basic_stringIcNS_11char_traitsIcEENS_9allocatorIcEEEEPvEENS_22__tree_node_destructorINS5_IS9_EEEEE5resetB8ne210108EPS9_ is safe zone — language guarantees apply
[2m[DEBUG][0m ZONE-SKIP: _ZNSt3__122__tree_node_destructorINS_9allocatorINS_11__tree_nodeINS_12basic_stringIcNS_11char_traitsIcEENS1_IcEEEEPvEEEEEclB8ne210108EPS9_ is safe zone — language guarantees apply
[2m[DEBUG][0m ZONE-SKIP: _ZNSt3__16__treeINS_12basic_stringIcNS_11char_traitsIcEENS_9allocatorIcEEEENS_4lessIS6_EENS4_IS6_EEE12__begin_nodeB8ne210108Ev is safe zone — language guarantees apply
[2m[DEBUG][0m ZONE-SKIP: _ZNSt3__16__treeINS_12basic_stringIcNS_11char_traitsIcEENS_9allocatorIcEEEENS_4lessIS6_EENS4_IS6_EEE10__end_nodeB8ne210108Ev is safe zone — language guarantees apply
[2m[DEBUG][0m ZONE-SKIP: _ZNSt3__127__tree_balance_after_insertB8ne210108IPNS_16__tree_node_baseIPvEEEEvT_S5_ is safe zone — language guarantees apply
[2m[DEBUG][0m ZONE-SKIP: _ZNSt3__16__treeINS_12basic_stringIcNS_11char_traitsIcEENS_9allocatorIcEEEENS_4lessIS6_EENS4_IS6_EEE4sizeB8ne210108Ev is safe zone — language guarantees apply
[2m[DEBUG][0m ZONE-SKIP: _ZNKSt3__116__tree_node_baseIPvE15__parent_unsafeB8ne210108Ev is safe zone — language guarantees apply
[2m[DEBUG][0m ZONE-SKIP: _ZNSt3__120__tree_is_left_childB8ne210108IPNS_16__tree_node_baseIPvEEEEbT_ is safe zone — language guarantees apply
[2m[DEBUG][0m ZONE-SKIP: _ZNSt3__118__tree_left_rotateB8ne210108IPNS_16__tree_node_baseIPvEEEEvT_ is safe zone — language guarantees apply
[2m[DEBUG][0m ZONE-SKIP: _ZNSt3__119__tree_right_rotateB8ne210108IPNS_16__tree_node_baseIPvEEEEvT_ is safe zone — language guarantees apply
[2m[DEBUG][0m ZONE-SKIP: _ZNSt3__116__tree_node_baseIPvE12__set_parentB8ne210108EPS2_ is safe zone — language guarantees apply
[2m[DEBUG][0m ZONE-SKIP: _ZNSt3__116allocator_traitsINS_9allocatorINS_11__tree_nodeINS_12basic_stringIcNS_11char_traitsIcEENS1_IcEEEEPvEEEEE8allocateB8ne210108ERSA_m is safe zone — language guarantees apply
[2m[DEBUG][0m ZONE-SKIP: _ZNSt3__122__tree_node_destructorINS_9allocatorINS_11__tree_nodeINS_12basic_stringIcNS_11char_traitsIcEENS1_IcEEEEPvEEEEEC1B8ne210108ERSA_b is safe zone — language guarantees apply
[2m[DEBUG][0m ZONE-SKIP: _ZNSt3__110unique_ptrINS_11__tree_nodeINS_12basic_stringIcNS_11char_traitsIcEENS_9allocatorIcEEEEPvEENS_22__tree_node_destructorINS5_IS9_EEEEEC1B8ne210108ILb1EvEEPS9_NS_16__dependent_typeINS_27__unique_ptr_deleter_sfinaeISC_EEXT_EE20__good_rval_ref_typeE is safe zone — language guarantees apply
[2m[DEBUG][0m ZONE-SKIP: _ZNKSt3__110unique_ptrINS_11__tree_nodeINS_12basic_stringIcNS_11char_traitsIcEENS_9allocatorIcEEEEPvEENS_22__tree_node_destructorINS5_IS9_EEEEEptB8ne210108Ev is safe zone — language guarantees apply
[2m[DEBUG][0m ZONE-SKIP: _ZNSt3__116allocator_traitsINS_9allocatorINS_11__tree_nodeINS_12basic_stringIcNS_11char_traitsIcEENS1_IcEEEEPvEEEEE9constructB8ne210108IS7_JRKS7_ETnNS_9enable_ifIX17__has_construct_vISA_PT_DpT0_EEiE4typeELi0EEEvRSA_SH_DpOSI_ is safe zone — language guarantees apply
[2m[DEBUG][0m ZONE-SKIP: _ZNSt3__110unique_ptrINS_11__tree_nodeINS_12basic_stringIcNS_11char_traitsIcEENS_9allocatorIcEEEEPvEENS_22__tree_node_destructorINS5_IS9_EEEEE11get_deleterB8ne210108Ev is safe zone — language guarantees apply
[2m[DEBUG][0m ZONE-SKIP: _ZNSt3__19allocatorINS_11__tree_nodeINS_12basic_stringIcNS_11char_traitsIcEENS0_IcEEEEPvEEE9constructB8ne210108IS6_JRKS6_EEEvPT_DpOT0_ is safe zone — language guarantees apply
[2m[DEBUG][0m ZONE-SKIP: _ZNSt3__110unique_ptrINS_11__tree_nodeINS_12basic_stringIcNS_11char_traitsIcEENS_9allocatorIcEEEEPvEENS_22__tree_node_destructorINS5_IS9_EEEEEC2B8ne210108ILb1EvEEPS9_NS_16__dependent_typeINS_27__unique_ptr_deleter_sfinaeISC_EEXT_EE20__good_rval_ref_typeE is safe zone — language guarantees apply
[2m[DEBUG][0m ZONE-SKIP: _ZNSt3__125__compressed_pair_paddingINS_22__tree_node_destructorINS_9allocatorINS_11__tree_nodeINS_12basic_stringIcNS_11char_traitsIcEENS2_IcEEEEPvEEEEEELb0EEC1Ev is safe zone — language guarantees apply
[2m[DEBUG][0m ZONE-SKIP: _ZNSt3__125__compressed_pair_paddingINS_22__tree_node_destructorINS_9allocatorINS_11__tree_nodeINS_12basic_stringIcNS_11char_traitsIcEENS2_IcEEEEPvEEEEEELb0EEC2Ev is safe zone — language guarantees apply
[2m[DEBUG][0m ZONE-SKIP: _ZNSt3__122__tree_node_destructorINS_9allocatorINS_11__tree_nodeINS_12basic_stringIcNS_11char_traitsIcEENS1_IcEEEEPvEEEEEC2B8ne210108ERSA_b is safe zone — language guarantees apply
[2m[DEBUG][0m ZONE-SKIP: _ZNSt3__19allocatorINS_11__tree_nodeINS_12basic_stringIcNS_11char_traitsIcEENS0_IcEEEEPvEEE8allocateB8ne210108Em is safe zone — language guarantees apply
[2m[DEBUG][0m ZONE-SKIP: _ZNSt3__116allocator_traitsINS_9allocatorINS_11__tree_nodeINS_12basic_stringIcNS_11char_traitsIcEENS1_IcEEEEPvEEEEE8max_sizeB8ne210108ISA_TnNS_9enable_ifIX16__has_max_size_vIKT_EEiE4typeELi0EEEmRKSA_ is safe zone — language guarantees apply
[2m[DEBUG][0m ZONE-SKIP: _ZNSt3__117__libcpp_allocateB8ne210108INS_11__tree_nodeINS_12basic_stringIcNS_11char_traitsIcEENS_9allocatorIcEEEEPvEEEEPT_NS_15__element_countEm is safe zone — language guarantees apply
[2m[DEBUG][0m ZONE-SKIP: _ZNKSt3__19allocatorINS_11__tree_nodeINS_12basic_stringIcNS_11char_traitsIcEENS0_IcEEEEPvEEE8max_sizeB8ne210108Ev is safe zone — language guarantees apply
[2m[DEBUG][0m ZONE-SKIP: _ZNSt3__16__treeINS_12basic_stringIcNS_11char_traitsIcEENS_9allocatorIcEEEENS_4lessIS6_EENS4_IS6_EEE3endB8ne210108Ev is safe zone — language guarantees apply
[2m[DEBUG][0m ZONE-SKIP: _ZNSt3__121__tree_const_iteratorINS_12basic_stringIcNS_11char_traitsIcEENS_9allocatorIcEEEEPNS_11__tree_nodeIS6_PvEElEC1B8ne210108ENS_15__tree_iteratorIS6_SA_lEE is safe zone — language guarantees apply
[2m[DEBUG][0m ZONE-SKIP: _ZNSt3__1eqB8ne210108ERKNS_21__tree_const_iteratorINS_12basic_stringIcNS_11char_traitsIcEENS_9allocatorIcEEEEPNS_11__tree_nodeIS6_PvEElEESD_ is safe zone — language guarantees apply
[2m[DEBUG][0m ZONE-SKIP: _ZNSt3__16__treeINS_12basic_stringIcNS_11char_traitsIcEENS_9allocatorIcEEEENS_4lessIS6_EENS4_IS6_EEE10value_compB8ne210108Ev is safe zone — language guarantees apply
[2m[DEBUG][0m ZONE-SKIP: _ZNKSt3__121__tree_const_iteratorINS_12basic_stringIcNS_11char_traitsIcEENS_9allocatorIcEEEEPNS_11__tree_nodeIS6_PvEElEdeB8ne210108Ev is safe zone — language guarantees apply
[2m[DEBUG][0m ZONE-SKIP: _ZNSt3__16__treeINS_12basic_stringIcNS_11char_traitsIcEENS_9allocatorIcEEEENS_4lessIS6_EENS4_IS6_EEE5beginB8ne210108Ev is safe zone — language guarantees apply
[2m[DEBUG][0m ZONE-SKIP: _ZNSt3__121__tree_const_iteratorINS_12basic_stringIcNS_11char_traitsIcEENS_9allocatorIcEEEEPNS_11__tree_nodeIS6_PvEElEmmB8ne210108Ev is safe zone — language guarantees apply
[2m[DEBUG][0m ZONE-SKIP: _ZNSt3__16__treeINS_12basic_stringIcNS_11char_traitsIcEENS_9allocatorIcEEEENS_4lessIS6_EENS4_IS6_EEE12__find_equalIS6_EERPNS_16__tree_node_baseIPvEERPNS_15__tree_end_nodeISF_EERKT_ is safe zone — language guarantees apply
[2m[DEBUG][0m ZONE-SKIP: _ZNSt3__14nextB8ne210108INS_21__tree_const_iteratorINS_12basic_stringIcNS_11char_traitsIcEENS_9allocatorIcEEEEPNS_11__tree_nodeIS7_PvEElEETnNS_9enable_ifIXsr29__has_input_iterator_categoryIT_EE5valueEiE4typeELi0EEESE_SE_NS_15iterator_traitsISE_E15difference_typeE is safe zone — language guarantees apply
[2m[DEBUG][0m ZONE-SKIP: _ZNKSt3__121__tree_const_iteratorINS_12basic_stringIcNS_11char_traitsIcEENS_9allocatorIcEEEEPNS_11__tree_nodeIS6_PvEElE8__get_npB8ne210108Ev is safe zone — language guarantees apply
[2m[DEBUG][0m ZONE-SKIP: _ZNSt3__17advanceB8ne210108INS_21__tree_const_iteratorINS_12basic_stringIcNS_11char_traitsIcEENS_9allocatorIcEEEEPNS_11__tree_nodeIS7_PvEElEEllTnNS_9enable_ifIXsr11is_integralIT1_EE5valueEiE4typeELi0EEEvRT_T0_ is safe zone — language guarantees apply
[2m[DEBUG][0m ZONE-SKIP: _ZNSt3__121__convert_to_integralB8ne210108El is safe zone — language guarantees apply
[2m[DEBUG][0m ZONE-SKIP: _ZNSt3__19__advanceB8ne210108INS_21__tree_const_iteratorINS_12basic_stringIcNS_11char_traitsIcEENS_9allocatorIcEEEEPNS_11__tree_nodeIS7_PvEElEEEEvRT_NS_15iterator_traitsISD_E15difference_typeENS_26bidirectional_iterator_tagE is safe zone — language guarantees apply
[2m[DEBUG][0m ZONE-SKIP: _ZNSt3__121__tree_const_iteratorINS_12basic_stringIcNS_11char_traitsIcEENS_9allocatorIcEEEEPNS_11__tree_nodeIS6_PvEElEppB8ne210108Ev is safe zone — language guarantees apply
[2m[DEBUG][0m ZONE-SKIP: _ZNSt3__116__tree_next_iterB8ne210108IPNS_15__tree_end_nodeIPNS_16__tree_node_baseIPvEEEES5_EET_T0_ is safe zone — language guarantees apply
[2m[DEBUG][0m ZONE-SKIP: _ZNSt3__110__tree_minB8ne210108IPNS_16__tree_node_baseIPvEEEET_S5_ is safe zone — language guarantees apply
[2m[DEBUG][0m ZONE-SKIP: _ZNKSt3__16__treeINS_12basic_stringIcNS_11char_traitsIcEENS_9allocatorIcEEEENS_4lessIS6_EENS4_IS6_EEE10__root_ptrB8ne210108Ev is safe zone — language guarantees apply
[2m[DEBUG][0m ZONE-SKIP: _ZNSt3__116__tree_prev_iterB8ne210108IPNS_16__tree_node_baseIPvEEPNS_15__tree_end_nodeIS4_EEEET_T0_ is safe zone — language guarantees apply
[2m[DEBUG][0m ZONE-SKIP: _ZNSt3__110__tree_maxB8ne210108IPNS_16__tree_node_baseIPvEEEET_S5_ is safe zone — language guarantees apply
[2m[DEBUG][0m ZONE-SKIP: _ZNSt3__115__tree_iteratorINS_12basic_stringIcNS_11char_traitsIcEENS_9allocatorIcEEEEPNS_11__tree_nodeIS6_PvEElEC1B8ne210108EPNS_15__tree_end_nodeIPNS_16__tree_node_baseIS8_EEEE is safe zone — language guarantees apply
[2m[DEBUG][0m ZONE-SKIP: _ZNSt3__115__tree_iteratorINS_12basic_stringIcNS_11char_traitsIcEENS_9allocatorIcEEEEPNS_11__tree_nodeIS6_PvEElEC2B8ne210108EPNS_15__tree_end_nodeIPNS_16__tree_node_baseIS8_EEEE is safe zone — language guarantees apply
[2m[DEBUG][0m ZONE-SKIP: _ZNSt3__121__tree_const_iteratorINS_12basic_stringIcNS_11char_traitsIcEENS_9allocatorIcEEEEPNS_11__tree_nodeIS6_PvEElEC2B8ne210108ENS_15__tree_iteratorIS6_SA_lEE is safe zone — language guarantees apply
[2m[DEBUG][0m ZONE-SKIP: _ZNKSt3__13setINS_12basic_stringIcNS_11char_traitsIcEENS_9allocatorIcEEEENS_4lessIS6_EENS4_IS6_EEE3endB8ne210108Ev is safe zone — language guarantees apply
[2m[DEBUG][0m ZONE-SKIP: _ZNKSt3__16__treeINS_12basic_stringIcNS_11char_traitsIcEENS_9allocatorIcEEEENS_4lessIS6_EENS4_IS6_EEE3endB8ne210108Ev is safe zone — language guarantees apply
[2m[DEBUG][0m ZONE-SKIP: _ZNSt3__121__tree_const_iteratorINS_12basic_stringIcNS_11char_traitsIcEENS_9allocatorIcEEEEPNS_11__tree_nodeIS6_PvEElEC1B8ne210108EPNS_15__tree_end_nodeIPNS_16__tree_node_baseIS8_EEEE is safe zone — language guarantees apply
[2m[DEBUG][0m ZONE-SKIP: _ZNSt3__121__tree_const_iteratorINS_12basic_stringIcNS_11char_traitsIcEENS_9allocatorIcEEEEPNS_11__tree_nodeIS6_PvEElEC2B8ne210108EPNS_15__tree_end_nodeIPNS_16__tree_node_baseIS8_EEEE is safe zone — language guarantees apply
[2m[DEBUG][0m ZONE-SKIP: _ZNSt3__16__treeINS_12basic_stringIcNS_11char_traitsIcEENS_9allocatorIcEEEENS_4lessIS6_EENS4_IS6_EEEC2ERKS8_ is safe zone — language guarantees apply
[2m[DEBUG][0m ZONE-SKIP: _ZNSt3__115__tree_end_nodeIPNS_16__tree_node_baseIPvEEEC1B8ne210108Ev is safe zone — language guarantees apply
[2m[DEBUG][0m ZONE-SKIP: _ZNSt3__19allocatorINS_11__tree_nodeINS_12basic_stringIcNS_11char_traitsIcEENS0_IcEEEEPvEEEC1B8ne210108Ev is safe zone — language guarantees apply
[2m[DEBUG][0m ZONE-SKIP: _ZNSt3__19allocatorINS_11__tree_nodeINS_12basic_stringIcNS_11char_traitsIcEENS0_IcEEEEPvEEEC2B8ne210108Ev is safe zone — language guarantees apply
[2m[DEBUG][0m ZONE-SKIP: _ZNSt3__116__non_trivial_ifILb1ENS_9allocatorINS_11__tree_nodeINS_12basic_stringIcNS_11char_traitsIcEENS1_IcEEEEPvEEEEEC2B8ne210108Ev is safe zone — language guarantees apply
[2m[DEBUG][0m ZONE-SKIP: _ZNSt3__115__tree_end_nodeIPNS_16__tree_node_baseIPvEEEC2B8ne210108Ev is safe zone — language guarantees apply
[2m[DEBUG][0m ZONE-SKIP: _ZNSt3__119basic_ostringstreamIcNS_11char_traitsIcEENS_9allocatorIcEEEC1B8ne210108Ev is safe zone — language guarantees apply
[2m[DEBUG][0m ZONE-SKIP: _ZNKSt3__119basic_ostringstreamIcNS_11char_traitsIcEENS_9allocatorIcEEE3strB8ne210108Ev is safe zone — language guarantees apply
[2m[DEBUG][0m ZONE-SKIP: _ZNSt3__110unique_ptrIN4Json10CharReaderENS_14default_deleteIS2_EEEC1B8ne210108ILb1EvEEPS2_ is safe zone — language guarantees apply
[2m[DEBUG][0m ZONE-SKIP: _ZNKSt3__110unique_ptrIN4Json10CharReaderENS_14default_deleteIS2_EEEptB8ne210108Ev is safe zone — language guarantees apply
[2m[DEBUG][0m ZONE-SKIP: _ZNSt3__110unique_ptrIN4Json10CharReaderENS_14default_deleteIS2_EEED1B8ne210108Ev is safe zone — language guarantees apply
[2m[DEBUG][0m ZONE-SKIP: _ZNSt3__119basic_ostringstreamIcNS_11char_traitsIcEENS_9allocatorIcEEED1Ev is safe zone — language guarantees apply
[2m[DEBUG][0m ZONE-SKIP: _ZNSt3__119basic_ostringstreamIcNS_11char_traitsIcEENS_9allocatorIcEEED2Ev is safe zone — language guarantees apply
[2m[DEBUG][0m ZONE-SKIP: _ZNSt3__110unique_ptrIN4Json10CharReaderENS_14default_deleteIS2_EEED2B8ne210108Ev is safe zone — language guarantees apply
[2m[DEBUG][0m ZONE-SKIP: _ZNSt3__110unique_ptrIN4Json10CharReaderENS_14default_deleteIS2_EEE5resetB8ne210108EPS2_ is safe zone — language guarantees apply
[2m[DEBUG][0m ZONE-SKIP: _ZNKSt3__114default_deleteIN4Json10CharReaderEEclB8ne210108EPS2_ is safe zone — language guarantees apply
[2m[DEBUG][0m ZONE-SKIP: _ZNSt3__110unique_ptrIN4Json10CharReaderENS_14default_deleteIS2_EEEC2B8ne210108ILb1EvEEPS2_ is safe zone — language guarantees apply
[2m[DEBUG][0m ZONE-SKIP: _ZNSt3__113basic_ostreamIcNS_11char_traitsIcEEEC2B8ne210108EPNS_15basic_streambufIcS2_EE is safe zone — language guarantees apply
[2m[DEBUG][0m ZONE-SKIP: _ZNSt3__115basic_stringbufIcNS_11char_traitsIcEENS_9allocatorIcEEEC1B8ne210108Ej is safe zone — language guarantees apply
[2m[DEBUG][0m ZONE-SKIP: _ZNSt3__115basic_stringbufIcNS_11char_traitsIcEENS_9allocatorIcEEEC2B8ne210108Ej is safe zone — language guarantees apply
[2m[DEBUG][0m ZONE-SKIP: _ZNSt3__115basic_stringbufIcNS_11char_traitsIcEENS_9allocatorIcEEE15__init_buf_ptrsB8ne210108Ev is safe zone — language guarantees apply
[2m[DEBUG][0m ZONE-SKIP: _ZNSt3__115basic_streambufIcNS_11char_traitsIcEEE4setgB8ne210108EPcS4_S4_ is safe zone — language guarantees apply
[2m[DEBUG][0m ZONE-SKIP: _ZNSt3__115basic_streambufIcNS_11char_traitsIcEEE4setpB8ne210108EPcS4_ is safe zone — language guarantees apply
[2m[DEBUG][0m ZONE-SKIP: _ZNSt3__115basic_streambufIcNS_11char_traitsIcEEE5pbumpB8ne210108Ei is safe zone — language guarantees apply
[2m[DEBUG][0m ZONE-SKIP: _ZN4Json5Value8CommentsD1Ev is safe zone — language guarantees apply
[2m[DEBUG][0m ZONE-SKIP: _ZN4Json5Value8CommentsD2Ev is safe zone — language guarantees apply
[2m[DEBUG][0m ZONE-SKIP: _ZNSt3__110unique_ptrINS_5arrayINS_12basic_stringIcNS_11char_traitsIcEENS_9allocatorIcEEEELm3EEENS_14default_deleteIS8_EEED1B8ne210108Ev is safe zone — language guarantees apply
[2m[DEBUG][0m ZONE-SKIP: _ZNSt3__110unique_ptrINS_5arrayINS_12basic_stringIcNS_11char_traitsIcEENS_9allocatorIcEEEELm3EEENS_14default_deleteIS8_EEED2B8ne210108Ev is safe zone — language guarantees apply
[2m[DEBUG][0m ZONE-SKIP: _ZNSt3__110unique_ptrINS_5arrayINS_12basic_stringIcNS_11char_traitsIcEENS_9allocatorIcEEEELm3EEENS_14default_deleteIS8_EEE5resetB8ne210108EPS8_ is safe zone — language guarantees apply
[2m[DEBUG][0m ZONE-SKIP: _ZNKSt3__114default_deleteINS_5arrayINS_12basic_stringIcNS_11char_traitsIcEENS_9allocatorIcEEEELm3EEEEclB8ne210108EPS8_ is safe zone — language guarantees apply
[2m[DEBUG][0m ZONE-SKIP: _ZNSt3__15arrayINS_12basic_stringIcNS_11char_traitsIcEENS_9allocatorIcEEEELm3EED1Ev is safe zone — language guarantees apply
[2m[DEBUG][0m ZONE-SKIP: _ZNSt3__15arrayINS_12basic_stringIcNS_11char_traitsIcEENS_9allocatorIcEEEELm3EED2Ev is safe zone — language guarantees apply
[2m[DEBUG][0m ZONE-SKIP: _ZNK4Json5Value11isAllocatedEv is safe zone — language guarantees apply
[2m[DEBUG][0m ZONE-SKIP: _ZNSt3__13mapIN4Json5Value8CZStringES2_NS_4lessIS3_EENS_9allocatorINS_4pairIKS3_S2_EEEEED1B8ne210108Ev is safe zone — language guarantees apply
[2m[DEBUG][0m ZONE-SKIP: _ZNSt3__13mapIN4Json5Value8CZStringES2_NS_4lessIS3_EENS_9allocatorINS_4pairIKS3_S2_EEEEED2B8ne210108Ev is safe zone — language guarantees apply
[2m[DEBUG][0m ZONE-SKIP: _ZNSt3__16__treeINS_12__value_typeIN4Json5Value8CZStringES3_EENS_19__map_value_compareIS4_NS_4pairIKS4_S3_EENS_4lessIS4_EELb1EEENS_9allocatorIS9_EEED1Ev is safe zone — language guarantees apply
[2m[DEBUG][0m ZONE-SKIP: _ZNSt3__16__treeINS_12__value_typeIN4Json5Value8CZStringES3_EENS_19__map_value_compareIS4_NS_4pairIKS4_S3_EENS_4lessIS4_EELb1EEENS_9allocatorIS9_EEED2Ev is safe zone — language guarantees apply
[2m[DEBUG][0m ZONE-SKIP: _ZNKSt3__16__treeINS_12__value_typeIN4Json5Value8CZStringES3_EENS_19__map_value_compareIS4_NS_4pairIKS4_S3_EENS_4lessIS4_EELb1EEENS_9allocatorIS9_EEE6__rootB8ne210108Ev is safe zone — language guarantees apply
[2m[DEBUG][0m ZONE-SKIP: _ZNSt3__16__treeINS_12__value_typeIN4Json5Value8CZStringES3_EENS_19__map_value_compareIS4_NS_4pairIKS4_S3_EENS_4lessIS4_EELb1EEENS_9allocatorIS9_EEE7destroyEPNS_11__tree_nodeIS5_PvEE is safe zone — language guarantees apply
[2m[DEBUG][0m ZONE-SKIP: _ZNSt3__16__treeINS_12__value_typeIN4Json5Value8CZStringES3_EENS_19__map_value_compareIS4_NS_4pairIKS4_S3_EENS_4lessIS4_EELb1EEENS_9allocatorIS9_EEE12__node_allocB8ne210108Ev is safe zone — language guarantees apply
[2m[DEBUG][0m ZONE-SKIP: _ZNSt3__116allocator_traitsINS_9allocatorINS_11__tree_nodeINS_12__value_typeIN4Json5Value8CZStringES5_EEPvEEEEE7destroyB8ne210108INS_4pairIKS6_S5_EETnNS_9enable_ifIXnt15__has_destroy_vISA_PT_EEiE4typeELi0EEEvRSA_SI_ is safe zone — language guarantees apply
[2m[DEBUG][0m ZONE-SKIP: _ZNSt3__116allocator_traitsINS_9allocatorINS_11__tree_nodeINS_12__value_typeIN4Json5Value8CZStringES5_EEPvEEEEE10deallocateB8ne210108ERSA_PS9_m is safe zone — language guarantees apply
[2m[DEBUG][0m ZONE-SKIP: _ZNSt3__19allocatorINS_11__tree_nodeINS_12__value_typeIN4Json5Value8CZStringES4_EEPvEEE10deallocateB8ne210108EPS8_m is safe zone — language guarantees apply
[2m[DEBUG][0m ZONE-SKIP: _ZNSt3__119__libcpp_deallocateB8ne210108INS_11__tree_nodeINS_12__value_typeIN4Json5Value8CZStringES4_EEPvEEEEvPNS_15__type_identityIT_E4typeENS_15__element_countEm is safe zone — language guarantees apply
[2m[DEBUG][0m ZONE-SKIP: _ZNSt3__112__destroy_atB8ne210108INS_4pairIKN4Json5Value8CZStringES3_EETnNS_9enable_ifIXntsr8is_arrayIT_EE5valueEiE4typeELi0EEEvPS8_ is safe zone — language guarantees apply
[2m[DEBUG][0m ZONE-SKIP: _ZNSt3__14pairIKN4Json5Value8CZStringES2_ED1Ev is safe zone — language guarantees apply
[2m[DEBUG][0m ZONE-SKIP: _ZNSt3__14pairIKN4Json5Value8CZStringES2_ED2Ev is safe zone — language guarantees apply
[2m[DEBUG][0m ZONE-SKIP: _ZNKSt3__16__treeINS_12__value_typeIN4Json5Value8CZStringES3_EENS_19__map_value_compareIS4_NS_4pairIKS4_S3_EENS_4lessIS4_EELb1EEENS_9allocatorIS9_EEE10__end_nodeB8ne210108Ev is safe zone — language guarantees apply
[2m[DEBUG][0m ZONE-SKIP: _ZN4Json5Value8CommentsC1Ev is safe zone — language guarantees apply
[2m[DEBUG][0m ZONE-SKIP: _ZNSt3__13mapIN4Json5Value8CZStringES2_NS_4lessIS3_EENS_9allocatorINS_4pairIKS3_S2_EEEEEC1B8ne210108Ev is safe zone — language guarantees apply
[2m[DEBUG][0m ZONE-SKIP: _ZNSt3__13mapIN4Json5Value8CZStringES2_NS_4lessIS3_EENS_9allocatorINS_4pairIKS3_S2_EEEEEC2B8ne210108Ev is safe zone — language guarantees apply
[2m[DEBUG][0m ZONE-SKIP: _ZNSt3__119__map_value_compareIN4Json5Value8CZStringENS_4pairIKS3_S2_EENS_4lessIS3_EELb1EEC1B8ne210108ES8_ is safe zone — language guarantees apply
[2m[DEBUG][0m ZONE-SKIP: _ZNSt3__16__treeINS_12__value_typeIN4Json5Value8CZStringES3_EENS_19__map_value_compareIS4_NS_4pairIKS4_S3_EENS_4lessIS4_EELb1EEENS_9allocatorIS9_EEEC1ERKSC_ is safe zone — language guarantees apply
[2m[DEBUG][0m ZONE-SKIP: _ZNSt3__16__treeINS_12__value_typeIN4Json5Value8CZStringES3_EENS_19__map_value_compareIS4_NS_4pairIKS4_S3_EENS_4lessIS4_EELb1EEENS_9allocatorIS9_EEEC2ERKSC_ is safe zone — language guarantees apply
[2m[DEBUG][0m ZONE-SKIP: _ZNSt3__19allocatorINS_11__tree_nodeINS_12__value_typeIN4Json5Value8CZStringES4_EEPvEEEC1B8ne210108Ev is safe zone — language guarantees apply
[2m[DEBUG][0m ZONE-SKIP: _ZNSt3__16__treeINS_12__value_typeIN4Json5Value8CZStringES3_EENS_19__map_value_compareIS4_NS_4pairIKS4_S3_EENS_4lessIS4_EELb1EEENS_9allocatorIS9_EEE10__end_nodeB8ne210108Ev is safe zone — language guarantees apply
[2m[DEBUG][0m ZONE-SKIP: _ZNSt3__16__treeINS_12__value_typeIN4Json5Value8CZStringES3_EENS_19__map_value_compareIS4_NS_4pairIKS4_S3_EENS_4lessIS4_EELb1EEENS_9allocatorIS9_EEE12__begin_nodeB8ne210108Ev is safe zone — language guarantees apply
[2m[DEBUG][0m ZONE-SKIP: _ZNSt3__19allocatorINS_11__tree_nodeINS_12__value_typeIN4Json5Value8CZStringES4_EEPvEEEC2B8ne210108Ev is safe zone — language guarantees apply
[2m[DEBUG][0m ZONE-SKIP: _ZNSt3__116__non_trivial_ifILb1ENS_9allocatorINS_11__tree_nodeINS_12__value_typeIN4Json5Value8CZStringES5_EEPvEEEEEC2B8ne210108Ev is safe zone — language guarantees apply
[2m[DEBUG][0m ZONE-SKIP: _ZNSt3__119__map_value_compareIN4Json5Value8CZStringENS_4pairIKS3_S2_EENS_4lessIS3_EELb1EEC2B8ne210108ES8_ is safe zone — language guarantees apply
[2m[DEBUG][0m ZONE-SKIP: _ZN4Json5Value7setTypeENS_9ValueTypeE is safe zone — language guarantees apply
[2m[DEBUG][0m ZONE-SKIP: _ZN4Json5Value14setIsAllocatedEb is safe zone — language guarantees apply
[2m[DEBUG][0m ZONE-SKIP: _ZNSt3__110unique_ptrINS_5arrayINS_12basic_stringIcNS_11char_traitsIcEENS_9allocatorIcEEEELm3EEENS_14default_deleteIS8_EEEaSB8ne210108EOSB_ is safe zone — language guarantees apply
[2m[DEBUG][0m ZONE-SKIP: _ZNSt3__110unique_ptrINS_5arrayINS_12basic_stringIcNS_11char_traitsIcEENS_9allocatorIcEEEELm3EEENS_14default_deleteIS8_EEE7releaseB8ne210108Ev is safe zone — language guarantees apply
[2m[DEBUG][0m ZONE-SKIP: _ZNSt3__110unique_ptrINS_5arrayINS_12basic_stringIcNS_11char_traitsIcEENS_9allocatorIcEEEELm3EEENS_14default_deleteIS8_EEE11get_deleterB8ne210108Ev is safe zone — language guarantees apply
[2m[DEBUG][0m ZONE-SKIP: _ZN4Json5Value8CommentsC2Ev is safe zone — language guarantees apply
[2m[DEBUG][0m ZONE-SKIP: _ZNSt3__110unique_ptrINS_5arrayINS_12basic_stringIcNS_11char_traitsIcEENS_9allocatorIcEEEELm3EEENS_14default_deleteIS8_EEEC1B8ne210108ILb1EvEEv is safe zone — language guarantees apply
[2m[DEBUG][0m ZONE-SKIP: _ZNSt3__110unique_ptrINS_5arrayINS_12basic_stringIcNS_11char_traitsIcEENS_9allocatorIcEEEELm3EEENS_14default_deleteIS8_EEEC2B8ne210108ILb1EvEEv is safe zone — language guarantees apply
[2m[DEBUG][0m ZONE-SKIP: _ZNSt3__114__map_iteratorINS_15__tree_iteratorINS_12__value_typeIN4Json5Value8CZStringES4_EEPNS_11__tree_nodeIS6_PvEElEEEC1B8ne210108Ev is safe zone — language guarantees apply
[2m[DEBUG][0m ZONE-SKIP: _ZNSt3__114__map_iteratorINS_15__tree_iteratorINS_12__value_typeIN4Json5Value8CZStringES4_EEPNS_11__tree_nodeIS6_PvEElEEEC2B8ne210108Ev is safe zone — language guarantees apply
[2m[DEBUG][0m ZONE-SKIP: _ZNSt3__115__tree_iteratorINS_12__value_typeIN4Json5Value8CZStringES3_EEPNS_11__tree_nodeIS5_PvEElEC1B8ne210108Ev is safe zone — language guarantees apply
[2m[DEBUG][0m ZONE-SKIP: _ZNSt3__115__tree_iteratorINS_12__value_typeIN4Json5Value8CZStringES3_EEPNS_11__tree_nodeIS5_PvEElEC2B8ne210108Ev is safe zone — language guarantees apply
[2m[DEBUG][0m ZONE-SKIP: _ZNKSt3__114__map_iteratorINS_15__tree_iteratorINS_12__value_typeIN4Json5Value8CZStringES4_EEPNS_11__tree_nodeIS6_PvEElEEEptB8ne210108Ev is safe zone — language guarantees apply
[2m[DEBUG][0m ZONE-SKIP: _ZNKSt3__115__tree_iteratorINS_12__value_typeIN4Json5Value8CZStringES3_EEPNS_11__tree_nodeIS5_PvEElEdeB8ne210108Ev is safe zone — language guarantees apply
[2m[DEBUG][0m ZONE-SKIP: _ZNSt3__114pointer_traitsIPNS_4pairIKN4Json5Value8CZStringES3_EEE10pointer_toB8ne210108ERS6_ is safe zone — language guarantees apply
[2m[DEBUG][0m ZONE-SKIP: _ZNKSt3__115__tree_iteratorINS_12__value_typeIN4Json5Value8CZStringES3_EEPNS_11__tree_nodeIS5_PvEElE8__get_npB8ne210108Ev is safe zone — language guarantees apply
[2m[DEBUG][0m ZONE-SKIP: _ZNSt3__114__map_iteratorINS_15__tree_iteratorINS_12__value_typeIN4Json5Value8CZStringES4_EEPNS_11__tree_nodeIS6_PvEElEEEppB8ne210108Ev is safe zone — language guarantees apply
[2m[DEBUG][0m ZONE-SKIP: _ZNSt3__115__tree_iteratorINS_12__value_typeIN4Json5Value8CZStringES3_EEPNS_11__tree_nodeIS5_PvEElEppB8ne210108Ev is safe zone — language guarantees apply
[2m[DEBUG][0m ZONE-SKIP: _ZNSt3__114__map_iteratorINS_15__tree_iteratorINS_12__value_typeIN4Json5Value8CZStringES4_EEPNS_11__tree_nodeIS6_PvEElEEEmmB8ne210108Ev is safe zone — language guarantees apply
[2m[DEBUG][0m ZONE-SKIP: _ZNSt3__115__tree_iteratorINS_12__value_typeIN4Json5Value8CZStringES3_EEPNS_11__tree_nodeIS5_PvEElEmmB8ne210108Ev is safe zone — language guarantees apply
[2m[DEBUG][0m ZONE-SKIP: _ZNSt3__1neB8ne210108ERKNS_14__map_iteratorINS_15__tree_iteratorINS_12__value_typeIN4Json5Value8CZStringES4_EEPNS_11__tree_nodeIS6_PvEElEEEESE_ is safe zone — language guarantees apply
[2m[DEBUG][0m ZONE-SKIP: _ZNSt3__1neB8ne210108ERKNS_15__tree_iteratorINS_12__value_typeIN4Json5Value8CZStringES3_EEPNS_11__tree_nodeIS5_PvEElEESC_ is safe zone — language guarantees apply
[2m[DEBUG][0m ZONE-SKIP: _ZNSt3__1eqB8ne210108ERKNS_15__tree_iteratorINS_12__value_typeIN4Json5Value8CZStringES3_EEPNS_11__tree_nodeIS5_PvEElEESC_ is safe zone — language guarantees apply
[2m[DEBUG][0m ZONE-SKIP: _ZNSt3__1eqB8ne210108ERKNS_14__map_iteratorINS_15__tree_iteratorINS_12__value_typeIN4Json5Value8CZStringES4_EEPNS_11__tree_nodeIS6_PvEElEEEESE_ is safe zone — language guarantees apply
[2m[DEBUG][0m ZONE-SKIP: _ZNKSt3__114__map_iteratorINS_15__tree_iteratorINS_12__value_typeIN4Json5Value8CZStringES4_EEPNS_11__tree_nodeIS6_PvEElEEEdeB8ne210108Ev is safe zone — language guarantees apply
[2m[DEBUG][0m ZONE-SKIP: _ZN4Json12StaticStringC1EPKc is safe zone — language guarantees apply
[2m[DEBUG][0m ZONE-SKIP: _ZNSt3__1lsB8ne210108INS_11char_traitsIcEEEERNS_13basic_ostreamIcT_EES6_PKc is safe zone — language guarantees apply
[2m[DEBUG][0m ZONE-SKIP: _ZN4Json12RuntimeErrorD1Ev is safe zone — language guarantees apply
[2m[DEBUG][0m ZONE-SKIP: _ZN4Json12RuntimeErrorD2Ev is safe zone — language guarantees apply
[2m[DEBUG][0m ZONE-SKIP: _ZN4Json12RuntimeErrorD0Ev is safe zone — language guarantees apply
[2m[DEBUG][0m ZONE-SKIP: _ZNSt9exceptionC2B8ne210108Ev is safe zone — language guarantees apply
[2m[DEBUG][0m ZONE-SKIP: _ZN4Json10LogicErrorD1Ev is safe zone — language guarantees apply
[2m[DEBUG][0m ZONE-SKIP: _ZN4Json10LogicErrorD2Ev is safe zone — language guarantees apply
[2m[DEBUG][0m ZONE-SKIP: _ZN4Json10LogicErrorD0Ev is safe zone — language guarantees apply
[2m[DEBUG][0m ZONE-SKIP: _ZNSt3__124__put_character_sequenceB8ne210108IcNS_11char_traitsIcEEEERNS_13basic_ostreamIT_T0_EES7_PKS4_m is safe zone — language guarantees apply
[2m[DEBUG][0m ZONE-SKIP: _ZNKSt3__113basic_ostreamIcNS_11char_traitsIcEEE6sentrycvbB8ne210108Ev is safe zone — language guarantees apply
[2m[DEBUG][0m ZONE-SKIP: _ZNSt3__119ostreambuf_iteratorIcNS_11char_traitsIcEEEC1B8ne210108ERNS_13basic_ostreamIcS2_EE is safe zone — language guarantees apply
[2m[DEBUG][0m ZONE-SKIP: _ZNKSt3__18ios_base5flagsB8ne210108Ev is safe zone — language guarantees apply
[2m[DEBUG][0m ZONE-SKIP: _ZNKSt3__19basic_iosIcNS_11char_traitsIcEEE4fillB8ne210108Ev is safe zone — language guarantees apply
[2m[DEBUG][0m ZONE-SKIP: _ZNSt3__116__pad_and_outputB8ne210108IcNS_11char_traitsIcEEEENS_19ostreambuf_iteratorIT_T0_EES6_PKS4_S8_S8_RNS_8ios_baseES4_ is safe zone — language guarantees apply
[2m[DEBUG][0m ZONE-SKIP: _ZNKSt3__119ostreambuf_iteratorIcNS_11char_traitsIcEEE6failedB8ne210108Ev is safe zone — language guarantees apply
[2m[DEBUG][0m ZONE-SKIP: _ZNSt3__19basic_iosIcNS_11char_traitsIcEEE8setstateB8ne210108Ej is safe zone — language guarantees apply
[2m[DEBUG][0m ZONE-SKIP: _ZNSt3__18ios_base8setstateB8ne210108Ej is safe zone — language guarantees apply
[2m[DEBUG][0m ZONE-SKIP: _ZNKSt3__18ios_base5widthB8ne210108Ev is safe zone — language guarantees apply
[2m[DEBUG][0m ZONE-SKIP: _ZNSt3__115basic_streambufIcNS_11char_traitsIcEEE5sputnB8ne210108EPKcl is safe zone — language guarantees apply
[2m[DEBUG][0m ZONE-SKIP: _ZNSt3__112basic_stringIcNS_11char_traitsIcEENS_9allocatorIcEEEC1B8ne210108Emc is safe zone — language guarantees apply
[2m[DEBUG][0m ZONE-SKIP: _ZNSt3__18ios_base5widthB8ne210108El is safe zone — language guarantees apply
[2m[DEBUG][0m ZONE-SKIP: _ZNSt3__112basic_stringIcNS_11char_traitsIcEENS_9allocatorIcEEEC2B8ne210108Emc is safe zone — language guarantees apply
[2m[DEBUG][0m ZONE-SKIP: _ZNKSt3__118_SentinelValueFillINS_11char_traitsIcEEE8__is_setB8ne210108Ev is safe zone — language guarantees apply
[2m[DEBUG][0m ZONE-SKIP: _ZNKSt3__19basic_iosIcNS_11char_traitsIcEEE5widenB8ne210108Ec is safe zone — language guarantees apply
[2m[DEBUG][0m ZONE-SKIP: _ZNSt3__118_SentinelValueFillINS_11char_traitsIcEEEaSB8ne210108Ei is safe zone — language guarantees apply
[2m[DEBUG][0m ZONE-SKIP: _ZNKSt3__118_SentinelValueFillINS_11char_traitsIcEEE5__getB8ne210108Ev is safe zone — language guarantees apply
[2m[DEBUG][0m ZONE-SKIP: _ZNSt3__19use_facetB8ne210108INS_5ctypeIcEEEERKT_RKNS_6localeE is safe zone — language guarantees apply
[2m[DEBUG][0m ZONE-SKIP: _ZNKSt3__15ctypeIcE5widenB8ne210108Ec is safe zone — language guarantees apply
[2m[DEBUG][0m ZONE-SKIP: _ZNSt3__119ostreambuf_iteratorIcNS_11char_traitsIcEEEC2B8ne210108ERNS_13basic_ostreamIcS2_EE is safe zone — language guarantees apply
[2m[DEBUG][0m ZONE-SKIP: _ZNK4Json12StaticString5c_strEv is safe zone — language guarantees apply
[2m[DEBUG][0m ZONE-SKIP: _ZN4Json12StaticStringC2EPKc is safe zone — language guarantees apply
[2m[DEBUG][0m ZONE-SKIP: _ZNSt3__14swapB8ne210108IPKcEENS_9enable_ifIXaasr21is_move_constructibleIT_EE5valuesr18is_move_assignableIS4_EE5valueEvE4typeERS4_S7_ is safe zone — language guarantees apply
[2m[DEBUG][0m ZONE-SKIP: _ZNSt3__14swapB8ne210108IjEENS_9enable_ifIXaasr21is_move_constructibleIT_EE5valuesr18is_move_assignableIS2_EE5valueEvE4typeERS2_S5_ is safe zone — language guarantees apply
[2m[DEBUG][0m ZONE-SKIP: _ZNSt3__13minB8ne210108IjEERKT_S3_S3_ is safe zone — language guarantees apply
[2m[DEBUG][0m ZONE-SKIP: _ZNSt3__13minB8ne210108IjNS_6__lessIvvEEEERKT_S5_S5_T0_ is safe zone — language guarantees apply
[2m[DEBUG][0m ZONE-SKIP: _ZNKSt3__16__lessIvvEclB8ne210108IjjEEbRKT_RKT0_ is safe zone — language guarantees apply
[2m[DEBUG][0m ZONE-SKIP: _ZNKSt3__110unique_ptrINS_5arrayINS_12basic_stringIcNS_11char_traitsIcEENS_9allocatorIcEEEELm3EEENS_14default_deleteIS8_EEEcvbB8ne210108Ev is safe zone — language guarantees apply
[2m[DEBUG][0m ZONE-SKIP: _ZNKSt3__110unique_ptrINS_5arrayINS_12basic_stringIcNS_11char_traitsIcEENS_9allocatorIcEEEELm3EEENS_14default_deleteIS8_EEEdeB8ne210108Ev is safe zone — language guarantees apply
[2m[DEBUG][0m ZONE-SKIP: _ZNSt3__15arrayINS_12basic_stringIcNS_11char_traitsIcEENS_9allocatorIcEEEELm3EEC1ERKS7_ is safe zone — language guarantees apply
[2m[DEBUG][0m ZONE-SKIP: _ZNSt3__110unique_ptrINS_5arrayINS_12basic_stringIcNS_11char_traitsIcEENS_9allocatorIcEEEELm3EEENS_14default_deleteIS8_EEEC1B8ne210108ILb1EvEEPS8_ is safe zone — language guarantees apply
[2m[DEBUG][0m ZONE-SKIP: _ZNSt3__110unique_ptrINS_5arrayINS_12basic_stringIcNS_11char_traitsIcEENS_9allocatorIcEEEELm3EEENS_14default_deleteIS8_EEEC2B8ne210108ILb1EvEEPS8_ is safe zone — language guarantees apply
[2m[DEBUG][0m ZONE-SKIP: _ZNSt3__15arrayINS_12basic_stringIcNS_11char_traitsIcEENS_9allocatorIcEEEELm3EEC2ERKS7_ is safe zone — language guarantees apply
[2m[DEBUG][0m ZONE-SKIP: _ZNSt3__13mapIN4Json5Value8CZStringES2_NS_4lessIS3_EENS_9allocatorINS_4pairIKS3_S2_EEEEEC1B8ne210108ERKSB_ is safe zone — language guarantees apply
[2m[DEBUG][0m ZONE-SKIP: _ZNSt3__13mapIN4Json5Value8CZStringES2_NS_4lessIS3_EENS_9allocatorINS_4pairIKS3_S2_EEEEEC2B8ne210108ERKSB_ is safe zone — language guarantees apply
[2m[DEBUG][0m ZONE-SKIP: _ZNSt3__16__treeINS_12__value_typeIN4Json5Value8CZStringES3_EENS_19__map_value_compareIS4_NS_4pairIKS4_S3_EENS_4lessIS4_EELb1EEENS_9allocatorIS9_EEEC1ERKSF_ is safe zone — language guarantees apply
[2m[DEBUG][0m ZONE-SKIP: _ZNKSt3__13mapIN4Json5Value8CZStringES2_NS_4lessIS3_EENS_9allocatorINS_4pairIKS3_S2_EEEEE5beginB8ne210108Ev is safe zone — language guarantees apply
[2m[DEBUG][0m ZONE-SKIP: _ZNKSt3__13mapIN4Json5Value8CZStringES2_NS_4lessIS3_EENS_9allocatorINS_4pairIKS3_S2_EEEEE3endB8ne210108Ev is safe zone — language guarantees apply
[2m[DEBUG][0m ZONE-SKIP: _ZNSt3__13mapIN4Json5Value8CZStringES2_NS_4lessIS3_EENS_9allocatorINS_4pairIKS3_S2_EEEEE6insertB8ne210108INS_20__map_const_iteratorINS_21__tree_const_iteratorINS_12__value_typeIS3_S2_EEPNS_11__tree_nodeISG_PvEElEEEEEEvT_SN_ is safe zone — language guarantees apply
[2m[DEBUG][0m ZONE-SKIP: _ZNKSt3__13mapIN4Json5Value8CZStringES2_NS_4lessIS3_EENS_9allocatorINS_4pairIKS3_S2_EEEEE4cendB8ne210108Ev is safe zone — language guarantees apply
[2m[DEBUG][0m ZONE-SKIP: _ZNSt3__1neB8ne210108ERKNS_20__map_const_iteratorINS_21__tree_const_iteratorINS_12__value_typeIN4Json5Value8CZStringES4_EEPNS_11__tree_nodeIS6_PvEElEEEESE_ is safe zone — language guarantees apply
[2m[DEBUG][0m ZONE-SKIP: _ZNSt3__120__map_const_iteratorINS_21__tree_const_iteratorINS_12__value_typeIN4Json5Value8CZStringES4_EEPNS_11__tree_nodeIS6_PvEElEEEC1B8ne210108ESB_ is safe zone — language guarantees apply
[2m[DEBUG][0m ZONE-SKIP: _ZNKSt3__120__map_const_iteratorINS_21__tree_const_iteratorINS_12__value_typeIN4Json5Value8CZStringES4_EEPNS_11__tree_nodeIS6_PvEElEEEdeB8ne210108Ev is safe zone — language guarantees apply
[2m[DEBUG][0m ZONE-SKIP: _ZNSt3__13mapIN4Json5Value8CZStringES2_NS_4lessIS3_EENS_9allocatorINS_4pairIKS3_S2_EEEEE6insertB8ne210108ENS_20__map_const_iteratorINS_21__tree_const_iteratorINS_12__value_typeIS3_S2_EEPNS_11__tree_nodeISF_PvEElEEEERKS9_ is safe zone — language guarantees apply
[2m[DEBUG][0m ZONE-SKIP: _ZNSt3__120__map_const_iteratorINS_21__tree_const_iteratorINS_12__value_typeIN4Json5Value8CZStringES4_EEPNS_11__tree_nodeIS6_PvEElEEEppB8ne210108Ev is safe zone — language guarantees apply
[2m[DEBUG][0m ZONE-SKIP: _ZNSt3__121__tree_const_iteratorINS_12__value_typeIN4Json5Value8CZStringES3_EEPNS_11__tree_nodeIS5_PvEElEppB8ne210108Ev is safe zone — language guarantees apply
[2m[DEBUG][0m ZONE-SKIP: _ZNSt3__16__treeINS_12__value_typeIN4Json5Value8CZStringES3_EENS_19__map_value_compareIS4_NS_4pairIKS4_S3_EENS_4lessIS4_EELb1EEENS_9allocatorIS9_EEE21__emplace_hint_uniqueB8ne210108IRKS9_EENS_15__tree_iteratorIS5_PNS_11__tree_nodeIS5_PvEElEENS_21__tree_const_iteratorIS5_SN_lEEOT_ is safe zone — language guarantees apply
[2m[DEBUG][0m ZONE-SKIP: _ZNSt3__114__map_iteratorINS_15__tree_iteratorINS_12__value_typeIN4Json5Value8CZStringES4_EEPNS_11__tree_nodeIS6_PvEElEEEC1B8ne210108ESB_ is safe zone — language guarantees apply
[2m[DEBUG][0m ZONE-SKIP: _ZNSt3__114__map_iteratorINS_15__tree_iteratorINS_12__value_typeIN4Json5Value8CZStringES4_EEPNS_11__tree_nodeIS6_PvEElEEEC2B8ne210108ESB_ is safe zone — language guarantees apply
[2m[DEBUG][0m ZONE-SKIP: _ZNSt3__16__treeINS_12__value_typeIN4Json5Value8CZStringES3_EENS_19__map_value_compareIS4_NS_4pairIKS4_S3_EENS_4lessIS4_EELb1EEENS_9allocatorIS9_EEE33__emplace_hint_unique_extract_keyB8ne210108IRKS9_EENS_15__tree_iteratorIS5_PNS_11__tree_nodeIS5_PvEElEENS_21__tree_const_iteratorIS5_SN_lEEOT_NS_23__extract_key_first_tagE is safe zone — language guarantees apply
[2m[DEBUG][0m ZONE-SKIP: _ZNSt3__16__treeINS_12__value_typeIN4Json5Value8CZStringES3_EENS_19__map_value_compareIS4_NS_4pairIKS4_S3_EENS_4lessIS4_EELb1EEENS_9allocatorIS9_EEE30__emplace_hint_unique_key_argsIS4_JRKS9_EEENS7_INS_15__tree_iteratorIS5_PNS_11__tree_nodeIS5_PvEElEEbEENS_21__tree_const_iteratorIS5_SN_lEERKT_DpOT0_ is safe zone — language guarantees apply
[2m[DEBUG][0m ZONE-SKIP: _ZNSt3__16__treeINS_12__value_typeIN4Json5Value8CZStringES3_EENS_19__map_value_compareIS4_NS_4pairIKS4_S3_EENS_4lessIS4_EELb1EEENS_9allocatorIS9_EEE12__find_equalIS4_EERPNS_16__tree_node_baseIPvEENS_21__tree_const_iteratorIS5_PNS_11__tree_nodeIS5_SI_EElEERPNS_15__tree_end_nodeISK_EESL_RKT_ is safe zone — language guarantees apply
[2m[DEBUG][0m ZONE-SKIP: _ZNSt3__16__treeINS_12__value_typeIN4Json5Value8CZStringES3_EENS_19__map_value_compareIS4_NS_4pairIKS4_S3_EENS_4lessIS4_EELb1EEENS_9allocatorIS9_EEE16__construct_nodeIJRKS9_EEENS_10unique_ptrINS_11__tree_nodeIS5_PvEENS_22__tree_node_destructorINSD_ISM_EEEEEEDpOT_ is safe zone — language guarantees apply
[2m[DEBUG][0m ZONE-SKIP: _ZNKSt3__110unique_ptrINS_11__tree_nodeINS_12__value_typeIN4Json5Value8CZStringES4_EEPvEENS_22__tree_node_destructorINS_9allocatorIS8_EEEEE3getB8ne210108Ev is safe zone — language guarantees apply
[2m[DEBUG][0m ZONE-SKIP: _ZNSt3__16__treeINS_12__value_typeIN4Json5Value8CZStringES3_EENS_19__map_value_compareIS4_NS_4pairIKS4_S3_EENS_4lessIS4_EELb1EEENS_9allocatorIS9_EEE16__insert_node_atEPNS_15__tree_end_nodeIPNS_16__tree_node_baseIPvEEEERSK_SK_ is safe zone — language guarantees apply
[2m[DEBUG][0m ZONE-SKIP: _ZNSt3__110unique_ptrINS_11__tree_nodeINS_12__value_typeIN4Json5Value8CZStringES4_EEPvEENS_22__tree_node_destructorINS_9allocatorIS8_EEEEE7releaseB8ne210108Ev is safe zone — language guarantees apply
[2m[DEBUG][0m ZONE-SKIP: _ZNSt3__110unique_ptrINS_11__tree_nodeINS_12__value_typeIN4Json5Value8CZStringES4_EEPvEENS_22__tree_node_destructorINS_9allocatorIS8_EEEEED1B8ne210108Ev is safe zone — language guarantees apply
[2m[DEBUG][0m ZONE-SKIP: _ZNSt3__115__tree_iteratorINS_12__value_typeIN4Json5Value8CZStringES3_EEPNS_11__tree_nodeIS5_PvEElEC1B8ne210108ES9_ is safe zone — language guarantees apply
[2m[DEBUG][0m ZONE-SKIP: _ZNSt3__14pairINS_15__tree_iteratorINS_12__value_typeIN4Json5Value8CZStringES4_EEPNS_11__tree_nodeIS6_PvEElEEbEC1B8ne210108ISB_RbTnNS_9enable_ifIXclsr25__check_pair_constructionISB_bEE23__is_pair_constructibleIT_T0_EEEiE4typeELi0EEEOSG_OSH_ is safe zone — language guarantees apply
[2m[DEBUG][0m ZONE-SKIP: _ZNSt3__14pairINS_15__tree_iteratorINS_12__value_typeIN4Json5Value8CZStringES4_EEPNS_11__tree_nodeIS6_PvEElEEbEC2B8ne210108ISB_RbTnNS_9enable_ifIXclsr25__check_pair_constructionISB_bEE23__is_pair_constructibleIT_T0_EEEiE4typeELi0EEEOSG_OSH_ is safe zone — language guarantees apply
[2m[DEBUG][0m ZONE-SKIP: _ZNSt3__115__tree_iteratorINS_12__value_typeIN4Json5Value8CZStringES3_EEPNS_11__tree_nodeIS5_PvEElEC2B8ne210108ES9_ is safe zone — language guarantees apply
[2m[DEBUG][0m ZONE-SKIP: _ZNSt3__110unique_ptrINS_11__tree_nodeINS_12__value_typeIN4Json5Value8CZStringES4_EEPvEENS_22__tree_node_destructorINS_9allocatorIS8_EEEEED2B8ne210108Ev is safe zone — language guarantees apply
[2m[DEBUG][0m ZONE-SKIP: _ZNSt3__110unique_ptrINS_11__tree_nodeINS_12__value_typeIN4Json5Value8CZStringES4_EEPvEENS_22__tree_node_destructorINS_9allocatorIS8_EEEEE5resetB8ne210108EPS8_ is safe zone — language guarantees apply
[2m[DEBUG][0m ZONE-SKIP: _ZNSt3__122__tree_node_destructorINS_9allocatorINS_11__tree_nodeINS_12__value_typeIN4Json5Value8CZStringES5_EEPvEEEEEclB8ne210108EPS9_ is safe zone — language guarantees apply
[2m[DEBUG][0m ZONE-SKIP: _ZNSt3__16__treeINS_12__value_typeIN4Json5Value8CZStringES3_EENS_19__map_value_compareIS4_NS_4pairIKS4_S3_EENS_4lessIS4_EELb1EEENS_9allocatorIS9_EEE4sizeB8ne210108Ev is safe zone — language guarantees apply
[2m[DEBUG][0m ZONE-SKIP: _ZNSt3__116allocator_traitsINS_9allocatorINS_11__tree_nodeINS_12__value_typeIN4Json5Value8CZStringES5_EEPvEEEEE8allocateB8ne210108ERSA_m is safe zone — language guarantees apply
[2m[DEBUG][0m ZONE-SKIP: _ZNSt3__122__tree_node_destructorINS_9allocatorINS_11__tree_nodeINS_12__value_typeIN4Json5Value8CZStringES5_EEPvEEEEEC1B8ne210108ERSA_b is safe zone — language guarantees apply
[2m[DEBUG][0m ZONE-SKIP: _ZNSt3__110unique_ptrINS_11__tree_nodeINS_12__value_typeIN4Json5Value8CZStringES4_EEPvEENS_22__tree_node_destructorINS_9allocatorIS8_EEEEEC1B8ne210108ILb1EvEEPS8_NS_16__dependent_typeINS_27__unique_ptr_deleter_sfinaeISC_EEXT_EE20__good_rval_ref_typeE is safe zone — language guarantees apply
[2m[DEBUG][0m ZONE-SKIP: _ZNKSt3__110unique_ptrINS_11__tree_nodeINS_12__value_typeIN4Json5Value8CZStringES4_EEPvEENS_22__tree_node_destructorINS_9allocatorIS8_EEEEEptB8ne210108Ev is safe zone — language guarantees apply
[2m[DEBUG][0m ZONE-SKIP: _ZNSt3__116allocator_traitsINS_9allocatorINS_11__tree_nodeINS_12__value_typeIN4Json5Value8CZStringES5_EEPvEEEEE9constructB8ne210108INS_4pairIKS6_S5_EEJRKSF_ETnNS_9enable_ifIX17__has_construct_vISA_PT_DpT0_EEiE4typeELi0EEEvRSA_SK_DpOSL_ is safe zone — language guarantees apply
[2m[DEBUG][0m ZONE-SKIP: _ZNSt3__110unique_ptrINS_11__tree_nodeINS_12__value_typeIN4Json5Value8CZStringES4_EEPvEENS_22__tree_node_destructorINS_9allocatorIS8_EEEEE11get_deleterB8ne210108Ev is safe zone — language guarantees apply
[2m[DEBUG][0m ZONE-SKIP: _ZNSt3__19allocatorINS_11__tree_nodeINS_12__value_typeIN4Json5Value8CZStringES4_EEPvEEE9constructB8ne210108INS_4pairIKS5_S4_EEJRKSD_EEEvPT_DpOT0_ is safe zone — language guarantees apply
[2m[DEBUG][0m ZONE-SKIP: _ZNSt3__14pairIKN4Json5Value8CZStringES2_EC1B8ne210108ERKS5_ is safe zone — language guarantees apply
[2m[DEBUG][0m ZONE-SKIP: _ZNSt3__14pairIKN4Json5Value8CZStringES2_EC2B8ne210108ERKS5_ is safe zone — language guarantees apply
[2m[DEBUG][0m ZONE-SKIP: _ZNSt3__110unique_ptrINS_11__tree_nodeINS_12__value_typeIN4Json5Value8CZStringES4_EEPvEENS_22__tree_node_destructorINS_9allocatorIS8_EEEEEC2B8ne210108ILb1EvEEPS8_NS_16__dependent_typeINS_27__unique_ptr_deleter_sfinaeISC_EEXT_EE20__good_rval_ref_typeE is safe zone — language guarantees apply
[2m[DEBUG][0m ZONE-SKIP: _ZNSt3__125__compressed_pair_paddingINS_22__tree_node_destructorINS_9allocatorINS_11__tree_nodeINS_12__value_typeIN4Json5Value8CZStringES6_EEPvEEEEEELb0EEC1Ev is safe zone — language guarantees apply
[2m[DEBUG][0m ZONE-SKIP: _ZNSt3__125__compressed_pair_paddingINS_22__tree_node_destructorINS_9allocatorINS_11__tree_nodeINS_12__value_typeIN4Json5Value8CZStringES6_EEPvEEEEEELb0EEC2Ev is safe zone — language guarantees apply
[2m[DEBUG][0m ZONE-SKIP: _ZNSt3__122__tree_node_destructorINS_9allocatorINS_11__tree_nodeINS_12__value_typeIN4Json5Value8CZStringES5_EEPvEEEEEC2B8ne210108ERSA_b is safe zone — language guarantees apply
[2m[DEBUG][0m ZONE-SKIP: _ZNSt3__19allocatorINS_11__tree_nodeINS_12__value_typeIN4Json5Value8CZStringES4_EEPvEEE8allocateB8ne210108Em is safe zone — language guarantees apply
[2m[DEBUG][0m ZONE-SKIP: _ZNSt3__116allocator_traitsINS_9allocatorINS_11__tree_nodeINS_12__value_typeIN4Json5Value8CZStringES5_EEPvEEEEE8max_sizeB8ne210108ISA_TnNS_9enable_ifIX16__has_max_size_vIKT_EEiE4typeELi0EEEmRKSA_ is safe zone — language guarantees apply
[2m[DEBUG][0m ZONE-SKIP: _ZNSt3__117__libcpp_allocateB8ne210108INS_11__tree_nodeINS_12__value_typeIN4Json5Value8CZStringES4_EEPvEEEEPT_NS_15__element_countEm is safe zone — language guarantees apply
[2m[DEBUG][0m ZONE-SKIP: _ZNKSt3__19allocatorINS_11__tree_nodeINS_12__value_typeIN4Json5Value8CZStringES4_EEPvEEE8max_sizeB8ne210108Ev is safe zone — language guarantees apply
[2m[DEBUG][0m ZONE-SKIP: _ZNSt3__16__treeINS_12__value_typeIN4Json5Value8CZStringES3_EENS_19__map_value_compareIS4_NS_4pairIKS4_S3_EENS_4lessIS4_EELb1EEENS_9allocatorIS9_EEE3endB8ne210108Ev is safe zone — language guarantees apply
[2m[DEBUG][0m ZONE-SKIP: _ZNSt3__121__tree_const_iteratorINS_12__value_typeIN4Json5Value8CZStringES3_EEPNS_11__tree_nodeIS5_PvEElEC1B8ne210108ENS_15__tree_iteratorIS5_S9_lEE is safe zone — language guarantees apply
[2m[DEBUG][0m ZONE-SKIP: _ZNSt3__1eqB8ne210108ERKNS_21__tree_const_iteratorINS_12__value_typeIN4Json5Value8CZStringES3_EEPNS_11__tree_nodeIS5_PvEElEESC_ is safe zone — language guarantees apply
[2m[DEBUG][0m ZONE-SKIP: _ZNSt3__16__treeINS_12__value_typeIN4Json5Value8CZStringES3_EENS_19__map_value_compareIS4_NS_4pairIKS4_S3_EENS_4lessIS4_EELb1EEENS_9allocatorIS9_EEE10value_compB8ne210108Ev is safe zone — language guarantees apply
[2m[DEBUG][0m ZONE-SKIP: _ZNKSt3__121__tree_const_iteratorINS_12__value_typeIN4Json5Value8CZStringES3_EEPNS_11__tree_nodeIS5_PvEElEdeB8ne210108Ev is safe zone — language guarantees apply
[2m[DEBUG][0m ZONE-SKIP: _ZNKSt3__119__map_value_compareIN4Json5Value8CZStringENS_4pairIKS3_S2_EENS_4lessIS3_EELb1EEclB8ne210108ERS5_RKS6_ is safe zone — language guarantees apply
[2m[DEBUG][0m ZONE-SKIP: _ZNSt3__16__treeINS_12__value_typeIN4Json5Value8CZStringES3_EENS_19__map_value_compareIS4_NS_4pairIKS4_S3_EENS_4lessIS4_EELb1EEENS_9allocatorIS9_EEE5beginB8ne210108Ev is safe zone — language guarantees apply
[2m[DEBUG][0m ZONE-SKIP: _ZNSt3__121__tree_const_iteratorINS_12__value_typeIN4Json5Value8CZStringES3_EEPNS_11__tree_nodeIS5_PvEElEmmB8ne210108Ev is safe zone — language guarantees apply
[2m[DEBUG][0m ZONE-SKIP: _ZNKSt3__119__map_value_compareIN4Json5Value8CZStringENS_4pairIKS3_S2_EENS_4lessIS3_EELb1EEclB8ne210108ERKS6_RS5_ is safe zone — language guarantees apply
[2m[DEBUG][0m ZONE-SKIP: _ZNSt3__16__treeINS_12__value_typeIN4Json5Value8CZStringES3_EENS_19__map_value_compareIS4_NS_4pairIKS4_S3_EENS_4lessIS4_EELb1EEENS_9allocatorIS9_EEE12__find_equalIS4_EERPNS_16__tree_node_baseIPvEERPNS_15__tree_end_nodeISK_EERKT_ is safe zone — language guarantees apply
[2m[DEBUG][0m ZONE-SKIP: _ZNSt3__14nextB8ne210108INS_21__tree_const_iteratorINS_12__value_typeIN4Json5Value8CZStringES4_EEPNS_11__tree_nodeIS6_PvEElEETnNS_9enable_ifIXsr29__has_input_iterator_categoryIT_EE5valueEiE4typeELi0EEESD_SD_NS_15iterator_traitsISD_E15difference_typeE is safe zone — language guarantees apply
[2m[DEBUG][0m ZONE-SKIP: _ZNKSt3__121__tree_const_iteratorINS_12__value_typeIN4Json5Value8CZStringES3_EEPNS_11__tree_nodeIS5_PvEElE8__get_npB8ne210108Ev is safe zone — language guarantees apply
[2m[DEBUG][0m ZONE-SKIP: _ZNSt3__17advanceB8ne210108INS_21__tree_const_iteratorINS_12__value_typeIN4Json5Value8CZStringES4_EEPNS_11__tree_nodeIS6_PvEElEEllTnNS_9enable_ifIXsr11is_integralIT1_EE5valueEiE4typeELi0EEEvRT_T0_ is safe zone — language guarantees apply
[2m[DEBUG][0m ZONE-SKIP: _ZNSt3__19__advanceB8ne210108INS_21__tree_const_iteratorINS_12__value_typeIN4Json5Value8CZStringES4_EEPNS_11__tree_nodeIS6_PvEElEEEEvRT_NS_15iterator_traitsISC_E15difference_typeENS_26bidirectional_iterator_tagE is safe zone — language guarantees apply
[2m[DEBUG][0m ZONE-SKIP: _ZNKSt3__16__treeINS_12__value_typeIN4Json5Value8CZStringES3_EENS_19__map_value_compareIS4_NS_4pairIKS4_S3_EENS_4lessIS4_EELb1EEENS_9allocatorIS9_EEE10__root_ptrB8ne210108Ev is safe zone — language guarantees apply
[2m[DEBUG][0m ZONE-SKIP: _ZNKSt3__14lessIN4Json5Value8CZStringEEclB8ne210108ERKS3_S6_ is safe zone — language guarantees apply
[2m[DEBUG][0m ZONE-SKIP: _ZNSt3__115__tree_iteratorINS_12__value_typeIN4Json5Value8CZStringES3_EEPNS_11__tree_nodeIS5_PvEElEC1B8ne210108EPNS_15__tree_end_nodeIPNS_16__tree_node_baseIS7_EEEE is safe zone — language guarantees apply
[2m[DEBUG][0m ZONE-SKIP: _ZNSt3__115__tree_iteratorINS_12__value_typeIN4Json5Value8CZStringES3_EEPNS_11__tree_nodeIS5_PvEElEC2B8ne210108EPNS_15__tree_end_nodeIPNS_16__tree_node_baseIS7_EEEE is safe zone — language guarantees apply
[2m[DEBUG][0m ZONE-SKIP: _ZNSt3__121__tree_const_iteratorINS_12__value_typeIN4Json5Value8CZStringES3_EEPNS_11__tree_nodeIS5_PvEElEC2B8ne210108ENS_15__tree_iteratorIS5_S9_lEE is safe zone — language guarantees apply
[2m[DEBUG][0m ZONE-SKIP: _ZNSt3__120__map_const_iteratorINS_21__tree_const_iteratorINS_12__value_typeIN4Json5Value8CZStringES4_EEPNS_11__tree_nodeIS6_PvEElEEEC2B8ne210108ESB_ is safe zone — language guarantees apply
[2m[DEBUG][0m ZONE-SKIP: _ZNSt3__1neB8ne210108ERKNS_21__tree_const_iteratorINS_12__value_typeIN4Json5Value8CZStringES3_EEPNS_11__tree_nodeIS5_PvEElEESC_ is safe zone — language guarantees apply
[2m[DEBUG][0m ZONE-SKIP: _ZNKSt3__16__treeINS_12__value_typeIN4Json5Value8CZStringES3_EENS_19__map_value_compareIS4_NS_4pairIKS4_S3_EENS_4lessIS4_EELb1EEENS_9allocatorIS9_EEE3endB8ne210108Ev is safe zone — language guarantees apply
[2m[DEBUG][0m ZONE-SKIP: _ZNSt3__121__tree_const_iteratorINS_12__value_typeIN4Json5Value8CZStringES3_EEPNS_11__tree_nodeIS5_PvEElEC1B8ne210108EPNS_15__tree_end_nodeIPNS_16__tree_node_baseIS7_EEEE is safe zone — language guarantees apply
[2m[DEBUG][0m ZONE-SKIP: _ZNSt3__121__tree_const_iteratorINS_12__value_typeIN4Json5Value8CZStringES3_EEPNS_11__tree_nodeIS5_PvEElEC2B8ne210108EPNS_15__tree_end_nodeIPNS_16__tree_node_baseIS7_EEEE is safe zone — language guarantees apply
[2m[DEBUG][0m ZONE-SKIP: _ZNKSt3__16__treeINS_12__value_typeIN4Json5Value8CZStringES3_EENS_19__map_value_compareIS4_NS_4pairIKS4_S3_EENS_4lessIS4_EELb1EEENS_9allocatorIS9_EEE5beginB8ne210108Ev is safe zone — language guarantees apply
[2m[DEBUG][0m ZONE-SKIP: _ZNKSt3__16__treeINS_12__value_typeIN4Json5Value8CZStringES3_EENS_19__map_value_compareIS4_NS_4pairIKS4_S3_EENS_4lessIS4_EELb1EEENS_9allocatorIS9_EEE12__begin_nodeB8ne210108Ev is safe zone — language guarantees apply
[2m[DEBUG][0m ZONE-SKIP: _ZNSt3__16__treeINS_12__value_typeIN4Json5Value8CZStringES3_EENS_19__map_value_compareIS4_NS_4pairIKS4_S3_EENS_4lessIS4_EELb1EEENS_9allocatorIS9_EEEC2ERKSF_ is safe zone — language guarantees apply
[2m[DEBUG][0m ZONE-SKIP: _ZNKSt3__16__treeINS_12__value_typeIN4Json5Value8CZStringES3_EENS_19__map_value_compareIS4_NS_4pairIKS4_S3_EENS_4lessIS4_EELb1EEENS_9allocatorIS9_EEE12__node_allocB8ne210108Ev is safe zone — language guarantees apply
[2m[DEBUG][0m ZONE-SKIP: _ZNSt3__116allocator_traitsINS_9allocatorINS_11__tree_nodeINS_12__value_typeIN4Json5Value8CZStringES5_EEPvEEEEE37select_on_container_copy_constructionB8ne210108ISA_TnNS_9enable_ifIXnt45__has_select_on_container_copy_construction_vIKT_EEiE4typeELi0EEESA_RKSA_ is safe zone — language guarantees apply
[2m[DEBUG][0m ZONE-SKIP: _ZNKSt3__16__treeINS_12__value_typeIN4Json5Value8CZStringES3_EENS_19__map_value_compareIS4_NS_4pairIKS4_S3_EENS_4lessIS4_EELb1EEENS_9allocatorIS9_EEE10value_compB8ne210108Ev is safe zone — language guarantees apply
[2m[DEBUG][0m ZONE-SKIP: _ZNSt3__14swapB8ne210108IN4Json5Value8CommentsEEENS_9enable_ifIXaasr21is_move_constructibleIT_EE5valuesr18is_move_assignableIS5_EE5valueEvE4typeERS5_S8_ is safe zone — language guarantees apply
[2m[DEBUG][0m ZONE-SKIP: _ZNSt3__14swapB8ne210108IlEENS_9enable_ifIXaasr21is_move_constructibleIT_EE5valuesr18is_move_assignableIS2_EE5valueEvE4typeERS2_S5_ is safe zone — language guarantees apply
[2m[DEBUG][0m ZONE-SKIP: _ZNSt3__110unique_ptrINS_5arrayINS_12basic_stringIcNS_11char_traitsIcEENS_9allocatorIcEEEELm3EEENS_14default_deleteIS8_EEEC1B8ne210108EOSB_ is safe zone — language guarantees apply
[2m[DEBUG][0m ZONE-SKIP: _ZNSt3__110unique_ptrINS_5arrayINS_12basic_stringIcNS_11char_traitsIcEENS_9allocatorIcEEEELm3EEENS_14default_deleteIS8_EEEC2B8ne210108EOSB_ is safe zone — language guarantees apply
[2m[DEBUG][0m ZONE-SKIP: _ZNSt3__14swapB8ne210108IN4Json5ValueUt_EEENS_9enable_ifIXaasr21is_move_constructibleIT_EE5valuesr18is_move_assignableIS5_EE5valueEvE4typeERS5_S8_ is safe zone — language guarantees apply
[2m[DEBUG][0m ZONE-SKIP: _ZNSt3__14swapB8ne210108IN4Json5Value11ValueHolderEEENS_9enable_ifIXaasr21is_move_constructibleIT_EE5valuesr18is_move_assignableIS5_EE5valueEvE4typeERS5_S8_ is safe zone — language guarantees apply
[2m[DEBUG][0m ZONE-SKIP: _ZNKSt3__13mapIN4Json5Value8CZStringES2_NS_4lessIS3_EENS_9allocatorINS_4pairIKS3_S2_EEEEE4sizeB8ne210108Ev is safe zone — language guarantees apply
[2m[DEBUG][0m ZONE-SKIP: _ZNSt3__1ltB8ne210108IN4Json5Value8CZStringES2_NS_4lessIS3_EENS_9allocatorINS_4pairIKS3_S2_EEEEEEbRKNS_3mapIT_T0_T1_T2_EESI_ is safe zone — language guarantees apply
[2m[DEBUG][0m ZONE-SKIP: _ZNSt3__123lexicographical_compareB8ne210108INS_20__map_const_iteratorINS_21__tree_const_iteratorINS_12__value_typeIN4Json5Value8CZStringES5_EEPNS_11__tree_nodeIS7_PvEElEEEESD_EEbT_SE_T0_SF_ is safe zone — language guarantees apply
[2m[DEBUG][0m ZONE-SKIP: _ZNSt3__123lexicographical_compareB8ne210108INS_20__map_const_iteratorINS_21__tree_const_iteratorINS_12__value_typeIN4Json5Value8CZStringES5_EEPNS_11__tree_nodeIS7_PvEElEEEESD_NS_6__lessIvvEEEEbT_SG_T0_SH_T1_ is safe zone — language guarantees apply
[2m[DEBUG][0m ZONE-SKIP: _ZNSt3__113__unwrap_iterB8ne210108INS_20__map_const_iteratorINS_21__tree_const_iteratorINS_12__value_typeIN4Json5Value8CZStringES5_EEPNS_11__tree_nodeIS7_PvEElEEEENS_18__unwrap_iter_implISD_Lb0EEETnNS_9enable_ifIXsr21is_copy_constructibleIT_EE5valueEiE4typeELi0EEEDTclsrT0_8__unwrapclsr3stdE7declvalISH_EEEESH_ is safe zone — language guarantees apply
[2m[DEBUG][0m ZONE-SKIP: _ZNSt3__125__lexicographical_compareB8ne210108INS_20__map_const_iteratorINS_21__tree_const_iteratorINS_12__value_typeIN4Json5Value8CZStringES5_EEPNS_11__tree_nodeIS7_PvEElEEEESD_SD_SD_NS_10__identityESE_NS_6__lessIvvEEEEbT_T0_T1_T2_RT5_RT3_RT4_ is safe zone — language guarantees apply
[2m[DEBUG][0m ZONE-SKIP: _ZNSt3__1eqB8ne210108ERKNS_20__map_const_iteratorINS_21__tree_const_iteratorINS_12__value_typeIN4Json5Value8CZStringES4_EEPNS_11__tree_nodeIS6_PvEElEEEESE_ is safe zone — language guarantees apply
[2m[DEBUG][0m ZONE-SKIP: _ZNSt3__18__invokeB8ne210108IJRNS_10__identityERKNS_4pairIKN4Json5Value8CZStringES5_EEEEENS_20__invoke_result_implIvJDpT_EE4typeEDpOSC_ is safe zone — language guarantees apply
[2m[DEBUG][0m ZONE-SKIP: _ZNSt3__18__invokeB8ne210108IJRNS_6__lessIvvEERKNS_4pairIKN4Json5Value8CZStringES6_EESB_EEENS_20__invoke_result_implIvJDpT_EE4typeEDpOSD_ is safe zone — language guarantees apply
[2m[DEBUG][0m ZONE-SKIP: _ZNKSt3__16__lessIvvEclB8ne210108INS_4pairIKN4Json5Value8CZStringES5_EES8_EEbRKT_RKT0_ is safe zone — language guarantees apply
[2m[DEBUG][0m ZONE-SKIP: _ZNSt3__1ltB8ne210108IKN4Json5Value8CZStringES2_S4_S2_EEbRKNS_4pairIT_T0_EERKNS5_IT1_T2_EE is safe zone — language guarantees apply
[2m[DEBUG][0m ZONE-SKIP: _ZNKSt3__110__identityclB8ne210108IRKNS_4pairIKN4Json5Value8CZStringES4_EEEEOT_SB_ is safe zone — language guarantees apply
[2m[DEBUG][0m ZONE-SKIP: _ZNSt3__118__unwrap_iter_implINS_20__map_const_iteratorINS_21__tree_const_iteratorINS_12__value_typeIN4Json5Value8CZStringES5_EEPNS_11__tree_nodeIS7_PvEElEEEELb0EE8__unwrapB8ne210108ESD_ is safe zone — language guarantees apply
[2m[DEBUG][0m ZONE-SKIP: _ZNKSt3__16__treeINS_12__value_typeIN4Json5Value8CZStringES3_EENS_19__map_value_compareIS4_NS_4pairIKS4_S3_EENS_4lessIS4_EELb1EEENS_9allocatorIS9_EEE4sizeB8ne210108Ev is safe zone — language guarantees apply
[2m[DEBUG][0m ZONE-SKIP: _ZNSt3__1eqB8ne210108IN4Json5Value8CZStringES2_NS_4lessIS3_EENS_9allocatorINS_4pairIKS3_S2_EEEEEEbRKNS_3mapIT_T0_T1_T2_EESI_ is safe zone — language guarantees apply
[2m[DEBUG][0m ZONE-SKIP: _ZNSt3__15equalB8ne210108INS_20__map_const_iteratorINS_21__tree_const_iteratorINS_12__value_typeIN4Json5Value8CZStringES5_EEPNS_11__tree_nodeIS7_PvEElEEEESD_EEbT_SE_T0_ is safe zone — language guarantees apply
[2m[DEBUG][0m ZONE-SKIP: _ZNSt3__15equalB8ne210108INS_20__map_const_iteratorINS_21__tree_const_iteratorINS_12__value_typeIN4Json5Value8CZStringES5_EEPNS_11__tree_nodeIS7_PvEElEEEESD_NS_10__equal_toEEEbT_SF_T0_T1_ is safe zone — language guarantees apply
[2m[DEBUG][0m ZONE-SKIP: _ZNSt3__117__equal_iter_implB8ne210108INS_20__map_const_iteratorINS_21__tree_const_iteratorINS_12__value_typeIN4Json5Value8CZStringES5_EEPNS_11__tree_nodeIS7_PvEElEEEESD_NS_10__equal_toEEEbT_SF_T0_RT1_ is safe zone — language guarantees apply
[2m[DEBUG][0m ZONE-SKIP: _ZNKSt3__110__equal_toclB8ne210108INS_4pairIKN4Json5Value8CZStringES4_EES7_EEbRKT_RKT0_ is safe zone — language guarantees apply
[2m[DEBUG][0m ZONE-SKIP: _ZNSt3__1eqB8ne210108IKN4Json5Value8CZStringES2_S4_S2_EEbRKNS_4pairIT_T0_EERKNS5_IT1_T2_EE is safe zone — language guarantees apply
[2m[DEBUG][0m ZONE-SKIP: _ZNSt3__112basic_stringIcNS_11char_traitsIcEENS_9allocatorIcEEEC1B8ne210108EPKcm is safe zone — language guarantees apply
[2m[DEBUG][0m ZONE-SKIP: _ZNSt3__112basic_stringIcNS_11char_traitsIcEENS_9allocatorIcEEEC2B8ne210108EPKcm is safe zone — language guarantees apply
[2m[DEBUG][0m ZONE-SKIP: _ZNSt3__16__math10fpclassifyB8ne210108IiEEid is safe zone — language guarantees apply
[2m[DEBUG][0m ZONE-SKIP: _ZNKSt3__13mapIN4Json5Value8CZStringES2_NS_4lessIS3_EENS_9allocatorINS_4pairIKS3_S2_EEEEE5emptyB8ne210108Ev is safe zone — language guarantees apply
[2m[DEBUG][0m ZONE-SKIP: _ZNSt3__13mapIN4Json5Value8CZStringES2_NS_4lessIS3_EENS_9allocatorINS_4pairIKS3_S2_EEEEE3endB8ne210108Ev is safe zone — language guarantees apply
[2m[DEBUG][0m ZONE-SKIP: _ZNSt3__120__map_const_iteratorINS_21__tree_const_iteratorINS_12__value_typeIN4Json5Value8CZStringES4_EEPNS_11__tree_nodeIS6_PvEElEEEC1B8ne210108ENS_14__map_iteratorINS_15__tree_iteratorIS6_SA_lEEEE is safe zone — language guarantees apply
[2m[DEBUG][0m ZONE-SKIP: _ZNSt3__120__map_const_iteratorINS_21__tree_const_iteratorINS_12__value_typeIN4Json5Value8CZStringES4_EEPNS_11__tree_nodeIS6_PvEElEEEmmB8ne210108Ev is safe zone — language guarantees apply
[2m[DEBUG][0m ZONE-SKIP: _ZNSt3__120__map_const_iteratorINS_21__tree_const_iteratorINS_12__value_typeIN4Json5Value8CZStringES4_EEPNS_11__tree_nodeIS6_PvEElEEEC2B8ne210108ENS_14__map_iteratorINS_15__tree_iteratorIS6_SA_lEEEE is safe zone — language guarantees apply
[2m[DEBUG][0m ZONE-SKIP: _ZNSt3__13mapIN4Json5Value8CZStringES2_NS_4lessIS3_EENS_9allocatorINS_4pairIKS3_S2_EEEEE5clearB8ne210108Ev is safe zone — language guarantees apply
[2m[DEBUG][0m ZONE-SKIP: _ZNSt3__16__treeINS_12__value_typeIN4Json5Value8CZStringES3_EENS_19__map_value_compareIS4_NS_4pairIKS4_S3_EENS_4lessIS4_EELb1EEENS_9allocatorIS9_EEE5clearEv is safe zone — language guarantees apply
[2m[DEBUG][0m ZONE-SKIP: _ZNSt3__13mapIN4Json5Value8CZStringES2_NS_4lessIS3_EENS_9allocatorINS_4pairIKS3_S2_EEEEE5eraseB8ne210108ERS8_ is safe zone — language guarantees apply
[2m[DEBUG][0m ZONE-SKIP: _ZNSt3__16__treeINS_12__value_typeIN4Json5Value8CZStringES3_EENS_19__map_value_compareIS4_NS_4pairIKS4_S3_EENS_4lessIS4_EELb1EEENS_9allocatorIS9_EEE14__erase_uniqueIS4_EEmRKT_ is safe zone — language guarantees apply
[2m[DEBUG][0m ZONE-SKIP: _ZNSt3__16__treeINS_12__value_typeIN4Json5Value8CZStringES3_EENS_19__map_value_compareIS4_NS_4pairIKS4_S3_EENS_4lessIS4_EELb1EEENS_9allocatorIS9_EEE4findIS4_EENS_15__tree_iteratorIS5_PNS_11__tree_nodeIS5_PvEElEERKT_ is safe zone — language guarantees apply
[2m[DEBUG][0m ZONE-SKIP: _ZNSt3__16__treeINS_12__value_typeIN4Json5Value8CZStringES3_EENS_19__map_value_compareIS4_NS_4pairIKS4_S3_EENS_4lessIS4_EELb1EEENS_9allocatorIS9_EEE5eraseENS_21__tree_const_iteratorIS5_PNS_11__tree_nodeIS5_PvEElEE is safe zone — language guarantees apply
[2m[DEBUG][0m ZONE-SKIP: _ZNSt3__16__treeINS_12__value_typeIN4Json5Value8CZStringES3_EENS_19__map_value_compareIS4_NS_4pairIKS4_S3_EENS_4lessIS4_EELb1EEENS_9allocatorIS9_EEE21__remove_node_pointerEPNS_11__tree_nodeIS5_PvEE is safe zone — language guarantees apply
[2m[DEBUG][0m ZONE-SKIP: _ZNSt3__113__tree_removeB8ne210108IPNS_16__tree_node_baseIPvEEEEvT_S5_ is safe zone — language guarantees apply
[2m[DEBUG][0m ZONE-SKIP: _ZNSt3__111__tree_nextB8ne210108IPNS_16__tree_node_baseIPvEEEET_S5_ is safe zone — language guarantees apply
[2m[DEBUG][0m ZONE-SKIP: _ZNSt3__16__treeINS_12__value_typeIN4Json5Value8CZStringES3_EENS_19__map_value_compareIS4_NS_4pairIKS4_S3_EENS_4lessIS4_EELb1EEENS_9allocatorIS9_EEE13__lower_boundIS4_EENS_15__tree_iteratorIS5_PNS_11__tree_nodeIS5_PvEElEERKT_SL_PNS_15__tree_end_nodeIPNS_16__tree_node_baseISJ_EEEE is safe zone — language guarantees apply
[2m[DEBUG][0m ZONE-SKIP: _ZNSt3__13mapIN4Json5Value8CZStringES2_NS_4lessIS3_EENS_9allocatorINS_4pairIKS3_S2_EEEEE11lower_boundB8ne210108ERS8_ is safe zone — language guarantees apply
[2m[DEBUG][0m ZONE-SKIP: _ZNSt3__14pairIKN4Json5Value8CZStringES2_EC1B8ne210108IRS3_RKS2_TnNS_9enable_ifIXclsr25__check_pair_constructionIS4_S2_EE23__is_pair_constructibleIT_T0_EEEiE4typeELi0EEEOSB_OSC_ is safe zone — language guarantees apply
[2m[DEBUG][0m ZONE-SKIP: _ZNSt3__13mapIN4Json5Value8CZStringES2_NS_4lessIS3_EENS_9allocatorINS_4pairIKS3_S2_EEEEE6insertB8ne210108IRS9_TnNS_9enable_ifIXsr16is_constructibleIS9_T_EE5valueEiE4typeELi0EEENS_14__map_iteratorINS_15__tree_iteratorINS_12__value_typeIS3_S2_EEPNS_11__tree_nodeISL_PvEElEEEENS_20__map_const_iteratorINS_21__tree_const_iteratorISL_SP_lEEEEOSF_ is safe zone — language guarantees apply
[2m[DEBUG][0m ZONE-SKIP: _ZNSt3__16__treeINS_12__value_typeIN4Json5Value8CZStringES3_EENS_19__map_value_compareIS4_NS_4pairIKS4_S3_EENS_4lessIS4_EELb1EEENS_9allocatorIS9_EEE21__emplace_hint_uniqueB8ne210108IRS9_EENS_15__tree_iteratorIS5_PNS_11__tree_nodeIS5_PvEElEENS_21__tree_const_iteratorIS5_SM_lEEOT_ is safe zone — language guarantees apply
[2m[DEBUG][0m ZONE-SKIP: _ZNSt3__16__treeINS_12__value_typeIN4Json5Value8CZStringES3_EENS_19__map_value_compareIS4_NS_4pairIKS4_S3_EENS_4lessIS4_EELb1EEENS_9allocatorIS9_EEE33__emplace_hint_unique_extract_keyB8ne210108IRS9_EENS_15__tree_iteratorIS5_PNS_11__tree_nodeIS5_PvEElEENS_21__tree_const_iteratorIS5_SM_lEEOT_NS_23__extract_key_first_tagE is safe zone — language guarantees apply
[2m[DEBUG][0m ZONE-SKIP: _ZNSt3__16__treeINS_12__value_typeIN4Json5Value8CZStringES3_EENS_19__map_value_compareIS4_NS_4pairIKS4_S3_EENS_4lessIS4_EELb1EEENS_9allocatorIS9_EEE30__emplace_hint_unique_key_argsIS4_JRS9_EEENS7_INS_15__tree_iteratorIS5_PNS_11__tree_nodeIS5_PvEElEEbEENS_21__tree_const_iteratorIS5_SM_lEERKT_DpOT0_ is safe zone — language guarantees apply
[2m[DEBUG][0m ZONE-SKIP: _ZNSt3__16__treeINS_12__value_typeIN4Json5Value8CZStringES3_EENS_19__map_value_compareIS4_NS_4pairIKS4_S3_EENS_4lessIS4_EELb1EEENS_9allocatorIS9_EEE16__construct_nodeIJRS9_EEENS_10unique_ptrINS_11__tree_nodeIS5_PvEENS_22__tree_node_destructorINSD_ISL_EEEEEEDpOT_ is safe zone — language guarantees apply
[2m[DEBUG][0m ZONE-SKIP: _ZNSt3__116allocator_traitsINS_9allocatorINS_11__tree_nodeINS_12__value_typeIN4Json5Value8CZStringES5_EEPvEEEEE9constructB8ne210108INS_4pairIKS6_S5_EEJRSF_ETnNS_9enable_ifIX17__has_construct_vISA_PT_DpT0_EEiE4typeELi0EEEvRSA_SJ_DpOSK_ is safe zone — language guarantees apply
[2m[DEBUG][0m ZONE-SKIP: _ZNSt3__19allocatorINS_11__tree_nodeINS_12__value_typeIN4Json5Value8CZStringES4_EEPvEEE9constructB8ne210108INS_4pairIKS5_S4_EEJRSD_EEEvPT_DpOT0_ is safe zone — language guarantees apply
[2m[DEBUG][0m ZONE-SKIP: _ZNSt3__14pairIKN4Json5Value8CZStringES2_EC2B8ne210108IRS3_RKS2_TnNS_9enable_ifIXclsr25__check_pair_constructionIS4_S2_EE23__is_pair_constructibleIT_T0_EEEiE4typeELi0EEEOSB_OSC_ is safe zone — language guarantees apply
[2m[DEBUG][0m ZONE-SKIP: _ZNSt3__16__treeINS_12__value_typeIN4Json5Value8CZStringES3_EENS_19__map_value_compareIS4_NS_4pairIKS4_S3_EENS_4lessIS4_EELb1EEENS_9allocatorIS9_EEE11lower_boundB8ne210108IS4_EENS_15__tree_iteratorIS5_PNS_11__tree_nodeIS5_PvEElEERKT_ is safe zone — language guarantees apply
[2m[DEBUG][0m ZONE-SKIP: _ZNSt3__13mapIN4Json5Value8CZStringES2_NS_4lessIS3_EENS_9allocatorINS_4pairIKS3_S2_EEEEE4findB8ne210108ERS8_ is safe zone — language guarantees apply
[2m[DEBUG][0m ZONE-SKIP: _ZNSt3__13mapIN4Json5Value8CZStringES2_NS_4lessIS3_EENS_9allocatorINS_4pairIKS3_S2_EEEEE7emplaceB8ne210108IJjS2_EEENS7_INS_14__map_iteratorINS_15__tree_iteratorINS_12__value_typeIS3_S2_EEPNS_11__tree_nodeISG_PvEElEEEEbEEDpOT_ is safe zone — language guarantees apply
[2m[DEBUG][0m ZONE-SKIP: _ZNSt3__16__treeINS_12__value_typeIN4Json5Value8CZStringES3_EENS_19__map_value_compareIS4_NS_4pairIKS4_S3_EENS_4lessIS4_EELb1EEENS_9allocatorIS9_EEE16__emplace_uniqueB8ne210108IJjS3_EEENS7_INS_15__tree_iteratorIS5_PNS_11__tree_nodeIS5_PvEElEEbEEDpOT_ is safe zone — language guarantees apply
[2m[DEBUG][0m ZONE-SKIP: _ZNSt3__14pairINS_14__map_iteratorINS_15__tree_iteratorINS_12__value_typeIN4Json5Value8CZStringES5_EEPNS_11__tree_nodeIS7_PvEElEEEEbEC1B8ne210108ISC_bTnNS_9enable_ifIXclsr25__check_pair_constructionISD_bEE23__is_pair_constructibleIT_T0_EEEiE4typeELi0EEEONS0_ISH_SI_EE is safe zone — language guarantees apply
[2m[DEBUG][0m ZONE-SKIP: _ZNSt3__14pairINS_14__map_iteratorINS_15__tree_iteratorINS_12__value_typeIN4Json5Value8CZStringES5_EEPNS_11__tree_nodeIS7_PvEElEEEEbEC2B8ne210108ISC_bTnNS_9enable_ifIXclsr25__check_pair_constructionISD_bEE23__is_pair_constructibleIT_T0_EEEiE4typeELi0EEEONS0_ISH_SI_EE is safe zone — language guarantees apply
[2m[DEBUG][0m ZONE-SKIP: _ZNSt3__16__treeINS_12__value_typeIN4Json5Value8CZStringES3_EENS_19__map_value_compareIS4_NS_4pairIKS4_S3_EENS_4lessIS4_EELb1EEENS_9allocatorIS9_EEE21__emplace_unique_implIJjS3_EEENS7_INS_15__tree_iteratorIS5_PNS_11__tree_nodeIS5_PvEElEEbEEDpOT_ is safe zone — language guarantees apply
[2m[DEBUG][0m ZONE-SKIP: _ZNSt3__16__treeINS_12__value_typeIN4Json5Value8CZStringES3_EENS_19__map_value_compareIS4_NS_4pairIKS4_S3_EENS_4lessIS4_EELb1EEENS_9allocatorIS9_EEE16__construct_nodeIJjS3_EEENS_10unique_ptrINS_11__tree_nodeIS5_PvEENS_22__tree_node_destructorINSD_ISK_EEEEEEDpOT_ is safe zone — language guarantees apply
[2m[DEBUG][0m ZONE-SKIP: _ZNSt3__16__treeINS_12__value_typeIN4Json5Value8CZStringES3_EENS_19__map_value_compareIS4_NS_4pairIKS4_S3_EENS_4lessIS4_EELb1EEENS_9allocatorIS9_EEE12__find_equalIS9_EERPNS_16__tree_node_baseIPvEERPNS_15__tree_end_nodeISK_EERKT_ is safe zone — language guarantees apply
[2m[DEBUG][0m ZONE-SKIP: _ZNKSt3__119__map_value_compareIN4Json5Value8CZStringENS_4pairIKS3_S2_EENS_4lessIS3_EELb1EEclB8ne210108ERKS6_SB_ is safe zone — language guarantees apply
[2m[DEBUG][0m ZONE-SKIP: _ZNSt3__116allocator_traitsINS_9allocatorINS_11__tree_nodeINS_12__value_typeIN4Json5Value8CZStringES5_EEPvEEEEE9constructB8ne210108INS_4pairIKS6_S5_EEJjS5_ETnNS_9enable_ifIX17__has_construct_vISA_PT_DpT0_EEiE4typeELi0EEEvRSA_SI_DpOSJ_ is safe zone — language guarantees apply
[2m[DEBUG][0m ZONE-SKIP: _ZNSt3__19allocatorINS_11__tree_nodeINS_12__value_typeIN4Json5Value8CZStringES4_EEPvEEE9constructB8ne210108INS_4pairIKS5_S4_EEJjS4_EEEvPT_DpOT0_ is safe zone — language guarantees apply
[2m[DEBUG][0m ZONE-SKIP: _ZNSt3__14pairIKN4Json5Value8CZStringES2_EC1B8ne210108IjS2_TnNS_9enable_ifIXclsr25__check_pair_constructionIS4_S2_EE23__is_pair_constructibleIT_T0_EEEiE4typeELi0EEEOS8_OS9_ is safe zone — language guarantees apply
[2m[DEBUG][0m ZONE-SKIP: _ZNSt3__14pairIKN4Json5Value8CZStringES2_EC2B8ne210108IjS2_TnNS_9enable_ifIXclsr25__check_pair_constructionIS4_S2_EE23__is_pair_constructibleIT_T0_EEEiE4typeELi0EEEOS8_OS9_ is safe zone — language guarantees apply
[2m[DEBUG][0m ZONE-SKIP: _ZNSt3__13mapIN4Json5Value8CZStringES2_NS_4lessIS3_EENS_9allocatorINS_4pairIKS3_S2_EEEEE5eraseB8ne210108ENS_14__map_iteratorINS_15__tree_iteratorINS_12__value_typeIS3_S2_EEPNS_11__tree_nodeISF_PvEElEEEE is safe zone — language guarantees apply
[2m[DEBUG][0m ZONE-SKIP: _ZNSt3__13mapIN4Json5Value8CZStringES2_NS_4lessIS3_EENS_9allocatorINS_4pairIKS3_S2_EEEEEixERS8_ is safe zone — language guarantees apply
[2m[DEBUG][0m ZONE-SKIP: _ZNSt3__116forward_as_tupleB8ne210108IJRKN4Json5Value8CZStringEEEENS_5tupleIJDpOT_EEES9_ is safe zone — language guarantees apply
[2m[DEBUG][0m ZONE-SKIP: _ZNSt3__116forward_as_tupleB8ne210108IJEEENS_5tupleIJDpOT_EEES4_ is safe zone — language guarantees apply
[2m[DEBUG][0m ZONE-SKIP: _ZNSt3__16__treeINS_12__value_typeIN4Json5Value8CZStringES3_EENS_19__map_value_compareIS4_NS_4pairIKS4_S3_EENS_4lessIS4_EELb1EEENS_9allocatorIS9_EEE25__emplace_unique_key_argsIS4_JRKNS_21piecewise_construct_tENS_5tupleIJRS8_EEENSK_IJEEEEEENS7_INS_15__tree_iteratorIS5_PNS_11__tree_nodeIS5_PvEElEEbEERKT_DpOT0_ is safe zone — language guarantees apply
[2m[DEBUG][0m ZONE-SKIP: _ZNKSt3__115__tree_iteratorINS_12__value_typeIN4Json5Value8CZStringES3_EEPNS_11__tree_nodeIS5_PvEElEptB8ne210108Ev is safe zone — language guarantees apply
[2m[DEBUG][0m ZONE-SKIP: _ZNSt3__16__treeINS_12__value_typeIN4Json5Value8CZStringES3_EENS_19__map_value_compareIS4_NS_4pairIKS4_S3_EENS_4lessIS4_EELb1EEENS_9allocatorIS9_EEE16__construct_nodeIJRKNS_21piecewise_construct_tENS_5tupleIJRS8_EEENSK_IJEEEEEENS_10unique_ptrINS_11__tree_nodeIS5_PvEENS_22__tree_node_destructorINSD_ISR_EEEEEEDpOT_ is safe zone — language guarantees apply
[2m[DEBUG][0m ZONE-SKIP: _ZNSt3__116allocator_traitsINS_9allocatorINS_11__tree_nodeINS_12__value_typeIN4Json5Value8CZStringES5_EEPvEEEEE9constructB8ne210108INS_4pairIKS6_S5_EEJRKNS_21piecewise_construct_tENS_5tupleIJRSE_EEENSJ_IJEEEETnNS_9enable_ifIX17__has_construct_vISA_PT_DpT0_EEiE4typeELi0EEEvRSA_SP_DpOSQ_ is safe zone — language guarantees apply
[2m[DEBUG][0m ZONE-SKIP: _ZNSt3__19allocatorINS_11__tree_nodeINS_12__value_typeIN4Json5Value8CZStringES4_EEPvEEE9constructB8ne210108INS_4pairIKS5_S4_EEJRKNS_21piecewise_construct_tENS_5tupleIJRSC_EEENSH_IJEEEEEEvPT_DpOT0_ is safe zone — language guarantees apply
[2m[DEBUG][0m ZONE-SKIP: _ZNSt3__14pairIKN4Json5Value8CZStringES2_EC1B8ne210108IJRS4_EJEEENS_21piecewise_construct_tENS_5tupleIJDpT_EEENS9_IJDpT0_EEE is safe zone — language guarantees apply
[2m[DEBUG][0m ZONE-SKIP: _ZNSt3__14pairIKN4Json5Value8CZStringES2_EC1B8ne210108IJRS4_EJEJLm0EETpTnmJEEENS_21piecewise_construct_tERNS_5tupleIJDpT_EEERNS9_IJDpT0_EEENS_15__tuple_indicesIJXspT1_EEEENSI_IJXspT2_EEEE is safe zone — language guarantees apply
[2m[DEBUG][0m ZONE-SKIP: _ZNSt3__14pairIKN4Json5Value8CZStringES2_EC2B8ne210108IJRS4_EJEJLm0EETpTnmJEEENS_21piecewise_construct_tERNS_5tupleIJDpT_EEERNS9_IJDpT0_EEENS_15__tuple_indicesIJXspT1_EEEENSI_IJXspT2_EEEE is safe zone — language guarantees apply
[2m[DEBUG][0m ZONE-SKIP: _ZNSt3__13getB8ne210108ILm0EJRKN4Json5Value8CZStringEEEERNS_13tuple_elementIXT_ENS_5tupleIJDpT0_EEEE4typeERSA_ is safe zone — language guarantees apply
[2m[DEBUG][0m ZONE-SKIP: _ZNSt3__112__tuple_leafILm0ERKN4Json5Value8CZStringELb0EE3getB8ne210108Ev is safe zone — language guarantees apply
[2m[DEBUG][0m ZONE-SKIP: _ZNSt3__15tupleIJRKN4Json5Value8CZStringEEEC1B8ne210108INS_4_AndETnNS_9enable_ifIXsrT_IJNS_17integral_constantIbLb1EEENS_21is_copy_constructibleIS5_EEEE5valueEiE4typeELi0EEES5_ is safe zone — language guarantees apply
[2m[DEBUG][0m ZONE-SKIP: _ZNSt3__15tupleIJRKN4Json5Value8CZStringEEEC2B8ne210108INS_4_AndETnNS_9enable_ifIXsrT_IJNS_17integral_constantIbLb1EEENS_21is_copy_constructibleIS5_EEEE5valueEiE4typeELi0EEES5_ is safe zone — language guarantees apply
[2m[DEBUG][0m ZONE-SKIP: _ZNSt3__112__tuple_implINS_15__tuple_indicesIJLm0EEEEJRKN4Json5Value8CZStringEEEC1B8ne210108IJLm0EEJS7_ETpTnmJEJEJS7_EEENS1_IJXspT_EEEENS_13__tuple_typesIJDpT0_EEENS1_IJXspT1_EEEENSB_IJDpT2_EEEDpOT3_ is safe zone — language guarantees apply
[2m[DEBUG][0m ZONE-SKIP: _ZNSt3__112__tuple_implINS_15__tuple_indicesIJLm0EEEEJRKN4Json5Value8CZStringEEEC2B8ne210108IJLm0EEJS7_ETpTnmJEJEJS7_EEENS1_IJXspT_EEEENS_13__tuple_typesIJDpT0_EEENS1_IJXspT1_EEEENSB_IJDpT2_EEEDpOT3_ is safe zone — language guarantees apply
[2m[DEBUG][0m ZONE-SKIP: _ZNSt3__112__tuple_leafILm0ERKN4Json5Value8CZStringELb0EEC2B8ne210108IS5_TnNS_9enable_ifIXsr4_AndINS_17integral_constantIbXntu9__is_sameu14__remove_cvrefIT_ES6_EEEENS_16is_constructibleIS5_JSA_EEEEE5valueEiE4typeELi0EEEOSA_ is safe zone — language guarantees apply
[2m[DEBUG][0m ZONE-SKIP: _ZNSt3__16vectorINS_12basic_stringIcNS_11char_traitsIcEENS_9allocatorIcEEEENS4_IS6_EEEC1B8ne210108Ev is safe zone — language guarantees apply
[2m[DEBUG][0m ZONE-SKIP: _ZNSt3__16vectorINS_12basic_stringIcNS_11char_traitsIcEENS_9allocatorIcEEEENS4_IS6_EEE7reserveEm is safe zone — language guarantees apply
[2m[DEBUG][0m ZONE-SKIP: _ZNSt3__13mapIN4Json5Value8CZStringES2_NS_4lessIS3_EENS_9allocatorINS_4pairIKS3_S2_EEEEE5beginB8ne210108Ev is safe zone — language guarantees apply
[2m[DEBUG][0m ZONE-SKIP: _ZNSt3__16vectorINS_12basic_stringIcNS_11char_traitsIcEENS_9allocatorIcEEEENS4_IS6_EEE9push_backB8ne210108EOS6_ is safe zone — language guarantees apply
[2m[DEBUG][0m ZONE-SKIP: _ZNSt3__16vectorINS_12basic_stringIcNS_11char_traitsIcEENS_9allocatorIcEEEENS4_IS6_EEED1B8ne210108Ev is safe zone — language guarantees apply
[2m[DEBUG][0m ZONE-SKIP: _ZNSt3__16vectorINS_12basic_stringIcNS_11char_traitsIcEENS_9allocatorIcEEEENS4_IS6_EEED2B8ne210108Ev is safe zone — language guarantees apply
[2m[DEBUG][0m ZONE-SKIP: _ZNSt3__16vectorINS_12basic_stringIcNS_11char_traitsIcEENS_9allocatorIcEEEENS4_IS6_EEE16__destroy_vectorC1B8ne210108ERS8_ is safe zone — language guarantees apply
[2m[DEBUG][0m ZONE-SKIP: _ZNSt3__16vectorINS_12basic_stringIcNS_11char_traitsIcEENS_9allocatorIcEEEENS4_IS6_EEE16__destroy_vectorclB8ne210108Ev is safe zone — language guarantees apply
[2m[DEBUG][0m ZONE-SKIP: _ZNSt3__16vectorINS_12basic_stringIcNS_11char_traitsIcEENS_9allocatorIcEEEENS4_IS6_EEE5clearB8ne210108Ev is safe zone — language guarantees apply
[2m[DEBUG][0m ZONE-SKIP: _ZNKSt3__16vectorINS_12basic_stringIcNS_11char_traitsIcEENS_9allocatorIcEEEENS4_IS6_EEE17__annotate_deleteB8ne210108Ev is safe zone — language guarantees apply
[2m[DEBUG][0m ZONE-SKIP: _ZNKSt3__16vectorINS_12basic_stringIcNS_11char_traitsIcEENS_9allocatorIcEEEENS4_IS6_EEE8capacityB8ne210108Ev is safe zone — language guarantees apply
[2m[DEBUG][0m ZONE-SKIP: _ZNSt3__116allocator_traitsINS_9allocatorINS_12basic_stringIcNS_11char_traitsIcEENS1_IcEEEEEEE10deallocateB8ne210108ERS7_PS6_m is safe zone — language guarantees apply
[2m[DEBUG][0m ZONE-SKIP: _ZNSt3__19allocatorINS_12basic_stringIcNS_11char_traitsIcEENS0_IcEEEEE10deallocateB8ne210108EPS5_m is safe zone — language guarantees apply
[2m[DEBUG][0m ZONE-SKIP: _ZNSt3__119__libcpp_deallocateB8ne210108INS_12basic_stringIcNS_11char_traitsIcEENS_9allocatorIcEEEEEEvPNS_15__type_identityIT_E4typeENS_15__element_countEm is safe zone — language guarantees apply
[2m[DEBUG][0m ZONE-SKIP: _ZNKSt3__16vectorINS_12basic_stringIcNS_11char_traitsIcEENS_9allocatorIcEEEENS4_IS6_EEE4dataB8ne210108Ev is safe zone — language guarantees apply
[2m[DEBUG][0m ZONE-SKIP: _ZNKSt3__16vectorINS_12basic_stringIcNS_11char_traitsIcEENS_9allocatorIcEEEENS4_IS6_EEE4sizeB8ne210108Ev is safe zone — language guarantees apply
[2m[DEBUG][0m ZONE-SKIP: _ZNKSt3__16vectorINS_12basic_stringIcNS_11char_traitsIcEENS_9allocatorIcEEEENS4_IS6_EEE31__annotate_contiguous_containerB8ne210108EPKvSA_ is safe zone — language guarantees apply
[2m[DEBUG][0m ZONE-SKIP: _ZNSt3__131__annotate_contiguous_containerB8ne210108INS_9allocatorINS_12basic_stringIcNS_11char_traitsIcEENS1_IcEEEEEEEEvPKvS9_S9_S9_ is safe zone — language guarantees apply
[2m[DEBUG][0m ZONE-SKIP: _ZNSt3__112__to_addressB8ne210108INS_12basic_stringIcNS_11char_traitsIcEENS_9allocatorIcEEEEEEPT_S8_ is safe zone — language guarantees apply
[2m[DEBUG][0m ZONE-SKIP: _ZNSt3__16vectorINS_12basic_stringIcNS_11char_traitsIcEENS_9allocatorIcEEEENS4_IS6_EEE22__base_destruct_at_endB8ne210108EPS6_ is safe zone — language guarantees apply
[2m[DEBUG][0m ZONE-SKIP: _ZNKSt3__16vectorINS_12basic_stringIcNS_11char_traitsIcEENS_9allocatorIcEEEENS4_IS6_EEE17__annotate_shrinkB8ne210108Em is safe zone — language guarantees apply
[2m[DEBUG][0m ZONE-SKIP: _ZNSt3__116allocator_traitsINS_9allocatorINS_12basic_stringIcNS_11char_traitsIcEENS1_IcEEEEEEE7destroyB8ne210108IS6_TnNS_9enable_ifIX15__has_destroy_vIS7_PT_EEiE4typeELi0EEEvRS7_SC_ is safe zone — language guarantees apply
[2m[DEBUG][0m ZONE-SKIP: _ZNSt3__19allocatorINS_12basic_stringIcNS_11char_traitsIcEENS0_IcEEEEE7destroyB8ne210108EPS5_ is safe zone — language guarantees apply
[2m[DEBUG][0m ZONE-SKIP: _ZNSt3__16vectorINS_12basic_stringIcNS_11char_traitsIcEENS_9allocatorIcEEEENS4_IS6_EEE16__destroy_vectorC2B8ne210108ERS8_ is safe zone — language guarantees apply
[2m[DEBUG][0m ZONE-SKIP: _ZNSt3__16vectorINS_12basic_stringIcNS_11char_traitsIcEENS_9allocatorIcEEEENS4_IS6_EEE12emplace_backIJS6_EEEvDpOT_ is safe zone — language guarantees apply
[2m[DEBUG][0m ZONE-SKIP: _ZNSt3__16vectorINS_12basic_stringIcNS_11char_traitsIcEENS_9allocatorIcEEEENS4_IS6_EEE30__emplace_back_assume_capacityB8ne210108IJS6_EEEvDpOT_ is safe zone — language guarantees apply
[2m[DEBUG][0m ZONE-SKIP: _ZNSt3__16vectorINS_12basic_stringIcNS_11char_traitsIcEENS_9allocatorIcEEEENS4_IS6_EEE24__emplace_back_slow_pathIJS6_EEEPS6_DpOT_ is safe zone — language guarantees apply
[2m[DEBUG][0m ZONE-SKIP: _ZNKSt3__16vectorINS_12basic_stringIcNS_11char_traitsIcEENS_9allocatorIcEEEENS4_IS6_EEE11__recommendB8ne210108Em is safe zone — language guarantees apply
[2m[DEBUG][0m ZONE-SKIP: _ZNSt3__114__split_bufferINS_12basic_stringIcNS_11char_traitsIcEENS_9allocatorIcEEEERNS4_IS6_EEEC1EmmS8_ is safe zone — language guarantees apply
[2m[DEBUG][0m ZONE-SKIP: _ZNSt3__116allocator_traitsINS_9allocatorINS_12basic_stringIcNS_11char_traitsIcEENS1_IcEEEEEEE9constructB8ne210108IS6_JS6_ETnNS_9enable_ifIX17__has_construct_vIS7_PT_DpT0_EEiE4typeELi0EEEvRS7_SC_DpOSD_ is safe zone — language guarantees apply
[2m[DEBUG][0m ZONE-SKIP: _ZNSt3__16vectorINS_12basic_stringIcNS_11char_traitsIcEENS_9allocatorIcEEEENS4_IS6_EEE26__swap_out_circular_bufferERNS_14__split_bufferIS6_RS7_EE is safe zone — language guarantees apply
[2m[DEBUG][0m ZONE-SKIP: _ZNSt3__114__split_bufferINS_12basic_stringIcNS_11char_traitsIcEENS_9allocatorIcEEEERNS4_IS6_EEED1Ev is safe zone — language guarantees apply
[2m[DEBUG][0m ZONE-SKIP: _ZNSt3__114__split_bufferINS_12basic_stringIcNS_11char_traitsIcEENS_9allocatorIcEEEERNS4_IS6_EEED2Ev is safe zone — language guarantees apply
[2m[DEBUG][0m ZONE-SKIP: _ZNSt3__114__split_bufferINS_12basic_stringIcNS_11char_traitsIcEENS_9allocatorIcEEEERNS4_IS6_EEE5clearB8ne210108Ev is safe zone — language guarantees apply
[2m[DEBUG][0m ZONE-SKIP: _ZNKSt3__114__split_bufferINS_12basic_stringIcNS_11char_traitsIcEENS_9allocatorIcEEEERNS4_IS6_EEE8capacityB8ne210108Ev is safe zone — language guarantees apply
[2m[DEBUG][0m ZONE-SKIP: _ZNSt3__114__split_bufferINS_12basic_stringIcNS_11char_traitsIcEENS_9allocatorIcEEEERNS4_IS6_EEE17__destruct_at_endB8ne210108EPS6_ is safe zone — language guarantees apply
[2m[DEBUG][0m ZONE-SKIP: _ZNSt3__114__split_bufferINS_12basic_stringIcNS_11char_traitsIcEENS_9allocatorIcEEEERNS4_IS6_EEE17__destruct_at_endB8ne210108EPS6_NS_17integral_constantIbLb0EEE is safe zone — language guarantees apply
[2m[DEBUG][0m ZONE-SKIP: _ZNSt3__134__uninitialized_allocator_relocateB8ne210108INS_9allocatorINS_12basic_stringIcNS_11char_traitsIcEENS1_IcEEEEEEPS6_EEvRT_T0_SB_SB_ is safe zone — language guarantees apply
[2m[DEBUG][0m ZONE-SKIP: _ZNSt3__14swapB8ne210108IPNS_12basic_stringIcNS_11char_traitsIcEENS_9allocatorIcEEEEEENS_9enable_ifIXaasr21is_move_constructibleIT_EE5valuesr18is_move_assignableIS9_EE5valueEvE4typeERS9_SC_ is safe zone — language guarantees apply
[2m[DEBUG][0m ZONE-SKIP: _ZNKSt3__16vectorINS_12basic_stringIcNS_11char_traitsIcEENS_9allocatorIcEEEENS4_IS6_EEE14__annotate_newB8ne210108Em is safe zone — language guarantees apply
[2m[DEBUG][0m ZONE-SKIP: _ZNSt3__19allocatorINS_12basic_stringIcNS_11char_traitsIcEENS0_IcEEEEE9constructB8ne210108IS5_JS5_EEEvPT_DpOT0_ is safe zone — language guarantees apply
[2m[DEBUG][0m ZONE-SKIP: _ZNSt3__114__split_bufferINS_12basic_stringIcNS_11char_traitsIcEENS_9allocatorIcEEEERNS4_IS6_EEEC2EmmS8_ is safe zone — language guarantees apply
[2m[DEBUG][0m ZONE-SKIP: _ZNSt3__119__allocate_at_leastB8ne210108INS_9allocatorINS_12basic_stringIcNS_11char_traitsIcEENS1_IcEEEEEEEENS_19__allocation_resultINS_16allocator_traitsIT_E7pointerEEERSA_m is safe zone — language guarantees apply
[2m[DEBUG][0m ZONE-SKIP: _ZNSt3__19allocatorINS_12basic_stringIcNS_11char_traitsIcEENS0_IcEEEEE8allocateB8ne210108Em is safe zone — language guarantees apply
[2m[DEBUG][0m ZONE-SKIP: _ZNSt3__116allocator_traitsINS_9allocatorINS_12basic_stringIcNS_11char_traitsIcEENS1_IcEEEEEEE8max_sizeB8ne210108IS7_TnNS_9enable_ifIX16__has_max_size_vIKT_EEiE4typeELi0EEEmRKS7_ is safe zone — language guarantees apply
[2m[DEBUG][0m ZONE-SKIP: _ZNSt3__117__libcpp_allocateB8ne210108INS_12basic_stringIcNS_11char_traitsIcEENS_9allocatorIcEEEEEEPT_NS_15__element_countEm is safe zone — language guarantees apply
[2m[DEBUG][0m ZONE-SKIP: _ZNKSt3__19allocatorINS_12basic_stringIcNS_11char_traitsIcEENS0_IcEEEEE8max_sizeB8ne210108Ev is safe zone — language guarantees apply
[2m[DEBUG][0m ZONE-SKIP: _ZNKSt3__16vectorINS_12basic_stringIcNS_11char_traitsIcEENS_9allocatorIcEEEENS4_IS6_EEE8max_sizeB8ne210108Ev is safe zone — language guarantees apply
[2m[DEBUG][0m ZONE-SKIP: _ZNSt3__16vectorINS_12basic_stringIcNS_11char_traitsIcEENS_9allocatorIcEEEENS4_IS6_EEE20__throw_length_errorB8ne210108Ev is safe zone — language guarantees apply
[2m[DEBUG][0m ZONE-SKIP: _ZNSt3__16vectorINS_12basic_stringIcNS_11char_traitsIcEENS_9allocatorIcEEEENS4_IS6_EEE21_ConstructTransactionC1B8ne210108ERS8_m is safe zone — language guarantees apply
[2m[DEBUG][0m ZONE-SKIP: _ZNSt3__16vectorINS_12basic_stringIcNS_11char_traitsIcEENS_9allocatorIcEEEENS4_IS6_EEE21_ConstructTransactionD1B8ne210108Ev is safe zone — language guarantees apply
[2m[DEBUG][0m ZONE-SKIP: _ZNSt3__16vectorINS_12basic_stringIcNS_11char_traitsIcEENS_9allocatorIcEEEENS4_IS6_EEE21_ConstructTransactionD2B8ne210108Ev is safe zone — language guarantees apply
[2m[DEBUG][0m ZONE-SKIP: _ZNSt3__16vectorINS_12basic_stringIcNS_11char_traitsIcEENS_9allocatorIcEEEENS4_IS6_EEE21_ConstructTransactionC2B8ne210108ERS8_m is safe zone — language guarantees apply
[2m[DEBUG][0m ZONE-SKIP: _ZNKSt3__16vectorINS_12basic_stringIcNS_11char_traitsIcEENS_9allocatorIcEEEENS4_IS6_EEE19__annotate_increaseB8ne210108Em is safe zone — language guarantees apply
[2m[DEBUG][0m ZONE-SKIP: _ZNSt3__16vectorINS_12basic_stringIcNS_11char_traitsIcEENS_9allocatorIcEEEENS4_IS6_EEEC2B8ne210108Ev is safe zone — language guarantees apply
[2m[DEBUG][0m ZONE-SKIP: _ZNSt3__19allocatorINS_12basic_stringIcNS_11char_traitsIcEENS0_IcEEEEEC1B8ne210108Ev is safe zone — language guarantees apply
[2m[DEBUG][0m ZONE-SKIP: _ZNSt3__19allocatorINS_12basic_stringIcNS_11char_traitsIcEENS0_IcEEEEEC2B8ne210108Ev is safe zone — language guarantees apply
[2m[DEBUG][0m ZONE-SKIP: _ZNSt3__116__non_trivial_ifILb1ENS_9allocatorINS_12basic_stringIcNS_11char_traitsIcEENS1_IcEEEEEEEC2B8ne210108Ev is safe zone — language guarantees apply
[2m[DEBUG][0m ZONE-SKIP: _ZNSt3__15arrayINS_12basic_stringIcNS_11char_traitsIcEENS_9allocatorIcEEEELm3EEixB8ne210108Em is safe zone — language guarantees apply
[2m[DEBUG][0m ZONE-SKIP: _ZNSt3__15arrayINS_12basic_stringIcNS_11char_traitsIcEENS_9allocatorIcEEEELm3EEC1Ev is safe zone — language guarantees apply
[2m[DEBUG][0m ZONE-SKIP: _ZNSt3__15arrayINS_12basic_stringIcNS_11char_traitsIcEENS_9allocatorIcEEEELm3EEC2Ev is safe zone — language guarantees apply
[2m[DEBUG][0m ZONE-SKIP: _ZNSt3__112basic_stringIcNS_11char_traitsIcEENS_9allocatorIcEEE4backB8ne210108Ev is safe zone — language guarantees apply
[2m[DEBUG][0m ZONE-SKIP: _ZNSt3__112basic_stringIcNS_11char_traitsIcEENS_9allocatorIcEEE8pop_backB8ne210108Ev is safe zone — language guarantees apply
[2m[DEBUG][0m ZONE-SKIP: _ZNSt3__112basic_stringIcNS_11char_traitsIcEENS_9allocatorIcEEE14__erase_to_endB8ne210108Em is safe zone — language guarantees apply
[2m[DEBUG][0m ZONE-SKIP: _ZNSt3__112basic_stringIcNS_11char_traitsIcEENS_9allocatorIcEEE19__null_terminate_atB8ne210108EPcm is safe zone — language guarantees apply
[2m[DEBUG][0m ZONE-SKIP: _ZNSt3__16vectorIN4Json12PathArgumentENS_9allocatorIS2_EEEC1B8ne210108Ev is safe zone — language guarantees apply
[2m[DEBUG][0m ZONE-SKIP: _ZNSt3__16vectorIPKN4Json12PathArgumentENS_9allocatorIS4_EEEC1B8ne210108Ev is safe zone — language guarantees apply
[2m[DEBUG][0m ZONE-SKIP: _ZNSt3__16vectorIPKN4Json12PathArgumentENS_9allocatorIS4_EEE7reserveEm is safe zone — language guarantees apply
[2m[DEBUG][0m ZONE-SKIP: _ZNSt3__16vectorIPKN4Json12PathArgumentENS_9allocatorIS4_EEE9push_backB8ne210108EOS4_ is safe zone — language guarantees apply
[2m[DEBUG][0m ZONE-SKIP: _ZNSt3__16vectorIPKN4Json12PathArgumentENS_9allocatorIS4_EEED1B8ne210108Ev is safe zone — language guarantees apply
[2m[DEBUG][0m ZONE-SKIP: _ZNSt3__16vectorIN4Json12PathArgumentENS_9allocatorIS2_EEED1B8ne210108Ev is safe zone — language guarantees apply
[2m[DEBUG][0m ZONE-SKIP: _ZNSt3__16vectorIN4Json12PathArgumentENS_9allocatorIS2_EEED2B8ne210108Ev is safe zone — language guarantees apply
[2m[DEBUG][0m ZONE-SKIP: _ZNSt3__16vectorIN4Json12PathArgumentENS_9allocatorIS2_EEE16__destroy_vectorC1B8ne210108ERS5_ is safe zone — language guarantees apply
[2m[DEBUG][0m ZONE-SKIP: _ZNSt3__16vectorIN4Json12PathArgumentENS_9allocatorIS2_EEE16__destroy_vectorclB8ne210108Ev is safe zone — language guarantees apply
[2m[DEBUG][0m ZONE-SKIP: _ZNSt3__16vectorIN4Json12PathArgumentENS_9allocatorIS2_EEE5clearB8ne210108Ev is safe zone — language guarantees apply
[2m[DEBUG][0m ZONE-SKIP: _ZNKSt3__16vectorIN4Json12PathArgumentENS_9allocatorIS2_EEE17__annotate_deleteB8ne210108Ev is safe zone — language guarantees apply
[2m[DEBUG][0m ZONE-SKIP: _ZNKSt3__16vectorIN4Json12PathArgumentENS_9allocatorIS2_EEE8capacityB8ne210108Ev is safe zone — language guarantees apply
[2m[DEBUG][0m ZONE-SKIP: _ZNSt3__116allocator_traitsINS_9allocatorIN4Json12PathArgumentEEEE10deallocateB8ne210108ERS4_PS3_m is safe zone — language guarantees apply
[2m[DEBUG][0m ZONE-SKIP: _ZNSt3__19allocatorIN4Json12PathArgumentEE10deallocateB8ne210108EPS2_m is safe zone — language guarantees apply
[2m[DEBUG][0m ZONE-SKIP: _ZNSt3__119__libcpp_deallocateB8ne210108IN4Json12PathArgumentEEEvPNS_15__type_identityIT_E4typeENS_15__element_countEm is safe zone — language guarantees apply
[2m[DEBUG][0m ZONE-SKIP: _ZNKSt3__16vectorIN4Json12PathArgumentENS_9allocatorIS2_EEE4dataB8ne210108Ev is safe zone — language guarantees apply
[2m[DEBUG][0m ZONE-SKIP: _ZNKSt3__16vectorIN4Json12PathArgumentENS_9allocatorIS2_EEE4sizeB8ne210108Ev is safe zone — language guarantees apply
[2m[DEBUG][0m ZONE-SKIP: _ZNKSt3__16vectorIN4Json12PathArgumentENS_9allocatorIS2_EEE31__annotate_contiguous_containerB8ne210108EPKvS7_ is safe zone — language guarantees apply
[2m[DEBUG][0m ZONE-SKIP: _ZNSt3__131__annotate_contiguous_containerB8ne210108INS_9allocatorIN4Json12PathArgumentEEEEEvPKvS6_S6_S6_ is safe zone — language guarantees apply
[2m[DEBUG][0m ZONE-SKIP: _ZNSt3__112__to_addressB8ne210108IN4Json12PathArgumentEEEPT_S4_ is safe zone — language guarantees apply
[2m[DEBUG][0m ZONE-SKIP: _ZNSt3__16vectorIN4Json12PathArgumentENS_9allocatorIS2_EEE22__base_destruct_at_endB8ne210108EPS2_ is safe zone — language guarantees apply
[2m[DEBUG][0m ZONE-SKIP: _ZNKSt3__16vectorIN4Json12PathArgumentENS_9allocatorIS2_EEE17__annotate_shrinkB8ne210108Em is safe zone — language guarantees apply
[2m[DEBUG][0m ZONE-SKIP: _ZNSt3__116allocator_traitsINS_9allocatorIN4Json12PathArgumentEEEE7destroyB8ne210108IS3_TnNS_9enable_ifIX15__has_destroy_vIS4_PT_EEiE4typeELi0EEEvRS4_S9_ is safe zone — language guarantees apply
[2m[DEBUG][0m ZONE-SKIP: _ZNSt3__19allocatorIN4Json12PathArgumentEE7destroyB8ne210108EPS2_ is safe zone — language guarantees apply
[2m[DEBUG][0m ZONE-SKIP: _ZN4Json12PathArgumentD1Ev is safe zone — language guarantees apply
[2m[DEBUG][0m ZONE-SKIP: _ZN4Json12PathArgumentD2Ev is safe zone — language guarantees apply
[2m[DEBUG][0m ZONE-SKIP: _ZNSt3__16vectorIN4Json12PathArgumentENS_9allocatorIS2_EEE16__destroy_vectorC2B8ne210108ERS5_ is safe zone — language guarantees apply
[2m[DEBUG][0m ZONE-SKIP: _ZNSt3__16vectorIPKN4Json12PathArgumentENS_9allocatorIS4_EEED2B8ne210108Ev is safe zone — language guarantees apply
[2m[DEBUG][0m ZONE-SKIP: _ZNSt3__16vectorIPKN4Json12PathArgumentENS_9allocatorIS4_EEE16__destroy_vectorC1B8ne210108ERS7_ is safe zone — language guarantees apply
[2m[DEBUG][0m ZONE-SKIP: _ZNSt3__16vectorIPKN4Json12PathArgumentENS_9allocatorIS4_EEE16__destroy_vectorclB8ne210108Ev is safe zone — language guarantees apply
[2m[DEBUG][0m ZONE-SKIP: _ZNSt3__16vectorIPKN4Json12PathArgumentENS_9allocatorIS4_EEE5clearB8ne210108Ev is safe zone — language guarantees apply
[2m[DEBUG][0m ZONE-SKIP: _ZNKSt3__16vectorIPKN4Json12PathArgumentENS_9allocatorIS4_EEE17__annotate_deleteB8ne210108Ev is safe zone — language guarantees apply
[2m[DEBUG][0m ZONE-SKIP: _ZNKSt3__16vectorIPKN4Json12PathArgumentENS_9allocatorIS4_EEE8capacityB8ne210108Ev is safe zone — language guarantees apply
[2m[DEBUG][0m ZONE-SKIP: _ZNSt3__116allocator_traitsINS_9allocatorIPKN4Json12PathArgumentEEEE10deallocateB8ne210108ERS6_PS5_m is safe zone — language guarantees apply
[2m[DEBUG][0m ZONE-SKIP: _ZNSt3__19allocatorIPKN4Json12PathArgumentEE10deallocateB8ne210108EPS4_m is safe zone — language guarantees apply
[2m[DEBUG][0m ZONE-SKIP: _ZNSt3__119__libcpp_deallocateB8ne210108IPKN4Json12PathArgumentEEEvPNS_15__type_identityIT_E4typeENS_15__element_countEm is safe zone — language guarantees apply
[2m[DEBUG][0m ZONE-SKIP: _ZNKSt3__16vectorIPKN4Json12PathArgumentENS_9allocatorIS4_EEE4dataB8ne210108Ev is safe zone — language guarantees apply
[2m[DEBUG][0m ZONE-SKIP: _ZNKSt3__16vectorIPKN4Json12PathArgumentENS_9allocatorIS4_EEE4sizeB8ne210108Ev is safe zone — language guarantees apply
[2m[DEBUG][0m ZONE-SKIP: _ZNKSt3__16vectorIPKN4Json12PathArgumentENS_9allocatorIS4_EEE31__annotate_contiguous_containerB8ne210108EPKvS9_ is safe zone — language guarantees apply
[2m[DEBUG][0m ZONE-SKIP: _ZNSt3__131__annotate_contiguous_containerB8ne210108INS_9allocatorIPKN4Json12PathArgumentEEEEEvPKvS8_S8_S8_ is safe zone — language guarantees apply
[2m[DEBUG][0m ZONE-SKIP: _ZNSt3__112__to_addressB8ne210108IPKN4Json12PathArgumentEEEPT_S6_ is safe zone — language guarantees apply
[2m[DEBUG][0m ZONE-SKIP: _ZNSt3__16vectorIPKN4Json12PathArgumentENS_9allocatorIS4_EEE22__base_destruct_at_endB8ne210108EPS4_ is safe zone — language guarantees apply
[2m[DEBUG][0m ZONE-SKIP: _ZNKSt3__16vectorIPKN4Json12PathArgumentENS_9allocatorIS4_EEE17__annotate_shrinkB8ne210108Em is safe zone — language guarantees apply
[2m[DEBUG][0m ZONE-SKIP: _ZNSt3__116allocator_traitsINS_9allocatorIPKN4Json12PathArgumentEEEE7destroyB8ne210108IS5_TnNS_9enable_ifIX15__has_destroy_vIS6_PT_EEiE4typeELi0EEEvRS6_SB_ is safe zone — language guarantees apply
[2m[DEBUG][0m ZONE-SKIP: _ZNSt3__19allocatorIPKN4Json12PathArgumentEE7destroyB8ne210108EPS4_ is safe zone — language guarantees apply
[2m[DEBUG][0m ZONE-SKIP: _ZNSt3__16vectorIPKN4Json12PathArgumentENS_9allocatorIS4_EEE16__destroy_vectorC2B8ne210108ERS7_ is safe zone — language guarantees apply
[2m[DEBUG][0m ZONE-SKIP: _ZNKSt3__16vectorIPKN4Json12PathArgumentENS_9allocatorIS4_EEE5beginB8ne210108Ev is safe zone — language guarantees apply
[2m[DEBUG][0m ZONE-SKIP: _ZNSt3__16vectorIN4Json12PathArgumentENS_9allocatorIS2_EEE9push_backB8ne210108EOS2_ is safe zone — language guarantees apply
[2m[DEBUG][0m ZONE-SKIP: _Z6strchrB8ne210108Ua9enable_ifILb1EEPKci is safe zone — language guarantees apply
[2m[DEBUG][0m ZONE-SKIP: _ZNSt3__16vectorIN4Json12PathArgumentENS_9allocatorIS2_EEE12emplace_backIJS2_EEEvDpOT_ is safe zone — language guarantees apply
[2m[DEBUG][0m ZONE-SKIP: _ZNSt3__16vectorIN4Json12PathArgumentENS_9allocatorIS2_EEE30__emplace_back_assume_capacityB8ne210108IJS2_EEEvDpOT_ is safe zone — language guarantees apply
[2m[DEBUG][0m ZONE-SKIP: _ZNSt3__16vectorIN4Json12PathArgumentENS_9allocatorIS2_EEE24__emplace_back_slow_pathIJS2_EEEPS2_DpOT_ is safe zone — language guarantees apply
[2m[DEBUG][0m ZONE-SKIP: _ZNKSt3__16vectorIN4Json12PathArgumentENS_9allocatorIS2_EEE11__recommendB8ne210108Em is safe zone — language guarantees apply
[2m[DEBUG][0m ZONE-SKIP: _ZNSt3__114__split_bufferIN4Json12PathArgumentERNS_9allocatorIS2_EEEC1EmmS5_ is safe zone — language guarantees apply
[2m[DEBUG][0m ZONE-SKIP: _ZNSt3__116allocator_traitsINS_9allocatorIN4Json12PathArgumentEEEE9constructB8ne210108IS3_JS3_ETnNS_9enable_ifIX17__has_construct_vIS4_PT_DpT0_EEiE4typeELi0EEEvRS4_S9_DpOSA_ is safe zone — language guarantees apply
[2m[DEBUG][0m ZONE-SKIP: _ZNSt3__16vectorIN4Json12PathArgumentENS_9allocatorIS2_EEE26__swap_out_circular_bufferERNS_14__split_bufferIS2_RS4_EE is safe zone — language guarantees apply
[2m[DEBUG][0m ZONE-SKIP: _ZNSt3__114__split_bufferIN4Json12PathArgumentERNS_9allocatorIS2_EEED1Ev is safe zone — language guarantees apply
[2m[DEBUG][0m ZONE-SKIP: _ZNSt3__114__split_bufferIN4Json12PathArgumentERNS_9allocatorIS2_EEED2Ev is safe zone — language guarantees apply
[2m[DEBUG][0m ZONE-SKIP: _ZNSt3__114__split_bufferIN4Json12PathArgumentERNS_9allocatorIS2_EEE5clearB8ne210108Ev is safe zone — language guarantees apply
[2m[DEBUG][0m ZONE-SKIP: _ZNKSt3__114__split_bufferIN4Json12PathArgumentERNS_9allocatorIS2_EEE8capacityB8ne210108Ev is safe zone — language guarantees apply
[2m[DEBUG][0m ZONE-SKIP: _ZNSt3__114__split_bufferIN4Json12PathArgumentERNS_9allocatorIS2_EEE17__destruct_at_endB8ne210108EPS2_ is safe zone — language guarantees apply
[2m[DEBUG][0m ZONE-SKIP: _ZNSt3__114__split_bufferIN4Json12PathArgumentERNS_9allocatorIS2_EEE17__destruct_at_endB8ne210108EPS2_NS_17integral_constantIbLb0EEE is safe zone — language guarantees apply
[2m[DEBUG][0m ZONE-SKIP: _ZNSt3__134__uninitialized_allocator_relocateB8ne210108INS_9allocatorIN4Json12PathArgumentEEEPS3_EEvRT_T0_S8_S8_ is safe zone — language guarantees apply
[2m[DEBUG][0m ZONE-SKIP: _ZNSt3__14swapB8ne210108IPN4Json12PathArgumentEEENS_9enable_ifIXaasr21is_move_constructibleIT_EE5valuesr18is_move_assignableIS5_EE5valueEvE4typeERS5_S8_ is safe zone — language guarantees apply
[2m[DEBUG][0m ZONE-SKIP: _ZNKSt3__16vectorIN4Json12PathArgumentENS_9allocatorIS2_EEE14__annotate_newB8ne210108Em is safe zone — language guarantees apply
[2m[DEBUG][0m ZONE-SKIP: _ZNSt3__129_AllocatorDestroyRangeReverseINS_9allocatorIN4Json12PathArgumentEEEPS3_EC1B8ne210108ERS4_RS5_S8_ is safe zone — language guarantees apply
[2m[DEBUG][0m ZONE-SKIP: _ZNSt3__122__make_exception_guardB8ne210108INS_29_AllocatorDestroyRangeReverseINS_9allocatorIN4Json12PathArgumentEEEPS4_EEEENS_28__exception_guard_exceptionsIT_EES9_ is safe zone — language guarantees apply
[2m[DEBUG][0m ZONE-SKIP: _ZNSt3__128__exception_guard_exceptionsINS_29_AllocatorDestroyRangeReverseINS_9allocatorIN4Json12PathArgumentEEEPS4_EEED1B8ne210108Ev is safe zone — language guarantees apply
[2m[DEBUG][0m ZONE-SKIP: _ZNSt3__128__exception_guard_exceptionsINS_29_AllocatorDestroyRangeReverseINS_9allocatorIN4Json12PathArgumentEEEPS4_EEE10__completeB8ne210108Ev is safe zone — language guarantees apply
[2m[DEBUG][0m ZONE-SKIP: _ZNSt3__119__allocator_destroyB8ne210108INS_9allocatorIN4Json12PathArgumentEEEPS3_S5_EEvRT_T0_T1_ is safe zone — language guarantees apply
[2m[DEBUG][0m ZONE-SKIP: _ZNSt3__128__exception_guard_exceptionsINS_29_AllocatorDestroyRangeReverseINS_9allocatorIN4Json12PathArgumentEEEPS4_EEED2B8ne210108Ev is safe zone — language guarantees apply
[2m[DEBUG][0m ZONE-SKIP: _ZNKSt3__129_AllocatorDestroyRangeReverseINS_9allocatorIN4Json12PathArgumentEEEPS3_EclB8ne210108Ev is safe zone — language guarantees apply
[2m[DEBUG][0m ZONE-SKIP: _ZNSt3__116reverse_iteratorIPN4Json12PathArgumentEEC1B8ne210108ES3_ is safe zone — language guarantees apply
[2m[DEBUG][0m ZONE-SKIP: _ZNSt3__119__allocator_destroyB8ne210108INS_9allocatorIN4Json12PathArgumentEEENS_16reverse_iteratorIPS3_EES7_EEvRT_T0_T1_ is safe zone — language guarantees apply
[2m[DEBUG][0m ZONE-SKIP: _ZNSt3__1neB8ne210108IPN4Json12PathArgumentES3_EEbRKNS_16reverse_iteratorIT_EERKNS4_IT0_EE is safe zone — language guarantees apply
[2m[DEBUG][0m ZONE-SKIP: _ZNKSt3__116reverse_iteratorIPN4Json12PathArgumentEEdeB8ne210108Ev is safe zone — language guarantees apply
[2m[DEBUG][0m ZONE-SKIP: _ZNSt3__116reverse_iteratorIPN4Json12PathArgumentEEppB8ne210108Ev is safe zone — language guarantees apply
[2m[DEBUG][0m ZONE-SKIP: _ZNKSt3__116reverse_iteratorIPN4Json12PathArgumentEE4baseB8ne210108Ev is safe zone — language guarantees apply
[2m[DEBUG][0m ZONE-SKIP: _ZNSt3__116reverse_iteratorIPN4Json12PathArgumentEEC2B8ne210108ES3_ is safe zone — language guarantees apply
[2m[DEBUG][0m ZONE-SKIP: _ZNSt3__128__exception_guard_exceptionsINS_29_AllocatorDestroyRangeReverseINS_9allocatorIN4Json12PathArgumentEEEPS4_EEEC1B8ne210108ES7_ is safe zone — language guarantees apply
[2m[DEBUG][0m ZONE-SKIP: _ZNSt3__128__exception_guard_exceptionsINS_29_AllocatorDestroyRangeReverseINS_9allocatorIN4Json12PathArgumentEEEPS4_EEEC2B8ne210108ES7_ is safe zone — language guarantees apply
[2m[DEBUG][0m ZONE-SKIP: _ZNSt3__129_AllocatorDestroyRangeReverseINS_9allocatorIN4Json12PathArgumentEEEPS3_EC2B8ne210108ERS4_RS5_S8_ is safe zone — language guarantees apply
[2m[DEBUG][0m ZONE-SKIP: _ZNSt3__19allocatorIN4Json12PathArgumentEE9constructB8ne210108IS2_JS2_EEEvPT_DpOT0_ is safe zone — language guarantees apply
[2m[DEBUG][0m ZONE-SKIP: _ZN4Json12PathArgumentC1EOS0_ is safe zone — language guarantees apply
[2m[DEBUG][0m ZONE-SKIP: _ZN4Json12PathArgumentC2EOS0_ is safe zone — language guarantees apply
[2m[DEBUG][0m ZONE-SKIP: _ZNSt3__114__split_bufferIN4Json12PathArgumentERNS_9allocatorIS2_EEEC2EmmS5_ is safe zone — language guarantees apply
[2m[DEBUG][0m ZONE-SKIP: _ZNSt3__119__allocate_at_leastB8ne210108INS_9allocatorIN4Json12PathArgumentEEEEENS_19__allocation_resultINS_16allocator_traitsIT_E7pointerEEERS7_m is safe zone — language guarantees apply
[2m[DEBUG][0m ZONE-SKIP: _ZNSt3__19allocatorIN4Json12PathArgumentEE8allocateB8ne210108Em is safe zone — language guarantees apply
[2m[DEBUG][0m ZONE-SKIP: _ZNSt3__116allocator_traitsINS_9allocatorIN4Json12PathArgumentEEEE8max_sizeB8ne210108IS4_TnNS_9enable_ifIX16__has_max_size_vIKT_EEiE4typeELi0EEEmRKS4_ is safe zone — language guarantees apply
[2m[DEBUG][0m ZONE-SKIP: _ZNSt3__117__libcpp_allocateB8ne210108IN4Json12PathArgumentEEEPT_NS_15__element_countEm is safe zone — language guarantees apply
[2m[DEBUG][0m ZONE-SKIP: _ZNKSt3__19allocatorIN4Json12PathArgumentEE8max_sizeB8ne210108Ev is safe zone — language guarantees apply
[2m[DEBUG][0m ZONE-SKIP: _ZNKSt3__16vectorIN4Json12PathArgumentENS_9allocatorIS2_EEE8max_sizeB8ne210108Ev is safe zone — language guarantees apply
[2m[DEBUG][0m ZONE-SKIP: _ZNSt3__16vectorIN4Json12PathArgumentENS_9allocatorIS2_EEE20__throw_length_errorB8ne210108Ev is safe zone — language guarantees apply
[2m[DEBUG][0m ZONE-SKIP: _ZNSt3__16vectorIN4Json12PathArgumentENS_9allocatorIS2_EEE21_ConstructTransactionC1B8ne210108ERS5_m is safe zone — language guarantees apply
[2m[DEBUG][0m ZONE-SKIP: _ZNSt3__16vectorIN4Json12PathArgumentENS_9allocatorIS2_EEE21_ConstructTransactionD1B8ne210108Ev is safe zone — language guarantees apply
[2m[DEBUG][0m ZONE-SKIP: _ZNSt3__16vectorIN4Json12PathArgumentENS_9allocatorIS2_EEE21_ConstructTransactionD2B8ne210108Ev is safe zone — language guarantees apply
[2m[DEBUG][0m ZONE-SKIP: _ZNSt3__16vectorIN4Json12PathArgumentENS_9allocatorIS2_EEE21_ConstructTransactionC2B8ne210108ERS5_m is safe zone — language guarantees apply
[2m[DEBUG][0m ZONE-SKIP: _ZNKSt3__16vectorIN4Json12PathArgumentENS_9allocatorIS2_EEE19__annotate_increaseB8ne210108Em is safe zone — language guarantees apply
[2m[DEBUG][0m ZONE-SKIP: _ZNKSt3__16vectorIPKN4Json12PathArgumentENS_9allocatorIS4_EEE3endB8ne210108Ev is safe zone — language guarantees apply
[2m[DEBUG][0m ZONE-SKIP: _ZNSt3__1eqB8ne210108IPKPKN4Json12PathArgumentEEEbRKNS_11__wrap_iterIT_EESB_ is safe zone — language guarantees apply
[2m[DEBUG][0m ZONE-SKIP: _ZNKSt3__111__wrap_iterIPKPKN4Json12PathArgumentEEdeB8ne210108Ev is safe zone — language guarantees apply
[2m[DEBUG][0m ZONE-SKIP: _ZNSt3__111__wrap_iterIPKPKN4Json12PathArgumentEEppB8ne210108Ei is safe zone — language guarantees apply
[2m[DEBUG][0m ZONE-SKIP: _ZNSt3__16vectorIN4Json12PathArgumentENS_9allocatorIS2_EEE9push_backB8ne210108ERKS2_ is safe zone — language guarantees apply
[2m[DEBUG][0m ZONE-SKIP: _ZNSt3__16vectorIN4Json12PathArgumentENS_9allocatorIS2_EEE12emplace_backIJRKS2_EEEvDpOT_ is safe zone — language guarantees apply
[2m[DEBUG][0m ZONE-SKIP: _ZNSt3__16vectorIN4Json12PathArgumentENS_9allocatorIS2_EEE30__emplace_back_assume_capacityB8ne210108IJRKS2_EEEvDpOT_ is safe zone — language guarantees apply
[2m[DEBUG][0m ZONE-SKIP: _ZNSt3__16vectorIN4Json12PathArgumentENS_9allocatorIS2_EEE24__emplace_back_slow_pathIJRKS2_EEEPS2_DpOT_ is safe zone — language guarantees apply
[2m[DEBUG][0m ZONE-SKIP: _ZNSt3__116allocator_traitsINS_9allocatorIN4Json12PathArgumentEEEE9constructB8ne210108IS3_JRKS3_ETnNS_9enable_ifIX17__has_construct_vIS4_PT_DpT0_EEiE4typeELi0EEEvRS4_SB_DpOSC_ is safe zone — language guarantees apply
[2m[DEBUG][0m ZONE-SKIP: _ZNSt3__19allocatorIN4Json12PathArgumentEE9constructB8ne210108IS2_JRKS2_EEEvPT_DpOT0_ is safe zone — language guarantees apply
[2m[DEBUG][0m ZONE-SKIP: _ZN4Json12PathArgumentC1ERKS0_ is safe zone — language guarantees apply
[2m[DEBUG][0m ZONE-SKIP: _ZN4Json12PathArgumentC2ERKS0_ is safe zone — language guarantees apply
[2m[DEBUG][0m ZONE-SKIP: _ZNSt3__111__wrap_iterIPKPKN4Json12PathArgumentEEppB8ne210108Ev is safe zone — language guarantees apply
[2m[DEBUG][0m ZONE-SKIP: _ZNKSt3__111__wrap_iterIPKPKN4Json12PathArgumentEE4baseB8ne210108Ev is safe zone — language guarantees apply
[2m[DEBUG][0m ZONE-SKIP: _ZNSt3__16vectorIPKN4Json12PathArgumentENS_9allocatorIS4_EEE26__add_alignment_assumptionB8ne210108IPS4_TnNS_9enable_ifIXsr10is_pointerIT_EE5valueEiE4typeELi0EEES9_SB_ is safe zone — language guarantees apply
[2m[DEBUG][0m ZONE-SKIP: _ZNKSt3__16vectorIPKN4Json12PathArgumentENS_9allocatorIS4_EEE11__make_iterB8ne210108EPKS4_ is safe zone — language guarantees apply
[2m[DEBUG][0m ZONE-SKIP: _ZNSt3__111__wrap_iterIPKPKN4Json12PathArgumentEEC1B8ne210108ES6_ is safe zone — language guarantees apply
[2m[DEBUG][0m ZONE-SKIP: _ZNSt3__111__wrap_iterIPKPKN4Json12PathArgumentEEC2B8ne210108ES6_ is safe zone — language guarantees apply
[2m[DEBUG][0m ZONE-SKIP: _ZNSt3__16vectorIPKN4Json12PathArgumentENS_9allocatorIS4_EEE12emplace_backIJS4_EEEvDpOT_ is safe zone — language guarantees apply
[2m[DEBUG][0m ZONE-SKIP: _ZNSt3__16vectorIPKN4Json12PathArgumentENS_9allocatorIS4_EEE30__emplace_back_assume_capacityB8ne210108IJS4_EEEvDpOT_ is safe zone — language guarantees apply
[2m[DEBUG][0m ZONE-SKIP: _ZNSt3__16vectorIPKN4Json12PathArgumentENS_9allocatorIS4_EEE24__emplace_back_slow_pathIJS4_EEEPS4_DpOT_ is safe zone — language guarantees apply
[2m[DEBUG][0m ZONE-SKIP: _ZNKSt3__16vectorIPKN4Json12PathArgumentENS_9allocatorIS4_EEE11__recommendB8ne210108Em is safe zone — language guarantees apply
[2m[DEBUG][0m ZONE-SKIP: _ZNSt3__114__split_bufferIPKN4Json12PathArgumentERNS_9allocatorIS4_EEEC1EmmS7_ is safe zone — language guarantees apply
[2m[DEBUG][0m ZONE-SKIP: _ZNSt3__116allocator_traitsINS_9allocatorIPKN4Json12PathArgumentEEEE9constructB8ne210108IS5_JS5_ETnNS_9enable_ifIX17__has_construct_vIS6_PT_DpT0_EEiE4typeELi0EEEvRS6_SB_DpOSC_ is safe zone — language guarantees apply
[2m[DEBUG][0m ZONE-SKIP: _ZNSt3__16vectorIPKN4Json12PathArgumentENS_9allocatorIS4_EEE26__swap_out_circular_bufferERNS_14__split_bufferIS4_RS6_EE is safe zone — language guarantees apply
[2m[DEBUG][0m ZONE-SKIP: _ZNSt3__114__split_bufferIPKN4Json12PathArgumentERNS_9allocatorIS4_EEED1Ev is safe zone — language guarantees apply
[2m[DEBUG][0m ZONE-SKIP: _ZNSt3__114__split_bufferIPKN4Json12PathArgumentERNS_9allocatorIS4_EEED2Ev is safe zone — language guarantees apply
[2m[DEBUG][0m ZONE-SKIP: _ZNSt3__114__split_bufferIPKN4Json12PathArgumentERNS_9allocatorIS4_EEE5clearB8ne210108Ev is safe zone — language guarantees apply
[2m[DEBUG][0m ZONE-SKIP: _ZNKSt3__114__split_bufferIPKN4Json12PathArgumentERNS_9allocatorIS4_EEE8capacityB8ne210108Ev is safe zone — language guarantees apply
[2m[DEBUG][0m ZONE-SKIP: _ZNSt3__114__split_bufferIPKN4Json12PathArgumentERNS_9allocatorIS4_EEE17__destruct_at_endB8ne210108EPS4_ is safe zone — language guarantees apply
[2m[DEBUG][0m ZONE-SKIP: _ZNSt3__114__split_bufferIPKN4Json12PathArgumentERNS_9allocatorIS4_EEE17__destruct_at_endB8ne210108EPS4_NS_17integral_constantIbLb0EEE is safe zone — language guarantees apply
[2m[DEBUG][0m ZONE-SKIP: _ZNSt3__134__uninitialized_allocator_relocateB8ne210108INS_9allocatorIPKN4Json12PathArgumentEEEPS5_EEvRT_T0_SA_SA_ is safe zone — language guarantees apply
[2m[DEBUG][0m ZONE-SKIP: _ZNSt3__14swapB8ne210108IPPKN4Json12PathArgumentEEENS_9enable_ifIXaasr21is_move_constructibleIT_EE5valuesr18is_move_assignableIS7_EE5valueEvE4typeERS7_SA_ is safe zone — language guarantees apply
[2m[DEBUG][0m ZONE-SKIP: _ZNKSt3__16vectorIPKN4Json12PathArgumentENS_9allocatorIS4_EEE14__annotate_newB8ne210108Em is safe zone — language guarantees apply
[2m[DEBUG][0m ZONE-SKIP: _ZNSt3__19allocatorIPKN4Json12PathArgumentEE9constructB8ne210108IS4_JS4_EEEvPT_DpOT0_ is safe zone — language guarantees apply
[2m[DEBUG][0m ZONE-SKIP: _ZNSt3__114__split_bufferIPKN4Json12PathArgumentERNS_9allocatorIS4_EEEC2EmmS7_ is safe zone — language guarantees apply
[2m[DEBUG][0m ZONE-SKIP: _ZNSt3__119__allocate_at_leastB8ne210108INS_9allocatorIPKN4Json12PathArgumentEEEEENS_19__allocation_resultINS_16allocator_traitsIT_E7pointerEEERS9_m is safe zone — language guarantees apply
[2m[DEBUG][0m ZONE-SKIP: _ZNSt3__19allocatorIPKN4Json12PathArgumentEE8allocateB8ne210108Em is safe zone — language guarantees apply
[2m[DEBUG][0m ZONE-SKIP: _ZNSt3__116allocator_traitsINS_9allocatorIPKN4Json12PathArgumentEEEE8max_sizeB8ne210108IS6_TnNS_9enable_ifIX16__has_max_size_vIKT_EEiE4typeELi0EEEmRKS6_ is safe zone — language guarantees apply
[2m[DEBUG][0m ZONE-SKIP: _ZNSt3__117__libcpp_allocateB8ne210108IPKN4Json12PathArgumentEEEPT_NS_15__element_countEm is safe zone — language guarantees apply
[2m[DEBUG][0m ZONE-SKIP: _ZNKSt3__19allocatorIPKN4Json12PathArgumentEE8max_sizeB8ne210108Ev is safe zone — language guarantees apply
[2m[DEBUG][0m ZONE-SKIP: _ZNKSt3__16vectorIPKN4Json12PathArgumentENS_9allocatorIS4_EEE8max_sizeB8ne210108Ev is safe zone — language guarantees apply
[2m[DEBUG][0m ZONE-SKIP: _ZNSt3__16vectorIPKN4Json12PathArgumentENS_9allocatorIS4_EEE20__throw_length_errorB8ne210108Ev is safe zone — language guarantees apply
[2m[DEBUG][0m ZONE-SKIP: _ZNSt3__16vectorIPKN4Json12PathArgumentENS_9allocatorIS4_EEE21_ConstructTransactionC1B8ne210108ERS7_m is safe zone — language guarantees apply
[2m[DEBUG][0m ZONE-SKIP: _ZNSt3__16vectorIPKN4Json12PathArgumentENS_9allocatorIS4_EEE21_ConstructTransactionD1B8ne210108Ev is safe zone — language guarantees apply
[2m[DEBUG][0m ZONE-SKIP: _ZNSt3__16vectorIPKN4Json12PathArgumentENS_9allocatorIS4_EEE21_ConstructTransactionD2B8ne210108Ev is safe zone — language guarantees apply
[2m[DEBUG][0m ZONE-SKIP: _ZNSt3__16vectorIPKN4Json12PathArgumentENS_9allocatorIS4_EEE21_ConstructTransactionC2B8ne210108ERS7_m is safe zone — language guarantees apply
[2m[DEBUG][0m ZONE-SKIP: _ZNKSt3__16vectorIPKN4Json12PathArgumentENS_9allocatorIS4_EEE19__annotate_increaseB8ne210108Em is safe zone — language guarantees apply
[2m[DEBUG][0m ZONE-SKIP: _ZNSt3__16vectorIPKN4Json12PathArgumentENS_9allocatorIS4_EEEC2B8ne210108Ev is safe zone — language guarantees apply
[2m[DEBUG][0m ZONE-SKIP: _ZNSt3__19allocatorIPKN4Json12PathArgumentEEC1B8ne210108Ev is safe zone — language guarantees apply
[2m[DEBUG][0m ZONE-SKIP: _ZNSt3__19allocatorIPKN4Json12PathArgumentEEC2B8ne210108Ev is safe zone — language guarantees apply
[2m[DEBUG][0m ZONE-SKIP: _ZNSt3__116__non_trivial_ifILb1ENS_9allocatorIPKN4Json12PathArgumentEEEEC2B8ne210108Ev is safe zone — language guarantees apply
[2m[DEBUG][0m ZONE-SKIP: _ZNSt3__16vectorIN4Json12PathArgumentENS_9allocatorIS2_EEEC2B8ne210108Ev is safe zone — language guarantees apply
[2m[DEBUG][0m ZONE-SKIP: _ZNSt3__19allocatorIN4Json12PathArgumentEEC1B8ne210108Ev is safe zone — language guarantees apply
[2m[DEBUG][0m ZONE-SKIP: _ZNSt3__19allocatorIN4Json12PathArgumentEEC2B8ne210108Ev is safe zone — language guarantees apply
[2m[DEBUG][0m ZONE-SKIP: _ZNSt3__116__non_trivial_ifILb1ENS_9allocatorIN4Json12PathArgumentEEEEC2B8ne210108Ev is safe zone — language guarantees apply
[2m[DEBUG][0m ZONE-SKIP: _ZNKSt3__16vectorIN4Json12PathArgumentENS_9allocatorIS2_EEE5beginB8ne210108Ev is safe zone — language guarantees apply
[2m[DEBUG][0m ZONE-SKIP: _ZNKSt3__16vectorIN4Json12PathArgumentENS_9allocatorIS2_EEE3endB8ne210108Ev is safe zone — language guarantees apply
[2m[DEBUG][0m ZONE-SKIP: _ZNSt3__1neB8ne210108IPKN4Json12PathArgumentEEEbRKNS_11__wrap_iterIT_EES9_ is safe zone — language guarantees apply
[2m[DEBUG][0m ZONE-SKIP: _ZNKSt3__111__wrap_iterIPKN4Json12PathArgumentEEdeB8ne210108Ev is safe zone — language guarantees apply
[2m[DEBUG][0m ZONE-SKIP: _ZNSt3__111__wrap_iterIPKN4Json12PathArgumentEEppB8ne210108Ev is safe zone — language guarantees apply
[2m[DEBUG][0m ZONE-SKIP: _ZNSt3__1eqB8ne210108IPKN4Json12PathArgumentEEEbRKNS_11__wrap_iterIT_EES9_ is safe zone — language guarantees apply
[2m[DEBUG][0m ZONE-SKIP: _ZNKSt3__111__wrap_iterIPKN4Json12PathArgumentEE4baseB8ne210108Ev is safe zone — language guarantees apply
[2m[DEBUG][0m ZONE-SKIP: _ZNSt3__16vectorIN4Json12PathArgumentENS_9allocatorIS2_EEE26__add_alignment_assumptionB8ne210108IPS2_TnNS_9enable_ifIXsr10is_pointerIT_EE5valueEiE4typeELi0EEES7_S9_ is safe zone — language guarantees apply
[2m[DEBUG][0m ZONE-SKIP: _ZNKSt3__16vectorIN4Json12PathArgumentENS_9allocatorIS2_EEE11__make_iterB8ne210108EPKS2_ is safe zone — language guarantees apply
[2m[DEBUG][0m ZONE-SKIP: _ZNSt3__111__wrap_iterIPKN4Json12PathArgumentEEC1B8ne210108ES4_ is safe zone — language guarantees apply
[2m[DEBUG][0m ZONE-SKIP: _ZNSt3__111__wrap_iterIPKN4Json12PathArgumentEEC2B8ne210108ES4_ is safe zone — language guarantees apply
[2m[DEBUG][0m ZONE-SKIP: _ZN4Json10FastWriterD1Ev is safe zone — language guarantees apply
[2m[DEBUG][0m ZONE-SKIP: _ZN4Json10FastWriterD0Ev is safe zone — language guarantees apply
[2m[DEBUG][0m ZONE-SKIP: _ZNSt3__112basic_stringIcNS_11char_traitsIcEENS_9allocatorIcEEEpLB8ne210108EPKc is safe zone — language guarantees apply
[2m[DEBUG][0m ZONE-SKIP: _ZNSt3__16vectorINS_12basic_stringIcNS_11char_traitsIcEENS_9allocatorIcEEEENS4_IS6_EEE5beginB8ne210108Ev is safe zone — language guarantees apply
[2m[DEBUG][0m ZONE-SKIP: _ZNSt3__16vectorINS_12basic_stringIcNS_11char_traitsIcEENS_9allocatorIcEEEENS4_IS6_EEE3endB8ne210108Ev is safe zone — language guarantees apply
[2m[DEBUG][0m ZONE-SKIP: _ZNSt3__1neB8ne210108IPNS_12basic_stringIcNS_11char_traitsIcEENS_9allocatorIcEEEEEEbRKNS_11__wrap_iterIT_EESC_ is safe zone — language guarantees apply
[2m[DEBUG][0m ZONE-SKIP: _ZNKSt3__111__wrap_iterIPNS_12basic_stringIcNS_11char_traitsIcEENS_9allocatorIcEEEEEdeB8ne210108Ev is safe zone — language guarantees apply
[2m[DEBUG][0m ZONE-SKIP: _ZNSt3__111__wrap_iterIPNS_12basic_stringIcNS_11char_traitsIcEENS_9allocatorIcEEEEEppB8ne210108Ev is safe zone — language guarantees apply
[2m[DEBUG][0m ZONE-SKIP: _ZNSt3__1eqB8ne210108IPNS_12basic_stringIcNS_11char_traitsIcEENS_9allocatorIcEEEEEEbRKNS_11__wrap_iterIT_EESC_ is safe zone — language guarantees apply
[2m[DEBUG][0m ZONE-SKIP: _ZNKSt3__111__wrap_iterIPNS_12basic_stringIcNS_11char_traitsIcEENS_9allocatorIcEEEEE4baseB8ne210108Ev is safe zone — language guarantees apply
[2m[DEBUG][0m ZONE-SKIP: _ZNSt3__16vectorINS_12basic_stringIcNS_11char_traitsIcEENS_9allocatorIcEEEENS4_IS6_EEE26__add_alignment_assumptionB8ne210108IPS6_TnNS_9enable_ifIXsr10is_pointerIT_EE5valueEiE4typeELi0EEESA_SC_ is safe zone — language guarantees apply
[2m[DEBUG][0m ZONE-SKIP: _ZNSt3__16vectorINS_12basic_stringIcNS_11char_traitsIcEENS_9allocatorIcEEEENS4_IS6_EEE11__make_iterB8ne210108EPS6_ is safe zone — language guarantees apply
[2m[DEBUG][0m ZONE-SKIP: _ZNSt3__111__wrap_iterIPNS_12basic_stringIcNS_11char_traitsIcEENS_9allocatorIcEEEEEC1B8ne210108ES7_ is safe zone — language guarantees apply
[2m[DEBUG][0m ZONE-SKIP: _ZNSt3__111__wrap_iterIPNS_12basic_stringIcNS_11char_traitsIcEENS_9allocatorIcEEEEEC2B8ne210108ES7_ is safe zone — language guarantees apply
[2m[DEBUG][0m ZONE-SKIP: _ZNSt3__16any_ofB8ne210108IPKcZN4JsonL26doesAnyCharRequireEscapingES2_mE3$_0EEbT_S5_T0_ is safe zone — language guarantees apply
[2m[DEBUG][0m ZONE-SKIP: _ZNSt3__18__any_ofB8ne210108IPKcS2_NS_10__identityEZN4JsonL26doesAnyCharRequireEscapingES2_mE3$_0EEbT_T0_RT2_RT1_ is safe zone — language guarantees apply
[2m[DEBUG][0m ZONE-SKIP: _ZNSt3__18__invokeB8ne210108IJRZN4JsonL26doesAnyCharRequireEscapingEPKcmE3$_0RS2_EEENS_20__invoke_result_implIvJDpT_EE4typeEDpOS8_ is safe zone — language guarantees apply
[2m[DEBUG][0m ZONE-SKIP: _ZNSt3__16__math8isfiniteB8ne210108Ed is safe zone — language guarantees apply
[2m[DEBUG][0m ZONE-SKIP: _ZNSt3__16__math5isnanB8ne210108EUa9enable_ifILb1EEd is safe zone — language guarantees apply
[2m[DEBUG][0m ZONE-SKIP: _ZNSt3__112basic_stringIcNS_11char_traitsIcEENS_9allocatorIcEEE5beginB8ne210108Ev is safe zone — language guarantees apply
[2m[DEBUG][0m ZONE-SKIP: _ZNKSt3__111__wrap_iterIPcEdeB8ne210108Ev is safe zone — language guarantees apply
[2m[DEBUG][0m ZONE-SKIP: _ZNSt3__112basic_stringIcNS_11char_traitsIcEENS_9allocatorIcEEE3endB8ne210108Ev is safe zone — language guarantees apply
[2m[DEBUG][0m ZONE-SKIP: _ZNSt3__111__wrap_iterIPKcEC1B8ne210108IPcTnNS_9enable_ifIXsr4_AndINS_14is_convertibleIRKT_S2_EENS_7_OrImplIXaantcvbsr7is_sameIRS1_NS_15iterator_traitsIS8_E9referenceEEE5valuenesZT1_Li0EEE7_ResultINS_7is_sameISD_SG_EENSJ_ISD_RKu20__remove_reference_tISG_EEEEEEE5valueEiE4typeELi0EEERKNS0_IS8_EE is safe zone — language guarantees apply
[2m[DEBUG][0m ZONE-SKIP: _ZNSt3__112basic_stringIcNS_11char_traitsIcEENS_9allocatorIcEEE5eraseB8ne210108ENS_11__wrap_iterIPKcEES9_ is safe zone — language guarantees apply
[2m[DEBUG][0m ZONE-SKIP: _ZNSt3__1neB8ne210108IPcEEbRKNS_11__wrap_iterIT_EES6_ is safe zone — language guarantees apply
[2m[DEBUG][0m ZONE-SKIP: _ZNKSt3__111__wrap_iterIPcEmiB8ne210108El is safe zone — language guarantees apply
[2m[DEBUG][0m ZONE-SKIP: _ZNSt3__111__wrap_iterIPcEmmB8ne210108Ev is safe zone — language guarantees apply
[2m[DEBUG][0m ZONE-SKIP: _ZNKSt3__111__wrap_iterIPcEplB8ne210108El is safe zone — language guarantees apply
[2m[DEBUG][0m ZONE-SKIP: _ZNSt3__111__wrap_iterIPcEpLB8ne210108El is safe zone — language guarantees apply
[2m[DEBUG][0m ZONE-SKIP: _ZNSt3__1eqB8ne210108IPcEEbRKNS_11__wrap_iterIT_EES6_ is safe zone — language guarantees apply
[2m[DEBUG][0m ZONE-SKIP: _ZNKSt3__111__wrap_iterIPcE4baseB8ne210108Ev is safe zone — language guarantees apply
[2m[DEBUG][0m ZONE-SKIP: _ZNSt3__1miB8ne210108IPKcPcEEDTmicldtfp_4baseEcldtfp0_4baseEERKNS_11__wrap_iterIT_EERKNS5_IT0_EE is safe zone — language guarantees apply
[2m[DEBUG][0m ZONE-SKIP: _ZNSt3__111__wrap_iterIPKcEC2B8ne210108IPcTnNS_9enable_ifIXsr4_AndINS_14is_convertibleIRKT_S2_EENS_7_OrImplIXaantcvbsr7is_sameIRS1_NS_15iterator_traitsIS8_E9referenceEEE5valuenesZT1_Li0EEE7_ResultINS_7is_sameISD_SG_EENSJ_ISD_RKu20__remove_reference_tISG_EEEEEEE5valueEiE4typeELi0EEERKNS0_IS8_EE is safe zone — language guarantees apply
[2m[DEBUG][0m ZONE-SKIP: _ZNSt3__111__wrap_iterIPcEppB8ne210108Ev is safe zone — language guarantees apply
[2m[DEBUG][0m ZONE-SKIP: _ZNSt3__112basic_stringIcNS_11char_traitsIcEENS_9allocatorIcEEE15__make_iteratorB8ne210108EPc is safe zone — language guarantees apply
[2m[DEBUG][0m ZONE-SKIP: _ZNSt3__111__wrap_iterIPcEC1B8ne210108ES1_ is safe zone — language guarantees apply
[2m[DEBUG][0m ZONE-SKIP: _ZNSt3__111__wrap_iterIPcEC2B8ne210108ES1_ is safe zone — language guarantees apply
[2m[DEBUG][0m ZONE-SKIP: _ZN4Json10FastWriterD2Ev is safe zone — language guarantees apply
[2m[DEBUG][0m ZONE-SKIP: _ZN4Json12StyledWriterD1Ev is safe zone — language guarantees apply
[2m[DEBUG][0m ZONE-SKIP: _ZN4Json12StyledWriterD0Ev is safe zone — language guarantees apply
[2m[DEBUG][0m ZONE-SKIP: _ZNKSt3__16vectorINS_12basic_stringIcNS_11char_traitsIcEENS_9allocatorIcEEEENS4_IS6_EEE5emptyB8ne210108Ev is safe zone — language guarantees apply
[2m[DEBUG][0m ZONE-SKIP: _ZNSt3__16vectorINS_12basic_stringIcNS_11char_traitsIcEENS_9allocatorIcEEEENS4_IS6_EEEixB8ne210108Em is safe zone — language guarantees apply
[2m[DEBUG][0m ZONE-SKIP: _ZNSt3__16vectorINS_12basic_stringIcNS_11char_traitsIcEENS_9allocatorIcEEEENS4_IS6_EEE9push_backB8ne210108ERKS6_ is safe zone — language guarantees apply
[2m[DEBUG][0m ZONE-SKIP: _ZNSt3__16vectorINS_12basic_stringIcNS_11char_traitsIcEENS_9allocatorIcEEEENS4_IS6_EEE12emplace_backIJRKS6_EEEvDpOT_ is safe zone — language guarantees apply
[2m[DEBUG][0m ZONE-SKIP: _ZNSt3__16vectorINS_12basic_stringIcNS_11char_traitsIcEENS_9allocatorIcEEEENS4_IS6_EEE30__emplace_back_assume_capacityB8ne210108IJRKS6_EEEvDpOT_ is safe zone — language guarantees apply
[2m[DEBUG][0m ZONE-SKIP: _ZNSt3__16vectorINS_12basic_stringIcNS_11char_traitsIcEENS_9allocatorIcEEEENS4_IS6_EEE24__emplace_back_slow_pathIJRKS6_EEEPS6_DpOT_ is safe zone — language guarantees apply
[2m[DEBUG][0m ZONE-SKIP: _ZNSt3__116allocator_traitsINS_9allocatorINS_12basic_stringIcNS_11char_traitsIcEENS1_IcEEEEEEE9constructB8ne210108IS6_JRKS6_ETnNS_9enable_ifIX17__has_construct_vIS7_PT_DpT0_EEiE4typeELi0EEEvRS7_SE_DpOSF_ is safe zone — language guarantees apply
[2m[DEBUG][0m ZONE-SKIP: _ZNSt3__19allocatorINS_12basic_stringIcNS_11char_traitsIcEENS0_IcEEEEE9constructB8ne210108IS5_JRKS5_EEEvPT_DpOT0_ is safe zone — language guarantees apply
[2m[DEBUG][0m ZONE-SKIP: _ZNKSt3__111__wrap_iterIPKcEplB8ne210108El is safe zone — language guarantees apply
[2m[DEBUG][0m ZONE-SKIP: _ZNSt3__111__wrap_iterIPKcEpLB8ne210108El is safe zone — language guarantees apply
[2m[DEBUG][0m ZONE-SKIP: _ZN4Json12StyledWriterD2Ev is safe zone — language guarantees apply
[2m[DEBUG][0m ZONE-SKIP: _ZNSt3__1lsB8ne210108IcNS_11char_traitsIcEENS_9allocatorIcEEEERNS_13basic_ostreamIT_T0_EES9_RKNS_12basic_stringIS6_S7_T1_EE is safe zone — language guarantees apply
[2m[DEBUG][0m ZONE-SKIP: _ZNSt3__1lsB8ne210108INS_11char_traitsIcEEEERNS_13basic_ostreamIcT_EES6_c is safe zone — language guarantees apply
[2m[DEBUG][0m ZONE-SKIP: _ZNSt3__1eqB8ne210108IcNS_11char_traitsIcEENS_9allocatorIcEEEEbRKNS_12basic_stringIT_T0_T1_EEPKS6_ is safe zone — language guarantees apply
[2m[DEBUG][0m ZONE-SKIP: _ZNSt3__112basic_stringIcNS_11char_traitsIcEENS_9allocatorIcEEEaSB8ne210108EPKc is safe zone — language guarantees apply
[2m[DEBUG][0m ZONE-SKIP: _ZN4Json6WriterC2Ev is safe zone — language guarantees apply
[2m[DEBUG][0m ZONE-SKIP: _ZN4Json12StreamWriter7FactoryC2Ev is safe zone — language guarantees apply
[2m[DEBUG][0m ZONE-SKIP: _ZNSt3__110unique_ptrIN4Json12StreamWriterENS_14default_deleteIS2_EEEC1B8ne210108ILb1EvEEPS2_ is safe zone — language guarantees apply
[2m[DEBUG][0m ZONE-SKIP: _ZNKSt3__110unique_ptrIN4Json12StreamWriterENS_14default_deleteIS2_EEEptB8ne210108Ev is safe zone — language guarantees apply
[2m[DEBUG][0m ZONE-SKIP: _ZNSt3__110unique_ptrIN4Json12StreamWriterENS_14default_deleteIS2_EEED1B8ne210108Ev is safe zone — language guarantees apply
[2m[DEBUG][0m ZONE-SKIP: _ZNSt3__110unique_ptrIN4Json12StreamWriterENS_14default_deleteIS2_EEED2B8ne210108Ev is safe zone — language guarantees apply
[2m[DEBUG][0m ZONE-SKIP: _ZNSt3__110unique_ptrIN4Json12StreamWriterENS_14default_deleteIS2_EEE5resetB8ne210108EPS2_ is safe zone — language guarantees apply
[2m[DEBUG][0m ZONE-SKIP: _ZNKSt3__114default_deleteIN4Json12StreamWriterEEclB8ne210108EPS2_ is safe zone — language guarantees apply
[2m[DEBUG][0m ZONE-SKIP: _ZNSt3__110unique_ptrIN4Json12StreamWriterENS_14default_deleteIS2_EEEC2B8ne210108ILb1EvEEPS2_ is safe zone — language guarantees apply
[32m[INFO][0m RAII: 51 functions identified as RAII-managed (skipped)
[32m[INFO][0m Meyers: 3 functions identified as singleton init (skipped)
[32m[INFO][0m RC-Container: 1 functions identified as refcount-managed (skipped)
[33m[WARN][0m MEMORY LEAK [MEDIUM]: Memory allocated but never freed in _ZNK4Json5Value8Comments3hasENS_16CommentPlacementE
[33m[WARN][0m MEMORY LEAK [MEDIUM]: Memory allocated but never freed in _ZN4JsonL29duplicateAndPrefixStringValueEPKcj
[33m[WARN][0m MEMORY LEAK [MEDIUM]: Memory allocated but never freed in _ZNK4Json5Value8Comments3getENS_16CommentPlacementE
[33m[WARN][0m MEMORY LEAK [MEDIUM]: Memory allocated but never freed in _ZN4JsonL20duplicateStringValueEPKcm
[32m[INFO][0m PointerOwnership: Found 4 memory leaks (formalized as issues)
[32m[INFO][0m PointerOwnership: Found 37 allocations, 2 frees, 37 tracked pointers
[32m[INFO][0m PointerOwnership: 35 cross-FFI ownership transfers detected
[32m[INFO][0m PointerOwnership: No cross-language ownership violations detected
[32m[INFO][0m   (Checks for Rust-alloc/C-free or C-alloc/Rust-free mismatches)
[32m[INFO][0m PointerOwnership: Memory pool stats - allocated: 37, reused: 0, in_use: 37

[36m═══════════════════════════════════════════════════════════════[0m
[1mZone Classification Summary[0m
[36m═══════════════════════════════════════════════════════════════[0m

  Total functions analyzed:    6210
  Safe zone (skipped):         4671 (76.2%)
  Runtime internal (skipped):  63
  Unsafe zone (analyzed):      0
  FFI zone (analyzed):         156
  Unknown zone:                1320

[32m  Escape zone functions:       156 (2.5% of total)[0m
[33m  Issues found:              150[0m

    [1mIssue breakdown by category:[0m
      Memory leak:              4
      Double free:               2
      Format string:            3
      Borrow escape:            141

[36m═══════════════════════════════════════════════════════════════[0m


=== Performance Profile Report ===

Operation                           Calls   Total (ms)     Avg (us)     Max (us)
--------------------------------------------------------------------------------
init                                    1       825.66    825662.71    825662.71
detect                                  2         6.59      3295.02      3323.96
total                                   1       825.67    825671.04    825671.04
analysis                                1       800.39    800387.33    800387.33
[32m[INFO][0m PointerOwnership: 4 ops, 2458.31ms total
[32m[INFO][0m FFIUnsafe: Analyzed 646 boundaries, found 0 issues
[32m[INFO][0m FFIBodyCheck: Analyzing 646 FFI boundaries for dangerous function calls
[32m[INFO][0m FFIBodyCheck: Found 0 dangerous function calls
[INFO] Analysis complete

[INFO] Functions processed: 2070

[INFO] Facts generated: 74

Segmentation fault at address 0x100b20000
/Users/scc/code/zigcode/OmniScope/src/main.zig:68:10: 0x100258138 in writeJsonEscaped__anon_20799 (OmniScope)
    for (s) |c| {
         ^
/Users/scc/code/zigcode/OmniScope/src/main.zig:388:29: 0x10025b83b in formatIssuesAsJson (OmniScope)
        try writeJsonEscaped(writer, issue.location.function);
                            ^
/Users/scc/code/zigcode/OmniScope/src/main.zig:230:51: 0x100274ef7 in runSingleFileAnalysis (OmniScope)
            const json_output = formatIssuesAsJson(allocator, issues, func_count, analysis_time_ms) catch |err| {
                                                  ^
/Users/scc/code/zigcode/OmniScope/src/main.zig:634:34: 0x10027b0d7 in main (OmniScope)
        try runSingleFileAnalysis(allocator, config.input_files.items[0], config);
                                 ^
/Users/scc/.zvm/0.15.2/lib/std/start.zig:627:37: 0x10027b75f in main (OmniScope)
            const result = root.main() catch |err| {
                                    ^
???:?:?: 0x196f92b97 in ??? (???)
???:?:?: 0x0 in ??? (???)
