[INFO] === OmniScope IR Analysis ===

[INFO] File: /Users/scc/code/zigcode/OmniScope/corpus/real_world/other/sqlite3.ll


[DEBUG] Loading file: /Users/scc/code/zigcode/OmniScope/corpus/real_world/other/sqlite3.ll
[INFO] Loaded: 3346 functions


[2m[DEBUG][0m ANALYZE [USER]: sqlite3_status64
[2m[DEBUG][0m ANALYZE [USER]: sqlite3MisuseError
[2m[DEBUG][0m ANALYZE [USER]: sqlite3Pcache1Mutex
[2m[DEBUG][0m ANALYZE [USER]: sqlite3MallocMutex
[2m[DEBUG][0m ANALYZE [USER]: sqlite3_mutex_enter
[2m[DEBUG][0m ANALYZE [USER]: sqlite3_mutex_leave
[2m[DEBUG][0m ANALYZE [USER]: sqlite3_status
[2m[DEBUG][0m ANALYZE [USER]: sqlite3_db_status
[2m[DEBUG][0m ANALYZE [USER]: sqlite3LookasideUsed
[2m[DEBUG][0m ANALYZE [USER]: sqlite3BtreeEnterAll
[2m[DEBUG][0m ANALYZE [USER]: sqlite3BtreePager
[2m[DEBUG][0m ANALYZE [USER]: sqlite3PagerMemUsed
[2m[DEBUG][0m ANALYZE [USER]: sqlite3BtreeConnectionCount
[2m[DEBUG][0m ANALYZE [USER]: sqlite3BtreeLeaveAll
[2m[DEBUG][0m ANALYZE [USER]: sqlite3_msize
[2m[DEBUG][0m ANALYZE [USER]: sqlite3DeleteTrigger
[2m[DEBUG][0m ANALYZE [USER]: sqlite3DeleteTable
[2m[DEBUG][0m ANALYZE [USER]: sqlite3VdbeDelete
[2m[DEBUG][0m ANALYZE [USER]: sqlite3PagerCacheStat
[2m[DEBUG][0m ANALYZE [USER]: sqlite3_vfs_find
[2m[DEBUG][0m ANALYZE [USER]: sqlite3_initialize
[2m[DEBUG][0m ANALYZE [USER]: sqlite3MutexAlloc
[2m[DEBUG][0m ANALYZE [USER]: sqlite3_vfs_register
[2m[DEBUG][0m ANALYZE [USER]: vfsUnlink
[2m[DEBUG][0m ANALYZE [USER]: sqlite3_vfs_unregister
[2m[DEBUG][0m ANALYZE [USER]: sqlite3_mutex_alloc
[2m[DEBUG][0m ANALYZE [USER]: sqlite3MutexInit
[2m[DEBUG][0m ANALYZE [USER]: sqlite3_mutex_free
[2m[DEBUG][0m ANALYZE [USER]: sqlite3_mutex_try
[2m[DEBUG][0m ANALYZE [USER]: sqlite3_release_memory
[2m[DEBUG][0m ANALYZE [USER]: sqlite3_memory_alarm
[2m[DEBUG][0m ANALYZE [USER]: sqlite3_soft_heap_limit64
[2m[DEBUG][0m ANALYZE [USER]: sqlite3StatusValue
[2m[DEBUG][0m ANALYZE [USER]: sqlite3_memory_used
[2m[DEBUG][0m ANALYZE [USER]: sqlite3_soft_heap_limit
[2m[DEBUG][0m ANALYZE [USER]: sqlite3_hard_heap_limit64
[2m[DEBUG][0m ANALYZE [USER]: sqlite3_memory_highwater
[2m[DEBUG][0m ANALYZE [USER]: sqlite3_malloc
[2m[DEBUG][0m ANALYZE [USER]: sqlite3Malloc
[2m[DEBUG][0m ANALYZE [USER]: sqlite3_malloc64
[2m[DEBUG][0m ANALYZE [USER]: sqlite3_free
[2m[DEBUG][0m ANALYZE [USER]: sqlite3StatusDown
[2m[DEBUG][0m ANALYZE [USER]: sqlite3MallocSize
[2m[DEBUG][0m ANALYZE [USER]: sqlite3_realloc
[2m[DEBUG][0m ANALYZE [USER]: sqlite3Realloc
[2m[DEBUG][0m ANALYZE [USER]: sqlite3_realloc64
[2m[DEBUG][0m ANALYZE [USER]: sqlite3_str_vappendf
[2m[DEBUG][0m ANALYZE [USER]: sqlite3_str_append
[2m[DEBUG][0m ANALYZE [USER]: getIntArg
[2m[DEBUG][0m ANALYZE [USER]: printfTempBuf
[2m[DEBUG][0m ANALYZE [USER]: getDoubleArg
[2m[DEBUG][0m ANALYZE [USER]: sqlite3FpDecode
[2m[DEBUG][0m ANALYZE [USER]: sqlite3Strlen30
[2m[DEBUG][0m ANALYZE [USER]: getTextArg
[2m[DEBUG][0m ANALYZE [USER]: sqlite3_str_appendchar
[2m[DEBUG][0m ANALYZE [USER]: sqlite3StrAccumEnlarge
[2m[DEBUG][0m ANALYZE [USER]: sqlite3DbMallocSize
[2m[DEBUG][0m ANALYZE [USER]: sqlite3_str_appendall
[2m[DEBUG][0m ANALYZE [USER]: sqlite3RecordErrorOffsetOfExpr
[2m[DEBUG][0m ANALYZE [USER]: sqlite3RecordErrorByteOffset
[2m[DEBUG][0m ANALYZE [USER]: sqlite3_str_appendf
[2m[DEBUG][0m ANALYZE [USER]: sqlite3DbFree
[2m[DEBUG][0m ANALYZE [USER]: enlargeAndAppend
[2m[DEBUG][0m ANALYZE [USER]: sqlite3_str_finish
[2m[DEBUG][0m ANALYZE [USER]: sqlite3StrAccumFinish
[2m[DEBUG][0m ANALYZE [USER]: sqlite3_str_errcode
[2m[DEBUG][0m ANALYZE [USER]: sqlite3_str_length
[2m[DEBUG][0m ANALYZE [USER]: sqlite3_str_value
[2m[DEBUG][0m ANALYZE [USER]: sqlite3_str_reset
[2m[DEBUG][0m ANALYZE [USER]: sqlite3_str_new
[2m[DEBUG][0m ANALYZE [USER]: sqlite3StrAccumInit
[2m[DEBUG][0m ANALYZE [USER]: sqlite3_vmprintf
[2m[DEBUG][0m ANALYZE [USER]: sqlite3_mprintf
[2m[DEBUG][0m ANALYZE [USER]: sqlite3_vsnprintf
[2m[DEBUG][0m ANALYZE [USER]: sqlite3_snprintf
[2m[DEBUG][0m ANALYZE [USER]: sqlite3_log
[2m[DEBUG][0m ANALYZE [USER]: renderLogMsg
[2m[DEBUG][0m ANALYZE [USER]: sqlite3_randomness
[2m[DEBUG][0m ANALYZE [USER]: sqlite3OsRandomness
[2m[DEBUG][0m ANALYZE [USER]: chacha_block
[2m[DEBUG][0m ANALYZE [USER]: sqlite3_stricmp
[2m[DEBUG][0m ANALYZE [USER]: sqlite3StrICmp
[2m[DEBUG][0m ANALYZE [USER]: sqlite3_strnicmp
[2m[DEBUG][0m ANALYZE [USER]: sqlite3_os_init
[2m[DEBUG][0m ANALYZE [USER]: unixOpen
[2m[DEBUG][0m ANALYZE [USER]: unixDelete
[2m[DEBUG][0m ANALYZE [USER]: unixAccess
[2m[DEBUG][0m ANALYZE [USER]: unixFullPathname
[2m[DEBUG][0m ANALYZE [USER]: unixDlOpen
[31m[ERROR][0m [HIGH] FFI RISK: unixDlOpen -> dlopen
[31m[ERROR][0m   Location: /tmp/sqlite-amalgamation-3470200/sqlite3.c:45204:10
[31m[ERROR][0m   Kind: dynamic_loading
[31m[ERROR][0m   Detail: Open dynamic library - returns handle, must dlclose to release
[31m[ERROR][0m   Warning: This function TRANSFERS ownership
[31m[ERROR][0m   Warning: Result requires NULL check
[33m[WARN][0m   CONTRACT VIOLATION: dlopen returns nullable pointer but no NULL check detected
[33m[WARN][0m   Risk: NULL pointer dereference / crash
[33m[WARN][0m   CONTRACT WARNING: dlopen transfers ownership but result may be discarded (leak risk)
[33m[WARN][0m   [DLOPEN] dlopen returns NULL on failure but no NULL check detected
[33m[WARN][0m     Risk: NULL pointer dereference / crash (CWE-690)
[2m[DEBUG][0m ANALYZE [USER]: unixDlError
[31m[ERROR][0m [LOW] FFI RISK: unixDlError -> dlerror
[31m[ERROR][0m   Location: /tmp/sqlite-amalgamation-3470200/sqlite3.c:45218:10
[31m[ERROR][0m   Kind: dynamic_loading
[31m[ERROR][0m   Detail: Get dynamic loading error message
[2m[DEBUG][0m ANALYZE [USER]: unixDlSym
[2m[DEBUG][0m ANALYZE [USER]: unixDlClose
[31m[ERROR][0m [HIGH] FFI RISK: unixDlClose -> dlclose
[31m[ERROR][0m   Location: /tmp/sqlite-amalgamation-3470200/sqlite3.c:45249:3
[31m[ERROR][0m   Kind: dynamic_loading
[31m[ERROR][0m   Detail: Close dynamic library - invalidates symbols from dlsym
[31m[ERROR][0m   Warning: This function CONSUMES ownership
[2m[DEBUG][0m   [DLOPEN] dlclose called - verify no dlsym-derived pointers are used after this point
[2m[DEBUG][0m ANALYZE [USER]: unixRandomness
[2m[DEBUG][0m ANALYZE [USER]: unixSleep
[2m[DEBUG][0m ANALYZE [USER]: unixCurrentTime
[2m[DEBUG][0m ANALYZE [USER]: unixGetLastError
[2m[DEBUG][0m ANALYZE [USER]: unixCurrentTimeInt64
[2m[DEBUG][0m ANALYZE [USER]: unixSetSystemCall
[2m[DEBUG][0m ANALYZE [USER]: unixGetSystemCall
[2m[DEBUG][0m ANALYZE [USER]: unixNextSystemCall
[2m[DEBUG][0m ANALYZE [USER]: unixTempFileInit
[2m[DEBUG][0m ANALYZE [USER]: sqlite3_os_end
[2m[DEBUG][0m ANALYZE [USER]: sqlite3_serialize
[2m[DEBUG][0m ANALYZE [USER]: memdbFromDbSchema
[2m[DEBUG][0m ANALYZE [USER]: sqlite3FindDbName
[2m[DEBUG][0m ANALYZE [USER]: sqlite3BtreeGetPageSize
[2m[DEBUG][0m ANALYZE [USER]: sqlite3_prepare_v2
[2m[DEBUG][0m ANALYZE [USER]: sqlite3_step
[2m[DEBUG][0m ANALYZE [USER]: sqlite3_column_int64
[2m[DEBUG][0m ANALYZE [USER]: sqlite3_reset
[2m[DEBUG][0m ANALYZE [USER]: sqlite3_exec
[2m[DEBUG][0m ANALYZE [USER]: sqlite3_column_int
[2m[DEBUG][0m ANALYZE [USER]: sqlite3PagerGet
[2m[DEBUG][0m ANALYZE [USER]: sqlite3PagerGetData
[2m[DEBUG][0m ANALYZE [USER]: sqlite3PagerUnref
[2m[DEBUG][0m ANALYZE [USER]: sqlite3_finalize
[2m[DEBUG][0m ANALYZE [USER]: sqlite3_deserialize
[2m[DEBUG][0m ANALYZE [USER]: sqlite3_database_file_object
[2m[DEBUG][0m ANALYZE [USER]: sqlite3_enable_shared_cache
[2m[DEBUG][0m ANALYZE [USER]: sqlite3_backup_init
[2m[DEBUG][0m ANALYZE [USER]: sqlite3ErrorWithMsg
[2m[DEBUG][0m ANALYZE [USER]: sqlite3MallocZero
[2m[DEBUG][0m ANALYZE [USER]: sqlite3Error
[2m[DEBUG][0m ANALYZE [USER]: findBtree
[2m[DEBUG][0m ANALYZE [USER]: checkReadTransaction
[2m[DEBUG][0m ANALYZE [USER]: sqlite3_backup_step
[2m[DEBUG][0m ANALYZE [USER]: sqlite3BtreeEnter
[2m[DEBUG][0m ANALYZE [USER]: isFatalError
[2m[DEBUG][0m ANALYZE [USER]: sqlite3BtreeTxnState
[2m[DEBUG][0m ANALYZE [USER]: sqlite3BtreeBeginTrans
[2m[DEBUG][0m ANALYZE [USER]: setDestPgsz
[2m[DEBUG][0m ANALYZE [USER]: sqlite3PagerGetJournalMode
[2m[DEBUG][0m ANALYZE [USER]: sqlite3PagerIsMemdb
[2m[DEBUG][0m ANALYZE [USER]: sqlite3BtreeLastPage
[2m[DEBUG][0m ANALYZE [USER]: backupOnePage
[2m[DEBUG][0m ANALYZE [USER]: attachBackupObject
[2m[DEBUG][0m ANALYZE [USER]: sqlite3BtreeNewDb
[2m[DEBUG][0m ANALYZE [USER]: sqlite3BtreeUpdateMeta
[2m[DEBUG][0m ANALYZE [USER]: sqlite3ResetAllSchemasOfConnection
[2m[DEBUG][0m ANALYZE [USER]: sqlite3BtreeSetVersion
[2m[DEBUG][0m ANALYZE [USER]: sqlite3PagerFile
[2m[DEBUG][0m ANALYZE [USER]: sqlite3PagerPagecount
[2m[DEBUG][0m ANALYZE [USER]: sqlite3PagerWrite
[2m[DEBUG][0m ANALYZE [USER]: sqlite3PagerCommitPhaseOne
[2m[DEBUG][0m ANALYZE [USER]: sqlite3OsWrite
[2m[DEBUG][0m ANALYZE [USER]: backupTruncateFile
[2m[DEBUG][0m ANALYZE [USER]: sqlite3PagerSync
[2m[DEBUG][0m ANALYZE [USER]: sqlite3PagerTruncateImage
[2m[DEBUG][0m ANALYZE [USER]: sqlite3BtreeCommitPhaseTwo
[2m[DEBUG][0m ANALYZE [USER]: sqlite3BtreeCommitPhaseOne
[2m[DEBUG][0m ANALYZE [USER]: sqlite3BtreeLeave
[2m[DEBUG][0m ANALYZE [USER]: sqlite3_backup_finish
[2m[DEBUG][0m ANALYZE [USER]: sqlite3PagerBackupPtr
[2m[DEBUG][0m ANALYZE [USER]: sqlite3BtreeRollback
[2m[DEBUG][0m ANALYZE [USER]: sqlite3LeaveMutexAndCloseZombie
[2m[DEBUG][0m ANALYZE [USER]: sqlite3_backup_remaining
[2m[DEBUG][0m ANALYZE [USER]: sqlite3_backup_pagecount
[2m[DEBUG][0m ANALYZE [USER]: sqlite3_expired
[2m[DEBUG][0m ANALYZE [USER]: vdbeSafety
[2m[DEBUG][0m ANALYZE [USER]: invokeProfileCallback
[2m[DEBUG][0m ANALYZE [USER]: sqlite3VdbeReset
[2m[DEBUG][0m ANALYZE [USER]: sqlite3ApiExit
[2m[DEBUG][0m ANALYZE [USER]: sqlite3VdbeRewind
[2m[DEBUG][0m ANALYZE [USER]: sqlite3_clear_bindings
[2m[DEBUG][0m ANALYZE [USER]: sqlite3VdbeMemRelease
[2m[DEBUG][0m ANALYZE [USER]: sqlite3_value_blob
[2m[DEBUG][0m ANALYZE [USER]: sqlite3VdbeMemExpandBlob
[2m[DEBUG][0m ANALYZE [USER]: sqlite3_value_text
[2m[DEBUG][0m ANALYZE [USER]: sqlite3_value_bytes
[2m[DEBUG][0m ANALYZE [USER]: sqlite3ValueBytes
[2m[DEBUG][0m ANALYZE [USER]: sqlite3_value_bytes16
[2m[DEBUG][0m ANALYZE [USER]: sqlite3_value_double
[2m[DEBUG][0m ANALYZE [USER]: sqlite3VdbeRealValue
[2m[DEBUG][0m ANALYZE [USER]: sqlite3_value_int
[2m[DEBUG][0m ANALYZE [USER]: sqlite3VdbeIntValue
[2m[DEBUG][0m ANALYZE [USER]: sqlite3_value_int64
[2m[DEBUG][0m ANALYZE [USER]: sqlite3_value_subtype
[2m[DEBUG][0m ANALYZE [USER]: sqlite3_value_pointer
[2m[DEBUG][0m ANALYZE [USER]: sqlite3ValueText
[2m[DEBUG][0m ANALYZE [USER]: sqlite3_value_text16
[2m[DEBUG][0m ANALYZE [USER]: sqlite3_value_text16be
[2m[DEBUG][0m ANALYZE [USER]: sqlite3_value_text16le
[2m[DEBUG][0m ANALYZE [USER]: sqlite3_value_type
[2m[DEBUG][0m ANALYZE [USER]: sqlite3_value_encoding
[2m[DEBUG][0m ANALYZE [USER]: sqlite3_value_nochange
[2m[DEBUG][0m ANALYZE [USER]: sqlite3_value_frombind
[2m[DEBUG][0m ANALYZE [USER]: sqlite3_value_dup
[2m[DEBUG][0m ANALYZE [USER]: sqlite3VdbeMemMakeWriteable
[2m[DEBUG][0m ANALYZE [USER]: sqlite3ValueFree
[2m[DEBUG][0m ANALYZE [USER]: sqlite3_value_free
[2m[DEBUG][0m ANALYZE [USER]: sqlite3_result_blob
[2m[DEBUG][0m ANALYZE [USER]: setResultStrOrError
[2m[DEBUG][0m ANALYZE [USER]: sqlite3_result_blob64
[2m[DEBUG][0m ANALYZE [USER]: invokeValueDestructor
[2m[DEBUG][0m ANALYZE [USER]: sqlite3_result_double
[2m[DEBUG][0m ANALYZE [USER]: sqlite3VdbeMemSetDouble
[2m[DEBUG][0m ANALYZE [USER]: sqlite3_result_error
[2m[DEBUG][0m ANALYZE [USER]: sqlite3VdbeMemSetStr
[2m[DEBUG][0m ANALYZE [USER]: sqlite3_result_error16
[2m[DEBUG][0m ANALYZE [USER]: sqlite3_result_int
[2m[DEBUG][0m ANALYZE [USER]: sqlite3VdbeMemSetInt64
[2m[DEBUG][0m ANALYZE [USER]: sqlite3_result_int64
[2m[DEBUG][0m ANALYZE [USER]: sqlite3_result_null
[2m[DEBUG][0m ANALYZE [USER]: sqlite3VdbeMemSetNull
[2m[DEBUG][0m ANALYZE [USER]: sqlite3_result_pointer
[2m[DEBUG][0m ANALYZE [USER]: sqlite3VdbeMemSetPointer
[2m[DEBUG][0m ANALYZE [USER]: sqlite3_result_subtype
[2m[DEBUG][0m ANALYZE [USER]: sqlite3_result_text
[2m[DEBUG][0m ANALYZE [USER]: sqlite3_result_text64
[2m[DEBUG][0m ANALYZE [USER]: sqlite3VdbeMemZeroTerminateIfAble
[2m[DEBUG][0m ANALYZE [USER]: sqlite3_result_text16
[2m[DEBUG][0m ANALYZE [USER]: sqlite3_result_text16be
[2m[DEBUG][0m ANALYZE [USER]: sqlite3_result_text16le
[2m[DEBUG][0m ANALYZE [USER]: sqlite3_result_value
[2m[DEBUG][0m ANALYZE [USER]: sqlite3VdbeMemCopy
[2m[DEBUG][0m ANALYZE [USER]: sqlite3VdbeChangeEncoding
[2m[DEBUG][0m ANALYZE [USER]: sqlite3VdbeMemTooBig
[2m[DEBUG][0m ANALYZE [USER]: sqlite3_result_error_toobig
[2m[DEBUG][0m ANALYZE [USER]: sqlite3_result_zeroblob
[2m[DEBUG][0m ANALYZE [USER]: sqlite3_result_zeroblob64
[2m[DEBUG][0m ANALYZE [USER]: sqlite3VdbeMemSetZeroBlob
[2m[DEBUG][0m ANALYZE [USER]: sqlite3_result_error_code
[2m[DEBUG][0m ANALYZE [USER]: sqlite3ErrStr
[2m[DEBUG][0m ANALYZE [USER]: sqlite3_result_error_nomem
[2m[DEBUG][0m ANALYZE [USER]: sqlite3OomFault
[2m[DEBUG][0m ANALYZE [USER]: vdbeSafetyNotNull
[2m[DEBUG][0m ANALYZE [USER]: sqlite3Step
[2m[DEBUG][0m ANALYZE [USER]: sqlite3Reprepare
[2m[DEBUG][0m ANALYZE [USER]: sqlite3DbStrDup
[2m[DEBUG][0m ANALYZE [USER]: sqlite3_user_data
[2m[DEBUG][0m ANALYZE [USER]: sqlite3_context_db_handle
[2m[DEBUG][0m ANALYZE [USER]: sqlite3_vtab_nochange
[2m[DEBUG][0m ANALYZE [USER]: sqlite3_vtab_in_first
[2m[DEBUG][0m ANALYZE [USER]: valueFromValueList
[2m[DEBUG][0m NOISE-SKIP [COMPILER_GEN]: sqlite3_vtab_in_next
[2m[DEBUG][0m ANALYZE [USER]: sqlite3_aggregate_context
[2m[DEBUG][0m ANALYZE [USER]: createAggContext
[2m[DEBUG][0m ANALYZE [USER]: sqlite3_get_auxdata
[2m[DEBUG][0m ANALYZE [USER]: sqlite3_set_auxdata
[2m[DEBUG][0m ANALYZE [USER]: sqlite3DbMallocZero
[2m[DEBUG][0m ANALYZE [USER]: sqlite3_aggregate_count
[2m[DEBUG][0m ANALYZE [USER]: sqlite3_column_count
[2m[DEBUG][0m ANALYZE [USER]: sqlite3_data_count
[2m[DEBUG][0m ANALYZE [USER]: sqlite3_column_blob
[2m[DEBUG][0m ANALYZE [USER]: columnMem
[2m[DEBUG][0m ANALYZE [USER]: columnMallocFailure
[2m[DEBUG][0m ANALYZE [USER]: sqlite3_column_bytes
[2m[DEBUG][0m ANALYZE [USER]: sqlite3_column_bytes16
[2m[DEBUG][0m ANALYZE [USER]: sqlite3_column_double
[2m[DEBUG][0m ANALYZE [USER]: sqlite3_column_text
[2m[DEBUG][0m ANALYZE [USER]: sqlite3_column_value
[2m[DEBUG][0m ANALYZE [USER]: sqlite3_column_text16
[2m[DEBUG][0m ANALYZE [USER]: sqlite3_column_type
[2m[DEBUG][0m ANALYZE [USER]: sqlite3_column_name
[2m[DEBUG][0m ANALYZE [USER]: columnName
[2m[DEBUG][0m ANALYZE [USER]: sqlite3_column_name16
[2m[DEBUG][0m ANALYZE [USER]: sqlite3_column_decltype
[2m[DEBUG][0m ANALYZE [USER]: sqlite3_column_decltype16
[2m[DEBUG][0m ANALYZE [USER]: sqlite3_bind_blob
[2m[DEBUG][0m ANALYZE [USER]: bindText
[2m[DEBUG][0m ANALYZE [USER]: sqlite3_bind_blob64
[2m[DEBUG][0m ANALYZE [USER]: sqlite3_bind_double
[2m[DEBUG][0m ANALYZE [USER]: vdbeUnbind
[2m[DEBUG][0m ANALYZE [USER]: sqlite3_bind_int
[2m[DEBUG][0m ANALYZE [USER]: sqlite3_bind_int64
[2m[DEBUG][0m ANALYZE [USER]: sqlite3_bind_null
[2m[DEBUG][0m ANALYZE [USER]: sqlite3_bind_pointer
[2m[DEBUG][0m ANALYZE [USER]: sqlite3_bind_text
[2m[DEBUG][0m ANALYZE [USER]: sqlite3_bind_text64
[2m[DEBUG][0m ANALYZE [USER]: sqlite3_bind_text16
[2m[DEBUG][0m ANALYZE [USER]: sqlite3_bind_value
[2m[DEBUG][0m ANALYZE [USER]: sqlite3_bind_zeroblob
[2m[DEBUG][0m ANALYZE [USER]: sqlite3_bind_zeroblob64
[2m[DEBUG][0m ANALYZE [USER]: sqlite3_bind_parameter_count
[2m[DEBUG][0m ANALYZE [USER]: sqlite3_bind_parameter_name
[2m[DEBUG][0m ANALYZE [USER]: sqlite3VListNumToName
[2m[DEBUG][0m ANALYZE [USER]: sqlite3_bind_parameter_index
[2m[DEBUG][0m ANALYZE [USER]: sqlite3VdbeParameterIndex
[2m[DEBUG][0m ANALYZE [USER]: sqlite3_transfer_bindings
[2m[DEBUG][0m ANALYZE [USER]: sqlite3TransferBindings
[2m[DEBUG][0m ANALYZE [USER]: sqlite3_db_handle
[2m[DEBUG][0m ANALYZE [USER]: sqlite3_stmt_readonly
[2m[DEBUG][0m ANALYZE [USER]: sqlite3_stmt_isexplain
[2m[DEBUG][0m ANALYZE [USER]: sqlite3_stmt_explain
[2m[DEBUG][0m ANALYZE [USER]: sqlite3_stmt_busy
[2m[DEBUG][0m NOISE-SKIP [COMPILER_GEN]: sqlite3_next_stmt
[2m[DEBUG][0m ANALYZE [USER]: sqlite3_stmt_status
[2m[DEBUG][0m ANALYZE [USER]: sqlite3_sql
[2m[DEBUG][0m ANALYZE [USER]: sqlite3_expanded_sql
[2m[DEBUG][0m ANALYZE [USER]: sqlite3VdbeExpandSql
[2m[DEBUG][0m ANALYZE [USER]: sqlite3_value_numeric_type
[2m[DEBUG][0m ANALYZE [USER]: applyNumericAffinity
[2m[DEBUG][0m ANALYZE [USER]: sqlite3_blob_open
[2m[DEBUG][0m ANALYZE [USER]: sqlite3ParseObjectInit
[2m[DEBUG][0m ANALYZE [USER]: sqlite3LocateTable
[2m[DEBUG][0m ANALYZE [USER]: sqlite3ErrorMsg
[2m[DEBUG][0m ANALYZE [USER]: sqlite3SchemaToIndex
[2m[DEBUG][0m ANALYZE [USER]: sqlite3MPrintf
[2m[DEBUG][0m ANALYZE [USER]: sqlite3VdbeCreate
[2m[DEBUG][0m ANALYZE [USER]: sqlite3VdbeAddOp4Int
[2m[DEBUG][0m ANALYZE [USER]: sqlite3VdbeChangeP5
[2m[DEBUG][0m ANALYZE [USER]: sqlite3VdbeAddOpList
[2m[DEBUG][0m ANALYZE [USER]: sqlite3VdbeUsesBtree
[2m[DEBUG][0m ANALYZE [USER]: sqlite3VdbeChangeP4
[2m[DEBUG][0m ANALYZE [USER]: sqlite3VdbeMakeReady
[2m[DEBUG][0m ANALYZE [USER]: blobSeekToRow
[2m[DEBUG][0m ANALYZE [USER]: sqlite3ParseObjectReset
[2m[DEBUG][0m ANALYZE [USER]: sqlite3VdbeFinalize
[2m[DEBUG][0m ANALYZE [USER]: sqlite3_blob_close
[2m[DEBUG][0m ANALYZE [USER]: sqlite3_blob_read
[2m[DEBUG][0m ANALYZE [USER]: blobReadWrite
[2m[DEBUG][0m ANALYZE [USER]: sqlite3BtreePayloadChecked
[2m[DEBUG][0m ANALYZE [USER]: sqlite3_blob_write
[2m[DEBUG][0m ANALYZE [USER]: sqlite3BtreePutData
[2m[DEBUG][0m ANALYZE [USER]: sqlite3_blob_bytes
[2m[DEBUG][0m ANALYZE [USER]: sqlite3_blob_reopen
[2m[DEBUG][0m ANALYZE [USER]: sqlite3_set_authorizer
[2m[DEBUG][0m ANALYZE [USER]: sqlite3ExpirePreparedStatements
[2m[DEBUG][0m ANALYZE [USER]: sqlite3_strglob
[2m[DEBUG][0m ANALYZE [USER]: patternCompare
[2m[DEBUG][0m ANALYZE [USER]: sqlite3_strlike
[2m[DEBUG][0m ANALYZE [USER]: sqlite3SafetyCheckOk
[2m[DEBUG][0m ANALYZE [USER]: sqlite3DbMallocRaw
[2m[DEBUG][0m ANALYZE [USER]: sqlite3_errmsg
[2m[DEBUG][0m ANALYZE [USER]: sqlite3_load_extension
[2m[DEBUG][0m ANALYZE [USER]: sqlite3LoadExtension
[2m[DEBUG][0m ANALYZE [USER]: sqlite3_enable_load_extension
[2m[DEBUG][0m ANALYZE [USER]: sqlite3_auto_extension
[2m[DEBUG][0m ANALYZE [USER]: sqlite3_cancel_auto_extension
[2m[DEBUG][0m ANALYZE [USER]: sqlite3_reset_auto_extension
[2m[DEBUG][0m ANALYZE [USER]: sqlite3_prepare
[2m[DEBUG][0m ANALYZE [USER]: sqlite3LockAndPrepare
[2m[DEBUG][0m ANALYZE [USER]: sqlite3_prepare_v3
[2m[DEBUG][0m ANALYZE [USER]: sqlite3_prepare16
[2m[DEBUG][0m ANALYZE [USER]: sqlite3Prepare16
[2m[DEBUG][0m ANALYZE [USER]: sqlite3_prepare16_v2
[2m[DEBUG][0m ANALYZE [USER]: sqlite3_prepare16_v3
[2m[DEBUG][0m ANALYZE [USER]: sqlite3_get_table
[2m[DEBUG][0m ANALYZE [USER]: sqlite3_get_table_cb
[2m[DEBUG][0m ANALYZE [USER]: sqlite3_free_table
[2m[DEBUG][0m ANALYZE [USER]: sqlite3_create_module
[2m[DEBUG][0m ANALYZE [USER]: createModule
[2m[DEBUG][0m ANALYZE [USER]: sqlite3_create_module_v2
[2m[DEBUG][0m ANALYZE [USER]: sqlite3_drop_modules
[2m[DEBUG][0m ANALYZE [USER]: sqlite3_declare_vtab
[2m[DEBUG][0m ANALYZE [USER]: sqlite3GetToken
[2m[DEBUG][0m ANALYZE [USER]: sqlite3RunParser
[2m[DEBUG][0m ANALYZE [USER]: sqlite3ExprListDelete
[2m[DEBUG][0m ANALYZE [USER]: sqlite3PrimaryKeyIndex
[2m[DEBUG][0m ANALYZE [USER]: sqlite3_vtab_on_conflict
[2m[DEBUG][0m ANALYZE [USER]: sqlite3_vtab_config
[2m[DEBUG][0m ANALYZE [USER]: sqlite3_vtab_collation
[2m[DEBUG][0m ANALYZE [USER]: termFromWhereClause
[2m[DEBUG][0m ANALYZE [USER]: sqlite3ExprCompareCollSeq
[2m[DEBUG][0m ANALYZE [USER]: sqlite3_vtab_in
[2m[DEBUG][0m ANALYZE [USER]: sqlite3_vtab_rhs_value
[2m[DEBUG][0m ANALYZE [USER]: sqlite3ValueFromExpr
[2m[DEBUG][0m ANALYZE [USER]: sqlite3_vtab_distinct
[2m[DEBUG][0m ANALYZE [USER]: sqlite3_keyword_name
[2m[DEBUG][0m ANALYZE [USER]: sqlite3_keyword_count
[2m[DEBUG][0m ANALYZE [USER]: sqlite3_keyword_check
[2m[DEBUG][0m ANALYZE [USER]: sqlite3KeywordCode
[2m[DEBUG][0m ANALYZE [USER]: sqlite3_complete
[2m[DEBUG][0m ANALYZE [USER]: sqlite3_complete16
[2m[DEBUG][0m ANALYZE [USER]: sqlite3ValueNew
[2m[DEBUG][0m ANALYZE [USER]: sqlite3ValueSetStr
[2m[DEBUG][0m ANALYZE [USER]: sqlite3_libversion
[2m[DEBUG][0m ANALYZE [USER]: sqlite3_libversion_number
[2m[DEBUG][0m ANALYZE [USER]: sqlite3_threadsafe
[2m[DEBUG][0m ANALYZE [USER]: sqlite3MemoryBarrier
[2m[DEBUG][0m ANALYZE [USER]: sqlite3MallocInit
[2m[DEBUG][0m ANALYZE [USER]: sqlite3RegisterBuiltinFunctions
[2m[DEBUG][0m ANALYZE [USER]: sqlite3PcacheInitialize
[2m[DEBUG][0m ANALYZE [USER]: sqlite3OsInit
[2m[DEBUG][0m ANALYZE [USER]: sqlite3MemdbInit
[2m[DEBUG][0m ANALYZE [USER]: sqlite3PCacheBufferSetup
[2m[DEBUG][0m ANALYZE [USER]: sqlite3_shutdown
[2m[DEBUG][0m ANALYZE [USER]: sqlite3PcacheShutdown
[2m[DEBUG][0m ANALYZE [USER]: sqlite3MallocEnd
[2m[DEBUG][0m ANALYZE [USER]: sqlite3MutexEnd
[2m[DEBUG][0m ANALYZE [USER]: sqlite3_config
[2m[DEBUG][0m ANALYZE [USER]: sqlite3MemSetDefault
[2m[DEBUG][0m ANALYZE [USER]: sqlite3HeaderSizeBtree
[2m[DEBUG][0m ANALYZE [USER]: sqlite3HeaderSizePcache
[2m[DEBUG][0m ANALYZE [USER]: sqlite3HeaderSizePcache1
[2m[DEBUG][0m ANALYZE [USER]: sqlite3PCacheSetDefault
[2m[DEBUG][0m ANALYZE [USER]: sqlite3_db_mutex
[2m[DEBUG][0m ANALYZE [USER]: sqlite3_db_release_memory
[2m[DEBUG][0m ANALYZE [USER]: sqlite3PagerShrink
[2m[DEBUG][0m ANALYZE [USER]: sqlite3_db_cacheflush
[2m[DEBUG][0m ANALYZE [USER]: sqlite3PagerFlush
[2m[DEBUG][0m ANALYZE [USER]: sqlite3_db_config
[2m[DEBUG][0m ANALYZE [USER]: setupLookaside
[2m[DEBUG][0m ANALYZE [USER]: sqlite3_last_insert_rowid
[2m[DEBUG][0m ANALYZE [USER]: sqlite3_set_last_insert_rowid
[2m[DEBUG][0m ANALYZE [USER]: sqlite3_changes64
[2m[DEBUG][0m ANALYZE [USER]: sqlite3_changes
[2m[DEBUG][0m ANALYZE [USER]: sqlite3_total_changes64
[2m[DEBUG][0m ANALYZE [USER]: sqlite3_total_changes
[2m[DEBUG][0m ANALYZE [USER]: sqlite3_txn_state
[2m[DEBUG][0m ANALYZE [USER]: sqlite3_close
[2m[DEBUG][0m ANALYZE [USER]: sqlite3Close
[2m[DEBUG][0m ANALYZE [USER]: sqlite3_close_v2
[2m[DEBUG][0m ANALYZE [USER]: sqlite3_busy_handler
[2m[DEBUG][0m ANALYZE [USER]: sqlite3_progress_handler
[2m[DEBUG][0m ANALYZE [USER]: sqlite3_busy_timeout
[2m[DEBUG][0m ANALYZE [USER]: sqliteDefaultBusyCallback
[2m[DEBUG][0m ANALYZE [USER]: sqlite3_interrupt
[2m[DEBUG][0m ANALYZE [USER]: sqlite3_is_interrupted
[2m[DEBUG][0m ANALYZE [USER]: sqlite3_create_function
[2m[DEBUG][0m ANALYZE [USER]: createFunctionApi
[2m[DEBUG][0m ANALYZE [USER]: sqlite3_create_function_v2
[2m[DEBUG][0m ANALYZE [USER]: sqlite3_create_window_function
[2m[DEBUG][0m ANALYZE [USER]: sqlite3_create_function16
[2m[DEBUG][0m ANALYZE [USER]: sqlite3Utf16to8
[2m[DEBUG][0m ANALYZE [USER]: sqlite3CreateFunc
[2m[DEBUG][0m ANALYZE [USER]: sqlite3_overload_function
[2m[DEBUG][0m ANALYZE [USER]: sqlite3FindFunction
[2m[DEBUG][0m ANALYZE [USER]: sqlite3InvalidFunction
[2m[DEBUG][0m ANALYZE [USER]: sqlite3_trace
[2m[DEBUG][0m ANALYZE [USER]: sqlite3_trace_v2
[2m[DEBUG][0m ANALYZE [USER]: sqlite3_profile
[2m[DEBUG][0m ANALYZE [USER]: sqlite3_commit_hook
[2m[DEBUG][0m ANALYZE [USER]: sqlite3_update_hook
[2m[DEBUG][0m ANALYZE [USER]: sqlite3_rollback_hook
[2m[DEBUG][0m ANALYZE [USER]: sqlite3_autovacuum_pages
[2m[DEBUG][0m ANALYZE [USER]: sqlite3_wal_autocheckpoint
[2m[DEBUG][0m ANALYZE [USER]: sqlite3_wal_hook
[2m[DEBUG][0m ANALYZE [USER]: sqlite3WalDefaultHook
[2m[DEBUG][0m ANALYZE [USER]: sqlite3_wal_checkpoint_v2
[2m[DEBUG][0m ANALYZE [USER]: sqlite3Checkpoint
[2m[DEBUG][0m ANALYZE [USER]: sqlite3_wal_checkpoint
[2m[DEBUG][0m ANALYZE [USER]: sqlite3SafetyCheckSickOrOk
[2m[DEBUG][0m ANALYZE [USER]: sqlite3_error_offset
[2m[DEBUG][0m ANALYZE [USER]: sqlite3_errmsg16
[2m[DEBUG][0m ANALYZE [USER]: sqlite3OomClear
[2m[DEBUG][0m ANALYZE [USER]: sqlite3_errcode
[2m[DEBUG][0m ANALYZE [USER]: sqlite3_extended_errcode
[2m[DEBUG][0m ANALYZE [USER]: sqlite3_system_errno
[2m[DEBUG][0m ANALYZE [USER]: sqlite3_errstr
[2m[DEBUG][0m ANALYZE [USER]: sqlite3_limit
[2m[DEBUG][0m ANALYZE [USER]: sqlite3_open
[2m[DEBUG][0m ANALYZE [USER]: openDatabase
[2m[DEBUG][0m ANALYZE [USER]: sqlite3_open_v2
[2m[DEBUG][0m ANALYZE [USER]: sqlite3_open16
[2m[DEBUG][0m ANALYZE [USER]: sqlite3_create_collation
[2m[DEBUG][0m ANALYZE [USER]: sqlite3_create_collation_v2
[2m[DEBUG][0m ANALYZE [USER]: createCollation
[2m[DEBUG][0m ANALYZE [USER]: sqlite3_create_collation16
[2m[DEBUG][0m ANALYZE [USER]: sqlite3_collation_needed
[2m[DEBUG][0m ANALYZE [USER]: sqlite3_collation_needed16
[2m[DEBUG][0m ANALYZE [USER]: sqlite3_get_clientdata
[2m[DEBUG][0m ANALYZE [USER]: sqlite3_set_clientdata
[2m[DEBUG][0m ANALYZE [USER]: sqlite3_global_recover
[2m[DEBUG][0m ANALYZE [USER]: sqlite3_get_autocommit
[2m[DEBUG][0m ANALYZE [USER]: sqlite3_thread_cleanup
[2m[DEBUG][0m ANALYZE [USER]: sqlite3_table_column_metadata
[2m[DEBUG][0m ANALYZE [USER]: sqlite3Init
[2m[DEBUG][0m ANALYZE [USER]: sqlite3FindTable
[2m[DEBUG][0m ANALYZE [USER]: sqlite3IsRowid
[2m[DEBUG][0m ANALYZE [USER]: sqlite3ColumnType
[2m[DEBUG][0m ANALYZE [USER]: sqlite3ColumnColl
[2m[DEBUG][0m ANALYZE [USER]: sqlite3_sleep
[2m[DEBUG][0m ANALYZE [USER]: sqlite3OsSleep
[2m[DEBUG][0m ANALYZE [USER]: sqlite3_extended_result_codes
[2m[DEBUG][0m ANALYZE [USER]: sqlite3_file_control
[2m[DEBUG][0m ANALYZE [USER]: sqlite3DbNameToBtree
[2m[DEBUG][0m ANALYZE [USER]: sqlite3PagerVfs
[2m[DEBUG][0m ANALYZE [USER]: sqlite3PagerJrnlFile
[2m[DEBUG][0m ANALYZE [USER]: sqlite3PagerDataVersion
[2m[DEBUG][0m ANALYZE [USER]: sqlite3BtreeGetRequestedReserve
[2m[DEBUG][0m ANALYZE [USER]: sqlite3BtreeSetPageSize
[2m[DEBUG][0m ANALYZE [USER]: sqlite3BtreeClearCache
[2m[DEBUG][0m ANALYZE [USER]: sqlite3OsFileControl
[2m[DEBUG][0m ANALYZE [USER]: sqlite3_test_control
[2m[DEBUG][0m ANALYZE [USER]: sqlite3PrngSaveState
[2m[DEBUG][0m ANALYZE [USER]: sqlite3PrngRestoreState
[2m[DEBUG][0m ANALYZE [USER]: sqlite3BitvecBuiltinTest
[2m[DEBUG][0m ANALYZE [USER]: sqlite3FaultSim
[2m[DEBUG][0m ANALYZE [USER]: sqlite3BenignMallocHooks
[2m[DEBUG][0m ANALYZE [USER]: sqlite3ResultIntReal
[2m[DEBUG][0m ANALYZE [USER]: sqlite3LogEstFromDouble
[2m[DEBUG][0m ANALYZE [USER]: sqlite3LogEstToInt
[2m[DEBUG][0m ANALYZE [USER]: sqlite3LogEst
[2m[DEBUG][0m ANALYZE [USER]: sqlite3_create_filename
[2m[DEBUG][0m ANALYZE [USER]: appendText
[2m[DEBUG][0m ANALYZE [USER]: sqlite3_free_filename
[2m[DEBUG][0m ANALYZE [USER]: databaseName
[2m[DEBUG][0m ANALYZE [USER]: sqlite3_uri_parameter
[2m[DEBUG][0m ANALYZE [USER]: uriParameter
[2m[DEBUG][0m ANALYZE [USER]: sqlite3_uri_key
[2m[DEBUG][0m ANALYZE [USER]: sqlite3_uri_boolean
[2m[DEBUG][0m ANALYZE [USER]: sqlite3GetBoolean
[2m[DEBUG][0m ANALYZE [USER]: sqlite3_uri_int64
[2m[DEBUG][0m ANALYZE [USER]: sqlite3DecOrHexToI64
[2m[DEBUG][0m ANALYZE [USER]: sqlite3_filename_database
[2m[DEBUG][0m ANALYZE [USER]: sqlite3_filename_journal
[2m[DEBUG][0m ANALYZE [USER]: sqlite3_filename_wal
[2m[DEBUG][0m ANALYZE [USER]: sqlite3_db_name
[2m[DEBUG][0m ANALYZE [USER]: sqlite3_db_filename
[2m[DEBUG][0m ANALYZE [USER]: sqlite3BtreeGetFilename
[2m[DEBUG][0m ANALYZE [USER]: sqlite3_db_readonly
[2m[DEBUG][0m ANALYZE [USER]: sqlite3BtreeIsReadonly
[2m[DEBUG][0m ANALYZE [USER]: sqlite3_compileoption_used
[2m[DEBUG][0m ANALYZE [USER]: sqlite3CompileOptions
[2m[DEBUG][0m ANALYZE [USER]: sqlite3IsIdChar
[2m[DEBUG][0m ANALYZE [USER]: sqlite3_compileoption_get
[2m[DEBUG][0m ANALYZE [USER]: sqlite3_rtree_geometry_callback
[2m[DEBUG][0m ANALYZE [USER]: geomCallback
[2m[DEBUG][0m ANALYZE [USER]: rtreeFreeCallback
[2m[DEBUG][0m ANALYZE [USER]: sqlite3_rtree_query_callback
[2m[DEBUG][0m ANALYZE [USER]: sqlite3_sourceid
[2m[DEBUG][0m ANALYZE [USER]: countLookasideSlots
[2m[DEBUG][0m ANALYZE [USER]: sqlite3DefaultMutex
[2m[DEBUG][0m ANALYZE [USER]: sqlite3NoopMutex
[2m[DEBUG][0m ANALYZE [USER]: pthreadMutexInit
[2m[DEBUG][0m ANALYZE [USER]: pthreadMutexEnd
[2m[DEBUG][0m ANALYZE [USER]: pthreadMutexAlloc
[31m[ERROR][0m [MEDIUM] FFI RISK: pthreadMutexAlloc -> pthread_mutex_init
[31m[ERROR][0m   Location: /tmp/sqlite-amalgamation-3470200/sqlite3.c:29737:9
[31m[ERROR][0m   Kind: thread_mgmt
[31m[ERROR][0m   Detail: Initialize mutex - must pthread_mutex_destroy to cleanup
[31m[ERROR][0m   Warning: This function TRANSFERS ownership
[33m[WARN][0m   CONTRACT WARNING: pthread_mutex_init transfers ownership but result may be discarded (leak risk)
[31m[ERROR][0m [MEDIUM] FFI RISK: pthreadMutexAlloc -> pthread_mutex_init
[31m[ERROR][0m   Location: /tmp/sqlite-amalgamation-3470200/sqlite3.c:29749:9
[31m[ERROR][0m   Kind: thread_mgmt
[31m[ERROR][0m   Detail: Initialize mutex - must pthread_mutex_destroy to cleanup
[31m[ERROR][0m   Warning: This function TRANSFERS ownership
[33m[WARN][0m   CONTRACT WARNING: pthread_mutex_init transfers ownership but result may be discarded (leak risk)
[2m[DEBUG][0m ANALYZE [USER]: pthreadMutexFree
[31m[ERROR][0m [HIGH] FFI RISK: pthreadMutexFree -> pthread_mutex_destroy
[31m[ERROR][0m   Location: /tmp/sqlite-amalgamation-3470200/sqlite3.c:29785:5
[31m[ERROR][0m   Kind: thread_mgmt
[31m[ERROR][0m   Detail: Destroy mutex - locked mutex = UB
[31m[ERROR][0m   Warning: This function CONSUMES ownership
[2m[DEBUG][0m ANALYZE [USER]: pthreadMutexEnter
[31m[ERROR][0m [MEDIUM] FFI RISK: pthreadMutexEnter -> pthread_mutex_lock
[31m[ERROR][0m   Location: /tmp/sqlite-amalgamation-3470200/sqlite3.c:29834:3
[31m[ERROR][0m   Kind: thread_mgmt
[31m[ERROR][0m   Detail: Lock mutex - deadlock risk if not unlocked, double-lock risk
[2m[DEBUG][0m ANALYZE [USER]: pthreadMutexTry
[2m[DEBUG][0m ANALYZE [USER]: pthreadMutexLeave
[31m[ERROR][0m [HIGH] FFI RISK: pthreadMutexLeave -> pthread_mutex_unlock
[31m[ERROR][0m   Location: /tmp/sqlite-amalgamation-3470200/sqlite3.c:29918:3
[31m[ERROR][0m   Kind: thread_mgmt
[31m[ERROR][0m   Detail: Unlock mutex - paired with lock, unlock without lock = UB
[31m[ERROR][0m   Warning: This function CONSUMES ownership
[2m[DEBUG][0m ANALYZE [USER]: noopMutexInit
[2m[DEBUG][0m ANALYZE [USER]: noopMutexEnd
[2m[DEBUG][0m ANALYZE [USER]: noopMutexAlloc
[2m[DEBUG][0m ANALYZE [USER]: noopMutexFree
[2m[DEBUG][0m ANALYZE [USER]: noopMutexEnter
[2m[DEBUG][0m ANALYZE [USER]: noopMutexTry
[2m[DEBUG][0m ANALYZE [USER]: noopMutexLeave
[2m[DEBUG][0m ANALYZE [USER]: mallocWithAlarm
[2m[DEBUG][0m ANALYZE [USER]: sqlite3StatusHighwater
[2m[DEBUG][0m ANALYZE [USER]: sqlite3MallocAlarm
[2m[DEBUG][0m ANALYZE [USER]: sqlite3StatusUp
[2m[DEBUG][0m ANALYZE [USER]: sqlite3StrAccumSetError
[2m[DEBUG][0m ANALYZE [USER]: sqlite3ErrorToParser
[2m[DEBUG][0m ANALYZE [USER]: sqlite3DbFreeNN
[2m[DEBUG][0m ANALYZE [USER]: measureAllocationSize
[2m[DEBUG][0m ANALYZE [USER]: sqlite3DbRealloc
[2m[DEBUG][0m ANALYZE [USER]: sqlite3DbMallocRawNN
[2m[DEBUG][0m ANALYZE [USER]: dbReallocFinish
[2m[DEBUG][0m ANALYZE [USER]: dbMallocRawFinish
[2m[DEBUG][0m ANALYZE [USER]: isLookaside
[2m[DEBUG][0m ANALYZE [USER]: lookasideMallocSize
[2m[DEBUG][0m ANALYZE [USER]: strAccumFinishRealloc
[2m[DEBUG][0m ANALYZE [USER]: dekkerMul2
[2m[DEBUG][0m ANALYZE [USER]: autolockIoFinderImpl
[2m[DEBUG][0m ANALYZE [USER]: unixClose
[2m[DEBUG][0m ANALYZE [USER]: unixRead
[2m[DEBUG][0m ANALYZE [USER]: unixWrite
[2m[DEBUG][0m ANALYZE [USER]: unixTruncate
[2m[DEBUG][0m ANALYZE [USER]: unixSync
[2m[DEBUG][0m ANALYZE [USER]: unixFileSize
[2m[DEBUG][0m ANALYZE [USER]: unixLock
[2m[DEBUG][0m ANALYZE [USER]: unixUnlock
[2m[DEBUG][0m ANALYZE [USER]: unixCheckReservedLock
[2m[DEBUG][0m ANALYZE [USER]: unixFileControl
[2m[DEBUG][0m ANALYZE [USER]: unixSectorSize
[2m[DEBUG][0m ANALYZE [USER]: unixDeviceCharacteristics
[2m[DEBUG][0m ANALYZE [USER]: unixShmMap
[2m[DEBUG][0m ANALYZE [USER]: unixShmLock
[2m[DEBUG][0m ANALYZE [USER]: unixShmBarrier
[2m[DEBUG][0m ANALYZE [USER]: unixShmUnmap
[2m[DEBUG][0m ANALYZE [USER]: unixFetch
[2m[DEBUG][0m ANALYZE [USER]: unixUnfetch
[2m[DEBUG][0m ANALYZE [USER]: verifyDbFile
[2m[DEBUG][0m ANALYZE [USER]: unixEnterMutex
[2m[DEBUG][0m ANALYZE [USER]: setPendingFd
[2m[DEBUG][0m ANALYZE [USER]: releaseInodeInfo
[2m[DEBUG][0m ANALYZE [USER]: closeUnixFile
[2m[DEBUG][0m ANALYZE [USER]: unixLeaveMutex
[2m[DEBUG][0m ANALYZE [USER]: fileHasMoved
[2m[DEBUG][0m ANALYZE [USER]: closePendingFds
[2m[DEBUG][0m ANALYZE [USER]: robust_close
[2m[DEBUG][0m ANALYZE [USER]: unixLogErrorAtLine
[2m[DEBUG][0m ANALYZE [USER]: unixUnmapfile
[2m[DEBUG][0m ANALYZE [USER]: seekAndRead
[2m[DEBUG][0m ANALYZE [USER]: storeLastErrno
[2m[DEBUG][0m ANALYZE [USER]: seekAndWrite
[2m[DEBUG][0m ANALYZE [USER]: seekAndWriteFd
[2m[DEBUG][0m ANALYZE [USER]: robust_ftruncate
[2m[DEBUG][0m ANALYZE [USER]: full_fsync
[2m[DEBUG][0m ANALYZE [USER]: unixFileLock
[2m[DEBUG][0m ANALYZE [USER]: sqliteErrorFromPosixError
[2m[DEBUG][0m ANALYZE [USER]: posixUnlock
[2m[DEBUG][0m ANALYZE [USER]: fcntlSizeHint
[2m[DEBUG][0m ANALYZE [USER]: unixModeBit
[2m[DEBUG][0m ANALYZE [USER]: unixGetTempname
[2m[DEBUG][0m ANALYZE [USER]: unixMapfile
[2m[DEBUG][0m ANALYZE [USER]: proxyFileControl
[2m[DEBUG][0m ANALYZE [USER]: unixFcntlExternalReader
[2m[DEBUG][0m ANALYZE [USER]: unixTempFileDir
[2m[DEBUG][0m ANALYZE [USER]: unixRemapfile
[2m[DEBUG][0m ANALYZE [USER]: proxyTakeConch
[2m[DEBUG][0m ANALYZE [USER]: switchLockProxyPath
[2m[DEBUG][0m ANALYZE [USER]: proxyTransformUnixFile
[2m[DEBUG][0m ANALYZE [USER]: proxyClose
[2m[DEBUG][0m ANALYZE [USER]: proxyLock
[2m[DEBUG][0m ANALYZE [USER]: proxyUnlock
[2m[DEBUG][0m ANALYZE [USER]: proxyCheckReservedLock
[2m[DEBUG][0m ANALYZE [USER]: proxyReleaseConch
[2m[DEBUG][0m ANALYZE [USER]: proxyGetHostID
[2m[DEBUG][0m ANALYZE [USER]: proxyConchLock
[2m[DEBUG][0m ANALYZE [USER]: proxyGetLockPath
[2m[DEBUG][0m ANALYZE [USER]: robust_open
[2m[DEBUG][0m ANALYZE [USER]: sqlite3CantopenError
[2m[DEBUG][0m ANALYZE [USER]: proxyCreateUnixFile
[2m[DEBUG][0m ANALYZE [USER]: proxyBreakConchLock
[2m[DEBUG][0m FFI-SKIP: proxyBreakConchLock -> fprintf — safe context
[2m[DEBUG][0m FFI-SKIP: proxyBreakConchLock -> fprintf — safe context
[2m[DEBUG][0m ANALYZE [USER]: sqlite3ReportError
[2m[DEBUG][0m ANALYZE [USER]: findReusableFd
[2m[DEBUG][0m ANALYZE [USER]: proxyCreateLockPath
[2m[DEBUG][0m ANALYZE [USER]: fillInUnixFile
[2m[DEBUG][0m ANALYZE [USER]: findInodeInfo
[2m[DEBUG][0m ANALYZE [USER]: proxyGetDbPathForUnixFile
[2m[DEBUG][0m ANALYZE [USER]: proxyCreateConchPathname
[2m[DEBUG][0m ANALYZE [USER]: setDeviceCharacteristics
[2m[DEBUG][0m ANALYZE [USER]: unixShmRegionPerMap
[2m[DEBUG][0m ANALYZE [USER]: unixOpenSharedMemory
[2m[DEBUG][0m ANALYZE [USER]: unixLockSharedMemory
[2m[DEBUG][0m ANALYZE [USER]: robustFchown
[2m[DEBUG][0m ANALYZE [USER]: unixShmPurge
[2m[DEBUG][0m ANALYZE [USER]: unixShmSystemLock
[2m[DEBUG][0m ANALYZE [USER]: afpClose
[2m[DEBUG][0m ANALYZE [USER]: afpLock
[2m[DEBUG][0m ANALYZE [USER]: afpUnlock
[2m[DEBUG][0m ANALYZE [USER]: afpCheckReservedLock
[2m[DEBUG][0m ANALYZE [USER]: afpSetLock
[2m[DEBUG][0m ANALYZE [USER]: nolockClose
[2m[DEBUG][0m ANALYZE [USER]: nolockLock
[2m[DEBUG][0m ANALYZE [USER]: nolockUnlock
[2m[DEBUG][0m ANALYZE [USER]: nolockCheckReservedLock
[2m[DEBUG][0m ANALYZE [USER]: posixOpen
[2m[DEBUG][0m ANALYZE [USER]: openDirectory
[2m[DEBUG][0m ANALYZE [USER]: unixGetpagesize
[2m[DEBUG][0m ANALYZE [USER]: nfsUnlock
[2m[DEBUG][0m ANALYZE [USER]: dotlockClose
[2m[DEBUG][0m ANALYZE [USER]: dotlockLock
[2m[DEBUG][0m ANALYZE [USER]: dotlockUnlock
[2m[DEBUG][0m ANALYZE [USER]: dotlockCheckReservedLock
[2m[DEBUG][0m ANALYZE [USER]: findCreateFileMode
[2m[DEBUG][0m ANALYZE [USER]: getFileMode
[2m[DEBUG][0m ANALYZE [USER]: appendAllPathElements
[2m[DEBUG][0m ANALYZE [USER]: appendOnePathElement
[2m[DEBUG][0m ANALYZE [USER]: nolockIoFinderImpl
[2m[DEBUG][0m ANALYZE [USER]: dotlockIoFinderImpl
[2m[DEBUG][0m ANALYZE [USER]: posixIoFinderImpl
[2m[DEBUG][0m ANALYZE [USER]: flockIoFinderImpl
[2m[DEBUG][0m ANALYZE [USER]: flockClose
[2m[DEBUG][0m ANALYZE [USER]: flockLock
[2m[DEBUG][0m ANALYZE [USER]: flockUnlock
[2m[DEBUG][0m ANALYZE [USER]: flockCheckReservedLock
[2m[DEBUG][0m ANALYZE [USER]: robust_flock
[2m[DEBUG][0m ANALYZE [USER]: afpIoFinderImpl
[2m[DEBUG][0m ANALYZE [USER]: nfsIoFinderImpl
[2m[DEBUG][0m ANALYZE [USER]: proxyIoFinderImpl
[2m[DEBUG][0m ANALYZE [USER]: memdbEnter
[2m[DEBUG][0m ANALYZE [USER]: memdbLeave
[2m[DEBUG][0m ANALYZE [USER]: memdbClose
[2m[DEBUG][0m ANALYZE [USER]: memdbRead
[2m[DEBUG][0m ANALYZE [USER]: memdbWrite
[2m[DEBUG][0m ANALYZE [USER]: memdbTruncate
[2m[DEBUG][0m ANALYZE [USER]: memdbSync
[2m[DEBUG][0m ANALYZE [USER]: memdbFileSize
[2m[DEBUG][0m ANALYZE [USER]: memdbLock
[2m[DEBUG][0m ANALYZE [USER]: memdbUnlock
[2m[DEBUG][0m ANALYZE [USER]: memdbFileControl
[2m[DEBUG][0m ANALYZE [USER]: memdbDeviceCharacteristics
[2m[DEBUG][0m ANALYZE [USER]: memdbFetch
[2m[DEBUG][0m ANALYZE [USER]: memdbUnfetch
[2m[DEBUG][0m ANALYZE [USER]: memdbEnlarge
[2m[DEBUG][0m ANALYZE [USER]: sqlite3PagerUnrefNotNull
[2m[DEBUG][0m ANALYZE [USER]: pagerReleaseMapPage
[2m[DEBUG][0m ANALYZE [USER]: sqlite3PcacheRelease
[2m[DEBUG][0m ANALYZE [USER]: sqlite3OsUnfetch
[2m[DEBUG][0m ANALYZE [USER]: pcacheUnpin
[2m[DEBUG][0m ANALYZE [USER]: pcacheManageDirtyList
[2m[DEBUG][0m ANALYZE [USER]: sqlite3PcachePagecount
[2m[DEBUG][0m ANALYZE [USER]: btreeEnterAll
[2m[DEBUG][0m ANALYZE [USER]: btreeLeaveAll
[2m[DEBUG][0m ANALYZE [USER]: sqlite3SystemError
[2m[DEBUG][0m ANALYZE [USER]: sqlite3VMPrintf
[2m[DEBUG][0m ANALYZE [USER]: sqlite3OsGetLastError
[2m[DEBUG][0m ANALYZE [USER]: sqlite3ErrorFinish
[2m[DEBUG][0m ANALYZE [USER]: sqlite3ValueSetNull
[2m[DEBUG][0m ANALYZE [USER]: sqlite3OpenTempDatabase
[2m[DEBUG][0m ANALYZE [USER]: sqlite3BtreeOpen
[2m[DEBUG][0m ANALYZE [USER]: sqlite3TempInMemory
[2m[DEBUG][0m ANALYZE [USER]: sqlite3OsFullPathname
[2m[DEBUG][0m ANALYZE [USER]: sqlite3PagerFilename
[2m[DEBUG][0m ANALYZE [USER]: sqlite3PagerOpen
[2m[DEBUG][0m ANALYZE [USER]: pageReinit
[2m[DEBUG][0m ANALYZE [USER]: sqlite3PagerSetMmapLimit
[2m[DEBUG][0m ANALYZE [USER]: sqlite3PagerReadFileheader
[2m[DEBUG][0m ANALYZE [USER]: sqlite3PagerSetBusyHandler
[2m[DEBUG][0m ANALYZE [USER]: btreeInvokeBusyHandler
[2m[DEBUG][0m ANALYZE [USER]: sqlite3PagerIsreadonly
[2m[DEBUG][0m ANALYZE [USER]: sqlite3Get4byte
[2m[DEBUG][0m ANALYZE [USER]: sqlite3PagerSetPagesize
[2m[DEBUG][0m ANALYZE [USER]: sqlite3PagerClose
[2m[DEBUG][0m ANALYZE [USER]: sqlite3BtreeSchema
[2m[DEBUG][0m ANALYZE [USER]: sqlite3BtreeSetCacheSize
[2m[DEBUG][0m ANALYZE [USER]: sqlite3OsFileControlHint
[2m[DEBUG][0m ANALYZE [USER]: sqlite3IsMemdb
[2m[DEBUG][0m ANALYZE [USER]: memdbOpen
[2m[DEBUG][0m ANALYZE [USER]: memdbAccess
[2m[DEBUG][0m ANALYZE [USER]: memdbFullPathname
[2m[DEBUG][0m ANALYZE [USER]: memdbDlOpen
[2m[DEBUG][0m ANALYZE [USER]: memdbDlError
[2m[DEBUG][0m ANALYZE [USER]: memdbDlSym
[2m[DEBUG][0m ANALYZE [USER]: memdbDlClose
[2m[DEBUG][0m ANALYZE [USER]: memdbRandomness
[2m[DEBUG][0m ANALYZE [USER]: memdbSleep
[2m[DEBUG][0m ANALYZE [USER]: memdbGetLastError
[2m[DEBUG][0m ANALYZE [USER]: memdbCurrentTimeInt64
[2m[DEBUG][0m ANALYZE [USER]: sqlite3PcacheSize
[2m[DEBUG][0m ANALYZE [USER]: sqlite3JournalSize
[2m[DEBUG][0m ANALYZE [USER]: sqlite3OsOpen
[2m[DEBUG][0m ANALYZE [USER]: sqlite3OsDeviceCharacteristics
[2m[DEBUG][0m ANALYZE [USER]: setSectorSize
[2m[DEBUG][0m ANALYZE [USER]: sqlite3PcacheOpen
[2m[DEBUG][0m ANALYZE [USER]: pagerStress
[2m[DEBUG][0m ANALYZE [USER]: sqlite3OsClose
[2m[DEBUG][0m ANALYZE [USER]: sqlite3PageFree
[2m[DEBUG][0m ANALYZE [USER]: sqlite3PagerSetFlags
[2m[DEBUG][0m ANALYZE [USER]: setGetterMethod
[2m[DEBUG][0m ANALYZE [USER]: sqlite3SectorSize
[2m[DEBUG][0m ANALYZE [USER]: sqlite3OsSectorSize
[2m[DEBUG][0m ANALYZE [USER]: sqlite3PcacheSetPageSize
[2m[DEBUG][0m ANALYZE [USER]: numberOfCachePages
[2m[DEBUG][0m ANALYZE [USER]: subjournalPageIfRequired
[2m[DEBUG][0m ANALYZE [USER]: pagerWalFrames
[2m[DEBUG][0m ANALYZE [USER]: syncJournal
[2m[DEBUG][0m ANALYZE [USER]: pager_write_pagelist
[2m[DEBUG][0m ANALYZE [USER]: sqlite3PcacheMakeClean
[2m[DEBUG][0m ANALYZE [USER]: pager_error
[2m[DEBUG][0m ANALYZE [USER]: subjRequiresPage
[2m[DEBUG][0m ANALYZE [USER]: subjournalPage
[2m[DEBUG][0m ANALYZE [USER]: sqlite3BitvecTestNotNull
[2m[DEBUG][0m ANALYZE [USER]: openSubJournal
[2m[DEBUG][0m ANALYZE [USER]: write32bits
[2m[DEBUG][0m ANALYZE [USER]: addToSavepointBitvecs
[2m[DEBUG][0m ANALYZE [USER]: sqlite3JournalOpen
[2m[DEBUG][0m ANALYZE [USER]: memjrnlClose
[2m[DEBUG][0m ANALYZE [USER]: memjrnlRead
[2m[DEBUG][0m ANALYZE [USER]: memjrnlWrite
[2m[DEBUG][0m ANALYZE [USER]: memjrnlTruncate
[2m[DEBUG][0m ANALYZE [USER]: memjrnlSync
[2m[DEBUG][0m ANALYZE [USER]: memjrnlFileSize
[2m[DEBUG][0m ANALYZE [USER]: memjrnlFreeChunks
[2m[DEBUG][0m ANALYZE [USER]: memjrnlCreateFile
[2m[DEBUG][0m ANALYZE [USER]: sqlite3Put4byte
[2m[DEBUG][0m ANALYZE [USER]: sqlite3BitvecSet
[2m[DEBUG][0m ANALYZE [USER]: sqlite3BitvecCreate
[2m[DEBUG][0m ANALYZE [USER]: pager_write_changecounter
[2m[DEBUG][0m ANALYZE [USER]: sqlite3WalFrames
[2m[DEBUG][0m ANALYZE [USER]: sqlite3BackupUpdate
[2m[DEBUG][0m ANALYZE [USER]: walFrames
[2m[DEBUG][0m ANALYZE [USER]: walIndexHdr
[2m[DEBUG][0m ANALYZE [USER]: walRestartLog
[2m[DEBUG][0m ANALYZE [USER]: walChecksumBytes
[2m[DEBUG][0m ANALYZE [USER]: sqlite3OsSync
[2m[DEBUG][0m ANALYZE [USER]: sqlite3CorruptError
[2m[DEBUG][0m ANALYZE [USER]: walFindFrame
[2m[DEBUG][0m ANALYZE [USER]: walWriteOneFrame
[2m[DEBUG][0m ANALYZE [USER]: walRewriteChecksums
[2m[DEBUG][0m ANALYZE [USER]: walLimitSize
[2m[DEBUG][0m ANALYZE [USER]: walIndexAppend
[2m[DEBUG][0m ANALYZE [USER]: walIndexWriteHdr
[2m[DEBUG][0m ANALYZE [USER]: walCkptInfo
[2m[DEBUG][0m ANALYZE [USER]: walLockExclusive
[2m[DEBUG][0m ANALYZE [USER]: walRestartHdr
[2m[DEBUG][0m ANALYZE [USER]: walUnlockExclusive
[2m[DEBUG][0m ANALYZE [USER]: walUnlockShared
[2m[DEBUG][0m ANALYZE [USER]: walTryBeginRead
[2m[DEBUG][0m ANALYZE [USER]: sqlite3OsShmLock
[2m[DEBUG][0m ANALYZE [USER]: walIndexReadHdr
[2m[DEBUG][0m ANALYZE [USER]: walLockShared
[2m[DEBUG][0m ANALYZE [USER]: walBeginShmUnreliable
[2m[DEBUG][0m ANALYZE [USER]: walShmBarrier
[2m[DEBUG][0m ANALYZE [USER]: walIndexPage
[2m[DEBUG][0m ANALYZE [USER]: walIndexTryHdr
[2m[DEBUG][0m ANALYZE [USER]: walIndexRecover
[2m[DEBUG][0m ANALYZE [USER]: walIndexClose
[2m[DEBUG][0m ANALYZE [USER]: walIndexPageRealloc
[2m[DEBUG][0m ANALYZE [USER]: sqlite3OsShmMap
[2m[DEBUG][0m ANALYZE [USER]: sqlite3OsFileSize
[2m[DEBUG][0m ANALYZE [USER]: sqlite3OsRead
[2m[DEBUG][0m ANALYZE [USER]: walFramePage
[2m[DEBUG][0m ANALYZE [USER]: walDecodeFrame
[2m[DEBUG][0m ANALYZE [USER]: sqlite3OsShmUnmap
[2m[DEBUG][0m ANALYZE [USER]: sqlite3WalEndReadTransaction
[2m[DEBUG][0m ANALYZE [USER]: sqlite3WalEndWriteTransaction
[2m[DEBUG][0m ANALYZE [USER]: sqlite3OsShmBarrier
[2m[DEBUG][0m ANALYZE [USER]: walHashGet
[2m[DEBUG][0m ANALYZE [USER]: walHash
[2m[DEBUG][0m ANALYZE [USER]: walNextHash
[2m[DEBUG][0m ANALYZE [USER]: walEncodeFrame
[2m[DEBUG][0m ANALYZE [USER]: walWriteToLog
[2m[DEBUG][0m ANALYZE [USER]: sqlite3BeginBenignMalloc
[2m[DEBUG][0m ANALYZE [USER]: sqlite3OsTruncate
[2m[DEBUG][0m ANALYZE [USER]: sqlite3EndBenignMalloc
[2m[DEBUG][0m ANALYZE [USER]: walCleanupHash
[2m[DEBUG][0m ANALYZE [USER]: backupUpdate
[2m[DEBUG][0m ANALYZE [USER]: sqlite3PagerExclusiveLock
[2m[DEBUG][0m ANALYZE [USER]: journalHdrOffset
[2m[DEBUG][0m ANALYZE [USER]: writeJournalHdr
[2m[DEBUG][0m ANALYZE [USER]: sqlite3PcacheClearSyncFlags
[2m[DEBUG][0m ANALYZE [USER]: pager_wait_on_lock
[2m[DEBUG][0m ANALYZE [USER]: pagerLockDb
[2m[DEBUG][0m ANALYZE [USER]: sqlite3OsLock
[2m[DEBUG][0m ANALYZE [USER]: pagerOpentemp
[2m[DEBUG][0m ANALYZE [USER]: pcache1Free
[2m[DEBUG][0m ANALYZE [USER]: getPageError
[2m[DEBUG][0m ANALYZE [USER]: getPageMMap
[2m[DEBUG][0m ANALYZE [USER]: getPageNormal
[2m[DEBUG][0m ANALYZE [USER]: sqlite3WalFindFrame
[2m[DEBUG][0m ANALYZE [USER]: sqlite3OsFetch
[2m[DEBUG][0m ANALYZE [USER]: sqlite3PagerLookup
[2m[DEBUG][0m ANALYZE [USER]: pagerAcquireMapPage
[2m[DEBUG][0m ANALYZE [USER]: sqlite3PcacheFetch
[2m[DEBUG][0m ANALYZE [USER]: sqlite3PcacheFetchFinish
[2m[DEBUG][0m ANALYZE [USER]: pcacheFetchFinishWithInit
[2m[DEBUG][0m ANALYZE [USER]: sqlite3PcacheFetchStress
[2m[DEBUG][0m ANALYZE [USER]: readDbPage
[2m[DEBUG][0m ANALYZE [USER]: sqlite3PcacheDrop
[2m[DEBUG][0m ANALYZE [USER]: pagerUnlockIfUnused
[2m[DEBUG][0m ANALYZE [USER]: sqlite3WalReadFrame
[2m[DEBUG][0m ANALYZE [USER]: sqlite3PcacheRefCount
[2m[DEBUG][0m ANALYZE [USER]: pagerUnlockAndRollback
[2m[DEBUG][0m ANALYZE [USER]: sqlite3PagerRollback
[2m[DEBUG][0m ANALYZE [USER]: pager_end_transaction
[2m[DEBUG][0m ANALYZE [USER]: pager_playback
[2m[DEBUG][0m ANALYZE [USER]: pager_unlock
[2m[DEBUG][0m ANALYZE [USER]: sqlite3PagerSavepoint
[2m[DEBUG][0m ANALYZE [USER]: sqlite3BitvecDestroy
[2m[DEBUG][0m ANALYZE [USER]: sqlite3JournalIsInMemory
[2m[DEBUG][0m ANALYZE [USER]: pagerPlaybackSavepoint
[2m[DEBUG][0m ANALYZE [USER]: pagerRollbackWal
[2m[DEBUG][0m ANALYZE [USER]: pager_playback_one_page
[2m[DEBUG][0m ANALYZE [USER]: readJournalHdr
[2m[DEBUG][0m ANALYZE [USER]: sqlite3WalSavepointUndo
[2m[DEBUG][0m ANALYZE [USER]: sqlite3WalUndo
[2m[DEBUG][0m ANALYZE [USER]: pagerUndoCallback
[2m[DEBUG][0m ANALYZE [USER]: sqlite3PcacheDirtyList
[2m[DEBUG][0m ANALYZE [USER]: walFramePgno
[2m[DEBUG][0m ANALYZE [USER]: sqlite3PcachePageRefcount
[2m[DEBUG][0m ANALYZE [USER]: sqlite3BackupRestart
[2m[DEBUG][0m ANALYZE [USER]: pcacheSortDirtyList
[2m[DEBUG][0m ANALYZE [USER]: pcacheMergeDirtyList
[2m[DEBUG][0m ANALYZE [USER]: read32bits
[2m[DEBUG][0m ANALYZE [USER]: sqlite3BitvecTest
[2m[DEBUG][0m ANALYZE [USER]: pager_cksum
[2m[DEBUG][0m ANALYZE [USER]: sqlite3PcacheMakeDirty
[2m[DEBUG][0m ANALYZE [USER]: releaseAllSavepoints
[2m[DEBUG][0m ANALYZE [USER]: zeroJournalHdr
[2m[DEBUG][0m ANALYZE [USER]: sqlite3OsDelete
[2m[DEBUG][0m ANALYZE [USER]: pagerFlushOnCommit
[2m[DEBUG][0m ANALYZE [USER]: sqlite3PcacheCleanAll
[2m[DEBUG][0m ANALYZE [USER]: sqlite3PcacheClearWritable
[2m[DEBUG][0m ANALYZE [USER]: sqlite3PcacheTruncate
[2m[DEBUG][0m ANALYZE [USER]: pager_truncate
[2m[DEBUG][0m ANALYZE [USER]: sqlite3WalExclusiveMode
[2m[DEBUG][0m ANALYZE [USER]: pagerUnlockDb
[2m[DEBUG][0m ANALYZE [USER]: sqlite3PCachePercentDirty
[2m[DEBUG][0m ANALYZE [USER]: sqlite3OsUnlock
[2m[DEBUG][0m ANALYZE [USER]: readSuperJournal
[2m[DEBUG][0m ANALYZE [USER]: sqlite3OsAccess
[2m[DEBUG][0m ANALYZE [USER]: pager_reset
[2m[DEBUG][0m ANALYZE [USER]: pager_delsuper
[2m[DEBUG][0m ANALYZE [USER]: sqlite3PcacheClear
[2m[DEBUG][0m ANALYZE [USER]: sqlite3PagerGetExtra
[2m[DEBUG][0m ANALYZE [USER]: sqlite3PagerPageRefcount
[2m[DEBUG][0m ANALYZE [USER]: btreeInitPage
[2m[DEBUG][0m ANALYZE [USER]: decodeFlags
[2m[DEBUG][0m ANALYZE [USER]: btreeCellSizeCheck
[2m[DEBUG][0m ANALYZE [USER]: cellSizePtrTableLeaf
[2m[DEBUG][0m ANALYZE [USER]: btreeParseCellPtr
[2m[DEBUG][0m ANALYZE [USER]: cellSizePtrIdxLeaf
[2m[DEBUG][0m ANALYZE [USER]: btreeParseCellPtrIndex
[2m[DEBUG][0m ANALYZE [USER]: cellSizePtr
[2m[DEBUG][0m ANALYZE [USER]: cellSizePtrNoPayload
[2m[DEBUG][0m ANALYZE [USER]: btreeParseCellPtrNoPayload
[2m[DEBUG][0m ANALYZE [USER]: btreeParseCellAdjustSizeForOverflow
[2m[DEBUG][0m ANALYZE [USER]: sqlite3GetVarint
[2m[DEBUG][0m ANALYZE [USER]: pagerFixMaplimit
[2m[DEBUG][0m ANALYZE [USER]: sqlite3InvokeBusyHandler
[2m[DEBUG][0m ANALYZE [USER]: sqlite3PageMalloc
[2m[DEBUG][0m ANALYZE [USER]: pcache1Alloc
[2m[DEBUG][0m ANALYZE [USER]: pagerFreeMapHdrs
[2m[DEBUG][0m ANALYZE [USER]: databaseIsUnmoved
[2m[DEBUG][0m ANALYZE [USER]: sqlite3WalClose
[2m[DEBUG][0m ANALYZE [USER]: pagerSyncHotJournal
[2m[DEBUG][0m ANALYZE [USER]: sqlite3PcacheClose
[2m[DEBUG][0m ANALYZE [USER]: sqlite3WalCheckpoint
[2m[DEBUG][0m ANALYZE [USER]: walBusyLock
[2m[DEBUG][0m ANALYZE [USER]: walPagesize
[2m[DEBUG][0m ANALYZE [USER]: walCheckpoint
[2m[DEBUG][0m NOISE-SKIP [COMPILER_GEN]: walIteratorInit
[2m[DEBUG][0m NOISE-SKIP [COMPILER_GEN]: walIteratorNext
[2m[DEBUG][0m NOISE-SKIP [COMPILER_GEN]: walIteratorFree
[2m[DEBUG][0m ANALYZE [USER]: walMergesort
[2m[DEBUG][0m ANALYZE [USER]: walMerge
[2m[DEBUG][0m ANALYZE [USER]: sqlite3PagerSetCachesize
[2m[DEBUG][0m ANALYZE [USER]: sqlite3PcacheSetCachesize
[2m[DEBUG][0m ANALYZE [USER]: btreeLockCarefully
[2m[DEBUG][0m ANALYZE [USER]: unlockBtreeMutex
[2m[DEBUG][0m ANALYZE [USER]: lockBtreeMutex
[2m[DEBUG][0m ANALYZE [USER]: btreeBeginTrans
[2m[DEBUG][0m ANALYZE [USER]: sqlite3PagerOpenSavepoint
[2m[DEBUG][0m ANALYZE [USER]: querySharedCacheTableLock
[2m[DEBUG][0m ANALYZE [USER]: lockBtree
[2m[DEBUG][0m ANALYZE [USER]: sqlite3PagerBegin
[2m[DEBUG][0m ANALYZE [USER]: newDatabase
[2m[DEBUG][0m ANALYZE [USER]: unlockBtreeIfUnused
[2m[DEBUG][0m ANALYZE [USER]: sqlite3PagerSharedLock
[2m[DEBUG][0m ANALYZE [USER]: btreeGetPage
[2m[DEBUG][0m ANALYZE [USER]: sqlite3PagerOpenWal
[2m[DEBUG][0m ANALYZE [USER]: releasePageOne
[2m[DEBUG][0m ANALYZE [USER]: freeTempSpace
[2m[DEBUG][0m ANALYZE [USER]: sqlite3WritableSchema
[2m[DEBUG][0m ANALYZE [USER]: hasHotJournal
[2m[DEBUG][0m ANALYZE [USER]: pagerOpenWalIfPresent
[2m[DEBUG][0m ANALYZE [USER]: pagerBeginReadTransaction
[2m[DEBUG][0m ANALYZE [USER]: pagerPagecount
[2m[DEBUG][0m ANALYZE [USER]: sqlite3OsCheckReservedLock
[2m[DEBUG][0m ANALYZE [USER]: sqlite3WalBeginReadTransaction
[2m[DEBUG][0m ANALYZE [USER]: walBeginReadTransaction
[2m[DEBUG][0m ANALYZE [USER]: sqlite3WalDbsize
[2m[DEBUG][0m ANALYZE [USER]: btreePageFromDbPage
[2m[DEBUG][0m ANALYZE [USER]: sqlite3PagerWalSupported
[2m[DEBUG][0m ANALYZE [USER]: pagerOpenWal
[2m[DEBUG][0m ANALYZE [USER]: pagerExclusiveLock
[2m[DEBUG][0m ANALYZE [USER]: sqlite3WalOpen
[2m[DEBUG][0m ANALYZE [USER]: sqlite3PagerUnrefPageOne
[2m[DEBUG][0m ANALYZE [USER]: sqlite3WalBeginWriteTransaction
[2m[DEBUG][0m ANALYZE [USER]: zeroPage
[2m[DEBUG][0m ANALYZE [USER]: pagerOpenSavepoint
[2m[DEBUG][0m ANALYZE [USER]: sqlite3WalSavepoint
[2m[DEBUG][0m ANALYZE [USER]: btreePagecount
[2m[DEBUG][0m ANALYZE [USER]: pagerWriteLargeSector
[2m[DEBUG][0m ANALYZE [USER]: pager_write
[2m[DEBUG][0m ANALYZE [USER]: pager_open_journal
[2m[DEBUG][0m ANALYZE [USER]: pagerAddPageToRollbackJournal
[2m[DEBUG][0m ANALYZE [USER]: sqlite3MemJournalOpen
[2m[DEBUG][0m ANALYZE [USER]: jrnlBufferSize
[2m[DEBUG][0m ANALYZE [USER]: pager_incr_changecounter
[2m[DEBUG][0m ANALYZE [USER]: writeSuperJournal
[2m[DEBUG][0m ANALYZE [USER]: sqlite3PagerCommitPhaseTwo
[2m[DEBUG][0m ANALYZE [USER]: btreeClearHasContent
[2m[DEBUG][0m ANALYZE [USER]: btreeEndTransaction
[2m[DEBUG][0m ANALYZE [USER]: downgradeAllSharedCacheTableLocks
[2m[DEBUG][0m ANALYZE [USER]: clearAllSharedCacheTableLocks
[2m[DEBUG][0m ANALYZE [USER]: autoVacuumCommit
[2m[DEBUG][0m ANALYZE [USER]: invalidateAllOverflowCache
[2m[DEBUG][0m ANALYZE [USER]: ptrmapPageno
[2m[DEBUG][0m ANALYZE [USER]: finalDbSize
[2m[DEBUG][0m ANALYZE [USER]: saveAllCursors
[2m[DEBUG][0m ANALYZE [USER]: incrVacuumStep
[2m[DEBUG][0m ANALYZE [USER]: saveCursorsOnList
[2m[DEBUG][0m ANALYZE [USER]: saveCursorPosition
[2m[DEBUG][0m ANALYZE [USER]: btreeReleaseAllCursorPages
[2m[DEBUG][0m ANALYZE [USER]: saveCursorKey
[2m[DEBUG][0m ANALYZE [USER]: sqlite3BtreeIntegerKey
[2m[DEBUG][0m ANALYZE [USER]: sqlite3BtreePayloadSize
[2m[DEBUG][0m ANALYZE [USER]: sqlite3BtreePayload
[2m[DEBUG][0m ANALYZE [USER]: getCellInfo
[2m[DEBUG][0m ANALYZE [USER]: btreeParseCell
[2m[DEBUG][0m ANALYZE [USER]: accessPayload
[2m[DEBUG][0m ANALYZE [USER]: copyPayload
[2m[DEBUG][0m ANALYZE [USER]: getOverflowPage
[2m[DEBUG][0m ANALYZE [USER]: sqlite3PagerDirectReadOk
[2m[DEBUG][0m ANALYZE [USER]: ptrmapGet
[2m[DEBUG][0m ANALYZE [USER]: releasePage
[2m[DEBUG][0m ANALYZE [USER]: releasePageNotNull
[2m[DEBUG][0m ANALYZE [USER]: sqlite3PCacheIsDirty
[2m[DEBUG][0m ANALYZE [USER]: allocateBtreePage
[2m[DEBUG][0m ANALYZE [USER]: relocatePage
[2m[DEBUG][0m ANALYZE [USER]: btreeGetUnusedPage
[2m[DEBUG][0m ANALYZE [USER]: sqlite3AbsInt32
[2m[DEBUG][0m ANALYZE [USER]: btreeGetHasContent
[2m[DEBUG][0m ANALYZE [USER]: sqlite3BitvecSize
[2m[DEBUG][0m ANALYZE [USER]: sqlite3PagerMovepage
[2m[DEBUG][0m ANALYZE [USER]: setChildPtrmaps
[2m[DEBUG][0m ANALYZE [USER]: ptrmapPut
[2m[DEBUG][0m ANALYZE [USER]: modifyPagePointer
[2m[DEBUG][0m ANALYZE [USER]: sqlite3PcacheMove
[2m[DEBUG][0m ANALYZE [USER]: sqlite3BitvecClear
[2m[DEBUG][0m ANALYZE [USER]: ptrmapPutOvflPtr
[2m[DEBUG][0m ANALYZE [USER]: sqlite3BtreeTripAllCursors
[2m[DEBUG][0m ANALYZE [USER]: btreeSetNPage
[2m[DEBUG][0m ANALYZE [USER]: sqlite3BtreeClearCursor
[2m[DEBUG][0m ANALYZE [USER]: sqlite3VdbeClearObject
[2m[DEBUG][0m ANALYZE [USER]: sqlite3DbNNFreeNN
[2m[DEBUG][0m ANALYZE [USER]: releaseMemArray
[2m[DEBUG][0m ANALYZE [USER]: vdbeFreeOpArray
[2m[DEBUG][0m ANALYZE [USER]: freeP4
[2m[DEBUG][0m ANALYZE [USER]: freeP4FuncCtx
[2m[DEBUG][0m ANALYZE [USER]: sqlite3KeyInfoUnref
[2m[DEBUG][0m ANALYZE [USER]: freeEphemeralFunction
[2m[DEBUG][0m ANALYZE [USER]: freeP4Mem
[2m[DEBUG][0m ANALYZE [USER]: sqlite3VtabUnlock
[2m[DEBUG][0m ANALYZE [USER]: sqlite3VtabModuleUnref
[2m[DEBUG][0m ANALYZE [USER]: sqlite3OsCurrentTimeInt64
[2m[DEBUG][0m ANALYZE [USER]: sqlite3VdbeHalt
[2m[DEBUG][0m ANALYZE [USER]: sqlite3VdbeTransferError
[2m[DEBUG][0m ANALYZE [USER]: closeAllCursors
[2m[DEBUG][0m ANALYZE [USER]: sqlite3VdbeEnter
[2m[DEBUG][0m ANALYZE [USER]: sqlite3RollbackAll
[2m[DEBUG][0m ANALYZE [USER]: sqlite3CloseSavepoints
[2m[DEBUG][0m ANALYZE [USER]: sqlite3VdbeCheckFk
[2m[DEBUG][0m ANALYZE [USER]: sqlite3VdbeLeave
[2m[DEBUG][0m ANALYZE [USER]: vdbeCommit
[2m[DEBUG][0m ANALYZE [USER]: sqlite3CommitInternalChanges
[2m[DEBUG][0m ANALYZE [USER]: sqlite3VdbeCloseStatement
[2m[DEBUG][0m ANALYZE [USER]: sqlite3VdbeSetChanges
[2m[DEBUG][0m ANALYZE [USER]: sqlite3VdbeFrameRestore
[2m[DEBUG][0m ANALYZE [USER]: closeCursorsInFrame
[2m[DEBUG][0m ANALYZE [USER]: sqlite3VdbeFrameDelete
[2m[DEBUG][0m ANALYZE [USER]: sqlite3VdbeDeleteAuxData
[2m[DEBUG][0m ANALYZE [USER]: sqlite3VdbeFreeCursorNN
[2m[DEBUG][0m ANALYZE [USER]: freeCursorWithCache
[2m[DEBUG][0m ANALYZE [USER]: sqlite3VdbeSorterClose
[2m[DEBUG][0m ANALYZE [USER]: sqlite3BtreeCloseCursor
[2m[DEBUG][0m ANALYZE [USER]: sqlite3RCStrUnref
[2m[DEBUG][0m ANALYZE [USER]: sqlite3VdbeSorterReset
[2m[DEBUG][0m ANALYZE [USER]: vdbeSorterJoinAll
[2m[DEBUG][0m ANALYZE [USER]: vdbePmaReaderClear
[2m[DEBUG][0m ANALYZE [USER]: vdbeMergeEngineFree
[2m[DEBUG][0m ANALYZE [USER]: vdbeSortSubtaskCleanup
[2m[DEBUG][0m ANALYZE [USER]: vdbeSorterRecordFree
[2m[DEBUG][0m ANALYZE [USER]: vdbeSorterJoinThread
[2m[DEBUG][0m ANALYZE [USER]: sqlite3ThreadJoin
[2m[DEBUG][0m ANALYZE [USER]: vdbeIncrFree
[2m[DEBUG][0m ANALYZE [USER]: sqlite3OsCloseFree
[2m[DEBUG][0m ANALYZE [USER]: sqlite3BtreeClose
[2m[DEBUG][0m ANALYZE [USER]: removeFromSharingList
[2m[DEBUG][0m ANALYZE [USER]: sqlite3VtabRollback
[2m[DEBUG][0m ANALYZE [USER]: callFinaliser
[2m[DEBUG][0m ANALYZE [USER]: sqlite3VdbeError
[2m[DEBUG][0m ANALYZE [USER]: vdbeLeave
[2m[DEBUG][0m ANALYZE [USER]: sqlite3VtabSync
[2m[DEBUG][0m ANALYZE [USER]: sqlite3VtabCommit
[2m[DEBUG][0m ANALYZE [USER]: sqlite3OsOpenMalloc
[2m[DEBUG][0m ANALYZE [USER]: sqlite3BtreeGetJournalname
[2m[DEBUG][0m ANALYZE [USER]: sqlite3VtabImportErrmsg
[2m[DEBUG][0m ANALYZE [USER]: sqlite3PagerJournalname
[2m[DEBUG][0m ANALYZE [USER]: vdbeCloseStatement
[2m[DEBUG][0m ANALYZE [USER]: sqlite3BtreeSavepoint
[2m[DEBUG][0m ANALYZE [USER]: sqlite3VtabSavepoint
[2m[DEBUG][0m ANALYZE [USER]: sqlite3VtabLock
[2m[DEBUG][0m ANALYZE [USER]: apiHandleError
[2m[DEBUG][0m ANALYZE [USER]: vdbeMemClear
[2m[DEBUG][0m ANALYZE [USER]: vdbeMemClearExternAndSetNull
[2m[DEBUG][0m ANALYZE [USER]: sqlite3VdbeMemFinalize
[2m[DEBUG][0m ANALYZE [USER]: sqlite3VdbeMemGrow
[2m[DEBUG][0m ANALYZE [USER]: sqlite3DbReallocOrFree
[2m[DEBUG][0m ANALYZE [USER]: valueBytes
[2m[DEBUG][0m ANALYZE [USER]: valueToText
[2m[DEBUG][0m ANALYZE [USER]: sqlite3VdbeMemNulTerminate
[2m[DEBUG][0m ANALYZE [USER]: sqlite3VdbeMemStringify
[2m[DEBUG][0m ANALYZE [USER]: vdbeMemAddTerminator
[2m[DEBUG][0m ANALYZE [USER]: sqlite3VdbeMemClearAndResize
[2m[DEBUG][0m ANALYZE [USER]: vdbeMemRenderNum
[2m[DEBUG][0m ANALYZE [USER]: sqlite3Int64ToText
[2m[DEBUG][0m ANALYZE [USER]: memRealValue
[2m[DEBUG][0m ANALYZE [USER]: sqlite3AtoF
[2m[DEBUG][0m ANALYZE [USER]: sqlite3IsNaN
[2m[DEBUG][0m ANALYZE [USER]: sqlite3RealToI64
[2m[DEBUG][0m ANALYZE [USER]: memIntValue
[2m[DEBUG][0m ANALYZE [USER]: sqlite3Atoi64
[2m[DEBUG][0m ANALYZE [USER]: compare2pow63
[2m[DEBUG][0m ANALYZE [USER]: sqlite3VdbeMemHandleBom
[2m[DEBUG][0m ANALYZE [USER]: vdbeReleaseAndSetInt64
[2m[DEBUG][0m ANALYZE [USER]: sqlite3NoopDestructor
[2m[DEBUG][0m ANALYZE [USER]: sqlite3VdbeMemTranslate
[2m[DEBUG][0m ANALYZE [USER]: sqlite3VdbeList
[2m[DEBUG][0m ANALYZE [USER]: sqlite3VdbeExec
[2m[DEBUG][0m ANALYZE [USER]: doWalCallbacks
[2m[DEBUG][0m ANALYZE [USER]: sqlite3VdbeNextOpcode
[2m[DEBUG][0m ANALYZE [USER]: sqlite3VdbeDisplayP4
[2m[DEBUG][0m ANALYZE [USER]: sqlite3OpcodeName
[2m[DEBUG][0m ANALYZE [USER]: out2Prerelease
[2m[DEBUG][0m ANALYZE [USER]: sqlite3VdbeMemMove
[2m[DEBUG][0m ANALYZE [USER]: sqlite3VdbeMemShallowCopy
[2m[DEBUG][0m ANALYZE [USER]: sqlite3AddInt64
[2m[DEBUG][0m ANALYZE [USER]: sqlite3SubInt64
[2m[DEBUG][0m ANALYZE [USER]: sqlite3MulInt64
[2m[DEBUG][0m ANALYZE [USER]: numericType
[2m[DEBUG][0m ANALYZE [USER]: sqlite3VdbeMemIntegerify
[2m[DEBUG][0m ANALYZE [USER]: applyAffinity
[2m[DEBUG][0m ANALYZE [USER]: sqlite3VdbeMemRealify
[2m[DEBUG][0m ANALYZE [USER]: sqlite3VdbeMemCast
[2m[DEBUG][0m ANALYZE [USER]: sqlite3MemCompare
[2m[DEBUG][0m ANALYZE [USER]: sqlite3VdbeBooleanValue
[2m[DEBUG][0m ANALYZE [USER]: sqlite3VdbeFinishMoveto
[2m[DEBUG][0m ANALYZE [USER]: sqlite3BtreeCursorHasMoved
[2m[DEBUG][0m ANALYZE [USER]: sqlite3VdbeHandleMovedCursor
[2m[DEBUG][0m ANALYZE [USER]: sqlite3BtreePayloadFetch
[2m[DEBUG][0m ANALYZE [USER]: sqlite3GetVarint32
[2m[DEBUG][0m ANALYZE [USER]: sqlite3VdbeMemFromBtreeZeroOffset
[2m[DEBUG][0m ANALYZE [USER]: sqlite3VdbeOneByteSerialTypeLen
[2m[DEBUG][0m ANALYZE [USER]: sqlite3VdbeSerialTypeLen
[2m[DEBUG][0m ANALYZE [USER]: sqlite3VdbeSerialGet
[2m[DEBUG][0m ANALYZE [USER]: vdbeColumnFromOverflow
[2m[DEBUG][0m ANALYZE [USER]: vdbeMemTypeName
[2m[DEBUG][0m ANALYZE [USER]: sqlite3VarintLen
[2m[DEBUG][0m ANALYZE [USER]: sqlite3PutVarint
[2m[DEBUG][0m ANALYZE [USER]: sqlite3BtreeRowCountEst
[2m[DEBUG][0m ANALYZE [USER]: sqlite3BtreeCount
[2m[DEBUG][0m ANALYZE [USER]: sqlite3BtreeBeginStmt
[2m[DEBUG][0m ANALYZE [USER]: sqlite3ResetOneSchema
[2m[DEBUG][0m ANALYZE [USER]: sqlite3BtreeGetMeta
[2m[DEBUG][0m ANALYZE [USER]: sqlite3FkClearTriggerCache
[2m[DEBUG][0m ANALYZE [USER]: allocateCursor
[2m[DEBUG][0m ANALYZE [USER]: sqlite3BtreeCursor
[2m[DEBUG][0m ANALYZE [USER]: sqlite3BtreeCursorHintFlags
[2m[DEBUG][0m ANALYZE [USER]: sqlite3BtreeClearTable
[2m[DEBUG][0m ANALYZE [USER]: sqlite3BtreeCreateTable
[2m[DEBUG][0m ANALYZE [USER]: sqlite3VdbeSorterInit
[2m[DEBUG][0m ANALYZE [USER]: sqlite3BtreeFakeValidCursor
[2m[DEBUG][0m ANALYZE [USER]: sqlite3VdbeFreeCursor
[2m[DEBUG][0m ANALYZE [USER]: sqlite3BtreeLast
[2m[DEBUG][0m ANALYZE [USER]: sqlite3IntFloatCompare
[2m[DEBUG][0m ANALYZE [USER]: sqlite3BtreeTableMoveto
[2m[DEBUG][0m ANALYZE [USER]: sqlite3BtreeCursorHasHint
[2m[DEBUG][0m ANALYZE [USER]: sqlite3BtreeIndexMoveto
[2m[DEBUG][0m ANALYZE [USER]: sqlite3BtreeNext
[2m[DEBUG][0m ANALYZE [USER]: sqlite3BtreePrevious
[2m[DEBUG][0m ANALYZE [USER]: sqlite3BtreeEof
[2m[DEBUG][0m ANALYZE [USER]: sqlite3BtreeCursorIsValidNN
[2m[DEBUG][0m ANALYZE [USER]: sqlite3VdbeIdxKeyCompare
[2m[DEBUG][0m ANALYZE [USER]: sqlite3VdbeAllocUnpackedRecord
[2m[DEBUG][0m ANALYZE [USER]: sqlite3VdbeRecordUnpack
[2m[DEBUG][0m ANALYZE [USER]: sqlite3BtreeInsert
[2m[DEBUG][0m ANALYZE [USER]: sqlite3BtreeTransferRow
[2m[DEBUG][0m ANALYZE [USER]: sqlite3BtreeDelete
[2m[DEBUG][0m ANALYZE [USER]: sqlite3VdbeSorterCompare
[2m[DEBUG][0m ANALYZE [USER]: sqlite3VdbeSorterRowkey
[2m[DEBUG][0m ANALYZE [USER]: sqlite3VdbeCursorRestore
[2m[DEBUG][0m ANALYZE [USER]: sqlite3BtreeFirst
[2m[DEBUG][0m ANALYZE [USER]: sqlite3VdbeSorterRewind
[2m[DEBUG][0m ANALYZE [USER]: sqlite3VdbeSorterNext
[2m[DEBUG][0m ANALYZE [USER]: sqlite3VdbeSorterWrite
[2m[DEBUG][0m ANALYZE [USER]: sqlite3VdbeIdxRowid
[2m[DEBUG][0m ANALYZE [USER]: sqlite3VdbeMemInit
[2m[DEBUG][0m ANALYZE [USER]: sqlite3VdbeRecordCompareWithSkip
[2m[DEBUG][0m ANALYZE [USER]: sqlite3VdbeMemReleaseMalloc
[2m[DEBUG][0m ANALYZE [USER]: sqlite3BtreeDropTable
[2m[DEBUG][0m ANALYZE [USER]: sqlite3RootPageMoved
[2m[DEBUG][0m ANALYZE [USER]: sqlite3BtreeClearTableOfCursor
[2m[DEBUG][0m ANALYZE [USER]: sqlite3SchemaClear
[2m[DEBUG][0m ANALYZE [USER]: sqlite3InitOne
[2m[DEBUG][0m ANALYZE [USER]: sqlite3InitCallback
[2m[DEBUG][0m ANALYZE [USER]: sqlite3AnalysisLoad
[2m[DEBUG][0m ANALYZE [USER]: sqlite3UnlinkAndDeleteTable
[2m[DEBUG][0m ANALYZE [USER]: sqlite3UnlinkAndDeleteIndex
[2m[DEBUG][0m ANALYZE [USER]: sqlite3UnlinkAndDeleteTrigger
[2m[DEBUG][0m ANALYZE [USER]: sqlite3BtreeIntegrityCheck
[2m[DEBUG][0m ANALYZE [USER]: sqlite3VdbeMemSetRowSet
[2m[DEBUG][0m ANALYZE [USER]: sqlite3RowSetInsert
[2m[DEBUG][0m ANALYZE [USER]: sqlite3RowSetNext
[2m[DEBUG][0m ANALYZE [USER]: sqlite3RowSetTest
[2m[DEBUG][0m ANALYZE [USER]: sqlite3VdbeFrameMemDel
[2m[DEBUG][0m ANALYZE [USER]: sqlite3VdbeMemAggValue
[2m[DEBUG][0m ANALYZE [USER]: sqlite3PagerOkToChangeJournalMode
[2m[DEBUG][0m ANALYZE [USER]: sqlite3PagerCloseWal
[2m[DEBUG][0m ANALYZE [USER]: sqlite3PagerSetJournalMode
[2m[DEBUG][0m ANALYZE [USER]: sqlite3JournalModename
[2m[DEBUG][0m ANALYZE [USER]: sqlite3RunVacuum
[2m[DEBUG][0m ANALYZE [USER]: sqlite3BtreeIncrVacuum
[2m[DEBUG][0m ANALYZE [USER]: sqlite3BtreeCursorPin
[2m[DEBUG][0m ANALYZE [USER]: sqlite3BtreeCursorUnpin
[2m[DEBUG][0m ANALYZE [USER]: sqlite3BtreeLockTable
[2m[DEBUG][0m ANALYZE [USER]: sqlite3VtabBegin
[2m[DEBUG][0m ANALYZE [USER]: sqlite3VtabCallCreate
[2m[DEBUG][0m ANALYZE [USER]: sqlite3VtabCallDestroy
[2m[DEBUG][0m ANALYZE [USER]: sqlite3VdbeValueListFree
[2m[DEBUG][0m ANALYZE [USER]: sqlite3BtreeMaxPageCount
[2m[DEBUG][0m ANALYZE [USER]: filterHash
[2m[DEBUG][0m ANALYZE [USER]: out2PrereleaseWithClear
[2m[DEBUG][0m ANALYZE [USER]: vdbeClrCopy
[2m[DEBUG][0m ANALYZE [USER]: computeNumericType
[2m[DEBUG][0m ANALYZE [USER]: sqlite3VdbeIntegerAffinity
[2m[DEBUG][0m ANALYZE [USER]: sqlite3ValueApplyAffinity
[2m[DEBUG][0m ANALYZE [USER]: sqlite3VdbeMemNumerify
[2m[DEBUG][0m ANALYZE [USER]: sqlite3RealSameAsInt
[2m[DEBUG][0m ANALYZE [USER]: vdbeCompareMemString
[2m[DEBUG][0m ANALYZE [USER]: sqlite3BlobCompare
[2m[DEBUG][0m ANALYZE [USER]: isAllZero
[2m[DEBUG][0m ANALYZE [USER]: sqlite3BtreeCursorRestore
[2m[DEBUG][0m ANALYZE [USER]: btreeRestoreCursorPosition
[2m[DEBUG][0m ANALYZE [USER]: btreeMoveto
[2m[DEBUG][0m ANALYZE [USER]: fetchPayload
[2m[DEBUG][0m ANALYZE [USER]: sqlite3VdbeMemFromBtree
[2m[DEBUG][0m ANALYZE [USER]: sqlite3BtreeMaxRecordSize
[2m[DEBUG][0m ANALYZE [USER]: serialGet
[2m[DEBUG][0m ANALYZE [USER]: sqlite3BtreeOffset
[2m[DEBUG][0m ANALYZE [USER]: sqlite3RCStrNew
[2m[DEBUG][0m ANALYZE [USER]: sqlite3RCStrRef
[2m[DEBUG][0m ANALYZE [USER]: putVarint64
[2m[DEBUG][0m ANALYZE [USER]: moveToRoot
[2m[DEBUG][0m ANALYZE [USER]: moveToParent
[2m[DEBUG][0m ANALYZE [USER]: moveToChild
[2m[DEBUG][0m ANALYZE [USER]: getAndInitPage
[2m[DEBUG][0m ANALYZE [USER]: fkTriggerDelete
[2m[DEBUG][0m ANALYZE [USER]: sqlite3ExprDelete
[2m[DEBUG][0m ANALYZE [USER]: sqlite3SelectDelete
[2m[DEBUG][0m ANALYZE [USER]: sqlite3ExprDeleteNN
[2m[DEBUG][0m ANALYZE [USER]: sqlite3WindowDelete
[2m[DEBUG][0m ANALYZE [USER]: sqlite3WindowUnlinkFromSelect
[2m[DEBUG][0m ANALYZE [USER]: clearSelect
[2m[DEBUG][0m ANALYZE [USER]: sqlite3SrcListDelete
[2m[DEBUG][0m ANALYZE [USER]: sqlite3WithDelete
[2m[DEBUG][0m ANALYZE [USER]: sqlite3WindowListDelete
[2m[DEBUG][0m ANALYZE [USER]: sqlite3SubqueryDelete
[2m[DEBUG][0m ANALYZE [USER]: sqlite3IdListDelete
[2m[DEBUG][0m ANALYZE [USER]: cteClear
[2m[DEBUG][0m ANALYZE [USER]: sqlite3BtreeCursorSize
[2m[DEBUG][0m ANALYZE [USER]: sqlite3BtreeCursorZero
[2m[DEBUG][0m ANALYZE [USER]: btreeCursorWithLock
[2m[DEBUG][0m ANALYZE [USER]: btreeCursor
[2m[DEBUG][0m ANALYZE [USER]: allocateTempSpace
[2m[DEBUG][0m ANALYZE [USER]: invalidateIncrblobCursors
[2m[DEBUG][0m ANALYZE [USER]: clearDatabasePage
[2m[DEBUG][0m ANALYZE [USER]: clearCellOverflow
[2m[DEBUG][0m ANALYZE [USER]: freePage
[2m[DEBUG][0m ANALYZE [USER]: btreePageLookup
[2m[DEBUG][0m ANALYZE [USER]: freePage2
[2m[DEBUG][0m ANALYZE [USER]: sqlite3PagerRef
[2m[DEBUG][0m ANALYZE [USER]: sqlite3PagerDontWrite
[2m[DEBUG][0m ANALYZE [USER]: btreeSetHasContent
[2m[DEBUG][0m ANALYZE [USER]: sqlite3PcacheRef
[2m[DEBUG][0m ANALYZE [USER]: btreeCreateTable
[2m[DEBUG][0m ANALYZE [USER]: btreeLast
[2m[DEBUG][0m ANALYZE [USER]: moveToRightmost
[2m[DEBUG][0m ANALYZE [USER]: sqlite3VdbeFindCompare
[2m[DEBUG][0m ANALYZE [USER]: cursorOnLastPage
[2m[DEBUG][0m ANALYZE [USER]: indexCellCompare
[2m[DEBUG][0m ANALYZE [USER]: sqlite3VdbeRecordCompare
[2m[DEBUG][0m ANALYZE [USER]: vdbeRecordCompareInt
[2m[DEBUG][0m ANALYZE [USER]: vdbeRecordCompareString
[2m[DEBUG][0m ANALYZE [USER]: btreeNext
[2m[DEBUG][0m ANALYZE [USER]: moveToLeftmost
[2m[DEBUG][0m ANALYZE [USER]: btreePrevious
[2m[DEBUG][0m ANALYZE [USER]: btreeOverwriteCell
[2m[DEBUG][0m ANALYZE [USER]: btreeComputeFreeSpace
[2m[DEBUG][0m ANALYZE [USER]: fillInCell
[2m[DEBUG][0m ANALYZE [USER]: dropCell
[2m[DEBUG][0m ANALYZE [USER]: insertCellFast
[2m[DEBUG][0m ANALYZE [USER]: balance
[2m[DEBUG][0m ANALYZE [USER]: btreeOverwriteContent
[2m[DEBUG][0m ANALYZE [USER]: btreeOverwriteOverflowCell
[2m[DEBUG][0m ANALYZE [USER]: freeSpace
[2m[DEBUG][0m ANALYZE [USER]: pageFindSlot
[2m[DEBUG][0m ANALYZE [USER]: defragmentPage
[2m[DEBUG][0m ANALYZE [USER]: sqlite3PagerTempSpace
[2m[DEBUG][0m ANALYZE [USER]: anotherValidCursor
[2m[DEBUG][0m ANALYZE [USER]: balance_deeper
[2m[DEBUG][0m ANALYZE [USER]: balance_quick
[2m[DEBUG][0m ANALYZE [USER]: balance_nonroot
[2m[DEBUG][0m ANALYZE [USER]: copyNodeContent
[2m[DEBUG][0m ANALYZE [USER]: rebuildPage
[2m[DEBUG][0m ANALYZE [USER]: insertCell
[2m[DEBUG][0m ANALYZE [USER]: cachedCellSize
[2m[DEBUG][0m ANALYZE [USER]: sqlite3PagerRekey
[2m[DEBUG][0m ANALYZE [USER]: editPage
[2m[DEBUG][0m ANALYZE [USER]: computeCellSize
[2m[DEBUG][0m ANALYZE [USER]: pageFreeArray
[2m[DEBUG][0m ANALYZE [USER]: pageInsertArray
[2m[DEBUG][0m ANALYZE [USER]: populateCellCache
[2m[DEBUG][0m ANALYZE [USER]: btreePayloadToLocal
[2m[DEBUG][0m ANALYZE [USER]: vdbeSorterRowkey
[2m[DEBUG][0m ANALYZE [USER]: vdbeSorterSort
[2m[DEBUG][0m ANALYZE [USER]: vdbeSorterFlushPMA
[2m[DEBUG][0m ANALYZE [USER]: vdbeSorterSetupMerge
[2m[DEBUG][0m ANALYZE [USER]: vdbeSortAllocUnpacked
[2m[DEBUG][0m ANALYZE [USER]: vdbeSorterGetCompare
[2m[DEBUG][0m ANALYZE [USER]: vdbeSorterMerge
[2m[DEBUG][0m ANALYZE [USER]: vdbeSorterCompareInt
[2m[DEBUG][0m ANALYZE [USER]: vdbeSorterCompareText
[2m[DEBUG][0m ANALYZE [USER]: vdbeSorterCompare
[2m[DEBUG][0m ANALYZE [USER]: vdbeSorterCompareTail
[2m[DEBUG][0m ANALYZE [USER]: vdbeSorterListToPMA
[2m[DEBUG][0m ANALYZE [USER]: vdbeSorterCreateThread
[2m[DEBUG][0m ANALYZE [USER]: vdbeSorterFlushThread
[2m[DEBUG][0m ANALYZE [USER]: vdbeSorterOpenTempFile
[2m[DEBUG][0m ANALYZE [USER]: vdbeSorterExtendFile
[2m[DEBUG][0m ANALYZE [USER]: vdbePmaWriterInit
[2m[DEBUG][0m ANALYZE [USER]: vdbePmaWriteVarint
[2m[DEBUG][0m ANALYZE [USER]: vdbePmaWriteBlob
[2m[DEBUG][0m ANALYZE [USER]: vdbePmaWriterFinish
[2m[DEBUG][0m ANALYZE [USER]: sqlite3ThreadCreate
[31m[ERROR][0m [MEDIUM] FFI RISK: sqlite3ThreadCreate -> pthread_create
[31m[ERROR][0m   Location: /tmp/sqlite-amalgamation-3470200/sqlite3.c:34387:10
[31m[ERROR][0m   Kind: thread_mgmt
[31m[ERROR][0m   Detail: Create new thread - thread must be joined or detached
[31m[ERROR][0m   Warning: This function TRANSFERS ownership
[2m[DEBUG][0m ANALYZE [USER]: vdbeSorterMergeTreeBuild
[2m[DEBUG][0m ANALYZE [USER]: vdbeIncrMergerNew
[2m[DEBUG][0m ANALYZE [USER]: vdbeIncrMergerSetThreads
[2m[DEBUG][0m ANALYZE [USER]: vdbePmaReaderIncrInit
[2m[DEBUG][0m ANALYZE [USER]: vdbePmaReaderIncrMergeInit
[2m[DEBUG][0m ANALYZE [USER]: vdbeMergeEngineInit
[2m[DEBUG][0m ANALYZE [USER]: vdbeMergeEngineNew
[2m[DEBUG][0m ANALYZE [USER]: vdbeSorterTreeDepth
[2m[DEBUG][0m ANALYZE [USER]: vdbeMergeEngineLevel0
[2m[DEBUG][0m ANALYZE [USER]: vdbeSorterAddToTree
[2m[DEBUG][0m ANALYZE [USER]: vdbePmaReaderInit
[2m[DEBUG][0m ANALYZE [USER]: vdbePmaReaderSeek
[2m[DEBUG][0m ANALYZE [USER]: vdbePmaReadVarint
[2m[DEBUG][0m ANALYZE [USER]: vdbePmaReaderNext
[2m[DEBUG][0m ANALYZE [USER]: vdbeSorterMapFile
[2m[DEBUG][0m ANALYZE [USER]: vdbePmaReadBlob
[2m[DEBUG][0m ANALYZE [USER]: vdbeIncrSwap
[2m[DEBUG][0m ANALYZE [USER]: vdbeIncrBgPopulate
[2m[DEBUG][0m ANALYZE [USER]: vdbeIncrPopulate
[2m[DEBUG][0m ANALYZE [USER]: vdbeIncrPopulateThread
[2m[DEBUG][0m ANALYZE [USER]: vdbeMergeEngineStep
[2m[DEBUG][0m ANALYZE [USER]: vdbePmaReaderBgIncrInit
[2m[DEBUG][0m ANALYZE [USER]: vdbeMergeEngineCompare
[2m[DEBUG][0m ANALYZE [USER]: sqlite3HeapNearlyFull
[2m[DEBUG][0m ANALYZE [USER]: serialGet7
[2m[DEBUG][0m ANALYZE [USER]: vdbeRecordDecodeInt
[2m[DEBUG][0m ANALYZE [USER]: btreeDropTable
[2m[DEBUG][0m ANALYZE [USER]: sqlite3HashInit
[2m[DEBUG][0m ANALYZE [USER]: sqlite3HashClear
[2m[DEBUG][0m ANALYZE [USER]: sqlite3SetString
[2m[DEBUG][0m ANALYZE [USER]: sqlite3SetTextEncoding
[2m[DEBUG][0m ANALYZE [USER]: sqlite3BtreeCommit
[2m[DEBUG][0m ANALYZE [USER]: sqlite3FindCollSeq
[2m[DEBUG][0m ANALYZE [USER]: findCollSeqEntry
[2m[DEBUG][0m ANALYZE [USER]: sqlite3HashFind
[2m[DEBUG][0m ANALYZE [USER]: sqlite3HashInsert
[2m[DEBUG][0m ANALYZE [USER]: findElementWithHash
[2m[DEBUG][0m ANALYZE [USER]: strHash
[2m[DEBUG][0m ANALYZE [USER]: removeElementGivenHash
[2m[DEBUG][0m ANALYZE [USER]: rehash
[2m[DEBUG][0m ANALYZE [USER]: insertElement
[2m[DEBUG][0m ANALYZE [USER]: corruptSchema
[2m[DEBUG][0m ANALYZE [USER]: sqlite3GetUInt32
[2m[DEBUG][0m ANALYZE [USER]: sqlite3Prepare
[2m[DEBUG][0m ANALYZE [USER]: sqlite3FindIndex
[2m[DEBUG][0m ANALYZE [USER]: sqlite3IndexHasDuplicateRootPage
[2m[DEBUG][0m ANALYZE [USER]: sqlite3BtreeSchemaLocked
[2m[DEBUG][0m ANALYZE [USER]: sqlite3VtabUnlockList
[2m[DEBUG][0m ANALYZE [USER]: sqlite3DbStrNDup
[2m[DEBUG][0m ANALYZE [USER]: sqlite3VdbeSetSql
[2m[DEBUG][0m ANALYZE [USER]: schemaIsValid
[2m[DEBUG][0m ANALYZE [USER]: sqlite3ErrorClear
[2m[DEBUG][0m ANALYZE [USER]: sqlite3DbIsNamed
[2m[DEBUG][0m ANALYZE [USER]: analysisLoader
[2m[DEBUG][0m ANALYZE [USER]: sqlite3DefaultRowEst
[2m[DEBUG][0m ANALYZE [USER]: decodeIntArray
[2m[DEBUG][0m ANALYZE [USER]: sqlite3Atoi
[2m[DEBUG][0m ANALYZE [USER]: sqlite3GetInt32
[2m[DEBUG][0m ANALYZE [USER]: sqlite3HexToInt
[2m[DEBUG][0m ANALYZE [USER]: sqlite3FreeIndex
[2m[DEBUG][0m ANALYZE [USER]: sqlite3DeleteIndexSamples
[2m[DEBUG][0m ANALYZE [USER]: tableOfTrigger
[2m[DEBUG][0m ANALYZE [USER]: checkOom
[2m[DEBUG][0m ANALYZE [USER]: setPageReferenced
[2m[DEBUG][0m ANALYZE [USER]: checkList
[2m[DEBUG][0m ANALYZE [USER]: checkAppendMsg
[2m[DEBUG][0m ANALYZE [USER]: checkPtrmap
[2m[DEBUG][0m ANALYZE [USER]: checkTreePage
[2m[DEBUG][0m ANALYZE [USER]: sqlite3MemSetArrayInt64
[2m[DEBUG][0m ANALYZE [USER]: getPageReferenced
[2m[DEBUG][0m ANALYZE [USER]: checkRef
[2m[DEBUG][0m ANALYZE [USER]: checkProgress
[2m[DEBUG][0m ANALYZE [USER]: btreeHeapInsert
[2m[DEBUG][0m ANALYZE [USER]: btreeHeapPull
[2m[DEBUG][0m ANALYZE [USER]: sqlite3RowSetInit
[2m[DEBUG][0m ANALYZE [USER]: sqlite3RowSetDelete
[2m[DEBUG][0m ANALYZE [USER]: sqlite3RowSetClear
[2m[DEBUG][0m ANALYZE [USER]: rowSetEntryAlloc
[2m[DEBUG][0m ANALYZE [USER]: rowSetEntrySort
[2m[DEBUG][0m ANALYZE [USER]: rowSetEntryMerge
[2m[DEBUG][0m ANALYZE [USER]: rowSetListToTree
[2m[DEBUG][0m ANALYZE [USER]: rowSetTreeToList
[2m[DEBUG][0m ANALYZE [USER]: rowSetNDeepTree
[2m[DEBUG][0m ANALYZE [USER]: execSqlF
[2m[DEBUG][0m ANALYZE [USER]: sqlite3BtreeSetSpillSize
[2m[DEBUG][0m ANALYZE [USER]: sqlite3BtreeSetPagerFlags
[2m[DEBUG][0m ANALYZE [USER]: execSql
[2m[DEBUG][0m ANALYZE [USER]: sqlite3BtreeSetAutoVacuum
[2m[DEBUG][0m ANALYZE [USER]: sqlite3BtreeGetAutoVacuum
[2m[DEBUG][0m ANALYZE [USER]: sqlite3BtreeCopyFile
[2m[DEBUG][0m ANALYZE [USER]: sqlite3PagerSetSpillsize
[2m[DEBUG][0m ANALYZE [USER]: sqlite3PcacheSetSpillsize
[2m[DEBUG][0m ANALYZE [USER]: sqlite3PagerClearCache
[2m[DEBUG][0m ANALYZE [USER]: setSharedCacheTableLock
[2m[DEBUG][0m ANALYZE [USER]: growVTrans
[2m[DEBUG][0m ANALYZE [USER]: addToVTrans
[2m[DEBUG][0m ANALYZE [USER]: vtabCallConstructor
[2m[DEBUG][0m ANALYZE [USER]: sqlite3GetVTable
[2m[DEBUG][0m ANALYZE [USER]: vtabDisconnectAll
[2m[DEBUG][0m ANALYZE [USER]: sqlite3PagerMaxPageCount
[2m[DEBUG][0m ANALYZE [USER]: sqlite3PagerWalCallback
[2m[DEBUG][0m ANALYZE [USER]: sqlite3WalCallback
[2m[DEBUG][0m ANALYZE [USER]: columnNullValue
[2m[DEBUG][0m ANALYZE [USER]: sqlite3VListNameToNum
[2m[DEBUG][0m ANALYZE [USER]: findNextHostParameter
[2m[DEBUG][0m ANALYZE [USER]: alsoAnInt
[2m[DEBUG][0m ANALYZE [USER]: sqlite3VdbeAddOp2
[2m[DEBUG][0m ANALYZE [USER]: sqlite3VdbeAddOp3
[2m[DEBUG][0m ANALYZE [USER]: growOp3
[2m[DEBUG][0m ANALYZE [USER]: growOpArray
[2m[DEBUG][0m ANALYZE [USER]: addOp4IntSlow
[2m[DEBUG][0m ANALYZE [USER]: sqlite3BtreeSharable
[2m[DEBUG][0m ANALYZE [USER]: vdbeChangeP4Full
[2m[DEBUG][0m ANALYZE [USER]: resolveP2Values
[2m[DEBUG][0m ANALYZE [USER]: allocSpace
[2m[DEBUG][0m ANALYZE [USER]: initMemArray
[2m[DEBUG][0m ANALYZE [USER]: sqlite3BtreeIncrblobCursor
[2m[DEBUG][0m ANALYZE [USER]: sqlite3BtreeEnterCursor
[2m[DEBUG][0m ANALYZE [USER]: sqlite3BtreeLeaveCursor
[2m[DEBUG][0m ANALYZE [USER]: accessPayloadChecked
[2m[DEBUG][0m ANALYZE [USER]: sqlite3ReadSchema
[2m[DEBUG][0m ANALYZE [USER]: sqlite3PragmaVtabRegister
[2m[DEBUG][0m ANALYZE [USER]: sqlite3VtabEponymousTableInit
[2m[DEBUG][0m ANALYZE [USER]: pragmaLocate
[2m[DEBUG][0m ANALYZE [USER]: sqlite3VtabCreateModule
[2m[DEBUG][0m ANALYZE [USER]: sqlite3VtabEponymousTableClear
[2m[DEBUG][0m ANALYZE [USER]: pragmaVtabConnect
[2m[DEBUG][0m ANALYZE [USER]: pragmaVtabBestIndex
[2m[DEBUG][0m ANALYZE [USER]: pragmaVtabDisconnect
[2m[DEBUG][0m ANALYZE [USER]: pragmaVtabOpen
[2m[DEBUG][0m ANALYZE [USER]: pragmaVtabClose
[2m[DEBUG][0m ANALYZE [USER]: pragmaVtabFilter
[2m[DEBUG][0m ANALYZE [USER]: pragmaVtabNext
[2m[DEBUG][0m ANALYZE [USER]: pragmaVtabEof
[2m[DEBUG][0m ANALYZE [USER]: pragmaVtabColumn
[2m[DEBUG][0m ANALYZE [USER]: pragmaVtabRowid
[2m[DEBUG][0m ANALYZE [USER]: pragmaVtabCursorClear
[2m[DEBUG][0m ANALYZE [USER]: addModuleArgument
[2m[DEBUG][0m ANALYZE [USER]: sqlite3CollapseDatabaseArray
[2m[DEBUG][0m ANALYZE [USER]: deleteTable
[2m[DEBUG][0m ANALYZE [USER]: sqlite3FkDelete
[2m[DEBUG][0m ANALYZE [USER]: sqlite3VtabClear
[2m[DEBUG][0m ANALYZE [USER]: sqlite3DeleteColumnNames
[2m[DEBUG][0m ANALYZE [USER]: sqlite3Utf8Read
[2m[DEBUG][0m ANALYZE [USER]: logBadConnection
[2m[DEBUG][0m ANALYZE [USER]: sqlite3OsDlOpen
[2m[DEBUG][0m ANALYZE [USER]: sqlite3OsDlSym
[2m[DEBUG][0m ANALYZE [USER]: sqlite3OsDlClose
[2m[DEBUG][0m ANALYZE [USER]: sqlite3OsDlError
[2m[DEBUG][0m ANALYZE [USER]: sqlite3VdbeDb
[2m[DEBUG][0m ANALYZE [USER]: sqlite3VdbePrepareFlags
[2m[DEBUG][0m ANALYZE [USER]: sqlite3VdbeSwap
[2m[DEBUG][0m ANALYZE [USER]: sqlite3VdbeResetStepResult
[2m[DEBUG][0m ANALYZE [USER]: sqlite3Utf8CharLen
[2m[DEBUG][0m ANALYZE [USER]: sqlite3Utf16ByteLen
[2m[DEBUG][0m ANALYZE [USER]: sqlite3DeleteTriggerStep
[2m[DEBUG][0m ANALYZE [USER]: sqlite3UpsertDelete
[2m[DEBUG][0m ANALYZE [USER]: upsertDelete
[2m[DEBUG][0m ANALYZE [USER]: exprListDeleteNN
[2m[DEBUG][0m ANALYZE [USER]: sqlite3BinaryCompareCollSeq
[2m[DEBUG][0m ANALYZE [USER]: sqlite3ExprCollSeq
[2m[DEBUG][0m ANALYZE [USER]: sqlite3GetCollSeq
[2m[DEBUG][0m ANALYZE [USER]: sqlite3CheckCollSeq
[2m[DEBUG][0m ANALYZE [USER]: callCollNeeded
[2m[DEBUG][0m ANALYZE [USER]: synthCollSeq
[2m[DEBUG][0m ANALYZE [USER]: valueFromExpr
[2m[DEBUG][0m ANALYZE [USER]: sqlite3AffinityType
[2m[DEBUG][0m ANALYZE [USER]: valueNew
[2m[DEBUG][0m ANALYZE [USER]: sqlite3HexToBlob
[2m[DEBUG][0m ANALYZE [USER]: keywordCode
[2m[DEBUG][0m ANALYZE [USER]: sqlite3ParserInit
[2m[DEBUG][0m ANALYZE [USER]: analyzeWindowKeyword
[2m[DEBUG][0m ANALYZE [USER]: analyzeOverKeyword
[2m[DEBUG][0m ANALYZE [USER]: analyzeFilterKeyword
[2m[DEBUG][0m ANALYZE [USER]: sqlite3Parser
[2m[DEBUG][0m ANALYZE [USER]: sqlite3ParserFinalize
[2m[DEBUG][0m ANALYZE [USER]: getToken
[2m[DEBUG][0m ANALYZE [USER]: sqlite3ParserFallback
[2m[DEBUG][0m ANALYZE [USER]: yy_find_shift_action
[2m[DEBUG][0m ANALYZE [USER]: yyGrowStack
[2m[DEBUG][0m ANALYZE [USER]: yyStackOverflow
[2m[DEBUG][0m ANALYZE [USER]: yy_reduce
[2m[DEBUG][0m ANALYZE [USER]: yy_shift
[2m[DEBUG][0m ANALYZE [USER]: yy_accept
[2m[DEBUG][0m ANALYZE [USER]: yy_syntax_error
[2m[DEBUG][0m ANALYZE [USER]: yy_destructor
[2m[DEBUG][0m ANALYZE [USER]: parserStackRealloc
[2m[DEBUG][0m ANALYZE [USER]: yy_pop_parser_stack
[2m[DEBUG][0m ANALYZE [USER]: sqlite3FinishCoding
[2m[DEBUG][0m ANALYZE [USER]: sqlite3BeginTransaction
[2m[DEBUG][0m ANALYZE [USER]: sqlite3EndTransaction
[2m[DEBUG][0m ANALYZE [USER]: sqlite3Savepoint
[2m[DEBUG][0m ANALYZE [USER]: sqlite3StartTable
[2m[DEBUG][0m ANALYZE [USER]: disableLookaside
[2m[DEBUG][0m ANALYZE [USER]: sqlite3EndTable
[2m[DEBUG][0m ANALYZE [USER]: sqlite3AddColumn
[2m[DEBUG][0m ANALYZE [USER]: sqlite3AddDefaultValue
[2m[DEBUG][0m ANALYZE [USER]: sqlite3PExpr
[2m[DEBUG][0m ANALYZE [USER]: tokenExpr
[2m[DEBUG][0m ANALYZE [USER]: sqlite3ExprIdToTrueFalse
[2m[DEBUG][0m ANALYZE [USER]: sqlite3AddNotNull
[2m[DEBUG][0m ANALYZE [USER]: sqlite3AddPrimaryKey
[2m[DEBUG][0m ANALYZE [USER]: sqlite3CreateIndex
[2m[DEBUG][0m ANALYZE [USER]: sqlite3AddCheckConstraint
[2m[DEBUG][0m ANALYZE [USER]: sqlite3CreateForeignKey
[2m[DEBUG][0m ANALYZE [USER]: sqlite3DeferForeignKey
[2m[DEBUG][0m ANALYZE [USER]: sqlite3AddCollateType
[2m[DEBUG][0m ANALYZE [USER]: sqlite3AddGenerated
[2m[DEBUG][0m ANALYZE [USER]: sqlite3DropTable
[2m[DEBUG][0m ANALYZE [USER]: sqlite3CreateView
[2m[DEBUG][0m ANALYZE [USER]: sqlite3Select
[2m[DEBUG][0m ANALYZE [USER]: attachWithToSelect
[2m[DEBUG][0m ANALYZE [USER]: parserDoubleLinkSelect
[2m[DEBUG][0m ANALYZE [USER]: sqlite3SrcListAppendFromTerm
[2m[DEBUG][0m ANALYZE [USER]: sqlite3SelectNew
[2m[DEBUG][0m ANALYZE [USER]: sqlite3MultiValuesEnd
[2m[DEBUG][0m ANALYZE [USER]: sqlite3MultiValues
[2m[DEBUG][0m ANALYZE [USER]: sqlite3ExprListAppend
[2m[DEBUG][0m ANALYZE [USER]: sqlite3ExprListSetName
[2m[DEBUG][0m ANALYZE [USER]: sqlite3ExprListSetSpan
[2m[DEBUG][0m ANALYZE [USER]: sqlite3Expr
[2m[DEBUG][0m ANALYZE [USER]: sqlite3ExprSetErrorOffset
[2m[DEBUG][0m ANALYZE [USER]: sqlite3SrcListShiftJoinType
[2m[DEBUG][0m ANALYZE [USER]: sqlite3SrcListIndexedBy
[2m[DEBUG][0m ANALYZE [USER]: sqlite3SrcListFuncArgs
[2m[DEBUG][0m ANALYZE [USER]: sqlite3SrcListAppend
[2m[DEBUG][0m ANALYZE [USER]: sqlite3RenameTokenMap
[2m[DEBUG][0m ANALYZE [USER]: sqlite3NameFromToken
[2m[DEBUG][0m ANALYZE [USER]: sqlite3JoinType
[2m[DEBUG][0m ANALYZE [USER]: sqlite3ExprListSetSortOrder
[2m[DEBUG][0m ANALYZE [USER]: sqlite3DeleteFrom
[2m[DEBUG][0m ANALYZE [USER]: sqlite3AddReturning
[2m[DEBUG][0m ANALYZE [USER]: sqlite3ExprListCheckLength
[2m[DEBUG][0m ANALYZE [USER]: sqlite3SrcListAppendList
[2m[DEBUG][0m ANALYZE [USER]: sqlite3Update
[2m[DEBUG][0m ANALYZE [USER]: sqlite3ExprListAppendVector
[2m[DEBUG][0m ANALYZE [USER]: sqlite3Insert
[2m[DEBUG][0m ANALYZE [USER]: sqlite3UpsertNew
[2m[DEBUG][0m ANALYZE [USER]: sqlite3IdListAppend
[2m[DEBUG][0m ANALYZE [USER]: sqlite3RenameTokenRemap
[2m[DEBUG][0m ANALYZE [USER]: sqlite3ExprAlloc
[2m[DEBUG][0m ANALYZE [USER]: sqlite3ExprAssignVarNumber
[2m[DEBUG][0m ANALYZE [USER]: sqlite3ExprAddCollateToken
[2m[DEBUG][0m ANALYZE [USER]: sqlite3ExprAttachSubtrees
[2m[DEBUG][0m ANALYZE [USER]: sqlite3ExprFunction
[2m[DEBUG][0m ANALYZE [USER]: sqlite3ExprAddFunctionOrderBy
[2m[DEBUG][0m ANALYZE [USER]: sqlite3WindowAttach
[2m[DEBUG][0m ANALYZE [USER]: sqlite3ExprAnd
[2m[DEBUG][0m ANALYZE [USER]: binaryToUnaryIfNull
[2m[DEBUG][0m ANALYZE [USER]: sqlite3ExprUnmapAndDelete
[2m[DEBUG][0m ANALYZE [USER]: sqlite3ExprIsConstant
[2m[DEBUG][0m ANALYZE [USER]: sqlite3PExprAddSelect
[2m[DEBUG][0m ANALYZE [USER]: sqlite3ExprListToValues
[2m[DEBUG][0m ANALYZE [USER]: sqlite3ExprSetHeightAndFlags
[2m[DEBUG][0m ANALYZE [USER]: parserAddExprIdListTerm
[2m[DEBUG][0m ANALYZE [USER]: sqlite3DropIndex
[2m[DEBUG][0m ANALYZE [USER]: sqlite3Vacuum
[2m[DEBUG][0m ANALYZE [USER]: sqlite3Pragma
[2m[DEBUG][0m ANALYZE [USER]: sqlite3FinishTrigger
[2m[DEBUG][0m ANALYZE [USER]: sqlite3BeginTrigger
[2m[DEBUG][0m ANALYZE [USER]: sqlite3TriggerUpdateStep
[2m[DEBUG][0m ANALYZE [USER]: sqlite3TriggerInsertStep
[2m[DEBUG][0m ANALYZE [USER]: sqlite3TriggerDeleteStep
[2m[DEBUG][0m ANALYZE [USER]: sqlite3TriggerSelectStep
[2m[DEBUG][0m ANALYZE [USER]: sqlite3DropTrigger
[2m[DEBUG][0m ANALYZE [USER]: sqlite3Attach
[2m[DEBUG][0m ANALYZE [USER]: sqlite3Detach
[2m[DEBUG][0m ANALYZE [USER]: sqlite3Reindex
[2m[DEBUG][0m ANALYZE [USER]: sqlite3Analyze
[2m[DEBUG][0m ANALYZE [USER]: sqlite3AlterRenameTable
[2m[DEBUG][0m ANALYZE [USER]: sqlite3AlterFinishAddColumn
[2m[DEBUG][0m ANALYZE [USER]: sqlite3AlterDropColumn
[2m[DEBUG][0m ANALYZE [USER]: sqlite3AlterBeginAddColumn
[2m[DEBUG][0m ANALYZE [USER]: sqlite3AlterRenameColumn
[2m[DEBUG][0m ANALYZE [USER]: sqlite3VtabFinishParse
[2m[DEBUG][0m ANALYZE [USER]: sqlite3VtabBeginParse
[2m[DEBUG][0m ANALYZE [USER]: sqlite3VtabArgInit
[2m[DEBUG][0m ANALYZE [USER]: sqlite3VtabArgExtend
[2m[DEBUG][0m ANALYZE [USER]: sqlite3WithPush
[2m[DEBUG][0m ANALYZE [USER]: sqlite3CteNew
[2m[DEBUG][0m ANALYZE [USER]: sqlite3WithAdd
[2m[DEBUG][0m ANALYZE [USER]: sqlite3WindowChain
[2m[DEBUG][0m ANALYZE [USER]: sqlite3WindowAssemble
[2m[DEBUG][0m ANALYZE [USER]: sqlite3WindowAlloc
[2m[DEBUG][0m ANALYZE [USER]: sqlite3DequoteNumber
[2m[DEBUG][0m ANALYZE [USER]: yy_find_reduce_action
[2m[DEBUG][0m ANALYZE [USER]: sqlite3GetVdbe
[2m[DEBUG][0m ANALYZE [USER]: sqlite3VdbeAddOp0
[2m[DEBUG][0m ANALYZE [USER]: sqlite3VdbeAddOp1
[2m[DEBUG][0m ANALYZE [USER]: sqlite3VdbeJumpHere
[2m[DEBUG][0m ANALYZE [USER]: sqlite3VdbeAddOp4
[2m[DEBUG][0m ANALYZE [USER]: codeTableLocks
[2m[DEBUG][0m ANALYZE [USER]: sqlite3AutoincrementBegin
[2m[DEBUG][0m ANALYZE [USER]: sqlite3ExprCode
[2m[DEBUG][0m ANALYZE [USER]: sqlite3VdbeGoto
[2m[DEBUG][0m ANALYZE [USER]: sqlite3VdbeChangeP2
[2m[DEBUG][0m ANALYZE [USER]: sqlite3VdbeGetOp
[2m[DEBUG][0m ANALYZE [USER]: sqlite3OpenTable
[2m[DEBUG][0m ANALYZE [USER]: sqlite3VdbeLoadString
[2m[DEBUG][0m ANALYZE [USER]: sqlite3TableLock
[2m[DEBUG][0m ANALYZE [USER]: sqlite3VdbeSetP4KeyInfo
[2m[DEBUG][0m ANALYZE [USER]: lockTable
[2m[DEBUG][0m ANALYZE [USER]: sqlite3KeyInfoOfIndex
[2m[DEBUG][0m ANALYZE [USER]: sqlite3VdbeAppendP4
[2m[DEBUG][0m ANALYZE [USER]: sqlite3KeyInfoAlloc
[2m[DEBUG][0m ANALYZE [USER]: sqlite3LocateCollSeq
[2m[DEBUG][0m ANALYZE [USER]: sqlite3ExprCodeTarget
[2m[DEBUG][0m ANALYZE [USER]: sqlite3ExprSkipCollateAndLikely
[2m[DEBUG][0m ANALYZE [USER]: sqlite3IndexedExprLookup
[2m[DEBUG][0m ANALYZE [USER]: sqlite3TableColumnAffinity
[2m[DEBUG][0m ANALYZE [USER]: sqlite3TableColumnToStorage
[2m[DEBUG][0m ANALYZE [USER]: sqlite3ExprCodeGeneratedColumn
[2m[DEBUG][0m ANALYZE [USER]: exprPartidxExprLookup
[2m[DEBUG][0m ANALYZE [USER]: sqlite3ExprCodeGetColumn
[2m[DEBUG][0m ANALYZE [USER]: codeInteger
[2m[DEBUG][0m ANALYZE [USER]: sqlite3ExprTruthValue
[2m[DEBUG][0m ANALYZE [USER]: codeReal
[2m[DEBUG][0m ANALYZE [USER]: sqlite3ExprIsVector
[2m[DEBUG][0m ANALYZE [USER]: codeVectorCompare
[2m[DEBUG][0m ANALYZE [USER]: sqlite3ExprCodeTemp
[2m[DEBUG][0m ANALYZE [USER]: codeCompare
[2m[DEBUG][0m ANALYZE [USER]: sqlite3VdbeCurrentAddr
[2m[DEBUG][0m ANALYZE [USER]: sqlite3ExprIsConstantNotJoin
[2m[DEBUG][0m ANALYZE [USER]: sqlite3ExprCodeRunJustOnce
[2m[DEBUG][0m ANALYZE [USER]: exprCodeInlineFunction
[2m[DEBUG][0m ANALYZE [USER]: sqlite3ExprFunctionUsable
[2m[DEBUG][0m ANALYZE [USER]: sqlite3GetTempRange
[2m[DEBUG][0m ANALYZE [USER]: sqlite3ExprCodeExprList
[2m[DEBUG][0m ANALYZE [USER]: sqlite3VtabOverloadFunction
[2m[DEBUG][0m ANALYZE [USER]: sqlite3VdbeAddFunctionCall
[2m[DEBUG][0m ANALYZE [USER]: sqlite3ReleaseTempRange
[2m[DEBUG][0m ANALYZE [USER]: sqlite3SubselectError
[2m[DEBUG][0m ANALYZE [USER]: sqlite3CodeSubselect
[2m[DEBUG][0m ANALYZE [USER]: sqlite3ExprVectorSize
[2m[DEBUG][0m ANALYZE [USER]: sqlite3VdbeMakeLabel
[2m[DEBUG][0m ANALYZE [USER]: sqlite3ExprCodeIN
[2m[DEBUG][0m ANALYZE [USER]: sqlite3VdbeResolveLabel
[2m[DEBUG][0m ANALYZE [USER]: exprCodeBetween
[2m[DEBUG][0m ANALYZE [USER]: sqlite3ExprDup
[2m[DEBUG][0m ANALYZE [USER]: sqlite3ExprToRegister
[2m[DEBUG][0m ANALYZE [USER]: exprCodeVector
[2m[DEBUG][0m ANALYZE [USER]: sqlite3ExprIfFalse
[2m[DEBUG][0m ANALYZE [USER]: setDoNotMergeFlagOnCopy
[2m[DEBUG][0m ANALYZE [USER]: sqlite3MayAbort
[2m[DEBUG][0m ANALYZE [USER]: sqlite3ReleaseTempReg
[2m[DEBUG][0m ANALYZE [USER]: sqlite3ExprCompare
[2m[DEBUG][0m ANALYZE [USER]: sqlite3ExprAffinity
[2m[DEBUG][0m ANALYZE [USER]: sqlite3ExprCanReturnSubtype
[2m[DEBUG][0m ANALYZE [USER]: exprCompareVariable
[2m[DEBUG][0m ANALYZE [USER]: sqlite3WindowCompare
[2m[DEBUG][0m ANALYZE [USER]: sqlite3ExprListCompare
[2m[DEBUG][0m ANALYZE [USER]: sqlite3VdbeSetVarmask
[2m[DEBUG][0m ANALYZE [USER]: sqlite3VdbeGetBoundValue
[2m[DEBUG][0m ANALYZE [USER]: exprNodeCanReturnSubtype
[2m[DEBUG][0m ANALYZE [USER]: sqlite3WalkExpr
[2m[DEBUG][0m ANALYZE [USER]: sqlite3WalkExprNN
[2m[DEBUG][0m ANALYZE [USER]: sqlite3WalkSelect
[2m[DEBUG][0m ANALYZE [USER]: sqlite3WalkExprList
[2m[DEBUG][0m ANALYZE [USER]: walkWindowList
[2m[DEBUG][0m ANALYZE [USER]: sqlite3WalkSelectExpr
[2m[DEBUG][0m ANALYZE [USER]: sqlite3WalkSelectFrom
[2m[DEBUG][0m ANALYZE [USER]: sqlite3WalkWinDefnDummyCallback
[2m[DEBUG][0m ANALYZE [USER]: sqlite3SelectPopWith
[2m[DEBUG][0m ANALYZE [USER]: findRightmost
[2m[DEBUG][0m ANALYZE [USER]: sqlite3ExprCodeCopy
[2m[DEBUG][0m ANALYZE [USER]: sqlite3ColumnExpr
[2m[DEBUG][0m ANALYZE [USER]: sqlite3VdbeChangeP3
[2m[DEBUG][0m ANALYZE [USER]: sqlite3ExprCodeGetColumnOfTable
[2m[DEBUG][0m ANALYZE [USER]: sqlite3VdbeGetLastOp
[2m[DEBUG][0m ANALYZE [USER]: sqlite3VdbeParser
[2m[DEBUG][0m ANALYZE [USER]: sqlite3TableColumnToIndex
[2m[DEBUG][0m ANALYZE [USER]: sqlite3ColumnDefault
[2m[DEBUG][0m ANALYZE [USER]: sqlite3VdbeAddOp4Dup8
[2m[DEBUG][0m ANALYZE [USER]: exprCodeSubselect
[2m[DEBUG][0m ANALYZE [USER]: exprVectorRegister
[2m[DEBUG][0m ANALYZE [USER]: sqlite3VectorFieldSubexpr
[2m[DEBUG][0m ANALYZE [USER]: sqlite3GetTempReg
[2m[DEBUG][0m ANALYZE [USER]: binaryCompareP5
[2m[DEBUG][0m ANALYZE [USER]: sqlite3CompareAffinity
[2m[DEBUG][0m ANALYZE [USER]: exprIsConst
[2m[DEBUG][0m ANALYZE [USER]: exprNodeIsConstant
[2m[DEBUG][0m ANALYZE [USER]: sqlite3SelectWalkFail
[2m[DEBUG][0m ANALYZE [USER]: exprNodeIsConstantFunction
[2m[DEBUG][0m ANALYZE [USER]: sqlite3ExprImpliesExpr
[2m[DEBUG][0m ANALYZE [USER]: sqlite3ExprImpliesNonNullRow
[2m[DEBUG][0m ANALYZE [USER]: exprImpliesNotNull
[2m[DEBUG][0m ANALYZE [USER]: impliesNotNullRow
[2m[DEBUG][0m ANALYZE [USER]: bothImplyNotNullRow
[2m[DEBUG][0m ANALYZE [USER]: sqlite3VdbeExplain
[2m[DEBUG][0m ANALYZE [USER]: sqlite3SelectDestInit
[2m[DEBUG][0m ANALYZE [USER]: sqlite3ExprDeferredDelete
[2m[DEBUG][0m ANALYZE [USER]: sqlite3ClearTempRegCache
[2m[DEBUG][0m ANALYZE [USER]: sqlite3ParserAddCleanup
[2m[DEBUG][0m ANALYZE [USER]: sqlite3ExprDeleteGeneric
[2m[DEBUG][0m ANALYZE [USER]: sqlite3ExprCheckIN
[2m[DEBUG][0m ANALYZE [USER]: exprINAffinity
[2m[DEBUG][0m ANALYZE [USER]: sqlite3FindInIndex
[2m[DEBUG][0m ANALYZE [USER]: sqlite3ExprCanBeNull
[2m[DEBUG][0m ANALYZE [USER]: sqlite3VectorErrorMsg
[2m[DEBUG][0m ANALYZE [USER]: isCandidateForInOpt
[2m[DEBUG][0m ANALYZE [USER]: sqlite3CodeVerifySchema
[2m[DEBUG][0m ANALYZE [USER]: sqlite3SetHasNullFlag
[2m[DEBUG][0m ANALYZE [USER]: sqlite3InRhsIsConstant
[2m[DEBUG][0m ANALYZE [USER]: sqlite3CodeRhsOfIN
[2m[DEBUG][0m ANALYZE [USER]: sqlite3CodeVerifySchemaAtToplevel
[2m[DEBUG][0m ANALYZE [USER]: findCompatibleInRhsSubrtn
[2m[DEBUG][0m ANALYZE [USER]: sqlite3SelectDup
[2m[DEBUG][0m ANALYZE [USER]: sqlite3VdbeChangeToNoop
[2m[DEBUG][0m ANALYZE [USER]: sqlite3ExprListDup
[2m[DEBUG][0m ANALYZE [USER]: sqlite3SrcListDup
[2m[DEBUG][0m ANALYZE [USER]: sqlite3WithDup
[2m[DEBUG][0m ANALYZE [USER]: sqlite3WindowListDup
[2m[DEBUG][0m ANALYZE [USER]: gatherSelectWindows
[2m[DEBUG][0m ANALYZE [USER]: sqlite3IdListDup
[2m[DEBUG][0m ANALYZE [USER]: sqlite3WindowDup
[2m[DEBUG][0m ANALYZE [USER]: gatherSelectWindowsCallback
[2m[DEBUG][0m ANALYZE [USER]: gatherSelectWindowsSelectCallback
[2m[DEBUG][0m ANALYZE [USER]: sqlite3WindowLink
[2m[DEBUG][0m ANALYZE [USER]: resizeResolveLabel
[2m[DEBUG][0m ANALYZE [USER]: sqlite3ProgressCheck
[2m[DEBUG][0m ANALYZE [USER]: exprDup
[2m[DEBUG][0m ANALYZE [USER]: dupedExprSize
[2m[DEBUG][0m ANALYZE [USER]: dupedExprStructSize
[2m[DEBUG][0m ANALYZE [USER]: exprStructSize
[2m[DEBUG][0m ANALYZE [USER]: dupedExprNodeSize
[2m[DEBUG][0m ANALYZE [USER]: sqlite3ExprCodeFactorable
[2m[DEBUG][0m ANALYZE [USER]: sqlite3ExprSimplifiedAndOr
[2m[DEBUG][0m ANALYZE [USER]: sqlite3ExprIfTrue
[2m[DEBUG][0m ANALYZE [USER]: sqlite3VdbeTypeofColumn
[2m[DEBUG][0m ANALYZE [USER]: sqlite3AuthCheck
[2m[DEBUG][0m ANALYZE [USER]: sqliteAuthBadReturnCode
[2m[DEBUG][0m ANALYZE [USER]: sqlite3TwoPartName
[2m[DEBUG][0m ANALYZE [USER]: sqlite3CheckObjectName
[2m[DEBUG][0m ANALYZE [USER]: sqlite3ForceNotReadOnly
[2m[DEBUG][0m ANALYZE [USER]: sqlite3BeginWriteOperation
[2m[DEBUG][0m ANALYZE [USER]: sqlite3OpenSchemaTable
[2m[DEBUG][0m ANALYZE [USER]: sqlite3FindDb
[2m[DEBUG][0m ANALYZE [USER]: sqlite3ReadOnlyShadowTables
[2m[DEBUG][0m ANALYZE [USER]: sqlite3ShadowTableName
[2m[DEBUG][0m ANALYZE [USER]: sqlite3IsShadowTableOf
[2m[DEBUG][0m ANALYZE [USER]: convertToWithoutRowidTable
[2m[DEBUG][0m ANALYZE [USER]: sqlite3ResolveSelfReference
[2m[DEBUG][0m ANALYZE [USER]: sqlite3ColumnSetExpr
[2m[DEBUG][0m ANALYZE [USER]: estimateTableWidth
[2m[DEBUG][0m ANALYZE [USER]: estimateIndexWidth
[2m[DEBUG][0m ANALYZE [USER]: sqlite3ResultSetOfSelect
[2m[DEBUG][0m ANALYZE [USER]: sqlite3VdbeEndCoroutine
[2m[DEBUG][0m ANALYZE [USER]: sqlite3TableAffinity
[2m[DEBUG][0m ANALYZE [USER]: createTableStmt
[2m[DEBUG][0m ANALYZE [USER]: sqlite3NestedParse
[2m[DEBUG][0m ANALYZE [USER]: sqlite3ChangeCookie
[2m[DEBUG][0m ANALYZE [USER]: sqlite3VdbeAddParseSchemaOp
[2m[DEBUG][0m ANALYZE [USER]: sqlite3TokenInit
[2m[DEBUG][0m ANALYZE [USER]: isDupColumn
[2m[DEBUG][0m ANALYZE [USER]: sqlite3VdbeChangeOpcode
[2m[DEBUG][0m ANALYZE [USER]: resizeIndexObject
[2m[DEBUG][0m ANALYZE [USER]: hasColumn
[2m[DEBUG][0m ANALYZE [USER]: recomputeColumnsNotIndexed
[2m[DEBUG][0m ANALYZE [USER]: sqlite3ResolveExprNames
[2m[DEBUG][0m ANALYZE [USER]: sqlite3ResolveExprListNames
[2m[DEBUG][0m ANALYZE [USER]: resolveExprStep
[2m[DEBUG][0m ANALYZE [USER]: resolveSelectStep
[2m[DEBUG][0m ANALYZE [USER]: sqlite3ExprCheckHeight
[2m[DEBUG][0m ANALYZE [USER]: notValidImpl
[2m[DEBUG][0m ANALYZE [USER]: lookupName
[2m[DEBUG][0m ANALYZE [USER]: exprProbability
[2m[DEBUG][0m ANALYZE [USER]: sqlite3ExprOrderByAggregateError
[2m[DEBUG][0m ANALYZE [USER]: sqlite3WindowUpdate
[2m[DEBUG][0m ANALYZE [USER]: sqlite3ReferencesSrcList
[2m[DEBUG][0m ANALYZE [USER]: sqlite3MatchEName
[2m[DEBUG][0m ANALYZE [USER]: sqlite3IdListIndex
[2m[DEBUG][0m ANALYZE [USER]: extendFJMatch
[2m[DEBUG][0m ANALYZE [USER]: isValidSchemaTableName
[2m[DEBUG][0m ANALYZE [USER]: sqlite3StrIHash
[2m[DEBUG][0m ANALYZE [USER]: sqlite3SrcItemColumnUsed
[2m[DEBUG][0m ANALYZE [USER]: resolveAlias
[2m[DEBUG][0m ANALYZE [USER]: areDoubleQuotedStringsEnabled
[2m[DEBUG][0m ANALYZE [USER]: sqlite3ExprColUsed
[2m[DEBUG][0m ANALYZE [USER]: sqlite3AuthRead
[2m[DEBUG][0m ANALYZE [USER]: incrAggFunctionDepth
[2m[DEBUG][0m ANALYZE [USER]: sqlite3ExprAddCollateString
[2m[DEBUG][0m ANALYZE [USER]: incrAggDepth
[2m[DEBUG][0m ANALYZE [USER]: sqlite3AuthReadCol
[2m[DEBUG][0m ANALYZE [USER]: windowFind
[2m[DEBUG][0m ANALYZE [USER]: exprRefToSrcList
[2m[DEBUG][0m ANALYZE [USER]: selectRefEnter
[2m[DEBUG][0m ANALYZE [USER]: selectRefLeave
[2m[DEBUG][0m ANALYZE [USER]: sqlite3SelectPrep
[2m[DEBUG][0m ANALYZE [USER]: sqlite3ResolveSelectNames
[2m[DEBUG][0m ANALYZE [USER]: resolveOrderGroupBy
[2m[DEBUG][0m ANALYZE [USER]: sqlite3SelectWrongNumTermsError
[2m[DEBUG][0m ANALYZE [USER]: resolveCompoundOrderBy
[2m[DEBUG][0m ANALYZE [USER]: sqlite3SelectExpand
[2m[DEBUG][0m ANALYZE [USER]: sqlite3SelectAddTypeInfo
[2m[DEBUG][0m ANALYZE [USER]: sqlite3ExprWalkNoop
[2m[DEBUG][0m ANALYZE [USER]: convertCompoundSelectToSubquery
[2m[DEBUG][0m ANALYZE [USER]: selectExpander
[2m[DEBUG][0m ANALYZE [USER]: sqlite3SrcListAssignCursors
[2m[DEBUG][0m ANALYZE [USER]: sqlite3ExpandSubquery
[2m[DEBUG][0m ANALYZE [USER]: resolveFromTermToCte
[2m[DEBUG][0m ANALYZE [USER]: sqlite3LocateTableItem
[2m[DEBUG][0m ANALYZE [USER]: cannotBeFunction
[2m[DEBUG][0m ANALYZE [USER]: sqlite3ViewGetColumnNames
[2m[DEBUG][0m ANALYZE [USER]: sqlite3SrcItemAttachSubquery
[2m[DEBUG][0m ANALYZE [USER]: sqlite3IndexedByLookup
[2m[DEBUG][0m ANALYZE [USER]: sqlite3ProcessJoin
[2m[DEBUG][0m ANALYZE [USER]: sqlite3RowidAlias
[2m[DEBUG][0m ANALYZE [USER]: inAnyUsingClause
[2m[DEBUG][0m ANALYZE [USER]: sqlite3ColumnsFromExprList
[2m[DEBUG][0m ANALYZE [USER]: sqlite3IsTrueOrFalse
[2m[DEBUG][0m ANALYZE [USER]: searchWith
[2m[DEBUG][0m ANALYZE [USER]: viewGetColumnNames
[2m[DEBUG][0m ANALYZE [USER]: sqlite3VtabCallConnect
[2m[DEBUG][0m ANALYZE [USER]: sqlite3SubqueryColumnTypes
[2m[DEBUG][0m ANALYZE [USER]: sqlite3ExprDataType
[2m[DEBUG][0m ANALYZE [USER]: columnTypeImpl
[2m[DEBUG][0m ANALYZE [USER]: sqlite3ColumnSetColl
[2m[DEBUG][0m ANALYZE [USER]: tableAndColumnIndex
[2m[DEBUG][0m ANALYZE [USER]: sqlite3ColumnIndex
[2m[DEBUG][0m ANALYZE [USER]: sqlite3CreateColumnExpr
[2m[DEBUG][0m ANALYZE [USER]: sqlite3SetJoinExpr
[2m[DEBUG][0m ANALYZE [USER]: sqlite3SelectWalkNoop
[2m[DEBUG][0m ANALYZE [USER]: selectAddSubqueryTypeInfo
[2m[DEBUG][0m ANALYZE [USER]: resolveAsName
[2m[DEBUG][0m ANALYZE [USER]: sqlite3ExprIsInteger
[2m[DEBUG][0m ANALYZE [USER]: resolveOutOfRangeError
[2m[DEBUG][0m ANALYZE [USER]: windowRemoveExprFromSelect
[2m[DEBUG][0m ANALYZE [USER]: sqlite3ResolveOrderGroupBy
[2m[DEBUG][0m ANALYZE [USER]: resolveRemoveWindowsCb
[2m[DEBUG][0m ANALYZE [USER]: sqlite3SelectOpName
[2m[DEBUG][0m ANALYZE [USER]: resolveOrderByTermToExprList
[2m[DEBUG][0m ANALYZE [USER]: sqlite3TableAffinityStr
[2m[DEBUG][0m ANALYZE [USER]: identLength
[2m[DEBUG][0m ANALYZE [USER]: identPut
[2m[DEBUG][0m ANALYZE [USER]: sqlite3DequoteToken
[2m[DEBUG][0m ANALYZE [USER]: sqlite3Dequote
[2m[DEBUG][0m ANALYZE [USER]: sqlite3ExprIsConstantOrFunction
[2m[DEBUG][0m ANALYZE [USER]: sqlite3DbSpanDup
[2m[DEBUG][0m ANALYZE [USER]: sqlite3RenameExprUnmap
[2m[DEBUG][0m ANALYZE [USER]: renameUnmapExprCb
[2m[DEBUG][0m ANALYZE [USER]: renameUnmapSelectCb
[2m[DEBUG][0m ANALYZE [USER]: unmapColumnIdlistNames
[2m[DEBUG][0m ANALYZE [USER]: renameWalkWith
[2m[DEBUG][0m ANALYZE [USER]: sqlite3RenameExprlistUnmap
[2m[DEBUG][0m ANALYZE [USER]: sqlite3DequoteExpr
[2m[DEBUG][0m ANALYZE [USER]: makeColumnPartOfPrimaryKey
[2m[DEBUG][0m ANALYZE [USER]: sqlite3ExprSkipCollate
[2m[DEBUG][0m ANALYZE [USER]: sqlite3StringToId
[2m[DEBUG][0m ANALYZE [USER]: sqlite3HasExplicitNulls
[2m[DEBUG][0m ANALYZE [USER]: sqlite3SrcListLookup
[2m[DEBUG][0m ANALYZE [USER]: sqlite3FixInit
[2m[DEBUG][0m ANALYZE [USER]: sqlite3FixSrcList
[2m[DEBUG][0m ANALYZE [USER]: sqlite3AllocateIndexObject
[2m[DEBUG][0m ANALYZE [USER]: sqlite3RefillIndex
[2m[DEBUG][0m ANALYZE [USER]: fixExprCb
[2m[DEBUG][0m ANALYZE [USER]: fixSelectCb
[2m[DEBUG][0m ANALYZE [USER]: sqlite3KeyInfoRef
[2m[DEBUG][0m ANALYZE [USER]: sqlite3MultiWrite
[2m[DEBUG][0m ANALYZE [USER]: sqlite3GenerateIndexKey
[2m[DEBUG][0m ANALYZE [USER]: sqlite3ResolvePartIdxLabel
[2m[DEBUG][0m ANALYZE [USER]: sqlite3UniqueConstraint
[2m[DEBUG][0m ANALYZE [USER]: sqlite3ExprIfFalseDup
[2m[DEBUG][0m ANALYZE [USER]: sqlite3ExprCodeLoadIndexColumn
[2m[DEBUG][0m ANALYZE [USER]: sqlite3VdbeDeletePriorOpcode
[2m[DEBUG][0m ANALYZE [USER]: sqlite3HaltConstraint
[2m[DEBUG][0m ANALYZE [USER]: sqlite3CodeVerifyNamedSchema
[2m[DEBUG][0m ANALYZE [USER]: tableMayNotBeDropped
[2m[DEBUG][0m ANALYZE [USER]: sqlite3ClearStatTables
[2m[DEBUG][0m ANALYZE [USER]: sqlite3FkDropTable
[2m[DEBUG][0m ANALYZE [USER]: sqlite3CodeDropTable
[2m[DEBUG][0m ANALYZE [USER]: sqlite3FkReferences
[2m[DEBUG][0m ANALYZE [USER]: sqlite3TriggerList
[2m[DEBUG][0m ANALYZE [USER]: sqlite3DropTriggerPtr
[2m[DEBUG][0m ANALYZE [USER]: destroyTable
[2m[DEBUG][0m ANALYZE [USER]: sqliteViewResetAll
[2m[DEBUG][0m ANALYZE [USER]: destroyRootPage
[2m[DEBUG][0m ANALYZE [USER]: sqlite3FixSelect
[2m[DEBUG][0m ANALYZE [USER]: sqlite3ExprListDeleteGeneric
[2m[DEBUG][0m ANALYZE [USER]: sameSrcAlias
[2m[DEBUG][0m ANALYZE [USER]: sqlite3GenerateColumnNames
[2m[DEBUG][0m ANALYZE [USER]: sqlite3WindowRewrite
[2m[DEBUG][0m ANALYZE [USER]: unsetJoinExpr
[2m[DEBUG][0m ANALYZE [USER]: flattenSubquery
[2m[DEBUG][0m ANALYZE [USER]: multiSelect
[2m[DEBUG][0m ANALYZE [USER]: sqlite3VdbeExplainPop
[2m[DEBUG][0m ANALYZE [USER]: propagateConstants
[2m[DEBUG][0m ANALYZE [USER]: countOfViewOptimization
[2m[DEBUG][0m ANALYZE [USER]: sqlite3SelectExprHeight
[2m[DEBUG][0m ANALYZE [USER]: pushDownWhereTerms
[2m[DEBUG][0m ANALYZE [USER]: disableUnusedSubqueryResultColumns
[2m[DEBUG][0m ANALYZE [USER]: fromClauseTermCanBeCoroutine
[2m[DEBUG][0m ANALYZE [USER]: isSelfJoinView
[2m[DEBUG][0m ANALYZE [USER]: sqlite3KeyInfoFromExprList
[2m[DEBUG][0m ANALYZE [USER]: computeLimitRegisters
[2m[DEBUG][0m ANALYZE [USER]: sqlite3WindowCodeInit
[2m[DEBUG][0m ANALYZE [USER]: sqlite3WhereBegin
[2m[DEBUG][0m ANALYZE [USER]: sqlite3WhereOutputRowCount
[2m[DEBUG][0m ANALYZE [USER]: sqlite3WhereIsDistinct
[2m[DEBUG][0m ANALYZE [USER]: sqlite3WhereIsOrdered
[2m[DEBUG][0m ANALYZE [USER]: sqlite3WhereOrderByLimitOptLabel
[2m[DEBUG][0m ANALYZE [USER]: sqlite3WindowCodeStep
[2m[DEBUG][0m ANALYZE [USER]: selectInnerLoop
[2m[DEBUG][0m ANALYZE [USER]: sqlite3WhereContinueLabel
[2m[DEBUG][0m ANALYZE [USER]: sqlite3WhereBreakLabel
[2m[DEBUG][0m ANALYZE [USER]: sqlite3WhereEnd
[2m[DEBUG][0m ANALYZE [USER]: agginfoFree
[2m[DEBUG][0m ANALYZE [USER]: sqlite3ExprAnalyzeAggList
[2m[DEBUG][0m ANALYZE [USER]: havingToWhere
[2m[DEBUG][0m ANALYZE [USER]: sqlite3ExprAnalyzeAggregates
[2m[DEBUG][0m ANALYZE [USER]: minMaxQuery
[2m[DEBUG][0m ANALYZE [USER]: analyzeAggFuncArgs
[2m[DEBUG][0m ANALYZE [USER]: optimizeAggregateUseOfIndexedExpr
[2m[DEBUG][0m ANALYZE [USER]: assignAggregateRegisters
[2m[DEBUG][0m ANALYZE [USER]: aggregateConvertIndexedExprRefToColumn
[2m[DEBUG][0m ANALYZE [USER]: sqlite3WhereIsSorted
[2m[DEBUG][0m ANALYZE [USER]: sqlite3ExprCodeMove
[2m[DEBUG][0m ANALYZE [USER]: updateAccumulator
[2m[DEBUG][0m ANALYZE [USER]: finalizeAggFunctions
[2m[DEBUG][0m ANALYZE [USER]: resetAccumulator
[2m[DEBUG][0m ANALYZE [USER]: fixDistinctOpenEph
[2m[DEBUG][0m ANALYZE [USER]: isSimpleCount
[2m[DEBUG][0m ANALYZE [USER]: explainSimpleCount
[2m[DEBUG][0m ANALYZE [USER]: sqlite3WhereMinMaxOptEarlyOut
[2m[DEBUG][0m ANALYZE [USER]: explainTempTable
[2m[DEBUG][0m ANALYZE [USER]: generateSortTail
[2m[DEBUG][0m ANALYZE [USER]: sqlite3VdbeSetNumCols
[2m[DEBUG][0m ANALYZE [USER]: sqlite3VdbeSetColName
[2m[DEBUG][0m ANALYZE [USER]: generateColumnTypes
[2m[DEBUG][0m ANALYZE [USER]: sqlite3AggInfoPersistWalkerInit
[2m[DEBUG][0m ANALYZE [USER]: disallowAggregatesInOrderByCb
[2m[DEBUG][0m ANALYZE [USER]: exprListAppendList
[2m[DEBUG][0m ANALYZE [USER]: selectWindowRewriteEList
[2m[DEBUG][0m ANALYZE [USER]: sqlite3WindowExtraAggFuncDepth
[2m[DEBUG][0m ANALYZE [USER]: sqlite3WalkerDepthIncrease
[2m[DEBUG][0m ANALYZE [USER]: sqlite3WalkerDepthDecrease
[2m[DEBUG][0m ANALYZE [USER]: agginfoPersistExprCb
[2m[DEBUG][0m ANALYZE [USER]: selectWindowRewriteExprCb
[2m[DEBUG][0m ANALYZE [USER]: selectWindowRewriteSelectCb
[2m[DEBUG][0m ANALYZE [USER]: compoundHasDifferentAffinities
[2m[DEBUG][0m ANALYZE [USER]: sqlite3SubqueryDetach
[2m[DEBUG][0m ANALYZE [USER]: renumberCursors
[2m[DEBUG][0m ANALYZE [USER]: sqlite3DeleteTableGeneric
[2m[DEBUG][0m ANALYZE [USER]: sqlite3SrcListEnlarge
[2m[DEBUG][0m ANALYZE [USER]: findLeftmostExprlist
[2m[DEBUG][0m ANALYZE [USER]: substSelect
[2m[DEBUG][0m ANALYZE [USER]: recomputeColumnsUsed
[2m[DEBUG][0m ANALYZE [USER]: srclistRenumberCursors
[2m[DEBUG][0m ANALYZE [USER]: renumberCursorsCb
[2m[DEBUG][0m ANALYZE [USER]: renumberCursorDoMapping
[2m[DEBUG][0m ANALYZE [USER]: substExprList
[2m[DEBUG][0m ANALYZE [USER]: substExpr
[2m[DEBUG][0m ANALYZE [USER]: recomputeColumnsUsedExpr
[2m[DEBUG][0m ANALYZE [USER]: multiSelectValues
[2m[DEBUG][0m ANALYZE [USER]: hasAnchor
[2m[DEBUG][0m ANALYZE [USER]: generateWithRecursiveQuery
[2m[DEBUG][0m ANALYZE [USER]: multiSelectOrderBy
[2m[DEBUG][0m ANALYZE [USER]: sqlite3LogEstAdd
[2m[DEBUG][0m ANALYZE [USER]: multiSelectCollSeq
[2m[DEBUG][0m ANALYZE [USER]: sqlite3SelectDeleteGeneric
[2m[DEBUG][0m ANALYZE [USER]: multiSelectOrderByKeyInfo
[2m[DEBUG][0m ANALYZE [USER]: codeOffset
[2m[DEBUG][0m ANALYZE [USER]: generateOutputSubroutine
[2m[DEBUG][0m ANALYZE [USER]: sqlite3VdbeExplainParent
[2m[DEBUG][0m ANALYZE [USER]: findConstInWhere
[2m[DEBUG][0m ANALYZE [USER]: propagateConstantExprRewrite
[2m[DEBUG][0m ANALYZE [USER]: constInsert
[2m[DEBUG][0m ANALYZE [USER]: sqlite3IsBinary
[2m[DEBUG][0m ANALYZE [USER]: binCollFunc
[2m[DEBUG][0m ANALYZE [USER]: propagateConstantExprRewriteOne
[2m[DEBUG][0m ANALYZE [USER]: heightOfSelect
[2m[DEBUG][0m ANALYZE [USER]: heightOfExpr
[2m[DEBUG][0m ANALYZE [USER]: heightOfExprList
[2m[DEBUG][0m ANALYZE [USER]: sqlite3ExprIsSingleTableConstraint
[2m[DEBUG][0m ANALYZE [USER]: pushDownWindowCheck
[2m[DEBUG][0m ANALYZE [USER]: sqlite3ExprIsTableConstant
[2m[DEBUG][0m ANALYZE [USER]: exprSelectWalkTableConstant
[2m[DEBUG][0m ANALYZE [USER]: sqlite3ExprIsConstantOrGroupBy
[2m[DEBUG][0m ANALYZE [USER]: exprNodeIsConstantOrGroupBy
[2m[DEBUG][0m ANALYZE [USER]: sqlite3ExprNNCollSeq
[2m[DEBUG][0m ANALYZE [USER]: whereLoopInit
[2m[DEBUG][0m ANALYZE [USER]: sqlite3WhereClauseInit
[2m[DEBUG][0m ANALYZE [USER]: sqlite3WhereSplit
[2m[DEBUG][0m ANALYZE [USER]: createMask
[2m[DEBUG][0m ANALYZE [USER]: sqlite3WhereTabFuncArgs
[2m[DEBUG][0m ANALYZE [USER]: sqlite3WhereExprAnalyze
[2m[DEBUG][0m ANALYZE [USER]: sqlite3WhereAddLimit
[2m[DEBUG][0m ANALYZE [USER]: exprIsDeterministic
[2m[DEBUG][0m ANALYZE [USER]: isDistinctRedundant
[2m[DEBUG][0m ANALYZE [USER]: whereShortCut
[2m[DEBUG][0m ANALYZE [USER]: whereLoopAddAll
[2m[DEBUG][0m ANALYZE [USER]: wherePathSolver
[2m[DEBUG][0m ANALYZE [USER]: whereInterstageHeuristic
[2m[DEBUG][0m ANALYZE [USER]: whereReverseScanOrder
[2m[DEBUG][0m ANALYZE [USER]: whereOmitNoopJoin
[2m[DEBUG][0m ANALYZE [USER]: whereCheckIfBloomFilterIsUseful
[2m[DEBUG][0m ANALYZE [USER]: whereAddIndexedExpr
[2m[DEBUG][0m ANALYZE [USER]: wherePartIdxExpr
[2m[DEBUG][0m ANALYZE [USER]: sqlite3WhereMalloc
[2m[DEBUG][0m ANALYZE [USER]: constructAutomaticIndex
[2m[DEBUG][0m ANALYZE [USER]: sqlite3ConstructBloomFilter
[2m[DEBUG][0m ANALYZE [USER]: sqlite3WhereExplainOneScan
[2m[DEBUG][0m ANALYZE [USER]: sqlite3WhereCodeOneLoopStart
[2m[DEBUG][0m ANALYZE [USER]: whereInfoFree
[2m[DEBUG][0m ANALYZE [USER]: whereClauseInsert
[2m[DEBUG][0m ANALYZE [USER]: exprAnalyze
[2m[DEBUG][0m ANALYZE [USER]: sqlite3WhereExprUsage
[2m[DEBUG][0m ANALYZE [USER]: exprSelectUsage
[2m[DEBUG][0m ANALYZE [USER]: sqlite3WhereExprListUsage
[2m[DEBUG][0m ANALYZE [USER]: sqlite3WhereExprUsageNN
[2m[DEBUG][0m ANALYZE [USER]: sqlite3WhereGetMask
[2m[DEBUG][0m ANALYZE [USER]: allowedOp
[2m[DEBUG][0m ANALYZE [USER]: exprMightBeIndexed
[2m[DEBUG][0m ANALYZE [USER]: operatorMask
[2m[DEBUG][0m ANALYZE [USER]: markTermAsChild
[2m[DEBUG][0m ANALYZE [USER]: termIsEquivalence
[2m[DEBUG][0m ANALYZE [USER]: exprCommute
[2m[DEBUG][0m ANALYZE [USER]: transferJoinMarkings
[2m[DEBUG][0m ANALYZE [USER]: exprAnalyzeOrTerm
[2m[DEBUG][0m ANALYZE [USER]: isLikeOrGlob
[2m[DEBUG][0m ANALYZE [USER]: sqlite3ExprForVectorField
[2m[DEBUG][0m ANALYZE [USER]: isAuxiliaryVtabOperator
[2m[DEBUG][0m ANALYZE [USER]: sqlite3WhereExprUsageFull
[2m[DEBUG][0m ANALYZE [USER]: exprMightBeIndexed2
[2m[DEBUG][0m ANALYZE [USER]: sqlite3ExprCompareSkip
[2m[DEBUG][0m ANALYZE [USER]: sqlite3ExprCollSeqMatch
[2m[DEBUG][0m ANALYZE [USER]: whereNthSubterm
[2m[DEBUG][0m ANALYZE [USER]: whereCombineDisjuncts
[2m[DEBUG][0m ANALYZE [USER]: sqlite3IsLikeFunction
[2m[DEBUG][0m ANALYZE [USER]: whereAddLimitExpr
[2m[DEBUG][0m ANALYZE [USER]: exprNodeIsDeterministic
[2m[DEBUG][0m ANALYZE [USER]: sqlite3WhereFindTerm
[2m[DEBUG][0m ANALYZE [USER]: findIndexCol
[2m[DEBUG][0m ANALYZE [USER]: indexColumnNotNull
[2m[DEBUG][0m ANALYZE [USER]: whereScanInit
[2m[DEBUG][0m ANALYZE [USER]: whereScanNext
[2m[DEBUG][0m ANALYZE [USER]: whereScanInitIndexExpr
[2m[DEBUG][0m ANALYZE [USER]: whereRightSubexprIsColumn
[2m[DEBUG][0m ANALYZE [USER]: indexInAffinityOk
[2m[DEBUG][0m ANALYZE [USER]: sqlite3IndexAffinityOk
[2m[DEBUG][0m ANALYZE [USER]: comparisonAffinity
[2m[DEBUG][0m ANALYZE [USER]: whereLoopAddVirtual
[2m[DEBUG][0m ANALYZE [USER]: whereLoopAddBtree
[2m[DEBUG][0m ANALYZE [USER]: whereLoopAddOr
[2m[DEBUG][0m ANALYZE [USER]: whereLoopClear
[2m[DEBUG][0m ANALYZE [USER]: allocateIndexInfo
[2m[DEBUG][0m ANALYZE [USER]: whereLoopResize
[2m[DEBUG][0m ANALYZE [USER]: freeIndexInfo
[2m[DEBUG][0m ANALYZE [USER]: whereLoopAddVirtualOne
[2m[DEBUG][0m ANALYZE [USER]: constraintCompatibleWithOuterJoin
[2m[DEBUG][0m ANALYZE [USER]: freeIdxStr
[2m[DEBUG][0m ANALYZE [USER]: isLimitTerm
[2m[DEBUG][0m ANALYZE [USER]: vtabBestIndex
[2m[DEBUG][0m ANALYZE [USER]: allConstraintsUsed
[2m[DEBUG][0m ANALYZE [USER]: whereLoopInsert
[2m[DEBUG][0m ANALYZE [USER]: sqlite3VtabUsesAllSchemas
[2m[DEBUG][0m ANALYZE [USER]: whereLoopAdjustCost
[2m[DEBUG][0m ANALYZE [USER]: whereOrInsert
[2m[DEBUG][0m ANALYZE [USER]: whereLoopFindLesser
[2m[DEBUG][0m ANALYZE [USER]: whereLoopDelete
[2m[DEBUG][0m ANALYZE [USER]: whereLoopXfer
[2m[DEBUG][0m ANALYZE [USER]: whereLoopCheaperProperSubset
[2m[DEBUG][0m ANALYZE [USER]: whereLoopClearUnion
[2m[DEBUG][0m ANALYZE [USER]: estLog
[2m[DEBUG][0m ANALYZE [USER]: termCanDriveIndex
[2m[DEBUG][0m ANALYZE [USER]: whereUsablePartialIndex
[2m[DEBUG][0m ANALYZE [USER]: indexMightHelpWithOrderBy
[2m[DEBUG][0m ANALYZE [USER]: whereLoopOutputAdjust
[2m[DEBUG][0m ANALYZE [USER]: whereIsCoveringIndex
[2m[DEBUG][0m ANALYZE [USER]: sqlite3ExprCoveredByIndex
[2m[DEBUG][0m ANALYZE [USER]: whereLoopAddBtreeIndex
[2m[DEBUG][0m ANALYZE [USER]: columnIsGoodIndexCandidate
[2m[DEBUG][0m ANALYZE [USER]: whereIsCoveringIndexWalkCallback
[2m[DEBUG][0m ANALYZE [USER]: exprIsCoveredByIndex
[2m[DEBUG][0m ANALYZE [USER]: exprIdxCover
[2m[DEBUG][0m ANALYZE [USER]: whereRangeVectorLen
[2m[DEBUG][0m ANALYZE [USER]: whereRangeScanEst
[2m[DEBUG][0m ANALYZE [USER]: whereRangeAdjust
[2m[DEBUG][0m ANALYZE [USER]: whereOrMove
[2m[DEBUG][0m ANALYZE [USER]: computeMxChoice
[2m[DEBUG][0m ANALYZE [USER]: wherePathSatisfiesOrderBy
[2m[DEBUG][0m ANALYZE [USER]: whereSortingCost
[2m[DEBUG][0m ANALYZE [USER]: wherePathMatchSubqueryOB
[2m[DEBUG][0m ANALYZE [USER]: sqlite3IndexAffinityStr
[2m[DEBUG][0m ANALYZE [USER]: whereIndexedExprCleanup
[2m[DEBUG][0m ANALYZE [USER]: computeIndexAffStr
[2m[DEBUG][0m ANALYZE [USER]: sqlite3WhereExplainBloomFilter
[2m[DEBUG][0m ANALYZE [USER]: translateColumnToCopy
[2m[DEBUG][0m ANALYZE [USER]: explainIndexColumnName
[2m[DEBUG][0m ANALYZE [USER]: explainIndexRange
[2m[DEBUG][0m ANALYZE [USER]: explainAppendTerm
[2m[DEBUG][0m ANALYZE [USER]: codeEqualityTerm
[2m[DEBUG][0m ANALYZE [USER]: codeExprOrVector
[2m[DEBUG][0m ANALYZE [USER]: disableTerm
[2m[DEBUG][0m ANALYZE [USER]: filterPullDown
[2m[DEBUG][0m ANALYZE [USER]: codeAllEqualityTerms
[2m[DEBUG][0m ANALYZE [USER]: whereLikeOptimizationStringFixup
[2m[DEBUG][0m ANALYZE [USER]: updateRangeAffinityStr
[2m[DEBUG][0m ANALYZE [USER]: codeApplyAffinity
[2m[DEBUG][0m ANALYZE [USER]: codeDeferredSeek
[2m[DEBUG][0m ANALYZE [USER]: whereApplyPartialIndexConstraints
[2m[DEBUG][0m ANALYZE [USER]: whereLoopIsOneRow
[2m[DEBUG][0m ANALYZE [USER]: sqlite3WhereUsesDeferredSeek
[2m[DEBUG][0m ANALYZE [USER]: sqlite3VdbeChangeP1
[2m[DEBUG][0m ANALYZE [USER]: codeINTerm
[2m[DEBUG][0m ANALYZE [USER]: removeUnindexableInClauseTerms
[2m[DEBUG][0m ANALYZE [USER]: sqlite3WhereRealloc
[2m[DEBUG][0m ANALYZE [USER]: adjustOrderByCol
[2m[DEBUG][0m ANALYZE [USER]: sqlite3ExprNeedsNoAffinityChange
[2m[DEBUG][0m ANALYZE [USER]: sqlite3WhereClauseClear
[2m[DEBUG][0m ANALYZE [USER]: whereOrInfoDelete
[2m[DEBUG][0m ANALYZE [USER]: whereAndInfoDelete
[2m[DEBUG][0m ANALYZE [USER]: windowExprGtZero
[2m[DEBUG][0m ANALYZE [USER]: windowCacheFrame
[2m[DEBUG][0m ANALYZE [USER]: windowInitAccum
[2m[DEBUG][0m ANALYZE [USER]: windowCheckValue
[2m[DEBUG][0m ANALYZE [USER]: windowAggFinal
[2m[DEBUG][0m ANALYZE [USER]: windowReturnOneRow
[2m[DEBUG][0m ANALYZE [USER]: windowIfNewPeer
[2m[DEBUG][0m ANALYZE [USER]: windowCodeOp
[2m[DEBUG][0m ANALYZE [USER]: windowCodeRangeTest
[2m[DEBUG][0m ANALYZE [USER]: windowArgCount
[2m[DEBUG][0m ANALYZE [USER]: windowFullScan
[2m[DEBUG][0m ANALYZE [USER]: windowReadPeerValues
[2m[DEBUG][0m ANALYZE [USER]: windowAggStep
[2m[DEBUG][0m ANALYZE [USER]: noopStepFunc
[2m[DEBUG][0m ANALYZE [USER]: innerLoopLoadRow
[2m[DEBUG][0m ANALYZE [USER]: codeDistinct
[2m[DEBUG][0m ANALYZE [USER]: pushOntoSorter
[2m[DEBUG][0m ANALYZE [USER]: makeSorterRecord
[2m[DEBUG][0m ANALYZE [USER]: sqlite3WhereRightJoinLoop
[2m[DEBUG][0m ANALYZE [USER]: sqlite3StorageColumnToTable
[2m[DEBUG][0m ANALYZE [USER]: havingToWhereExprCb
[2m[DEBUG][0m ANALYZE [USER]: analyzeAggregate
[2m[DEBUG][0m ANALYZE [USER]: findOrCreateAggInfoColumn
[2m[DEBUG][0m ANALYZE [USER]: addAggInfoFunc
[2m[DEBUG][0m ANALYZE [USER]: addAggInfoColumn
[2m[DEBUG][0m ANALYZE [USER]: sqlite3ArrayAllocate
[2m[DEBUG][0m ANALYZE [USER]: aggregateIdxEprRefToColCallback
[2m[DEBUG][0m ANALYZE [USER]: sqlite3VdbeJumpHereOrPopInst
[2m[DEBUG][0m ANALYZE [USER]: sqlite3ClearOnOrUsing
[2m[DEBUG][0m ANALYZE [USER]: exprListIsConstant
[2m[DEBUG][0m ANALYZE [USER]: exprListIsNoAffinity
[2m[DEBUG][0m ANALYZE [USER]: sqlite3ExprListAppendNew
[2m[DEBUG][0m ANALYZE [USER]: sqlite3ExprListAppendGrow
[2m[DEBUG][0m ANALYZE [USER]: sqlite3TriggersExist
[2m[DEBUG][0m ANALYZE [USER]: sqlite3FkRequired
[2m[DEBUG][0m ANALYZE [USER]: sqlite3IsReadOnly
[2m[DEBUG][0m ANALYZE [USER]: sqlite3AuthContextPush
[2m[DEBUG][0m ANALYZE [USER]: sqlite3VdbeCountChanges
[2m[DEBUG][0m ANALYZE [USER]: sqlite3MaterializeView
[2m[DEBUG][0m ANALYZE [USER]: sqlite3WhereOkOnePass
[2m[DEBUG][0m ANALYZE [USER]: sqlite3OpenTableAndIndices
[2m[DEBUG][0m ANALYZE [USER]: sqlite3VtabMakeWritable
[2m[DEBUG][0m ANALYZE [USER]: sqlite3GenerateRowDelete
[2m[DEBUG][0m ANALYZE [USER]: sqlite3AutoincrementEnd
[2m[DEBUG][0m ANALYZE [USER]: sqlite3CodeChangeCount
[2m[DEBUG][0m ANALYZE [USER]: sqlite3AuthContextPop
[2m[DEBUG][0m ANALYZE [USER]: tempTriggersExist
[2m[DEBUG][0m ANALYZE [USER]: triggersReallyExist
[2m[DEBUG][0m ANALYZE [USER]: checkColumnOverlap
[2m[DEBUG][0m ANALYZE [USER]: fkChildIsModified
[2m[DEBUG][0m ANALYZE [USER]: fkParentIsModified
[2m[DEBUG][0m ANALYZE [USER]: tabIsReadOnly
[2m[DEBUG][0m ANALYZE [USER]: vtabIsReadOnly
[2m[DEBUG][0m ANALYZE [USER]: sqlite3TriggerColmask
[2m[DEBUG][0m ANALYZE [USER]: sqlite3FkOldmask
[2m[DEBUG][0m ANALYZE [USER]: sqlite3CodeRowTrigger
[2m[DEBUG][0m ANALYZE [USER]: sqlite3FkCheck
[2m[DEBUG][0m ANALYZE [USER]: sqlite3GenerateRowIndexDelete
[2m[DEBUG][0m ANALYZE [USER]: sqlite3FkActions
[2m[DEBUG][0m ANALYZE [USER]: getRowTrigger
[2m[DEBUG][0m ANALYZE [USER]: codeRowTrigger
[2m[DEBUG][0m ANALYZE [USER]: sqlite3VdbeLinkSubProgram
[2m[DEBUG][0m ANALYZE [USER]: codeTriggerProgram
[2m[DEBUG][0m ANALYZE [USER]: transferParseError
[2m[DEBUG][0m ANALYZE [USER]: sqlite3VdbeTakeOpArray
[2m[DEBUG][0m ANALYZE [USER]: sqlite3TriggerStepSrc
[2m[DEBUG][0m ANALYZE [USER]: sqlite3UpsertDup
[2m[DEBUG][0m ANALYZE [USER]: sqlite3FkLocateIndex
[2m[DEBUG][0m ANALYZE [USER]: sqlite3CodeRowTriggerDirect
[2m[DEBUG][0m ANALYZE [USER]: codeReturningTrigger
[2m[DEBUG][0m ANALYZE [USER]: sqlite3ExpandReturning
[2m[DEBUG][0m ANALYZE [USER]: sqlite3ProcessReturningSubqueries
[2m[DEBUG][0m ANALYZE [USER]: isAsteriskTerm
[2m[DEBUG][0m ANALYZE [USER]: sqlite3ReturningSubqueryCorrelated
[2m[DEBUG][0m ANALYZE [USER]: sqlite3ReturningSubqueryVarSelect
[2m[DEBUG][0m ANALYZE [USER]: fkLookupParent
[2m[DEBUG][0m ANALYZE [USER]: isSetNullAction
[2m[DEBUG][0m ANALYZE [USER]: fkScanChildren
[2m[DEBUG][0m ANALYZE [USER]: exprTableRegister
[2m[DEBUG][0m ANALYZE [USER]: exprTableColumn
[2m[DEBUG][0m ANALYZE [USER]: fkActionTrigger
[2m[DEBUG][0m ANALYZE [USER]: autoIncrementEnd
[2m[DEBUG][0m ANALYZE [USER]: sqlite3DeleteReturning
[2m[DEBUG][0m ANALYZE [USER]: sqlite3ExprReferencesUpdatedColumn
[2m[DEBUG][0m ANALYZE [USER]: indexWhereClauseMightChange
[2m[DEBUG][0m ANALYZE [USER]: indexColumnIsBeingUpdated
[2m[DEBUG][0m ANALYZE [USER]: updateVirtualTable
[2m[DEBUG][0m ANALYZE [USER]: updateFromSelect
[2m[DEBUG][0m ANALYZE [USER]: sqlite3ComputeGeneratedColumns
[2m[DEBUG][0m ANALYZE [USER]: sqlite3GenerateConstraintChecks
[2m[DEBUG][0m ANALYZE [USER]: sqlite3CompleteInsertion
[2m[DEBUG][0m ANALYZE [USER]: checkConstraintExprNode
[2m[DEBUG][0m ANALYZE [USER]: exprRowColumn
[2m[DEBUG][0m ANALYZE [USER]: exprColumnFlagUnion
[2m[DEBUG][0m ANALYZE [USER]: sqlite3UpsertOfIndex
[2m[DEBUG][0m ANALYZE [USER]: sqlite3RowidConstraint
[2m[DEBUG][0m ANALYZE [USER]: sqlite3UpsertDoUpdate
[2m[DEBUG][0m NOISE-SKIP [COMPILER_GEN]: indexIteratorFirst
[2m[DEBUG][0m ANALYZE [USER]: sqlite3UpsertNextIsIPK
[2m[DEBUG][0m NOISE-SKIP [COMPILER_GEN]: indexIteratorNext
[2m[DEBUG][0m ANALYZE [USER]: xferOptimization
[2m[DEBUG][0m ANALYZE [USER]: autoIncBegin
[2m[DEBUG][0m ANALYZE [USER]: readsTable
[2m[DEBUG][0m ANALYZE [USER]: sqlite3UpsertAnalyzeTarget
[2m[DEBUG][0m ANALYZE [USER]: autoIncStep
[2m[DEBUG][0m ANALYZE [USER]: sqlite3VdbeHasSubProgram
[2m[DEBUG][0m ANALYZE [USER]: xferCompatibleIndex
[2m[DEBUG][0m ANALYZE [USER]: sqlite3VListAdd
[2m[DEBUG][0m ANALYZE [USER]: exprSetHeight
[2m[DEBUG][0m ANALYZE [USER]: sqlite3ExprListFlags
[2m[DEBUG][0m ANALYZE [USER]: sqlite3VdbeRunOnlyOnce
[2m[DEBUG][0m ANALYZE [USER]: returnSingleText
[2m[DEBUG][0m ANALYZE [USER]: setPragmaResultColumnNames
[2m[DEBUG][0m ANALYZE [USER]: returnSingleInt
[2m[DEBUG][0m ANALYZE [USER]: sqlite3BtreeSecureDelete
[2m[DEBUG][0m ANALYZE [USER]: getLockingMode
[2m[DEBUG][0m ANALYZE [USER]: sqlite3PagerLockingMode
[2m[DEBUG][0m ANALYZE [USER]: sqlite3PagerJournalSizeLimit
[2m[DEBUG][0m ANALYZE [USER]: getAutoVacuum
[2m[DEBUG][0m ANALYZE [USER]: setAllPagerFlags
[2m[DEBUG][0m ANALYZE [USER]: sqlite3BtreeSetMmapLimit
[2m[DEBUG][0m ANALYZE [USER]: changeTempStorage
[2m[DEBUG][0m ANALYZE [USER]: invalidateTempStorage
[2m[DEBUG][0m ANALYZE [USER]: getSafetyLevel
[2m[DEBUG][0m ANALYZE [USER]: sqlite3VdbeMultiLoad
[2m[DEBUG][0m ANALYZE [USER]: sqlite3PreferredTableName
[2m[DEBUG][0m ANALYZE [USER]: pragmaFunclistLine
[2m[DEBUG][0m ANALYZE [USER]: actionName
[2m[DEBUG][0m ANALYZE [USER]: sqlite3TouchRegister
[2m[DEBUG][0m ANALYZE [USER]: sqlite3RegisterLikeFunctions
[2m[DEBUG][0m ANALYZE [USER]: integrityCheckResultRow
[2m[DEBUG][0m ANALYZE [USER]: sqlite3VdbeReusable
[2m[DEBUG][0m ANALYZE [USER]: sqlite3WalHeapMemory
[2m[DEBUG][0m ANALYZE [USER]: sqlite3WalLimit
[2m[DEBUG][0m ANALYZE [USER]: getTempStore
[2m[DEBUG][0m ANALYZE [USER]: likeFunc
[2m[DEBUG][0m ANALYZE [USER]: sqlite3FixTriggerStep
[2m[DEBUG][0m ANALYZE [USER]: sqlite3FixExpr
[2m[DEBUG][0m ANALYZE [USER]: triggerStepAllocate
[2m[DEBUG][0m ANALYZE [USER]: triggerSpanDup
[2m[DEBUG][0m ANALYZE [USER]: attachFunc
[2m[DEBUG][0m ANALYZE [USER]: codeAttach
[2m[DEBUG][0m ANALYZE [USER]: sqlite3SchemaGet
[2m[DEBUG][0m ANALYZE [USER]: sqlite3ParseUri
[2m[DEBUG][0m ANALYZE [USER]: resolveAttachExpr
[2m[DEBUG][0m ANALYZE [USER]: detachFunc
[2m[DEBUG][0m ANALYZE [USER]: sqlite3BtreeIsInBackup
[2m[DEBUG][0m ANALYZE [USER]: reindexDatabases
[2m[DEBUG][0m ANALYZE [USER]: reindexTable
[2m[DEBUG][0m ANALYZE [USER]: collationMatch
[2m[DEBUG][0m ANALYZE [USER]: analyzeDatabase
[2m[DEBUG][0m ANALYZE [USER]: analyzeTable
[2m[DEBUG][0m ANALYZE [USER]: openStatTable
[2m[DEBUG][0m ANALYZE [USER]: analyzeOneTable
[2m[DEBUG][0m ANALYZE [USER]: loadAnalysis
[2m[DEBUG][0m ANALYZE [USER]: callStatGet
[2m[DEBUG][0m ANALYZE [USER]: statInit
[2m[DEBUG][0m ANALYZE [USER]: statAccumDestructor
[2m[DEBUG][0m ANALYZE [USER]: statPush
[2m[DEBUG][0m ANALYZE [USER]: statGet
[2m[DEBUG][0m ANALYZE [USER]: sqlite3ResultStrAccum
[2m[DEBUG][0m ANALYZE [USER]: isAlterableTable
[2m[DEBUG][0m ANALYZE [USER]: renameReloadSchema
[2m[DEBUG][0m ANALYZE [USER]: renameTestSchema
[2m[DEBUG][0m ANALYZE [USER]: sqlite3ErrorIfNotEmpty
[2m[DEBUG][0m ANALYZE [USER]: isRealTable
[2m[DEBUG][0m ANALYZE [USER]: renameFixQuotes
[2m[DEBUG][0m ANALYZE [USER]: addArgumentToVtab
[2m[DEBUG][0m ANALYZE [USER]: sqlite3MarkAllShadowTablesOf
[2m[DEBUG][0m ANALYZE [USER]: sqlite3WithDeleteGeneric
[2m[DEBUG][0m ANALYZE [USER]: sqlite3CteDelete
[2m[DEBUG][0m ANALYZE [USER]: sqlite3WindowOffsetExpr
[2m[DEBUG][0m ANALYZE [USER]: versionFunc
[2m[DEBUG][0m ANALYZE [USER]: loadExt
[2m[DEBUG][0m ANALYZE [USER]: compileoptionusedFunc
[2m[DEBUG][0m ANALYZE [USER]: compileoptiongetFunc
[2m[DEBUG][0m ANALYZE [USER]: trimFunc
[2m[DEBUG][0m ANALYZE [USER]: minmaxFunc
[2m[DEBUG][0m ANALYZE [USER]: minmaxStep
[2m[DEBUG][0m ANALYZE [USER]: minMaxFinalize
[2m[DEBUG][0m ANALYZE [USER]: minMaxValue
[2m[DEBUG][0m ANALYZE [USER]: typeofFunc
[2m[DEBUG][0m ANALYZE [USER]: subtypeFunc
[2m[DEBUG][0m ANALYZE [USER]: lengthFunc
[2m[DEBUG][0m ANALYZE [USER]: bytelengthFunc
[2m[DEBUG][0m ANALYZE [USER]: instrFunc
[2m[DEBUG][0m ANALYZE [USER]: printfFunc
[2m[DEBUG][0m ANALYZE [USER]: unicodeFunc
[2m[DEBUG][0m ANALYZE [USER]: charFunc
[2m[DEBUG][0m ANALYZE [USER]: absFunc
[2m[DEBUG][0m ANALYZE [USER]: roundFunc
[2m[DEBUG][0m ANALYZE [USER]: upperFunc
[2m[DEBUG][0m ANALYZE [USER]: lowerFunc
[2m[DEBUG][0m ANALYZE [USER]: hexFunc
[2m[DEBUG][0m ANALYZE [USER]: unhexFunc
[2m[DEBUG][0m ANALYZE [USER]: concatFunc
[2m[DEBUG][0m ANALYZE [USER]: concatwsFunc
[2m[DEBUG][0m ANALYZE [USER]: randomFunc
[2m[DEBUG][0m ANALYZE [USER]: randomBlob
[2m[DEBUG][0m ANALYZE [USER]: nullifFunc
[2m[DEBUG][0m ANALYZE [USER]: sourceidFunc
[2m[DEBUG][0m ANALYZE [USER]: errlogFunc
[2m[DEBUG][0m ANALYZE [USER]: quoteFunc
[2m[DEBUG][0m ANALYZE [USER]: last_insert_rowid
[2m[DEBUG][0m ANALYZE [USER]: changes
[2m[DEBUG][0m ANALYZE [USER]: total_changes
[2m[DEBUG][0m ANALYZE [USER]: replaceFunc
[2m[DEBUG][0m ANALYZE [USER]: zeroblobFunc
[2m[DEBUG][0m ANALYZE [USER]: substrFunc
[2m[DEBUG][0m ANALYZE [USER]: sumStep
[2m[DEBUG][0m ANALYZE [USER]: sumFinalize
[2m[DEBUG][0m ANALYZE [USER]: sumInverse
[2m[DEBUG][0m ANALYZE [USER]: totalFinalize
[2m[DEBUG][0m ANALYZE [USER]: avgFinalize
[2m[DEBUG][0m ANALYZE [USER]: countStep
[2m[DEBUG][0m ANALYZE [USER]: countFinalize
[2m[DEBUG][0m ANALYZE [USER]: countInverse
[2m[DEBUG][0m ANALYZE [USER]: groupConcatStep
[2m[DEBUG][0m ANALYZE [USER]: groupConcatFinalize
[2m[DEBUG][0m ANALYZE [USER]: groupConcatValue
[2m[DEBUG][0m ANALYZE [USER]: groupConcatInverse
[2m[DEBUG][0m ANALYZE [USER]: signFunc
[2m[DEBUG][0m ANALYZE [USER]: sqlite3AlterFunctions
[2m[DEBUG][0m ANALYZE [USER]: sqlite3WindowFunctions
[2m[DEBUG][0m ANALYZE [USER]: sqlite3RegisterDateTimeFunctions
[2m[DEBUG][0m ANALYZE [USER]: sqlite3RegisterJsonFunctions
[2m[DEBUG][0m ANALYZE [USER]: sqlite3InsertBuiltinFuncs
[2m[DEBUG][0m ANALYZE [USER]: contextMalloc
[2m[DEBUG][0m ANALYZE [USER]: sqlite3GetFuncCollSeq
[2m[DEBUG][0m ANALYZE [USER]: sqlite3SkipAccumulatorLoad
[2m[DEBUG][0m ANALYZE [USER]: minMaxValueFinalize
[2m[DEBUG][0m ANALYZE [USER]: strContainsChar
[2m[DEBUG][0m ANALYZE [USER]: concatFuncCore
[2m[DEBUG][0m ANALYZE [USER]: sqlite3QuoteValue
[2m[DEBUG][0m ANALYZE [USER]: kahanBabuskaNeumaierInit
[2m[DEBUG][0m ANALYZE [USER]: kahanBabuskaNeumaierStep
[2m[DEBUG][0m ANALYZE [USER]: kahanBabuskaNeumaierStepInt64
[2m[DEBUG][0m ANALYZE [USER]: sqlite3IsOverflow
[2m[DEBUG][0m ANALYZE [USER]: renameColumnFunc
[2m[DEBUG][0m ANALYZE [USER]: renameTableFunc
[2m[DEBUG][0m ANALYZE [USER]: renameTableTest
[2m[DEBUG][0m ANALYZE [USER]: dropColumnFunc
[2m[DEBUG][0m ANALYZE [USER]: renameQuotefixFunc
[2m[DEBUG][0m ANALYZE [USER]: renameParseSql
[2m[DEBUG][0m ANALYZE [USER]: renameColumnExprCb
[2m[DEBUG][0m ANALYZE [USER]: renameColumnSelectCb
[2m[DEBUG][0m ANALYZE [USER]: renameTokenFind
[2m[DEBUG][0m ANALYZE [USER]: renameResolveTrigger
[2m[DEBUG][0m ANALYZE [USER]: renameColumnElistNames
[2m[DEBUG][0m ANALYZE [USER]: renameColumnIdlistNames
[2m[DEBUG][0m ANALYZE [USER]: renameWalkTrigger
[2m[DEBUG][0m ANALYZE [USER]: renameEditSql
[2m[DEBUG][0m ANALYZE [USER]: renameColumnParseError
[2m[DEBUG][0m ANALYZE [USER]: renameParseCleanup
[2m[DEBUG][0m ANALYZE [USER]: renameTokenFree
[2m[DEBUG][0m ANALYZE [USER]: renameSetENames
[2m[DEBUG][0m ANALYZE [USER]: renameColumnTokenNext
[2m[DEBUG][0m ANALYZE [USER]: renameTableExprCb
[2m[DEBUG][0m ANALYZE [USER]: renameTableSelectCb
[2m[DEBUG][0m ANALYZE [USER]: renameQuotefixExprCb
[2m[DEBUG][0m ANALYZE [USER]: row_numberStepFunc
[2m[DEBUG][0m ANALYZE [USER]: row_numberValueFunc
[2m[DEBUG][0m ANALYZE [USER]: dense_rankStepFunc
[2m[DEBUG][0m ANALYZE [USER]: dense_rankValueFunc
[2m[DEBUG][0m ANALYZE [USER]: rankStepFunc
[2m[DEBUG][0m ANALYZE [USER]: rankValueFunc
[2m[DEBUG][0m ANALYZE [USER]: percent_rankStepFunc
[2m[DEBUG][0m ANALYZE [USER]: percent_rankValueFunc
[2m[DEBUG][0m ANALYZE [USER]: percent_rankInvFunc
[2m[DEBUG][0m ANALYZE [USER]: cume_distStepFunc
[2m[DEBUG][0m ANALYZE [USER]: cume_distValueFunc
[2m[DEBUG][0m ANALYZE [USER]: cume_distInvFunc
[2m[DEBUG][0m ANALYZE [USER]: ntileStepFunc
[2m[DEBUG][0m ANALYZE [USER]: ntileValueFunc
[2m[DEBUG][0m ANALYZE [USER]: ntileInvFunc
[2m[DEBUG][0m ANALYZE [USER]: last_valueStepFunc
[2m[DEBUG][0m ANALYZE [USER]: last_valueFinalizeFunc
[2m[DEBUG][0m ANALYZE [USER]: last_valueValueFunc
[2m[DEBUG][0m ANALYZE [USER]: last_valueInvFunc
[2m[DEBUG][0m ANALYZE [USER]: nth_valueStepFunc
[2m[DEBUG][0m ANALYZE [USER]: nth_valueFinalizeFunc
[2m[DEBUG][0m ANALYZE [USER]: noopValueFunc
[2m[DEBUG][0m ANALYZE [USER]: first_valueStepFunc
[2m[DEBUG][0m ANALYZE [USER]: first_valueFinalizeFunc
[2m[DEBUG][0m ANALYZE [USER]: juliandayFunc
[2m[DEBUG][0m ANALYZE [USER]: unixepochFunc
[2m[DEBUG][0m ANALYZE [USER]: dateFunc
[2m[DEBUG][0m ANALYZE [USER]: timeFunc
[2m[DEBUG][0m ANALYZE [USER]: datetimeFunc
[2m[DEBUG][0m ANALYZE [USER]: strftimeFunc
[2m[DEBUG][0m ANALYZE [USER]: timediffFunc
[2m[DEBUG][0m ANALYZE [USER]: ctimeFunc
[2m[DEBUG][0m ANALYZE [USER]: ctimestampFunc
[2m[DEBUG][0m ANALYZE [USER]: cdateFunc
[2m[DEBUG][0m ANALYZE [USER]: isDate
[2m[DEBUG][0m ANALYZE [USER]: computeJD
[2m[DEBUG][0m ANALYZE [USER]: sqlite3NotPureFunc
[2m[DEBUG][0m ANALYZE [USER]: setDateTimeToCurrent
[2m[DEBUG][0m ANALYZE [USER]: setRawDateNumber
[2m[DEBUG][0m ANALYZE [USER]: parseDateOrTime
[2m[DEBUG][0m ANALYZE [USER]: parseModifier
[2m[DEBUG][0m ANALYZE [USER]: validJulianDay
[2m[DEBUG][0m ANALYZE [USER]: sqlite3StmtCurrentTime
[2m[DEBUG][0m ANALYZE [USER]: clearYMD_HMS_TZ
[2m[DEBUG][0m ANALYZE [USER]: parseYyyyMmDd
[2m[DEBUG][0m ANALYZE [USER]: parseHhMmSs
[2m[DEBUG][0m ANALYZE [USER]: getDigits
[2m[DEBUG][0m ANALYZE [USER]: computeFloor
[2m[DEBUG][0m ANALYZE [USER]: parseTimezone
[2m[DEBUG][0m ANALYZE [USER]: autoAdjustDate
[2m[DEBUG][0m ANALYZE [USER]: toLocaltime
[2m[DEBUG][0m ANALYZE [USER]: computeYMD_HMS
[2m[DEBUG][0m ANALYZE [USER]: computeYMD
[2m[DEBUG][0m ANALYZE [USER]: osLocaltime
[2m[DEBUG][0m ANALYZE [USER]: computeHMS
[2m[DEBUG][0m ANALYZE [USER]: datetimeError
[2m[DEBUG][0m ANALYZE [USER]: daysAfterMonday
[2m[DEBUG][0m ANALYZE [USER]: daysAfterJan01
[2m[DEBUG][0m ANALYZE [USER]: daysAfterSunday
[2m[DEBUG][0m ANALYZE [USER]: jsonRemoveFunc
[2m[DEBUG][0m ANALYZE [USER]: jsonArrayFunc
[2m[DEBUG][0m ANALYZE [USER]: jsonArrayLengthFunc
[2m[DEBUG][0m ANALYZE [USER]: jsonErrorFunc
[2m[DEBUG][0m ANALYZE [USER]: jsonExtractFunc
[2m[DEBUG][0m ANALYZE [USER]: jsonSetFunc
[2m[DEBUG][0m ANALYZE [USER]: jsonObjectFunc
[2m[DEBUG][0m ANALYZE [USER]: jsonPatchFunc
[2m[DEBUG][0m ANALYZE [USER]: jsonPrettyFunc
[2m[DEBUG][0m ANALYZE [USER]: jsonQuoteFunc
[2m[DEBUG][0m ANALYZE [USER]: jsonReplaceFunc
[2m[DEBUG][0m ANALYZE [USER]: jsonTypeFunc
[2m[DEBUG][0m ANALYZE [USER]: jsonValidFunc
[2m[DEBUG][0m ANALYZE [USER]: jsonArrayStep
[2m[DEBUG][0m ANALYZE [USER]: jsonArrayFinal
[2m[DEBUG][0m ANALYZE [USER]: jsonArrayValue
[2m[DEBUG][0m ANALYZE [USER]: jsonGroupInverse
[2m[DEBUG][0m ANALYZE [USER]: jsonObjectStep
[2m[DEBUG][0m ANALYZE [USER]: jsonObjectFinal
[2m[DEBUG][0m ANALYZE [USER]: jsonObjectValue
[2m[DEBUG][0m ANALYZE [USER]: jsonParseFuncArg
[2m[DEBUG][0m ANALYZE [USER]: jsonLookupStep
[2m[DEBUG][0m ANALYZE [USER]: jsonBadPathError
[2m[DEBUG][0m ANALYZE [USER]: jsonReturnParse
[2m[DEBUG][0m ANALYZE [USER]: jsonParseFree
[2m[DEBUG][0m ANALYZE [USER]: jsonCacheSearch
[2m[DEBUG][0m ANALYZE [USER]: jsonArgIsJsonb
[2m[DEBUG][0m ANALYZE [USER]: jsonBlobMakeEditable
[2m[DEBUG][0m ANALYZE [USER]: jsonConvertTextToBlob
[2m[DEBUG][0m ANALYZE [USER]: sqlite3ValueIsOfClass
[2m[DEBUG][0m ANALYZE [USER]: jsonCacheInsert
[2m[DEBUG][0m ANALYZE [USER]: jsonbPayloadSize
[2m[DEBUG][0m ANALYZE [USER]: jsonBlobExpand
[2m[DEBUG][0m ANALYZE [USER]: jsonTranslateTextToBlob
[2m[DEBUG][0m ANALYZE [USER]: json5Whitespace
[2m[DEBUG][0m ANALYZE [USER]: jsonParseReset
[2m[DEBUG][0m ANALYZE [USER]: jsonBlobAppendNode
[2m[DEBUG][0m ANALYZE [USER]: jsonIs4HexB
[2m[DEBUG][0m ANALYZE [USER]: jsonBlobChangePayloadSize
[2m[DEBUG][0m ANALYZE [USER]: jsonIs4Hex
[2m[DEBUG][0m ANALYZE [USER]: jsonIs2Hex
[2m[DEBUG][0m ANALYZE [USER]: jsonBlobAppendOneByte
[2m[DEBUG][0m ANALYZE [USER]: jsonBlobExpandAndAppendNode
[2m[DEBUG][0m ANALYZE [USER]: jsonBlobExpandAndAppendOneByte
[2m[DEBUG][0m ANALYZE [USER]: jsonCacheDeleteGeneric
[2m[DEBUG][0m ANALYZE [USER]: jsonCacheDelete
[2m[DEBUG][0m ANALYZE [USER]: jsonBlobEdit
[2m[DEBUG][0m ANALYZE [USER]: jsonLabelCompare
[2m[DEBUG][0m ANALYZE [USER]: jsonAfterEditSizeAdjust
[2m[DEBUG][0m ANALYZE [USER]: jsonCreateEditSubstructure
[2m[DEBUG][0m ANALYZE [USER]: jsonbArrayCount
[2m[DEBUG][0m ANALYZE [USER]: jsonLabelCompareEscaped
[2m[DEBUG][0m ANALYZE [USER]: sqlite3Utf8ReadLimited
[2m[DEBUG][0m ANALYZE [USER]: jsonUnescapeOneChar
[2m[DEBUG][0m ANALYZE [USER]: jsonHexToInt4
[2m[DEBUG][0m ANALYZE [USER]: jsonHexToInt
[2m[DEBUG][0m ANALYZE [USER]: jsonBytesToBypass
[2m[DEBUG][0m ANALYZE [USER]: jsonStringInit
[2m[DEBUG][0m ANALYZE [USER]: jsonTranslateBlobToText
[2m[DEBUG][0m ANALYZE [USER]: jsonReturnString
[2m[DEBUG][0m ANALYZE [USER]: jsonStringZero
[2m[DEBUG][0m ANALYZE [USER]: jsonAppendRawNZ
[2m[DEBUG][0m ANALYZE [USER]: jsonAppendRaw
[2m[DEBUG][0m ANALYZE [USER]: jsonAppendChar
[2m[DEBUG][0m ANALYZE [USER]: jsonPrintf
[2m[DEBUG][0m ANALYZE [USER]: jsonStringGrow
[2m[DEBUG][0m ANALYZE [USER]: jsonAppendControlChar
[2m[DEBUG][0m ANALYZE [USER]: jsonAppendString
[2m[DEBUG][0m ANALYZE [USER]: jsonStringTrimOneChar
[2m[DEBUG][0m ANALYZE [USER]: jsonStringExpandAndAppend
[2m[DEBUG][0m ANALYZE [USER]: jsonAppendCharExpand
[2m[DEBUG][0m ANALYZE [USER]: jsonStringOom
[2m[DEBUG][0m ANALYZE [USER]: sqlite3RCStrResize
[2m[DEBUG][0m ANALYZE [USER]: jsonStringReset
[2m[DEBUG][0m ANALYZE [USER]: jsonReturnStringAsBlob
[2m[DEBUG][0m ANALYZE [USER]: jsonStringTerminate
[2m[DEBUG][0m ANALYZE [USER]: jsonAppendSeparator
[2m[DEBUG][0m ANALYZE [USER]: jsonAppendSqlValue
[2m[DEBUG][0m ANALYZE [USER]: jsonFuncArgMightBeBinary
[2m[DEBUG][0m ANALYZE [USER]: jsonbValidityCheck
[2m[DEBUG][0m ANALYZE [USER]: jsonAllAlphanum
[2m[DEBUG][0m ANALYZE [USER]: jsonReturnFromBlob
[2m[DEBUG][0m ANALYZE [USER]: jsonReturnTextJsonFromBlob
[2m[DEBUG][0m ANALYZE [USER]: jsonWrongNumArgs
[2m[DEBUG][0m ANALYZE [USER]: jsonInsertIntoBlob
[2m[DEBUG][0m ANALYZE [USER]: jsonFunctionArgToBlob
[2m[DEBUG][0m ANALYZE [USER]: jsonMergePatch
[2m[DEBUG][0m ANALYZE [USER]: jsonTranslateBlobToPrettyText
[2m[DEBUG][0m ANALYZE [USER]: jsonPrettyIndent
[2m[DEBUG][0m ANALYZE [USER]: jsonArrayCompute
[2m[DEBUG][0m ANALYZE [USER]: jsonObjectCompute
[2m[DEBUG][0m ANALYZE [USER]: sqlite3FunctionSearch
[2m[DEBUG][0m FP-WHITELIST [SQLite custom allocator (not system malloc)]: sqlite3MemMalloc
[2m[DEBUG][0m ANALYZE [USER]: sqlite3MemFree
[31m[ERROR][0m [HIGH] FFI RISK: sqlite3MemFree -> malloc_zone_free
[31m[ERROR][0m   Location: /tmp/sqlite-amalgamation-3470200/sqlite3.c:27021:3
[31m[ERROR][0m   Kind: deallocator
[31m[ERROR][0m   Detail: macOS zone free - system deallocator
[31m[ERROR][0m   Warning: This function CONSUMES ownership
[2m[DEBUG][0m ANALYZE [USER]: sqlite3MemRealloc
[31m[ERROR][0m [LOW] FFI RISK: sqlite3MemRealloc -> malloc_zone_realloc
[31m[ERROR][0m   Location: /tmp/sqlite-amalgamation-3470200/sqlite3.c:27059:13
[31m[ERROR][0m   Kind: allocator
[31m[ERROR][0m   Detail: macOS zone realloc - system reallocator
[31m[ERROR][0m   Warning: This function CONSUMES ownership
[31m[ERROR][0m   Warning: This function TRANSFERS ownership
[31m[ERROR][0m   Warning: Result requires NULL check
[33m[WARN][0m   CONTRACT VIOLATION: malloc_zone_realloc returns nullable pointer but no NULL check detected
[33m[WARN][0m   Risk: NULL pointer dereference / crash
[31m[ERROR][0m [LOW] FFI RISK: sqlite3MemRealloc -> malloc_size
[31m[ERROR][0m   Location: /tmp/sqlite-amalgamation-3470200/sqlite3.c:27064:7
[31m[ERROR][0m   Kind: allocator
[31m[ERROR][0m   Detail: macOS allocation size query - no ownership transfer
[2m[DEBUG][0m ANALYZE [USER]: sqlite3MemSize
[31m[ERROR][0m [LOW] FFI RISK: sqlite3MemSize -> malloc_size
[31m[ERROR][0m   Location: /tmp/sqlite-amalgamation-3470200/sqlite3.c:27037:15
[31m[ERROR][0m   Kind: allocator
[31m[ERROR][0m   Detail: macOS allocation size query - no ownership transfer
[2m[DEBUG][0m ANALYZE [USER]: sqlite3MemRoundup
[2m[DEBUG][0m ANALYZE [USER]: sqlite3MemInit
[31m[ERROR][0m [LOW] FFI RISK: sqlite3MemInit -> malloc_default_zone
[31m[ERROR][0m   Location: /tmp/sqlite-amalgamation-3470200/sqlite3.c:27108:20
[31m[ERROR][0m   Kind: allocator
[31m[ERROR][0m   Detail: macOS default zone accessor - returns zone pointer
[33m[WARN][0m   [RETURN-ESCAPE] malloc_default_zone return value stored to global variable — may outlive function scope
[33m[WARN][0m     Risk: Use-after-return if global is accessed after resource cleanup (CWE-416)
[31m[ERROR][0m [MEDIUM] FFI RISK: sqlite3MemInit -> malloc_create_zone
[31m[ERROR][0m   Location: /tmp/sqlite-amalgamation-3470200/sqlite3.c:27112:20
[31m[ERROR][0m   Kind: allocator
[31m[ERROR][0m   Detail: macOS create allocation zone - caller must destroy with malloc_destroy_zone
[31m[ERROR][0m   Warning: This function TRANSFERS ownership
[31m[ERROR][0m   Warning: Result requires NULL check
[33m[WARN][0m   CONTRACT VIOLATION: malloc_create_zone returns nullable pointer but no NULL check detected
[33m[WARN][0m   Risk: NULL pointer dereference / crash
[33m[WARN][0m   [RETURN-ESCAPE] malloc_create_zone return value stored to global variable — may outlive function scope
[33m[WARN][0m     Risk: Use-after-return if global is accessed after resource cleanup (CWE-416)
[2m[DEBUG][0m ANALYZE [USER]: sqlite3MemShutdown
[2m[DEBUG][0m ANALYZE [USER]: pcache1Init
[2m[DEBUG][0m ANALYZE [USER]: pcache1Shutdown
[2m[DEBUG][0m ANALYZE [USER]: pcache1Create
[2m[DEBUG][0m ANALYZE [USER]: pcache1Cachesize
[2m[DEBUG][0m ANALYZE [USER]: pcache1Pagecount
[2m[DEBUG][0m ANALYZE [USER]: pcache1Fetch
[2m[DEBUG][0m ANALYZE [USER]: pcache1Unpin
[2m[DEBUG][0m ANALYZE [USER]: pcache1Rekey
[2m[DEBUG][0m ANALYZE [USER]: pcache1Truncate
[2m[DEBUG][0m ANALYZE [USER]: pcache1Destroy
[2m[DEBUG][0m ANALYZE [USER]: pcache1Shrink
[2m[DEBUG][0m ANALYZE [USER]: pcache1ResizeHash
[2m[DEBUG][0m ANALYZE [USER]: pcache1EnforceMaxPage
[2m[DEBUG][0m ANALYZE [USER]: pcache1PinPage
[2m[DEBUG][0m ANALYZE [USER]: pcache1RemoveFromHash
[2m[DEBUG][0m ANALYZE [USER]: pcache1FreePage
[2m[DEBUG][0m ANALYZE [USER]: pcache1FetchNoMutex
[2m[DEBUG][0m ANALYZE [USER]: pcache1FetchStage2
[2m[DEBUG][0m ANALYZE [USER]: pcache1UnderMemoryPressure
[2m[DEBUG][0m ANALYZE [USER]: pcache1AllocPage
[2m[DEBUG][0m ANALYZE [USER]: pcache1InitBulk
[2m[DEBUG][0m ANALYZE [USER]: pcache1TruncateUnsafe
[2m[DEBUG][0m ANALYZE [USER]: sqlite3PcacheShrink
[2m[DEBUG][0m ANALYZE [USER]: disconnectAllVtab
[2m[DEBUG][0m ANALYZE [USER]: connectionIsBusy
[2m[DEBUG][0m ANALYZE [USER]: sqlite3VtabDisconnect
[2m[DEBUG][0m ANALYZE [USER]: functionDestroy
[2m[DEBUG][0m ANALYZE [USER]: sqlite3CloseExtensions
[2m[DEBUG][0m ANALYZE [USER]: matchQuality
[2m[DEBUG][0m ANALYZE [USER]: sqlite3BtreeCheckpoint
[2m[DEBUG][0m ANALYZE [USER]: sqlite3PagerCheckpoint
[2m[DEBUG][0m ANALYZE [USER]: nocaseCollatingFunc
[2m[DEBUG][0m ANALYZE [USER]: rtrimCollFunc
[2m[DEBUG][0m ANALYZE [USER]: sqlite3RegisterPerConnectionBuiltinFunctions
[2m[DEBUG][0m ANALYZE [USER]: sqlite3AutoLoadExtensions
[2m[DEBUG][0m ANALYZE [USER]: sqlite3Fts5Init
[2m[DEBUG][0m ANALYZE [USER]: sqlite3RtreeInit
[2m[DEBUG][0m ANALYZE [USER]: sqlite3TestExtInit
[2m[DEBUG][0m ANALYZE [USER]: sqlite3JsonTableFunctions
[2m[DEBUG][0m ANALYZE [USER]: fts5Init
[2m[DEBUG][0m ANALYZE [USER]: fts5CreateMethod
[2m[DEBUG][0m ANALYZE [USER]: fts5ConnectMethod
[2m[DEBUG][0m ANALYZE [USER]: fts5BestIndexMethod
[2m[DEBUG][0m ANALYZE [USER]: fts5DisconnectMethod
[2m[DEBUG][0m ANALYZE [USER]: fts5DestroyMethod
[2m[DEBUG][0m ANALYZE [USER]: fts5OpenMethod
[2m[DEBUG][0m ANALYZE [USER]: fts5CloseMethod
[2m[DEBUG][0m ANALYZE [USER]: fts5FilterMethod
[2m[DEBUG][0m ANALYZE [USER]: fts5NextMethod
[2m[DEBUG][0m ANALYZE [USER]: fts5EofMethod
[2m[DEBUG][0m ANALYZE [USER]: fts5ColumnMethod
[2m[DEBUG][0m ANALYZE [USER]: fts5RowidMethod
[2m[DEBUG][0m ANALYZE [USER]: fts5UpdateMethod
[2m[DEBUG][0m ANALYZE [USER]: fts5BeginMethod
[2m[DEBUG][0m ANALYZE [USER]: fts5SyncMethod
[2m[DEBUG][0m ANALYZE [USER]: fts5CommitMethod
[2m[DEBUG][0m ANALYZE [USER]: fts5RollbackMethod
[2m[DEBUG][0m ANALYZE [USER]: fts5FindFunctionMethod
[2m[DEBUG][0m ANALYZE [USER]: fts5RenameMethod
[2m[DEBUG][0m ANALYZE [USER]: fts5SavepointMethod
[2m[DEBUG][0m ANALYZE [USER]: fts5ReleaseMethod
[2m[DEBUG][0m ANALYZE [USER]: fts5RollbackToMethod
[2m[DEBUG][0m ANALYZE [USER]: fts5ShadowName
[2m[DEBUG][0m ANALYZE [USER]: fts5IntegrityMethod
[2m[DEBUG][0m ANALYZE [USER]: fts5CreateAux
[2m[DEBUG][0m ANALYZE [USER]: fts5CreateTokenizer
[2m[DEBUG][0m ANALYZE [USER]: fts5FindTokenizer
[2m[DEBUG][0m ANALYZE [USER]: fts5CreateTokenizer_v2
[2m[DEBUG][0m ANALYZE [USER]: fts5FindTokenizer_v2
[2m[DEBUG][0m ANALYZE [USER]: fts5ModuleDestroy
[2m[DEBUG][0m ANALYZE [USER]: sqlite3Fts5IndexInit
[2m[DEBUG][0m ANALYZE [USER]: sqlite3Fts5ExprInit
[2m[DEBUG][0m ANALYZE [USER]: sqlite3Fts5AuxInit
[2m[DEBUG][0m ANALYZE [USER]: sqlite3Fts5TokenizerInit
[2m[DEBUG][0m ANALYZE [USER]: sqlite3Fts5VocabInit
[2m[DEBUG][0m ANALYZE [USER]: fts5Fts5Func
[2m[DEBUG][0m ANALYZE [USER]: fts5SourceIdFunc
[2m[DEBUG][0m ANALYZE [USER]: fts5LocaleFunc
[2m[DEBUG][0m ANALYZE [USER]: fts5InitVtab
[2m[DEBUG][0m ANALYZE [USER]: sqlite3Fts5MallocZero
[2m[DEBUG][0m ANALYZE [USER]: sqlite3Fts5ConfigParse
[2m[DEBUG][0m ANALYZE [USER]: sqlite3Fts5TokenizerPreload
[2m[DEBUG][0m ANALYZE [USER]: sqlite3Fts5LoadTokenizer
[2m[DEBUG][0m ANALYZE [USER]: sqlite3Fts5IndexOpen
[2m[DEBUG][0m ANALYZE [USER]: sqlite3Fts5StorageOpen
[2m[DEBUG][0m ANALYZE [USER]: sqlite3Fts5ConfigDeclareVtab
[2m[DEBUG][0m ANALYZE [USER]: sqlite3Fts5ConfigLoad
[2m[DEBUG][0m ANALYZE [USER]: fts5FreeVtab
[2m[DEBUG][0m ANALYZE [USER]: sqlite3Fts5Strndup
[2m[DEBUG][0m ANALYZE [USER]: fts5ConfigGobbleWord
[2m[DEBUG][0m ANALYZE [USER]: fts5ConfigSkipWhitespace
[2m[DEBUG][0m ANALYZE [USER]: fts5ConfigParseSpecial
[2m[DEBUG][0m ANALYZE [USER]: fts5ConfigParseColumn
[2m[DEBUG][0m ANALYZE [USER]: sqlite3Fts5Mprintf
[2m[DEBUG][0m ANALYZE [USER]: fts5ConfigMakeExprlist
[2m[DEBUG][0m ANALYZE [USER]: sqlite3Fts5ConfigFree
[2m[DEBUG][0m ANALYZE [USER]: fts5_isopenquote
[2m[DEBUG][0m ANALYZE [USER]: fts5Dequote
[2m[DEBUG][0m ANALYZE [USER]: fts5ConfigSkipBareword
[2m[DEBUG][0m ANALYZE [USER]: sqlite3Fts5IsBareword
[2m[DEBUG][0m ANALYZE [USER]: fts5_iswhitespace
[2m[DEBUG][0m ANALYZE [USER]: fts5ConfigSkipLiteral
[2m[DEBUG][0m ANALYZE [USER]: sqlite3Fts5Dequote
[2m[DEBUG][0m ANALYZE [USER]: fts5ConfigSetEnum
[2m[DEBUG][0m ANALYZE [USER]: fts5_isdigit
[2m[DEBUG][0m ANALYZE [USER]: sqlite3Fts5BufferAppendPrintf
[2m[DEBUG][0m ANALYZE [USER]: sqlite3Fts5BufferAppendString
[2m[DEBUG][0m ANALYZE [USER]: sqlite3Fts5BufferAppendBlob
[2m[DEBUG][0m ANALYZE [USER]: sqlite3Fts5BufferSize
[2m[DEBUG][0m ANALYZE [USER]: fts5LocateTokenizer
[2m[DEBUG][0m ANALYZE [USER]: sqlite3Fts5ConfigErrmsg
[2m[DEBUG][0m ANALYZE [USER]: sqlite3Fts5TokenizerPattern
[2m[DEBUG][0m ANALYZE [USER]: fts5TriCreate
[2m[DEBUG][0m ANALYZE [USER]: fts5TriDelete
[2m[DEBUG][0m ANALYZE [USER]: sqlite3Fts5CreateTable
[2m[DEBUG][0m ANALYZE [USER]: sqlite3Fts5IndexReinit
[2m[DEBUG][0m ANALYZE [USER]: sqlite3Fts5IndexClose
[2m[DEBUG][0m ANALYZE [USER]: fts5ExecPrintf
[2m[DEBUG][0m ANALYZE [USER]: fts5StructureInvalidate
[2m[DEBUG][0m ANALYZE [USER]: fts5IndexDiscardData
[2m[DEBUG][0m ANALYZE [USER]: fts5DataWrite
[2m[DEBUG][0m ANALYZE [USER]: fts5StructureWrite
[2m[DEBUG][0m ANALYZE [USER]: fts5IndexReturn
[2m[DEBUG][0m ANALYZE [USER]: fts5StructureRelease
[2m[DEBUG][0m ANALYZE [USER]: sqlite3Fts5HashClear
[2m[DEBUG][0m ANALYZE [USER]: fts5IndexPrepareStmt
[2m[DEBUG][0m ANALYZE [USER]: sqlite3Fts5Put32
[2m[DEBUG][0m ANALYZE [USER]: sqlite3Fts5PutVarint
[2m[DEBUG][0m ANALYZE [USER]: sqlite3Fts5BufferAppendVarint
[2m[DEBUG][0m ANALYZE [USER]: sqlite3Fts5BufferFree
[2m[DEBUG][0m ANALYZE [USER]: fts5PutVarint64
[2m[DEBUG][0m ANALYZE [USER]: sqlite3Fts5HashFree
[2m[DEBUG][0m ANALYZE [USER]: sqlite3Fts5StorageConfigValue
[2m[DEBUG][0m ANALYZE [USER]: sqlite3Fts5StorageClose
[2m[DEBUG][0m ANALYZE [USER]: fts5StorageGetStmt
[2m[DEBUG][0m ANALYZE [USER]: sqlite3Fts5IndexSetCookie
[2m[DEBUG][0m ANALYZE [USER]: sqlite3Fts5ConfigSetValue
[2m[DEBUG][0m ANALYZE [USER]: sqlite3Fts5ConfigParseRank
[2m[DEBUG][0m ANALYZE [USER]: fts5ConfigSkipArgs
[2m[DEBUG][0m ANALYZE [USER]: fts5UsePatternMatch
[2m[DEBUG][0m ANALYZE [USER]: fts5SetUniqueFlag
[2m[DEBUG][0m ANALYZE [USER]: sqlite3Fts5DropAll
[2m[DEBUG][0m ANALYZE [USER]: fts5NewTransaction
[2m[DEBUG][0m ANALYZE [USER]: sqlite3Fts5StorageReset
[2m[DEBUG][0m ANALYZE [USER]: sqlite3Fts5IndexReset
[2m[DEBUG][0m ANALYZE [USER]: fts5IndexDataVersion
[2m[DEBUG][0m ANALYZE [USER]: fts5FreeCursorComponents
[2m[DEBUG][0m ANALYZE [USER]: fts5StmtType
[2m[DEBUG][0m ANALYZE [USER]: sqlite3Fts5StorageStmtRelease
[2m[DEBUG][0m ANALYZE [USER]: sqlite3Fts5ExprFree
[2m[DEBUG][0m ANALYZE [USER]: sqlite3Fts5IndexCloseReader
[2m[DEBUG][0m ANALYZE [USER]: sqlite3Fts5ParseNodeFree
[2m[DEBUG][0m ANALYZE [USER]: sqlite3Fts5ParseNearsetFree
[2m[DEBUG][0m ANALYZE [USER]: fts5ExprPhraseFree
[2m[DEBUG][0m ANALYZE [USER]: sqlite3Fts5IterClose
[2m[DEBUG][0m ANALYZE [USER]: fts5TokendataIterDelete
[2m[DEBUG][0m ANALYZE [USER]: fts5MultiIterFree
[2m[DEBUG][0m ANALYZE [USER]: fts5SegIterClear
[2m[DEBUG][0m ANALYZE [USER]: fts5DataRelease
[2m[DEBUG][0m ANALYZE [USER]: fts5TombstoneArrayDelete
[2m[DEBUG][0m ANALYZE [USER]: fts5DlidxIterFree
[2m[DEBUG][0m ANALYZE [USER]: fts5ExtractExprText
[2m[DEBUG][0m ANALYZE [USER]: fts5SpecialMatch
[2m[DEBUG][0m ANALYZE [USER]: sqlite3Fts5ExprNew
[2m[DEBUG][0m ANALYZE [USER]: sqlite3Fts5ExprAnd
[2m[DEBUG][0m ANALYZE [USER]: sqlite3Fts5ClearLocale
[2m[DEBUG][0m ANALYZE [USER]: sqlite3Fts5ExprPattern
[2m[DEBUG][0m ANALYZE [USER]: fts5GetRowidLimit
[2m[DEBUG][0m ANALYZE [USER]: sqlite3Fts5IndexLoadConfig
[2m[DEBUG][0m ANALYZE [USER]: fts5CursorFirst
[2m[DEBUG][0m ANALYZE [USER]: fts5CursorParseRank
[2m[DEBUG][0m ANALYZE [USER]: fts5CursorFirstSorted
[2m[DEBUG][0m ANALYZE [USER]: fts5SetVtabError
[2m[DEBUG][0m ANALYZE [USER]: sqlite3Fts5StorageStmt
[2m[DEBUG][0m ANALYZE [USER]: sqlite3Fts5IsLocaleValue
[2m[DEBUG][0m ANALYZE [USER]: sqlite3Fts5DecodeLocaleValue
[2m[DEBUG][0m ANALYZE [USER]: sqlite3Fts5SetLocale
[2m[DEBUG][0m ANALYZE [USER]: sqlite3Fts5IndexReads
[2m[DEBUG][0m ANALYZE [USER]: sqlite3Fts5ParserAlloc
[2m[DEBUG][0m ANALYZE [USER]: fts5ParseAlloc
[2m[DEBUG][0m ANALYZE [USER]: fts5ExprGetToken
[2m[DEBUG][0m ANALYZE [USER]: sqlite3Fts5Parser
[2m[DEBUG][0m ANALYZE [USER]: sqlite3Fts5ParserFree
[2m[DEBUG][0m ANALYZE [USER]: fts5ParseFree
[2m[DEBUG][0m ANALYZE [USER]: sqlite3Fts5ParseSetColset
[2m[DEBUG][0m ANALYZE [USER]: sqlite3Fts5ParserInit
[2m[DEBUG][0m ANALYZE [USER]: fts5ExprIsspace
[2m[DEBUG][0m ANALYZE [USER]: sqlite3Fts5ParseError
[2m[DEBUG][0m ANALYZE [USER]: fts5yy_find_shift_action
[2m[DEBUG][0m ANALYZE [USER]: fts5yyStackOverflow
[2m[DEBUG][0m ANALYZE [USER]: fts5yy_reduce
[2m[DEBUG][0m ANALYZE [USER]: fts5yy_shift
[2m[DEBUG][0m ANALYZE [USER]: fts5yy_accept
[2m[DEBUG][0m ANALYZE [USER]: fts5yy_syntax_error
[2m[DEBUG][0m ANALYZE [USER]: fts5yy_destructor
[2m[DEBUG][0m ANALYZE [USER]: fts5yy_pop_parser_stack
[2m[DEBUG][0m ANALYZE [USER]: sqlite3Fts5ParseFinished
[2m[DEBUG][0m ANALYZE [USER]: sqlite3Fts5ParseColsetInvert
[2m[DEBUG][0m ANALYZE [USER]: sqlite3Fts5ParseColset
[2m[DEBUG][0m ANALYZE [USER]: sqlite3Fts5ParseNode
[2m[DEBUG][0m ANALYZE [USER]: sqlite3Fts5ParseImplicitAnd
[2m[DEBUG][0m ANALYZE [USER]: sqlite3Fts5ParseNearset
[2m[DEBUG][0m ANALYZE [USER]: sqlite3Fts5ParseSetCaret
[2m[DEBUG][0m ANALYZE [USER]: sqlite3Fts5ParseNear
[2m[DEBUG][0m ANALYZE [USER]: sqlite3Fts5ParseSetDistance
[2m[DEBUG][0m ANALYZE [USER]: sqlite3Fts5ParseTerm
[2m[DEBUG][0m ANALYZE [USER]: fts5yy_find_reduce_action
[2m[DEBUG][0m ANALYZE [USER]: fts5ParseColset
[2m[DEBUG][0m ANALYZE [USER]: fts5ParsePhraseToAnd
[2m[DEBUG][0m ANALYZE [USER]: fts5ExprAssignXNext
[2m[DEBUG][0m ANALYZE [USER]: fts5ExprAddChildren
[2m[DEBUG][0m ANALYZE [USER]: parseGrowPhraseArray
[2m[DEBUG][0m ANALYZE [USER]: fts5ExprNodeNext_TERM
[2m[DEBUG][0m ANALYZE [USER]: fts5ExprNodeNext_STRING
[2m[DEBUG][0m ANALYZE [USER]: fts5ExprNodeNext_OR
[2m[DEBUG][0m ANALYZE [USER]: fts5ExprNodeNext_AND
[2m[DEBUG][0m ANALYZE [USER]: fts5ExprNodeNext_NOT
[2m[DEBUG][0m ANALYZE [USER]: sqlite3Fts5IterNextFrom
[2m[DEBUG][0m ANALYZE [USER]: sqlite3Fts5IterNext
[2m[DEBUG][0m ANALYZE [USER]: fts5ExprNodeTest_TERM
[2m[DEBUG][0m ANALYZE [USER]: fts5TokendataIterNext
[2m[DEBUG][0m ANALYZE [USER]: fts5MultiIterNextFrom
[2m[DEBUG][0m ANALYZE [USER]: fts5MultiIterNext
[2m[DEBUG][0m ANALYZE [USER]: fts5IterSetOutputsTokendata
[2m[DEBUG][0m ANALYZE [USER]: fts5SegIterNextFrom
[2m[DEBUG][0m ANALYZE [USER]: fts5MultiIterAdvanceRowid
[2m[DEBUG][0m ANALYZE [USER]: fts5MultiIterAdvanced
[2m[DEBUG][0m ANALYZE [USER]: fts5MultiIterSetEof
[2m[DEBUG][0m ANALYZE [USER]: fts5MultiIterIsDeleted
[2m[DEBUG][0m ANALYZE [USER]: fts5DlidxIterEof
[2m[DEBUG][0m ANALYZE [USER]: fts5DlidxIterRowid
[2m[DEBUG][0m ANALYZE [USER]: fts5DlidxIterPgno
[2m[DEBUG][0m ANALYZE [USER]: fts5DlidxIterNext
[2m[DEBUG][0m ANALYZE [USER]: fts5SegIterGotoPage
[2m[DEBUG][0m ANALYZE [USER]: fts5DlidxIterPrev
[2m[DEBUG][0m ANALYZE [USER]: fts5SegIterReverseNewPage
[2m[DEBUG][0m ANALYZE [USER]: fts5DlidxIterNextR
[2m[DEBUG][0m ANALYZE [USER]: fts5DlidxLvlNext
[2m[DEBUG][0m ANALYZE [USER]: fts5DataRead
[2m[DEBUG][0m ANALYZE [USER]: sqlite3Fts5GetVarint32
[2m[DEBUG][0m ANALYZE [USER]: sqlite3Fts5GetVarint
[2m[DEBUG][0m ANALYZE [USER]: fts5GetU16
[2m[DEBUG][0m ANALYZE [USER]: fts5SegIterNextPage
[2m[DEBUG][0m ANALYZE [USER]: fts5SegIterLoadNPos
[2m[DEBUG][0m ANALYZE [USER]: fts5LeafRead
[2m[DEBUG][0m ANALYZE [USER]: fts5DlidxIterPrevR
[2m[DEBUG][0m ANALYZE [USER]: fts5DlidxLvlPrev
[2m[DEBUG][0m ANALYZE [USER]: fts5SegIterReverseInitPage
[2m[DEBUG][0m ANALYZE [USER]: fts5GetPoslistSize
[2m[DEBUG][0m ANALYZE [USER]: fts5MultiIterDoCompare
[2m[DEBUG][0m ANALYZE [USER]: fts5BufferCompare
[2m[DEBUG][0m ANALYZE [USER]: fts5IndexTombstoneQuery
[2m[DEBUG][0m ANALYZE [USER]: fts5GetU32
[2m[DEBUG][0m ANALYZE [USER]: fts5GetU64
[2m[DEBUG][0m ANALYZE [USER]: fts5TokendataIterAppendMap
[2m[DEBUG][0m ANALYZE [USER]: sqlite3Fts5PoslistReaderInit
[2m[DEBUG][0m ANALYZE [USER]: sqlite3Fts5PoslistSafeAppend
[2m[DEBUG][0m ANALYZE [USER]: sqlite3Fts5PoslistReaderNext
[2m[DEBUG][0m ANALYZE [USER]: sqlite3Fts5PoslistNext64
[2m[DEBUG][0m ANALYZE [USER]: fts5MultiIterEof
[2m[DEBUG][0m ANALYZE [USER]: fts5MultiIterRowid
[2m[DEBUG][0m ANALYZE [USER]: fts5ExprSynonymRowid
[2m[DEBUG][0m ANALYZE [USER]: fts5ExprNodeTest_STRING
[2m[DEBUG][0m ANALYZE [USER]: fts5ExprSynonymAdvanceto
[2m[DEBUG][0m ANALYZE [USER]: fts5ExprAdvanceto
[2m[DEBUG][0m ANALYZE [USER]: fts5ExprNearTest
[2m[DEBUG][0m ANALYZE [USER]: fts5ExprPhraseIsMatch
[2m[DEBUG][0m ANALYZE [USER]: sqlite3Fts5BufferSet
[2m[DEBUG][0m ANALYZE [USER]: fts5ExprNearIsMatch
[2m[DEBUG][0m ANALYZE [USER]: sqlite3Fts5BufferZero
[2m[DEBUG][0m ANALYZE [USER]: fts5ExprSynonymList
[2m[DEBUG][0m ANALYZE [USER]: sqlite3Fts5PoslistWriterAppend
[2m[DEBUG][0m ANALYZE [USER]: fts5LookaheadReaderInit
[2m[DEBUG][0m ANALYZE [USER]: fts5LookaheadReaderNext
[2m[DEBUG][0m ANALYZE [USER]: fts5RowidCmp
[2m[DEBUG][0m ANALYZE [USER]: fts5ExprNodeTest_OR
[2m[DEBUG][0m ANALYZE [USER]: fts5NodeCompare
[2m[DEBUG][0m ANALYZE [USER]: fts5ExprNodeTest_AND
[2m[DEBUG][0m ANALYZE [USER]: fts5ExprSetEof
[2m[DEBUG][0m ANALYZE [USER]: fts5ExprNodeZeroPoslist
[2m[DEBUG][0m ANALYZE [USER]: fts5ExprNodeTest_NOT
[2m[DEBUG][0m ANALYZE [USER]: sqlite3Fts5ParsePhraseFree
[2m[DEBUG][0m ANALYZE [USER]: fts5ParseStringFromToken
[2m[DEBUG][0m ANALYZE [USER]: sqlite3Fts5Tokenize
[2m[DEBUG][0m ANALYZE [USER]: fts5ParseTokenize
[2m[DEBUG][0m ANALYZE [USER]: sqlite3Fts5ParserFinalize
[2m[DEBUG][0m ANALYZE [USER]: fts5ParseSetColset
[2m[DEBUG][0m ANALYZE [USER]: fts5MergeColset
[2m[DEBUG][0m ANALYZE [USER]: fts5CloneColset
[2m[DEBUG][0m ANALYZE [USER]: fts5ExprCountChar
[2m[DEBUG][0m ANALYZE [USER]: fts5StructureRead
[2m[DEBUG][0m ANALYZE [USER]: fts5StructureReadUncached
[2m[DEBUG][0m ANALYZE [USER]: fts5StructureRef
[2m[DEBUG][0m ANALYZE [USER]: fts5StructureDecode
[2m[DEBUG][0m ANALYZE [USER]: sqlite3Fts5Get32
[2m[DEBUG][0m ANALYZE [USER]: sqlite3Fts5ExprFirst
[2m[DEBUG][0m ANALYZE [USER]: sqlite3Fts5ExprEof
[2m[DEBUG][0m ANALYZE [USER]: fts5CsrNewrow
[2m[DEBUG][0m ANALYZE [USER]: fts5ExprNodeFirst
[2m[DEBUG][0m ANALYZE [USER]: fts5ExprNearInitAll
[2m[DEBUG][0m ANALYZE [USER]: fts5ExprNodeTest
[2m[DEBUG][0m ANALYZE [USER]: sqlite3Fts5IndexQuery
[2m[DEBUG][0m ANALYZE [USER]: fts5IndexCharlen
[2m[DEBUG][0m ANALYZE [USER]: fts5SetupTokendataIter
[2m[DEBUG][0m ANALYZE [USER]: fts5MultiIterNew
[2m[DEBUG][0m ANALYZE [USER]: fts5SetupPrefixIter
[2m[DEBUG][0m ANALYZE [USER]: fts5IterSetOutputCb
[2m[DEBUG][0m ANALYZE [USER]: fts5IndexFlush
[2m[DEBUG][0m ANALYZE [USER]: fts5MultiIterAlloc
[2m[DEBUG][0m ANALYZE [USER]: fts5SegIterNextInit
[2m[DEBUG][0m ANALYZE [USER]: fts5SegIterSeekInit
[2m[DEBUG][0m ANALYZE [USER]: fts5SegIterAllocTombstone
[2m[DEBUG][0m ANALYZE [USER]: fts5TokendataSetTermIfEof
[2m[DEBUG][0m ANALYZE [USER]: fts5IsTokendataPrefix
[2m[DEBUG][0m ANALYZE [USER]: fts5SegIterSetEOF
[2m[DEBUG][0m ANALYZE [USER]: fts5AppendTokendataIter
[2m[DEBUG][0m ANALYZE [USER]: fts5MultiIterFinishSetup
[2m[DEBUG][0m ANALYZE [USER]: fts5FlushOneHash
[2m[DEBUG][0m ANALYZE [USER]: sqlite3Fts5HashIsEmpty
[2m[DEBUG][0m ANALYZE [USER]: fts5AllocateSegid
[2m[DEBUG][0m ANALYZE [USER]: fts5WriteInit
[2m[DEBUG][0m ANALYZE [USER]: sqlite3Fts5HashScanInit
[2m[DEBUG][0m ANALYZE [USER]: sqlite3Fts5HashScanEof
[2m[DEBUG][0m ANALYZE [USER]: sqlite3Fts5HashScanEntry
[2m[DEBUG][0m ANALYZE [USER]: fts5WriteAppendTerm
[2m[DEBUG][0m ANALYZE [USER]: fts5FlushSecureDelete
[2m[DEBUG][0m ANALYZE [USER]: fts5PutU16
[2m[DEBUG][0m ANALYZE [USER]: fts5WriteDlidxAppend
[2m[DEBUG][0m ANALYZE [USER]: fts5WriteFlushLeaf
[2m[DEBUG][0m ANALYZE [USER]: fts5PoslistPrefix
[2m[DEBUG][0m ANALYZE [USER]: sqlite3Fts5HashScanNext
[2m[DEBUG][0m ANALYZE [USER]: fts5WriteFinish
[2m[DEBUG][0m ANALYZE [USER]: fts5StructureAddLevel
[2m[DEBUG][0m ANALYZE [USER]: fts5StructureExtendLevel
[2m[DEBUG][0m ANALYZE [USER]: fts5StructurePromote
[2m[DEBUG][0m ANALYZE [USER]: fts5IndexAutomerge
[2m[DEBUG][0m ANALYZE [USER]: fts5IndexCrisismerge
[2m[DEBUG][0m ANALYZE [USER]: fts5WriteDlidxGrow
[2m[DEBUG][0m ANALYZE [USER]: fts5HashEntrySort
[2m[DEBUG][0m ANALYZE [USER]: fts5HashEntryMerge
[2m[DEBUG][0m ANALYZE [USER]: fts5HashAddPoslistSize
[2m[DEBUG][0m ANALYZE [USER]: sqlite3Fts5GetVarintLen
[2m[DEBUG][0m ANALYZE [USER]: fts5PrefixCompress
[2m[DEBUG][0m ANALYZE [USER]: fts5WriteBtreeTerm
[2m[DEBUG][0m ANALYZE [USER]: fts5WriteFlushBtree
[2m[DEBUG][0m ANALYZE [USER]: fts5WriteFlushDlidx
[2m[DEBUG][0m ANALYZE [USER]: fts5WriteDlidxClear
[2m[DEBUG][0m ANALYZE [USER]: fts5DoSecureDelete
[2m[DEBUG][0m ANALYZE [USER]: fts5SecureDeleteOverflow
[2m[DEBUG][0m ANALYZE [USER]: fts5SecureDeleteIdxEntry
[2m[DEBUG][0m ANALYZE [USER]: fts5DlidxExtractFirstRowid
[2m[DEBUG][0m ANALYZE [USER]: fts5WriteBtreeNoTerm
[2m[DEBUG][0m ANALYZE [USER]: fts5StructureMakeWritable
[2m[DEBUG][0m ANALYZE [USER]: fts5StructurePromoteTo
[2m[DEBUG][0m ANALYZE [USER]: fts5SegmentSize
[2m[DEBUG][0m ANALYZE [USER]: fts5IndexMerge
[2m[DEBUG][0m ANALYZE [USER]: fts5IndexFindDeleteMerge
[2m[DEBUG][0m ANALYZE [USER]: fts5IndexMergeLevel
[2m[DEBUG][0m ANALYZE [USER]: fts5MultiIterTerm
[2m[DEBUG][0m ANALYZE [USER]: fts5WriteAppendRowid
[2m[DEBUG][0m ANALYZE [USER]: fts5ChunkIterate
[2m[DEBUG][0m ANALYZE [USER]: fts5MergeChunkCallback
[2m[DEBUG][0m ANALYZE [USER]: fts5DataRemoveSegment
[2m[DEBUG][0m ANALYZE [USER]: fts5TrimSegments
[2m[DEBUG][0m ANALYZE [USER]: fts5WriteAppendPoslistData
[2m[DEBUG][0m ANALYZE [USER]: fts5DataDelete
[2m[DEBUG][0m ANALYZE [USER]: fts5IdxMalloc
[2m[DEBUG][0m ANALYZE [USER]: fts5IterSetOutputs_Noop
[2m[DEBUG][0m ANALYZE [USER]: fts5IdxNextStmt
[2m[DEBUG][0m ANALYZE [USER]: fts5SegIterSetNext
[2m[DEBUG][0m ANALYZE [USER]: fts5SegIterLoadTerm
[2m[DEBUG][0m ANALYZE [USER]: fts5SegIterLoadDlidx
[2m[DEBUG][0m ANALYZE [USER]: fts5SegIterNext_Reverse
[2m[DEBUG][0m ANALYZE [USER]: fts5SegIterNext_None
[2m[DEBUG][0m ANALYZE [USER]: fts5SegIterNext
[2m[DEBUG][0m ANALYZE [USER]: fts5LeafFirstTermOff
[2m[DEBUG][0m ANALYZE [USER]: fts5SegIterLoadRowid
[2m[DEBUG][0m ANALYZE [USER]: fts5DlidxIterInit
[2m[DEBUG][0m ANALYZE [USER]: fts5DlidxIterFirst
[2m[DEBUG][0m ANALYZE [USER]: fts5DlidxIterLast
[2m[DEBUG][0m ANALYZE [USER]: fts5IdxSelectStmt
[2m[DEBUG][0m ANALYZE [USER]: fts5LeafSeek
[2m[DEBUG][0m ANALYZE [USER]: fts5SegIterReverse
[2m[DEBUG][0m ANALYZE [USER]: fts5MultiIterIsEmpty
[2m[DEBUG][0m ANALYZE [USER]: fts5SegIterHashInit
[2m[DEBUG][0m ANALYZE [USER]: fts5SegIterInit
[2m[DEBUG][0m ANALYZE [USER]: sqlite3Fts5HashQuery
[2m[DEBUG][0m ANALYZE [USER]: fts5HashKey
[2m[DEBUG][0m ANALYZE [USER]: fts5MergeRowidLists
[2m[DEBUG][0m ANALYZE [USER]: fts5AppendRowid
[2m[DEBUG][0m ANALYZE [USER]: fts5MergePrefixLists
[2m[DEBUG][0m ANALYZE [USER]: fts5AppendPoslist
[2m[DEBUG][0m ANALYZE [USER]: fts5MultiIterNext2
[2m[DEBUG][0m ANALYZE [USER]: fts5BufferSwap
[2m[DEBUG][0m ANALYZE [USER]: fts5MultiIterNew2
[2m[DEBUG][0m ANALYZE [USER]: fts5NextRowid
[2m[DEBUG][0m ANALYZE [USER]: fts5DoclistIterInit
[2m[DEBUG][0m ANALYZE [USER]: fts5PrefixMergerInsertByRowid
[2m[DEBUG][0m ANALYZE [USER]: fts5PrefixMergerInsertByPosition
[2m[DEBUG][0m ANALYZE [USER]: fts5DoclistIterNext
[2m[DEBUG][0m ANALYZE [USER]: fts5IterSetOutputs_None
[2m[DEBUG][0m ANALYZE [USER]: fts5IterSetOutputs_Nocolset
[2m[DEBUG][0m ANALYZE [USER]: fts5IterSetOutputs_ZeroColset
[2m[DEBUG][0m ANALYZE [USER]: fts5IterSetOutputs_Full
[2m[DEBUG][0m ANALYZE [USER]: fts5IterSetOutputs_Col100
[2m[DEBUG][0m ANALYZE [USER]: fts5IterSetOutputs_Col
[2m[DEBUG][0m ANALYZE [USER]: fts5SegiterPoslist
[2m[DEBUG][0m ANALYZE [USER]: fts5PoslistCallback
[2m[DEBUG][0m ANALYZE [USER]: fts5IndexColsetTest
[2m[DEBUG][0m ANALYZE [USER]: fts5PoslistFilterCallback
[2m[DEBUG][0m ANALYZE [USER]: fts5PoslistOffsetsCallback
[2m[DEBUG][0m ANALYZE [USER]: fts5IndexExtractColset
[2m[DEBUG][0m ANALYZE [USER]: sqlite3Fts5ExprPhraseCount
[2m[DEBUG][0m ANALYZE [USER]: fts5PrepareStatement
[2m[DEBUG][0m ANALYZE [USER]: fts5SorterNext
[2m[DEBUG][0m ANALYZE [USER]: sqlite3Fts5ExprClearTokens
[2m[DEBUG][0m ANALYZE [USER]: fts5CursorReseek
[2m[DEBUG][0m ANALYZE [USER]: sqlite3Fts5ExprNext
[2m[DEBUG][0m ANALYZE [USER]: sqlite3Fts5IndexIterClearTokendata
[2m[DEBUG][0m ANALYZE [USER]: sqlite3Fts5ExprRowid
[2m[DEBUG][0m ANALYZE [USER]: fts5PoslistBlob
[2m[DEBUG][0m ANALYZE [USER]: fts5FindRankFunction
[2m[DEBUG][0m ANALYZE [USER]: fts5ApiInvoke
[2m[DEBUG][0m ANALYZE [USER]: fts5SeekCursor
[2m[DEBUG][0m ANALYZE [USER]: fts5TextFromStmt
[2m[DEBUG][0m ANALYZE [USER]: sqlite3Fts5ExprPoslist
[2m[DEBUG][0m ANALYZE [USER]: sqlite3Fts5ExprPhraseCollist
[2m[DEBUG][0m ANALYZE [USER]: fts5FindAuxiliary
[2m[DEBUG][0m ANALYZE [USER]: fts5ApiUserData
[2m[DEBUG][0m ANALYZE [USER]: fts5ApiColumnCount
[2m[DEBUG][0m ANALYZE [USER]: fts5ApiRowCount
[2m[DEBUG][0m ANALYZE [USER]: fts5ApiColumnTotalSize
[2m[DEBUG][0m ANALYZE [USER]: fts5ApiTokenize
[2m[DEBUG][0m ANALYZE [USER]: fts5ApiPhraseCount
[2m[DEBUG][0m ANALYZE [USER]: fts5ApiPhraseSize
[2m[DEBUG][0m ANALYZE [USER]: fts5ApiInstCount
[2m[DEBUG][0m ANALYZE [USER]: fts5ApiInst
[2m[DEBUG][0m ANALYZE [USER]: fts5ApiRowid
[2m[DEBUG][0m ANALYZE [USER]: fts5ApiColumnText
[2m[DEBUG][0m ANALYZE [USER]: fts5ApiColumnSize
[2m[DEBUG][0m ANALYZE [USER]: fts5ApiQueryPhrase
[2m[DEBUG][0m ANALYZE [USER]: fts5ApiSetAuxdata
[2m[DEBUG][0m ANALYZE [USER]: fts5ApiGetAuxdata
[2m[DEBUG][0m ANALYZE [USER]: fts5ApiPhraseFirst
[2m[DEBUG][0m ANALYZE [USER]: fts5ApiPhraseNext
[2m[DEBUG][0m ANALYZE [USER]: fts5ApiPhraseFirstColumn
[2m[DEBUG][0m ANALYZE [USER]: fts5ApiPhraseNextColumn
[2m[DEBUG][0m ANALYZE [USER]: fts5ApiQueryToken
[2m[DEBUG][0m ANALYZE [USER]: fts5ApiInstToken
[2m[DEBUG][0m ANALYZE [USER]: fts5ApiColumnLocale
[2m[DEBUG][0m ANALYZE [USER]: fts5ApiTokenize_v2
[2m[DEBUG][0m ANALYZE [USER]: sqlite3Fts5StorageRowCount
[2m[DEBUG][0m ANALYZE [USER]: fts5StorageLoadTotals
[2m[DEBUG][0m ANALYZE [USER]: sqlite3Fts5IndexGetAverages
[2m[DEBUG][0m ANALYZE [USER]: sqlite3Fts5StorageSize
[2m[DEBUG][0m ANALYZE [USER]: sqlite3Fts5ExprPhraseSize
[2m[DEBUG][0m ANALYZE [USER]: fts5CacheInstArray
[2m[DEBUG][0m ANALYZE [USER]: fts5CsrPoslist
[2m[DEBUG][0m ANALYZE [USER]: fts5IsContentless
[2m[DEBUG][0m ANALYZE [USER]: sqlite3Fts5ExprClearPoslists
[2m[DEBUG][0m ANALYZE [USER]: sqlite3Fts5ExprPopulatePoslists
[2m[DEBUG][0m ANALYZE [USER]: sqlite3Fts5ExprCheckPoslists
[2m[DEBUG][0m ANALYZE [USER]: fts5ExprColsetTest
[2m[DEBUG][0m ANALYZE [USER]: fts5ExprPopulatePoslistsCb
[2m[DEBUG][0m ANALYZE [USER]: fts5QueryTerm
[2m[DEBUG][0m ANALYZE [USER]: sqlite3Fts5IndexIterWriteTokendata
[2m[DEBUG][0m ANALYZE [USER]: fts5ExprCheckPoslists
[2m[DEBUG][0m ANALYZE [USER]: fts5ExprClearPoslists
[2m[DEBUG][0m ANALYZE [USER]: fts5CursorRowid
[2m[DEBUG][0m ANALYZE [USER]: sqlite3Fts5StorageDocsize
[2m[DEBUG][0m ANALYZE [USER]: fts5ColumnSizeCb
[2m[DEBUG][0m ANALYZE [USER]: fts5StorageDecodeSizeArray
[2m[DEBUG][0m ANALYZE [USER]: sqlite3Fts5ExprClonePhrase
[2m[DEBUG][0m ANALYZE [USER]: sqlite3Fts5ExprQueryToken
[2m[DEBUG][0m ANALYZE [USER]: sqlite3Fts5ExprInstToken
[2m[DEBUG][0m ANALYZE [USER]: sqlite3Fts5IterToken
[2m[DEBUG][0m ANALYZE [USER]: fts5TripCursors
[2m[DEBUG][0m ANALYZE [USER]: fts5SpecialDelete
[2m[DEBUG][0m ANALYZE [USER]: fts5SpecialInsert
[2m[DEBUG][0m ANALYZE [USER]: sqlite3Fts5StorageDelete
[2m[DEBUG][0m ANALYZE [USER]: fts5StorageInsert
[2m[DEBUG][0m ANALYZE [USER]: fts5ContentlessUpdate
[2m[DEBUG][0m ANALYZE [USER]: sqlite3Fts5StorageFindDeleteRow
[2m[DEBUG][0m ANALYZE [USER]: sqlite3Fts5StorageContentInsert
[2m[DEBUG][0m ANALYZE [USER]: sqlite3Fts5StorageIndexInsert
[2m[DEBUG][0m ANALYZE [USER]: sqlite3Fts5StorageReleaseDeleteRow
[2m[DEBUG][0m ANALYZE [USER]: sqlite3Fts5StorageDeleteAll
[2m[DEBUG][0m ANALYZE [USER]: sqlite3Fts5StorageRebuild
[2m[DEBUG][0m ANALYZE [USER]: sqlite3Fts5StorageOptimize
[2m[DEBUG][0m ANALYZE [USER]: sqlite3Fts5StorageMerge
[2m[DEBUG][0m ANALYZE [USER]: sqlite3Fts5StorageIntegrity
[2m[DEBUG][0m ANALYZE [USER]: sqlite3Fts5FlushToDisk
[2m[DEBUG][0m ANALYZE [USER]: sqlite3Fts5IndexBeginWrite
[2m[DEBUG][0m ANALYZE [USER]: fts5StorageInsertCallback
[2m[DEBUG][0m ANALYZE [USER]: fts5StorageInsertDocsize
[2m[DEBUG][0m ANALYZE [USER]: fts5StorageSaveTotals
[2m[DEBUG][0m ANALYZE [USER]: sqlite3Fts5HashNew
[2m[DEBUG][0m ANALYZE [USER]: sqlite3Fts5IndexWrite
[2m[DEBUG][0m ANALYZE [USER]: sqlite3Fts5HashWrite
[2m[DEBUG][0m ANALYZE [USER]: sqlite3Fts5IndexCharlenToBytelen
[2m[DEBUG][0m ANALYZE [USER]: fts5HashKey2
[2m[DEBUG][0m ANALYZE [USER]: fts5HashResize
[2m[DEBUG][0m ANALYZE [USER]: sqlite3Fts5IndexGetOrigin
[2m[DEBUG][0m ANALYZE [USER]: sqlite3Fts5IndexSetAverages
[2m[DEBUG][0m ANALYZE [USER]: sqlite3Fts5IndexOptimize
[2m[DEBUG][0m ANALYZE [USER]: fts5IndexOptimizeStruct
[2m[DEBUG][0m ANALYZE [USER]: sqlite3Fts5IndexMerge
[2m[DEBUG][0m ANALYZE [USER]: sqlite3Fts5TermsetNew
[2m[DEBUG][0m ANALYZE [USER]: fts5StorageIntegrityCallback
[2m[DEBUG][0m ANALYZE [USER]: sqlite3Fts5TermsetFree
[2m[DEBUG][0m ANALYZE [USER]: fts5StorageCount
[2m[DEBUG][0m ANALYZE [USER]: sqlite3Fts5IndexIntegrityCheck
[2m[DEBUG][0m ANALYZE [USER]: sqlite3Fts5TermsetAdd
[2m[DEBUG][0m ANALYZE [USER]: sqlite3Fts5IndexEntryCksum
[2m[DEBUG][0m ANALYZE [USER]: fts5IndexIntegrityCheckSegment
[2m[DEBUG][0m ANALYZE [USER]: fts5IntegrityCheckPgidx
[2m[DEBUG][0m ANALYZE [USER]: fts5IndexIntegrityCheckEmpty
[2m[DEBUG][0m ANALYZE [USER]: sqlite3Fts5StorageSync
[2m[DEBUG][0m ANALYZE [USER]: sqlite3Fts5IndexSync
[2m[DEBUG][0m ANALYZE [USER]: fts5StorageContentlessDelete
[2m[DEBUG][0m ANALYZE [USER]: fts5StorageDeleteFromIndex
[2m[DEBUG][0m ANALYZE [USER]: sqlite3Fts5IndexContentlessDelete
[2m[DEBUG][0m ANALYZE [USER]: fts5IndexTombstoneAdd
[2m[DEBUG][0m ANALYZE [USER]: fts5IndexTombstoneAddToPage
[2m[DEBUG][0m ANALYZE [USER]: fts5IndexTombstoneRebuild
[2m[DEBUG][0m ANALYZE [USER]: fts5IndexFreeArray
[2m[DEBUG][0m ANALYZE [USER]: fts5PutU32
[2m[DEBUG][0m ANALYZE [USER]: fts5PutU64
[2m[DEBUG][0m ANALYZE [USER]: fts5IndexTombstoneRehash
[2m[DEBUG][0m ANALYZE [USER]: fts5StorageNewRowid
[2m[DEBUG][0m ANALYZE [USER]: sqlite3Fts5StorageRollback
[2m[DEBUG][0m ANALYZE [USER]: sqlite3Fts5IndexRollback
[2m[DEBUG][0m ANALYZE [USER]: fts5ApiCallback
[2m[DEBUG][0m ANALYZE [USER]: fts5CursorFromCsrid
[2m[DEBUG][0m ANALYZE [USER]: fts5ResultError
[2m[DEBUG][0m ANALYZE [USER]: sqlite3Fts5StorageRename
[2m[DEBUG][0m ANALYZE [USER]: fts5StorageRenameOne
[2m[DEBUG][0m ANALYZE [USER]: fts5NewTokenizerModule
[2m[DEBUG][0m ANALYZE [USER]: fts5VtoVCreate
[2m[DEBUG][0m ANALYZE [USER]: fts5V2toV1Tokenize
[2m[DEBUG][0m ANALYZE [USER]: fts5VtoVDelete
[2m[DEBUG][0m ANALYZE [USER]: fts5V1toV2Tokenize
[2m[DEBUG][0m ANALYZE [USER]: sqlite3Fts5ParserFallback
[2m[DEBUG][0m ANALYZE [USER]: fts5SnippetFunction
[2m[DEBUG][0m ANALYZE [USER]: fts5HighlightFunction
[2m[DEBUG][0m ANALYZE [USER]: fts5Bm25Function
[2m[DEBUG][0m ANALYZE [USER]: fts5GetLocaleFunction
[2m[DEBUG][0m ANALYZE [USER]: fts5ValueToText
[2m[DEBUG][0m ANALYZE [USER]: fts5SentenceFinderCb
[2m[DEBUG][0m ANALYZE [USER]: fts5SnippetScore
[2m[DEBUG][0m ANALYZE [USER]: fts5CInstIterInit
[2m[DEBUG][0m ANALYZE [USER]: fts5HighlightAppend
[2m[DEBUG][0m ANALYZE [USER]: fts5CInstIterNext
[2m[DEBUG][0m ANALYZE [USER]: fts5HighlightCb
[2m[DEBUG][0m ANALYZE [USER]: fts5SentenceFinderAdd
[2m[DEBUG][0m ANALYZE [USER]: fts5Bm25GetData
[2m[DEBUG][0m ANALYZE [USER]: fts5CountCb
[2m[DEBUG][0m ANALYZE [USER]: fts5UnicodeCreate
[2m[DEBUG][0m ANALYZE [USER]: fts5UnicodeDelete
[2m[DEBUG][0m ANALYZE [USER]: fts5UnicodeTokenize
[2m[DEBUG][0m ANALYZE [USER]: fts5AsciiCreate
[2m[DEBUG][0m ANALYZE [USER]: fts5AsciiDelete
[2m[DEBUG][0m ANALYZE [USER]: fts5AsciiTokenize
[2m[DEBUG][0m ANALYZE [USER]: fts5TriTokenize
[2m[DEBUG][0m ANALYZE [USER]: fts5PorterCreate
[2m[DEBUG][0m ANALYZE [USER]: fts5PorterDelete
[2m[DEBUG][0m ANALYZE [USER]: fts5PorterTokenize
[2m[DEBUG][0m ANALYZE [USER]: unicodeSetCategories
[2m[DEBUG][0m ANALYZE [USER]: fts5UnicodeAddExceptions
[2m[DEBUG][0m ANALYZE [USER]: sqlite3Fts5UnicodeCatParse
[2m[DEBUG][0m ANALYZE [USER]: sqlite3Fts5UnicodeAscii
[2m[DEBUG][0m ANALYZE [USER]: sqlite3Fts5UnicodeCategory
[2m[DEBUG][0m ANALYZE [USER]: sqlite3Fts5UnicodeIsdiacritic
[2m[DEBUG][0m ANALYZE [USER]: fts5UnicodeIsAlnum
[2m[DEBUG][0m ANALYZE [USER]: sqlite3Fts5UnicodeFold
[2m[DEBUG][0m ANALYZE [USER]: fts5UnicodeIsException
[2m[DEBUG][0m ANALYZE [USER]: fts5_remove_diacritic
[2m[DEBUG][0m ANALYZE [USER]: fts5AsciiAddExceptions
[2m[DEBUG][0m ANALYZE [USER]: asciiFold
[2m[DEBUG][0m ANALYZE [USER]: fts5PorterCb
[2m[DEBUG][0m ANALYZE [USER]: fts5PorterStep1A
[2m[DEBUG][0m ANALYZE [USER]: fts5PorterStep1B
[2m[DEBUG][0m ANALYZE [USER]: fts5PorterStep1B2
[2m[DEBUG][0m ANALYZE [USER]: fts5PorterIsVowel
[2m[DEBUG][0m ANALYZE [USER]: fts5Porter_MEq1
[2m[DEBUG][0m ANALYZE [USER]: fts5Porter_Ostar
[2m[DEBUG][0m ANALYZE [USER]: fts5Porter_Vowel
[2m[DEBUG][0m ANALYZE [USER]: fts5PorterStep2
[2m[DEBUG][0m ANALYZE [USER]: fts5PorterStep3
[2m[DEBUG][0m ANALYZE [USER]: fts5PorterStep4
[2m[DEBUG][0m ANALYZE [USER]: fts5Porter_MGt1
[2m[DEBUG][0m ANALYZE [USER]: fts5Porter_MGt0
[2m[DEBUG][0m ANALYZE [USER]: fts5PorterGobbleVC
[2m[DEBUG][0m ANALYZE [USER]: fts5Porter_MGt1_and_S_or_T
[2m[DEBUG][0m ANALYZE [USER]: fts5VocabCreateMethod
[2m[DEBUG][0m ANALYZE [USER]: fts5VocabConnectMethod
[2m[DEBUG][0m ANALYZE [USER]: fts5VocabBestIndexMethod
[2m[DEBUG][0m ANALYZE [USER]: fts5VocabDisconnectMethod
[2m[DEBUG][0m ANALYZE [USER]: fts5VocabDestroyMethod
[2m[DEBUG][0m ANALYZE [USER]: fts5VocabOpenMethod
[2m[DEBUG][0m ANALYZE [USER]: fts5VocabCloseMethod
[2m[DEBUG][0m ANALYZE [USER]: fts5VocabFilterMethod
[2m[DEBUG][0m ANALYZE [USER]: fts5VocabNextMethod
[2m[DEBUG][0m ANALYZE [USER]: fts5VocabEofMethod
[2m[DEBUG][0m ANALYZE [USER]: fts5VocabColumnMethod
[2m[DEBUG][0m ANALYZE [USER]: fts5VocabRowidMethod
[2m[DEBUG][0m ANALYZE [USER]: fts5VocabInitVtab
[2m[DEBUG][0m ANALYZE [USER]: fts5VocabTableType
[2m[DEBUG][0m ANALYZE [USER]: sqlite3Fts5TableFromCsrid
[2m[DEBUG][0m ANALYZE [USER]: fts5VocabResetCursor
[2m[DEBUG][0m ANALYZE [USER]: sqlite3Fts5StructureRelease
[2m[DEBUG][0m ANALYZE [USER]: sqlite3Fts5StructureRef
[2m[DEBUG][0m ANALYZE [USER]: fts5VocabInstanceNewTerm
[2m[DEBUG][0m ANALYZE [USER]: sqlite3Fts5IterTerm
[2m[DEBUG][0m ANALYZE [USER]: sqlite3Fts5StructureTest
[2m[DEBUG][0m ANALYZE [USER]: fts5VocabInstanceNext
[2m[DEBUG][0m ANALYZE [USER]: sqlite3Fts5IterNextScan
[2m[DEBUG][0m ANALYZE [USER]: rtreenode
[2m[DEBUG][0m ANALYZE [USER]: rtreedepth
[2m[DEBUG][0m ANALYZE [USER]: rtreecheck
[2m[DEBUG][0m ANALYZE [USER]: readInt16
[2m[DEBUG][0m ANALYZE [USER]: nodeGetCell
[2m[DEBUG][0m ANALYZE [USER]: nodeGetRowid
[2m[DEBUG][0m ANALYZE [USER]: readCoord
[2m[DEBUG][0m ANALYZE [USER]: readInt64
[2m[DEBUG][0m ANALYZE [USER]: rtreeCheckTable
[2m[DEBUG][0m ANALYZE [USER]: rtreeCheckPrepare
[2m[DEBUG][0m ANALYZE [USER]: rtreeCheckAppendMsg
[2m[DEBUG][0m ANALYZE [USER]: rtreeCheckNode
[2m[DEBUG][0m ANALYZE [USER]: rtreeCheckCount
[2m[DEBUG][0m ANALYZE [USER]: rtreeCheckGetNode
[2m[DEBUG][0m ANALYZE [USER]: rtreeCheckCellCoord
[2m[DEBUG][0m ANALYZE [USER]: rtreeCheckMapping
[2m[DEBUG][0m ANALYZE [USER]: rtreeCheckReset
[2m[DEBUG][0m ANALYZE [USER]: rtreeCreate
[2m[DEBUG][0m ANALYZE [USER]: rtreeConnect
[2m[DEBUG][0m ANALYZE [USER]: rtreeBestIndex
[2m[DEBUG][0m ANALYZE [USER]: rtreeDisconnect
[2m[DEBUG][0m ANALYZE [USER]: rtreeDestroy
[2m[DEBUG][0m ANALYZE [USER]: rtreeOpen
[2m[DEBUG][0m ANALYZE [USER]: rtreeClose
[2m[DEBUG][0m ANALYZE [USER]: rtreeFilter
[2m[DEBUG][0m ANALYZE [USER]: rtreeNext
[2m[DEBUG][0m ANALYZE [USER]: rtreeEof
[2m[DEBUG][0m ANALYZE [USER]: rtreeColumn
[2m[DEBUG][0m ANALYZE [USER]: rtreeRowid
[2m[DEBUG][0m ANALYZE [USER]: rtreeUpdate
[2m[DEBUG][0m ANALYZE [USER]: rtreeBeginTransaction
[2m[DEBUG][0m ANALYZE [USER]: rtreeEndTransaction
[2m[DEBUG][0m ANALYZE [USER]: rtreeRollback
[2m[DEBUG][0m ANALYZE [USER]: rtreeRename
[2m[DEBUG][0m ANALYZE [USER]: rtreeSavepoint
[2m[DEBUG][0m ANALYZE [USER]: rtreeShadowName
[2m[DEBUG][0m ANALYZE [USER]: rtreeIntegrity
[2m[DEBUG][0m ANALYZE [USER]: rtreeInit
[2m[DEBUG][0m ANALYZE [USER]: rtreeTokenLength
[2m[DEBUG][0m ANALYZE [USER]: getNodeSize
[2m[DEBUG][0m ANALYZE [USER]: rtreeSqlInit
[2m[DEBUG][0m ANALYZE [USER]: rtreeRelease
[2m[DEBUG][0m ANALYZE [USER]: getIntFromStmt
[2m[DEBUG][0m ANALYZE [USER]: rtreeQueryStat1
[2m[DEBUG][0m ANALYZE [USER]: nodeBlobReset
[2m[DEBUG][0m ANALYZE [USER]: resetCursor
[2m[DEBUG][0m ANALYZE [USER]: nodeRelease
[2m[DEBUG][0m ANALYZE [USER]: nodeWrite
[2m[DEBUG][0m ANALYZE [USER]: nodeHashDelete
[2m[DEBUG][0m ANALYZE [USER]: nodeHashInsert
[2m[DEBUG][0m ANALYZE [USER]: nodeHash
[2m[DEBUG][0m ANALYZE [USER]: rtreeReference
[2m[DEBUG][0m ANALYZE [USER]: findLeafNode
[2m[DEBUG][0m ANALYZE [USER]: rtreeSearchPointNew
[2m[DEBUG][0m ANALYZE [USER]: nodeRowidIndex
[2m[DEBUG][0m ANALYZE [USER]: nodeAcquire
[2m[DEBUG][0m ANALYZE [USER]: deserializeGeometry
[2m[DEBUG][0m ANALYZE [USER]: rtreeStepToLeaf
[2m[DEBUG][0m ANALYZE [USER]: rtreeSearchPointFirst
[2m[DEBUG][0m ANALYZE [USER]: rtreeEnqueue
[2m[DEBUG][0m ANALYZE [USER]: rtreeSearchPointCompare
[2m[DEBUG][0m ANALYZE [USER]: rtreeSearchPointSwap
[2m[DEBUG][0m ANALYZE [USER]: nodeHashLookup
[2m[DEBUG][0m ANALYZE [USER]: nodeReference
[2m[DEBUG][0m ANALYZE [USER]: rtreeNodeOfFirstSearchPoint
[2m[DEBUG][0m ANALYZE [USER]: rtreeCallbackConstraint
[2m[DEBUG][0m ANALYZE [USER]: rtreeLeafConstraint
[2m[DEBUG][0m ANALYZE [USER]: rtreeNonleafConstraint
[2m[DEBUG][0m ANALYZE [USER]: rtreeSearchPointPop
[2m[DEBUG][0m ANALYZE [USER]: nodeGetCoord
[2m[DEBUG][0m ANALYZE [USER]: rtreeValueDown
[2m[DEBUG][0m ANALYZE [USER]: rtreeValueUp
[2m[DEBUG][0m ANALYZE [USER]: rtreeConstraintError
[2m[DEBUG][0m ANALYZE [USER]: rtreeDeleteRowid
[2m[DEBUG][0m ANALYZE [USER]: rtreeNewRowid
[2m[DEBUG][0m ANALYZE [USER]: ChooseLeaf
[2m[DEBUG][0m ANALYZE [USER]: rtreeInsertCell
[2m[DEBUG][0m ANALYZE [USER]: deleteCell
[2m[DEBUG][0m ANALYZE [USER]: removeNode
[2m[DEBUG][0m ANALYZE [USER]: writeInt16
[2m[DEBUG][0m ANALYZE [USER]: reinsertNodeContent
[2m[DEBUG][0m ANALYZE [USER]: fixLeafParent
[2m[DEBUG][0m ANALYZE [USER]: nodeDeleteCell
[2m[DEBUG][0m ANALYZE [USER]: fixBoundingBox
[2m[DEBUG][0m ANALYZE [USER]: cellUnion
[2m[DEBUG][0m ANALYZE [USER]: nodeParentIndex
[2m[DEBUG][0m ANALYZE [USER]: nodeOverwriteCell
[2m[DEBUG][0m ANALYZE [USER]: writeInt64
[2m[DEBUG][0m ANALYZE [USER]: writeCoord
[2m[DEBUG][0m ANALYZE [USER]: cellContains
[2m[DEBUG][0m ANALYZE [USER]: cellArea
[2m[DEBUG][0m ANALYZE [USER]: nodeInsertCell
[2m[DEBUG][0m ANALYZE [USER]: SplitNode
[2m[DEBUG][0m ANALYZE [USER]: AdjustTree
[2m[DEBUG][0m ANALYZE [USER]: rowidWrite
[2m[DEBUG][0m ANALYZE [USER]: parentWrite
[2m[DEBUG][0m ANALYZE [USER]: nodeZero
[2m[DEBUG][0m ANALYZE [USER]: nodeNew
[2m[DEBUG][0m ANALYZE [USER]: splitNodeStartree
[2m[DEBUG][0m ANALYZE [USER]: updateMapping
[2m[DEBUG][0m ANALYZE [USER]: SortByDimension
[2m[DEBUG][0m ANALYZE [USER]: cellMargin
[2m[DEBUG][0m ANALYZE [USER]: cellOverlap
[2m[DEBUG][0m ANALYZE [USER]: jsonEachConnect
[2m[DEBUG][0m ANALYZE [USER]: jsonEachBestIndex
[2m[DEBUG][0m ANALYZE [USER]: jsonEachDisconnect
[2m[DEBUG][0m ANALYZE [USER]: jsonEachOpenEach
[2m[DEBUG][0m ANALYZE [USER]: jsonEachClose
[2m[DEBUG][0m ANALYZE [USER]: jsonEachFilter
[2m[DEBUG][0m ANALYZE [USER]: jsonEachNext
[2m[DEBUG][0m ANALYZE [USER]: jsonEachEof
[2m[DEBUG][0m ANALYZE [USER]: jsonEachColumn
[2m[DEBUG][0m ANALYZE [USER]: jsonEachRowid
[2m[DEBUG][0m ANALYZE [USER]: jsonEachCursorReset
[2m[DEBUG][0m ANALYZE [USER]: jsonSkipLabel
[2m[DEBUG][0m ANALYZE [USER]: jsonAppendPathName
[2m[DEBUG][0m ANALYZE [USER]: jsonEachPathLength
[2m[DEBUG][0m ANALYZE [USER]: jsonEachOpenTree
[2m[DEBUG][0m ANALYZE [USER]: sqlite3WalFile
[2m[DEBUG][0m ANALYZE [USER]: sqlite3BtreeGetReserveNoMutex
[2m[DEBUG][0m ANALYZE [USER]: rtreeMatchArgFree
[32m[INFO][0m FFI Analysis Summary:
[32m[INFO][0m   Functions analyzed: 3346
[32m[INFO][0m   FFI Boundaries: 1359
[32m[INFO][0m     - Cross-language: 0
[32m[INFO][0m     - External unknown: 1359
[32m[INFO][0m     - LibC calls: 81
[31m[ERROR][0m   Dangerous calls: 15
[32m[INFO][0m   Semantic Registry: 267 functions known
[2m[DEBUG][0m [SUPPRESSED] C API output parameter pattern: sqlite3_status64 returns non-pointer (likely using output params)
[2m[DEBUG][0m [SUPPRESSED] C API output parameter pattern: sqlite3MisuseError returns non-pointer (likely using output params)
[2m[DEBUG][0m [SUPPRESSED] C API output parameter pattern: sqlite3_status returns non-pointer (likely using output params)
[2m[DEBUG][0m [SUPPRESSED] C API output parameter pattern: sqlite3_db_status returns non-pointer (likely using output params)
[2m[DEBUG][0m [SUPPRESSED] C API output parameter pattern: sqlite3LookasideUsed returns non-pointer (likely using output params)
[33m[WARN][0m [RETURN-STACK] stack alloca returned from sqlite3BtreePager
[2m[DEBUG][0m [SUPPRESSED] C API output parameter pattern: sqlite3PagerMemUsed returns non-pointer (likely using output params)
[2m[DEBUG][0m [SUPPRESSED] C API output parameter pattern: sqlite3BtreeConnectionCount returns non-pointer (likely using output params)
[2m[DEBUG][0m [SUPPRESSED] C API output parameter pattern: sqlite3_msize returns non-pointer (likely using output params)
[33m[WARN][0m [RETURN-STACK] stack alloca returned from sqlite3_vfs_find
[2m[DEBUG][0m [SUPPRESSED] C API output parameter pattern: sqlite3_initialize returns non-pointer (likely using output params)
[33m[WARN][0m [RETURN-STACK] stack alloca returned from sqlite3MutexAlloc
[33m[WARN][0m [STACK-TO-GLOBAL] stack alloca -> global in sqlite3_vfs_register
[2m[DEBUG][0m [SUPPRESSED] C API output parameter pattern: sqlite3_vfs_register returns non-pointer (likely using output params)
[33m[WARN][0m [STACK-TO-GLOBAL] stack alloca -> global in vfsUnlink
[2m[DEBUG][0m [SUPPRESSED] C API output parameter pattern: sqlite3_vfs_unregister returns non-pointer (likely using output params)
[33m[WARN][0m [RETURN-STACK] stack alloca returned from sqlite3_mutex_alloc
[2m[DEBUG][0m [SUPPRESSED] C API output parameter pattern: sqlite3MutexInit returns non-pointer (likely using output params)
[2m[DEBUG][0m [SUPPRESSED] C API output parameter pattern: sqlite3_mutex_try returns non-pointer (likely using output params)
[2m[DEBUG][0m [SUPPRESSED] C API output parameter pattern: sqlite3_release_memory returns non-pointer (likely using output params)
[2m[DEBUG][0m [SUPPRESSED] C API output parameter pattern: sqlite3_memory_alarm returns non-pointer (likely using output params)
[2m[DEBUG][0m [SUPPRESSED] C API output parameter pattern: sqlite3_soft_heap_limit64 returns non-pointer (likely using output params)
[2m[DEBUG][0m [SUPPRESSED] C API output parameter pattern: sqlite3StatusValue returns non-pointer (likely using output params)
[2m[DEBUG][0m [SUPPRESSED] C API output parameter pattern: sqlite3_memory_used returns non-pointer (likely using output params)
[2m[DEBUG][0m [SUPPRESSED] C API output parameter pattern: sqlite3_hard_heap_limit64 returns non-pointer (likely using output params)
[2m[DEBUG][0m [SUPPRESSED] C API output parameter pattern: sqlite3_memory_highwater returns non-pointer (likely using output params)
[33m[WARN][0m [RETURN-STACK] stack alloca returned from sqlite3_malloc
[33m[WARN][0m [RETURN-STACK] stack alloca returned from sqlite3Malloc
[33m[WARN][0m [RETURN-STACK] stack alloca returned from sqlite3_malloc64
[2m[DEBUG][0m [SUPPRESSED] C API output parameter pattern: sqlite3MallocSize returns non-pointer (likely using output params)
[33m[WARN][0m [RETURN-STACK] stack alloca returned from sqlite3_realloc
[33m[WARN][0m [RETURN-STACK] stack alloca returned from sqlite3Realloc
[33m[WARN][0m [RETURN-STACK] stack alloca returned from sqlite3_realloc64
[2m[DEBUG][0m [SUPPRESSED] C API output parameter pattern: getIntArg returns non-pointer (likely using output params)
[33m[WARN][0m [RETURN-STACK] stack alloca returned from printfTempBuf
[2m[DEBUG][0m [SUPPRESSED] C API output parameter pattern: getDoubleArg returns non-pointer (likely using output params)
[2m[DEBUG][0m [SUPPRESSED] C API output parameter pattern: sqlite3Strlen30 returns non-pointer (likely using output params)
[33m[WARN][0m [RETURN-STACK] stack alloca returned from getTextArg
[2m[DEBUG][0m [SUPPRESSED] C API output parameter pattern: sqlite3StrAccumEnlarge returns non-pointer (likely using output params)
[2m[DEBUG][0m [SUPPRESSED] C API output parameter pattern: sqlite3DbMallocSize returns non-pointer (likely using output params)
[33m[WARN][0m [RETURN-STACK] stack alloca returned from sqlite3_str_finish
[33m[WARN][0m [RETURN-STACK] stack alloca returned from sqlite3StrAccumFinish
[2m[DEBUG][0m [SUPPRESSED] C API output parameter pattern: sqlite3_str_errcode returns non-pointer (likely using output params)
[2m[DEBUG][0m [SUPPRESSED] C API output parameter pattern: sqlite3_str_length returns non-pointer (likely using output params)
[33m[WARN][0m [RETURN-STACK] stack alloca returned from sqlite3_str_value
[2m[DEBUG][0m [SUPPRESSED] Heap return in factory function: sqlite3_str_new (intentional ownership transfer)
[33m[WARN][0m [RETURN-STACK] stack alloca returned from sqlite3_vmprintf
[33m[WARN][0m [RETURN-STACK] stack alloca returned from sqlite3_mprintf
[33m[WARN][0m [RETURN-STACK] stack alloca returned from sqlite3_vsnprintf
[33m[WARN][0m [RETURN-STACK] stack alloca returned from sqlite3_snprintf
[2m[DEBUG][0m [SUPPRESSED] C API output parameter pattern: sqlite3OsRandomness returns non-pointer (likely using output params)
[2m[DEBUG][0m [SUPPRESSED] C API output parameter pattern: sqlite3_stricmp returns non-pointer (likely using output params)
[2m[DEBUG][0m [SUPPRESSED] C API output parameter pattern: sqlite3StrICmp returns non-pointer (likely using output params)
[2m[DEBUG][0m [SUPPRESSED] C API output parameter pattern: sqlite3_strnicmp returns non-pointer (likely using output params)
[2m[DEBUG][0m [SUPPRESSED] C API output parameter pattern: sqlite3_os_init returns non-pointer (likely using output params)
[2m[DEBUG][0m [SUPPRESSED] C API output parameter pattern: unixOpen returns non-pointer (likely using output params)
[2m[DEBUG][0m [SUPPRESSED] C API output parameter pattern: unixDelete returns non-pointer (likely using output params)
[2m[DEBUG][0m [SUPPRESSED] C API output parameter pattern: unixAccess returns non-pointer (likely using output params)
[2m[DEBUG][0m [SUPPRESSED] C API output parameter pattern: unixFullPathname returns non-pointer (likely using output params)
[33m[WARN][0m [RETURN-HEAP] resource via dlopen() returned from unixDlOpen - ownership unclear
[2m[DEBUG][0m [SUPPRESSED] C API output parameter pattern: unixRandomness returns non-pointer (likely using output params)
[2m[DEBUG][0m [SUPPRESSED] C API output parameter pattern: unixSleep returns non-pointer (likely using output params)
[2m[DEBUG][0m [SUPPRESSED] C API output parameter pattern: unixCurrentTime returns non-pointer (likely using output params)
[2m[DEBUG][0m [SUPPRESSED] C API output parameter pattern: unixGetLastError returns non-pointer (likely using output params)
[2m[DEBUG][0m [SUPPRESSED] C API output parameter pattern: unixCurrentTimeInt64 returns non-pointer (likely using output params)
[2m[DEBUG][0m [SUPPRESSED] C API output parameter pattern: unixSetSystemCall returns non-pointer (likely using output params)
[33m[WARN][0m [RETURN-STACK] stack alloca returned from unixGetSystemCall
[33m[WARN][0m [RETURN-STACK] stack alloca returned from unixNextSystemCall
[2m[DEBUG][0m [SUPPRESSED] C API output parameter pattern: sqlite3_os_end returns non-pointer (likely using output params)
[33m[WARN][0m [RETURN-HEAP] heap via sqlite3_malloc64() returned from sqlite3_serialize - ownership unclear
[33m[WARN][0m [RETURN-STACK] stack alloca returned from memdbFromDbSchema
[2m[DEBUG][0m [SUPPRESSED] C API output parameter pattern: sqlite3FindDbName returns non-pointer (likely using output params)
[2m[DEBUG][0m [SUPPRESSED] C API output parameter pattern: sqlite3BtreeGetPageSize returns non-pointer (likely using output params)
[2m[DEBUG][0m [SUPPRESSED] C API output parameter pattern: sqlite3_prepare_v2 (known output-param family)
[2m[DEBUG][0m [SUPPRESSED] C API output parameter pattern: sqlite3_step returns non-pointer (likely using output params)
[2m[DEBUG][0m [SUPPRESSED] C API output parameter pattern: sqlite3_column_int64 returns non-pointer (likely using output params)
[2m[DEBUG][0m [SUPPRESSED] C API output parameter pattern: sqlite3_reset returns non-pointer (likely using output params)
[2m[DEBUG][0m [SUPPRESSED] C API output parameter pattern: sqlite3_exec returns non-pointer (likely using output params)
[2m[DEBUG][0m [SUPPRESSED] C API output parameter pattern: sqlite3_column_int returns non-pointer (likely using output params)
[2m[DEBUG][0m [SUPPRESSED] C API output parameter pattern: sqlite3PagerGet returns non-pointer (likely using output params)
[33m[WARN][0m [RETURN-STACK] stack alloca returned from sqlite3PagerGetData
[2m[DEBUG][0m [SUPPRESSED] C API output parameter pattern: sqlite3_finalize returns non-pointer (likely using output params)
[2m[DEBUG][0m [SUPPRESSED] C API output parameter pattern: sqlite3_deserialize returns non-pointer (likely using output params)
[33m[WARN][0m [RETURN-STACK] stack alloca returned from sqlite3_database_file_object
[2m[DEBUG][0m [SUPPRESSED] C API output parameter pattern: sqlite3_enable_shared_cache returns non-pointer (likely using output params)
[33m[WARN][0m [RETURN-STACK] stack alloca returned from sqlite3_backup_init
[33m[WARN][0m [RETURN-STACK] stack alloca returned from sqlite3MallocZero
[33m[WARN][0m [RETURN-STACK] stack alloca returned from findBtree
[2m[DEBUG][0m [SUPPRESSED] C API output parameter pattern: checkReadTransaction returns non-pointer (likely using output params)
[2m[DEBUG][0m [SUPPRESSED] C API output parameter pattern: sqlite3_backup_step returns non-pointer (likely using output params)
[2m[DEBUG][0m [SUPPRESSED] C API output parameter pattern: isFatalError returns non-pointer (likely using output params)
[2m[DEBUG][0m [SUPPRESSED] C API output parameter pattern: sqlite3BtreeTxnState returns non-pointer (likely using output params)
[2m[DEBUG][0m [SUPPRESSED] C API output parameter pattern: sqlite3BtreeBeginTrans returns non-pointer (likely using output params)
[2m[DEBUG][0m [SUPPRESSED] C API output parameter pattern: setDestPgsz returns non-pointer (likely using output params)
[2m[DEBUG][0m [SUPPRESSED] C API output parameter pattern: sqlite3PagerGetJournalMode returns non-pointer (likely using output params)
[2m[DEBUG][0m [SUPPRESSED] C API output parameter pattern: sqlite3PagerIsMemdb returns non-pointer (likely using output params)
[2m[DEBUG][0m [SUPPRESSED] C API output parameter pattern: sqlite3BtreeLastPage returns non-pointer (likely using output params)
[2m[DEBUG][0m [SUPPRESSED] C API output parameter pattern: backupOnePage returns non-pointer (likely using output params)
[2m[DEBUG][0m [SUPPRESSED] C API output parameter pattern: sqlite3BtreeNewDb returns non-pointer (likely using output params)
[2m[DEBUG][0m [SUPPRESSED] C API output parameter pattern: sqlite3BtreeUpdateMeta returns non-pointer (likely using output params)
[2m[DEBUG][0m [SUPPRESSED] C API output parameter pattern: sqlite3BtreeSetVersion returns non-pointer (likely using output params)
[33m[WARN][0m [RETURN-STACK] stack alloca returned from sqlite3PagerFile
[2m[DEBUG][0m [SUPPRESSED] C API output parameter pattern: sqlite3PagerWrite returns non-pointer (likely using output params)
[2m[DEBUG][0m [SUPPRESSED] C API output parameter pattern: sqlite3PagerCommitPhaseOne returns non-pointer (likely using output params)
[2m[DEBUG][0m [SUPPRESSED] C API output parameter pattern: sqlite3OsWrite returns non-pointer (likely using output params)
[2m[DEBUG][0m [SUPPRESSED] C API output parameter pattern: backupTruncateFile returns non-pointer (likely using output params)
[2m[DEBUG][0m [SUPPRESSED] C API output parameter pattern: sqlite3PagerSync returns non-pointer (likely using output params)
[2m[DEBUG][0m [SUPPRESSED] C API output parameter pattern: sqlite3BtreeCommitPhaseTwo returns non-pointer (likely using output params)
[2m[DEBUG][0m [SUPPRESSED] C API output parameter pattern: sqlite3BtreeCommitPhaseOne returns non-pointer (likely using output params)
[2m[DEBUG][0m [SUPPRESSED] C API output parameter pattern: sqlite3_backup_finish returns non-pointer (likely using output params)
[33m[WARN][0m [RETURN-STACK] stack alloca returned from sqlite3PagerBackupPtr
[2m[DEBUG][0m [SUPPRESSED] C API output parameter pattern: sqlite3BtreeRollback returns non-pointer (likely using output params)
[2m[DEBUG][0m [SUPPRESSED] C API output parameter pattern: sqlite3_backup_remaining returns non-pointer (likely using output params)
[2m[DEBUG][0m [SUPPRESSED] C API output parameter pattern: sqlite3_backup_pagecount returns non-pointer (likely using output params)
[2m[DEBUG][0m [SUPPRESSED] C API output parameter pattern: sqlite3_expired returns non-pointer (likely using output params)
[2m[DEBUG][0m [SUPPRESSED] C API output parameter pattern: vdbeSafety returns non-pointer (likely using output params)
[2m[DEBUG][0m [SUPPRESSED] C API output parameter pattern: sqlite3VdbeReset returns non-pointer (likely using output params)
[2m[DEBUG][0m [SUPPRESSED] C API output parameter pattern: sqlite3ApiExit returns non-pointer (likely using output params)
[2m[DEBUG][0m [SUPPRESSED] C API output parameter pattern: sqlite3_clear_bindings returns non-pointer (likely using output params)
[33m[WARN][0m [RETURN-STACK] stack alloca returned from sqlite3_value_blob
[2m[DEBUG][0m [SUPPRESSED] C API output parameter pattern: sqlite3VdbeMemExpandBlob returns non-pointer (likely using output params)
[2m[DEBUG][0m [SUPPRESSED] C API output parameter pattern: sqlite3_value_bytes returns non-pointer (likely using output params)
[2m[DEBUG][0m [SUPPRESSED] C API output parameter pattern: sqlite3ValueBytes returns non-pointer (likely using output params)
[2m[DEBUG][0m [SUPPRESSED] C API output parameter pattern: sqlite3_value_bytes16 returns non-pointer (likely using output params)
[2m[DEBUG][0m [SUPPRESSED] C API output parameter pattern: sqlite3_value_double returns non-pointer (likely using output params)
[2m[DEBUG][0m [SUPPRESSED] C API output parameter pattern: sqlite3VdbeRealValue returns non-pointer (likely using output params)
[2m[DEBUG][0m [SUPPRESSED] C API output parameter pattern: sqlite3_value_int returns non-pointer (likely using output params)
[2m[DEBUG][0m [SUPPRESSED] C API output parameter pattern: sqlite3VdbeIntValue returns non-pointer (likely using output params)
[2m[DEBUG][0m [SUPPRESSED] C API output parameter pattern: sqlite3_value_int64 returns non-pointer (likely using output params)
[2m[DEBUG][0m [SUPPRESSED] C API output parameter pattern: sqlite3_value_subtype returns non-pointer (likely using output params)
[33m[WARN][0m [RETURN-STACK] stack alloca returned from sqlite3_value_pointer
[33m[WARN][0m [RETURN-STACK] stack alloca returned from sqlite3ValueText
[2m[DEBUG][0m [SUPPRESSED] C API output parameter pattern: sqlite3_value_type returns non-pointer (likely using output params)
[2m[DEBUG][0m [SUPPRESSED] C API output parameter pattern: sqlite3_value_encoding returns non-pointer (likely using output params)
[2m[DEBUG][0m [SUPPRESSED] C API output parameter pattern: sqlite3_value_nochange returns non-pointer (likely using output params)
[2m[DEBUG][0m [SUPPRESSED] C API output parameter pattern: sqlite3_value_frombind returns non-pointer (likely using output params)
[2m[DEBUG][0m [SUPPRESSED] Heap return in factory function: sqlite3_value_dup (intentional ownership transfer)
[2m[DEBUG][0m [SUPPRESSED] C API output parameter pattern: sqlite3VdbeMemMakeWriteable returns non-pointer (likely using output params)
[2m[DEBUG][0m [SUPPRESSED] C API output parameter pattern: invokeValueDestructor returns non-pointer (likely using output params)
[2m[DEBUG][0m [SUPPRESSED] C API output parameter pattern: sqlite3VdbeMemSetStr returns non-pointer (likely using output params)
[2m[DEBUG][0m [SUPPRESSED] C API output parameter pattern: sqlite3VdbeMemCopy returns non-pointer (likely using output params)
[2m[DEBUG][0m [SUPPRESSED] C API output parameter pattern: sqlite3VdbeChangeEncoding returns non-pointer (likely using output params)
[2m[DEBUG][0m [SUPPRESSED] C API output parameter pattern: sqlite3VdbeMemTooBig returns non-pointer (likely using output params)
[2m[DEBUG][0m [SUPPRESSED] C API output parameter pattern: sqlite3_result_zeroblob64 returns non-pointer (likely using output params)
[33m[WARN][0m [RETURN-STACK] stack alloca returned from sqlite3ErrStr
[2m[DEBUG][0m [SUPPRESSED] C API output parameter pattern: vdbeSafetyNotNull returns non-pointer (likely using output params)
[2m[DEBUG][0m [SUPPRESSED] C API output parameter pattern: sqlite3Step returns non-pointer (likely using output params)
[2m[DEBUG][0m [SUPPRESSED] C API output parameter pattern: sqlite3Reprepare returns non-pointer (likely using output params)
[33m[WARN][0m [RETURN-STACK] stack alloca returned from sqlite3DbStrDup
[33m[WARN][0m [RETURN-STACK] stack alloca returned from sqlite3_user_data
[33m[WARN][0m [RETURN-STACK] stack alloca returned from sqlite3_context_db_handle
[2m[DEBUG][0m [SUPPRESSED] C API output parameter pattern: sqlite3_vtab_nochange returns non-pointer (likely using output params)
[2m[DEBUG][0m [SUPPRESSED] C API output parameter pattern: sqlite3_vtab_in_first returns non-pointer (likely using output params)
[2m[DEBUG][0m [SUPPRESSED] C API output parameter pattern: valueFromValueList returns non-pointer (likely using output params)
[33m[WARN][0m [RETURN-STACK] stack alloca returned from sqlite3_aggregate_context
[33m[WARN][0m [RETURN-STACK] stack alloca returned from createAggContext
[33m[WARN][0m [RETURN-STACK] stack alloca returned from sqlite3_get_auxdata
[33m[WARN][0m [RETURN-STACK] stack alloca returned from sqlite3DbMallocZero
[2m[DEBUG][0m [SUPPRESSED] C API output parameter pattern: sqlite3_aggregate_count returns non-pointer (likely using output params)
[2m[DEBUG][0m [SUPPRESSED] C API output parameter pattern: sqlite3_column_count returns non-pointer (likely using output params)
[2m[DEBUG][0m [SUPPRESSED] C API output parameter pattern: sqlite3_data_count returns non-pointer (likely using output params)
[33m[WARN][0m [RETURN-STACK] stack alloca returned from sqlite3_column_blob
[33m[WARN][0m [RETURN-STACK] stack alloca returned from columnMem
[2m[DEBUG][0m [SUPPRESSED] C API output parameter pattern: sqlite3_column_bytes returns non-pointer (likely using output params)
[2m[DEBUG][0m [SUPPRESSED] C API output parameter pattern: sqlite3_column_bytes16 returns non-pointer (likely using output params)
[2m[DEBUG][0m [SUPPRESSED] C API output parameter pattern: sqlite3_column_double returns non-pointer (likely using output params)
[33m[WARN][0m [RETURN-STACK] stack alloca returned from sqlite3_column_text
[33m[WARN][0m [RETURN-STACK] stack alloca returned from sqlite3_column_value
[33m[WARN][0m [RETURN-STACK] stack alloca returned from sqlite3_column_text16
[2m[DEBUG][0m [SUPPRESSED] C API output parameter pattern: sqlite3_column_type returns non-pointer (likely using output params)
[33m[WARN][0m [RETURN-STACK] stack alloca returned from columnName
[2m[DEBUG][0m [SUPPRESSED] C API output parameter pattern: sqlite3_bind_blob (known output-param family)
[2m[DEBUG][0m [SUPPRESSED] C API output parameter pattern: bindText returns non-pointer (likely using output params)
[2m[DEBUG][0m [SUPPRESSED] C API output parameter pattern: sqlite3_bind_blob64 (known output-param family)
[2m[DEBUG][0m [SUPPRESSED] C API output parameter pattern: sqlite3_bind_double (known output-param family)
[2m[DEBUG][0m [SUPPRESSED] C API output parameter pattern: vdbeUnbind returns non-pointer (likely using output params)
[2m[DEBUG][0m [SUPPRESSED] C API output parameter pattern: sqlite3_bind_int (known output-param family)
[2m[DEBUG][0m [SUPPRESSED] C API output parameter pattern: sqlite3_bind_int64 (known output-param family)
[2m[DEBUG][0m [SUPPRESSED] C API output parameter pattern: sqlite3_bind_null (known output-param family)
[2m[DEBUG][0m [SUPPRESSED] C API output parameter pattern: sqlite3_bind_pointer (known output-param family)
[2m[DEBUG][0m [SUPPRESSED] C API output parameter pattern: sqlite3_bind_text (known output-param family)
[2m[DEBUG][0m [SUPPRESSED] C API output parameter pattern: sqlite3_bind_text64 (known output-param family)
[2m[DEBUG][0m [SUPPRESSED] C API output parameter pattern: sqlite3_bind_text16 (known output-param family)
[2m[DEBUG][0m [SUPPRESSED] C API output parameter pattern: sqlite3_bind_value (known output-param family)
[2m[DEBUG][0m [SUPPRESSED] C API output parameter pattern: sqlite3_bind_zeroblob (known output-param family)
[2m[DEBUG][0m [SUPPRESSED] C API output parameter pattern: sqlite3_bind_zeroblob64 (known output-param family)
[2m[DEBUG][0m [SUPPRESSED] C API output parameter pattern: sqlite3_bind_parameter_count (known output-param family)
[2m[DEBUG][0m [SUPPRESSED] C API output parameter pattern: sqlite3_bind_parameter_name (known output-param family)
[33m[WARN][0m [RETURN-STACK] stack alloca returned from sqlite3VListNumToName
[2m[DEBUG][0m [SUPPRESSED] C API output parameter pattern: sqlite3_bind_parameter_index (known output-param family)
[2m[DEBUG][0m [SUPPRESSED] C API output parameter pattern: sqlite3VdbeParameterIndex returns non-pointer (likely using output params)
[2m[DEBUG][0m [SUPPRESSED] C API output parameter pattern: sqlite3_transfer_bindings returns non-pointer (likely using output params)
[2m[DEBUG][0m [SUPPRESSED] C API output parameter pattern: sqlite3TransferBindings returns non-pointer (likely using output params)
[2m[DEBUG][0m [SUPPRESSED] C API output parameter pattern: sqlite3_stmt_readonly returns non-pointer (likely using output params)
[2m[DEBUG][0m [SUPPRESSED] C API output parameter pattern: sqlite3_stmt_isexplain returns non-pointer (likely using output params)
[2m[DEBUG][0m [SUPPRESSED] C API output parameter pattern: sqlite3_stmt_explain returns non-pointer (likely using output params)
[2m[DEBUG][0m [SUPPRESSED] C API output parameter pattern: sqlite3_stmt_busy returns non-pointer (likely using output params)
[2m[DEBUG][0m [SUPPRESSED] C API output parameter pattern: sqlite3_stmt_status returns non-pointer (likely using output params)
[33m[WARN][0m [RETURN-STACK] stack alloca returned from sqlite3_expanded_sql
[2m[DEBUG][0m [SUPPRESSED] C API output parameter pattern: sqlite3_value_numeric_type returns non-pointer (likely using output params)
[2m[DEBUG][0m [SUPPRESSED] C API output parameter pattern: sqlite3_blob_open returns non-pointer (likely using output params)
[33m[WARN][0m [RETURN-STACK] stack alloca returned from sqlite3LocateTable
[2m[DEBUG][0m [SUPPRESSED] C API output parameter pattern: sqlite3SchemaToIndex returns non-pointer (likely using output params)
[33m[WARN][0m [RETURN-STACK] stack alloca returned from sqlite3MPrintf
[33m[WARN][0m [RETURN-STACK] stack alloca returned from sqlite3VdbeCreate
[2m[DEBUG][0m [SUPPRESSED] C API output parameter pattern: sqlite3VdbeAddOp4Int returns non-pointer (likely using output params)
[33m[WARN][0m [RETURN-STACK] stack alloca returned from sqlite3VdbeAddOpList
[2m[DEBUG][0m [SUPPRESSED] C API output parameter pattern: blobSeekToRow returns non-pointer (likely using output params)
[2m[DEBUG][0m [SUPPRESSED] C API output parameter pattern: sqlite3VdbeFinalize returns non-pointer (likely using output params)
[2m[DEBUG][0m [SUPPRESSED] C API output parameter pattern: sqlite3_blob_close returns non-pointer (likely using output params)
[2m[DEBUG][0m [SUPPRESSED] C API output parameter pattern: sqlite3_blob_read returns non-pointer (likely using output params)
[2m[DEBUG][0m [SUPPRESSED] C API output parameter pattern: blobReadWrite returns non-pointer (likely using output params)
[2m[DEBUG][0m [SUPPRESSED] C API output parameter pattern: sqlite3BtreePayloadChecked returns non-pointer (likely using output params)
[2m[DEBUG][0m [SUPPRESSED] C API output parameter pattern: sqlite3_blob_write returns non-pointer (likely using output params)
[2m[DEBUG][0m [SUPPRESSED] C API output parameter pattern: sqlite3BtreePutData returns non-pointer (likely using output params)
[2m[DEBUG][0m [SUPPRESSED] C API output parameter pattern: sqlite3_blob_bytes returns non-pointer (likely using output params)
[2m[DEBUG][0m [SUPPRESSED] C API output parameter pattern: sqlite3_blob_reopen returns non-pointer (likely using output params)
[2m[DEBUG][0m [SUPPRESSED] C API output parameter pattern: sqlite3_set_authorizer returns non-pointer (likely using output params)
[2m[DEBUG][0m [SUPPRESSED] C API output parameter pattern: sqlite3_strglob returns non-pointer (likely using output params)
[2m[DEBUG][0m [SUPPRESSED] C API output parameter pattern: patternCompare returns non-pointer (likely using output params)
[2m[DEBUG][0m [SUPPRESSED] C API output parameter pattern: sqlite3_strlike returns non-pointer (likely using output params)
[2m[DEBUG][0m [SUPPRESSED] C API output parameter pattern: sqlite3SafetyCheckOk returns non-pointer (likely using output params)
[33m[WARN][0m [RETURN-STACK] stack alloca returned from sqlite3DbMallocRaw
[33m[WARN][0m [RETURN-STACK] stack alloca returned from sqlite3_errmsg
[2m[DEBUG][0m [SUPPRESSED] C API output parameter pattern: sqlite3_load_extension returns non-pointer (likely using output params)
[33m[WARN][0m [DOUBLE_FREE] MemoryGraph detected double-free of pointer in sqlite3LoadExtension
[2m[DEBUG][0m [SUPPRESSED] C API output parameter pattern: sqlite3LoadExtension returns non-pointer (likely using output params)
[2m[DEBUG][0m [SUPPRESSED] C API output parameter pattern: sqlite3_enable_load_extension returns non-pointer (likely using output params)
[2m[DEBUG][0m [SUPPRESSED] C API output parameter pattern: sqlite3_auto_extension returns non-pointer (likely using output params)
[2m[DEBUG][0m [SUPPRESSED] C API output parameter pattern: sqlite3_cancel_auto_extension returns non-pointer (likely using output params)
[2m[DEBUG][0m [SUPPRESSED] C API output parameter pattern: sqlite3_prepare (known output-param family)
[2m[DEBUG][0m [SUPPRESSED] C API output parameter pattern: sqlite3LockAndPrepare returns non-pointer (likely using output params)
[2m[DEBUG][0m [SUPPRESSED] C API output parameter pattern: sqlite3_prepare_v3 (known output-param family)
[2m[DEBUG][0m [SUPPRESSED] C API output parameter pattern: sqlite3_prepare16 (known output-param family)
[2m[DEBUG][0m [SUPPRESSED] C API output parameter pattern: sqlite3Prepare16 returns non-pointer (likely using output params)
[2m[DEBUG][0m [SUPPRESSED] C API output parameter pattern: sqlite3_prepare16_v2 (known output-param family)
[2m[DEBUG][0m [SUPPRESSED] C API output parameter pattern: sqlite3_prepare16_v3 (known output-param family)
[2m[DEBUG][0m [SUPPRESSED] C API output parameter pattern: sqlite3_get_table returns non-pointer (likely using output params)
[2m[DEBUG][0m [SUPPRESSED] C API output parameter pattern: sqlite3_get_table_cb returns non-pointer (likely using output params)
[2m[DEBUG][0m [SUPPRESSED] C API output parameter pattern: sqlite3_create_module returns non-pointer (likely using output params)
[2m[DEBUG][0m [SUPPRESSED] C API output parameter pattern: createModule returns non-pointer (likely using output params)
[2m[DEBUG][0m [SUPPRESSED] C API output parameter pattern: sqlite3_create_module_v2 returns non-pointer (likely using output params)
[2m[DEBUG][0m [SUPPRESSED] C API output parameter pattern: sqlite3_drop_modules returns non-pointer (likely using output params)
[2m[DEBUG][0m [SUPPRESSED] C API output parameter pattern: sqlite3_declare_vtab returns non-pointer (likely using output params)
[2m[DEBUG][0m [SUPPRESSED] C API output parameter pattern: sqlite3GetToken returns non-pointer (likely using output params)
[2m[DEBUG][0m [SUPPRESSED] C API output parameter pattern: sqlite3RunParser returns non-pointer (likely using output params)
[33m[WARN][0m [RETURN-STACK] stack alloca returned from sqlite3PrimaryKeyIndex
[2m[DEBUG][0m [SUPPRESSED] C API output parameter pattern: sqlite3_vtab_on_conflict returns non-pointer (likely using output params)
[2m[DEBUG][0m [SUPPRESSED] C API output parameter pattern: sqlite3_vtab_config returns non-pointer (likely using output params)
[33m[WARN][0m [RETURN-STACK] stack alloca returned from sqlite3_vtab_collation
[33m[WARN][0m [RETURN-STACK] stack alloca returned from termFromWhereClause
[33m[WARN][0m [RETURN-STACK] stack alloca returned from sqlite3ExprCompareCollSeq
[2m[DEBUG][0m [SUPPRESSED] C API output parameter pattern: sqlite3_vtab_in returns non-pointer (likely using output params)
[2m[DEBUG][0m [SUPPRESSED] C API output parameter pattern: sqlite3_vtab_rhs_value returns non-pointer (likely using output params)
[2m[DEBUG][0m [SUPPRESSED] C API output parameter pattern: sqlite3ValueFromExpr returns non-pointer (likely using output params)
[2m[DEBUG][0m [SUPPRESSED] C API output parameter pattern: sqlite3_vtab_distinct returns non-pointer (likely using output params)
[2m[DEBUG][0m [SUPPRESSED] C API output parameter pattern: sqlite3_keyword_name returns non-pointer (likely using output params)
[2m[DEBUG][0m [SUPPRESSED] C API output parameter pattern: sqlite3_keyword_count returns non-pointer (likely using output params)
[2m[DEBUG][0m [SUPPRESSED] C API output parameter pattern: sqlite3_keyword_check returns non-pointer (likely using output params)
[2m[DEBUG][0m [SUPPRESSED] C API output parameter pattern: sqlite3KeywordCode returns non-pointer (likely using output params)
[2m[DEBUG][0m [SUPPRESSED] C API output parameter pattern: sqlite3_complete returns non-pointer (likely using output params)
[2m[DEBUG][0m [SUPPRESSED] C API output parameter pattern: sqlite3_complete16 returns non-pointer (likely using output params)
[33m[WARN][0m [RETURN-STACK] stack alloca returned from sqlite3ValueNew
[2m[DEBUG][0m [SUPPRESSED] C API output parameter pattern: sqlite3_libversion_number returns non-pointer (likely using output params)
[2m[DEBUG][0m [SUPPRESSED] C API output parameter pattern: sqlite3_threadsafe returns non-pointer (likely using output params)
[2m[DEBUG][0m [SUPPRESSED] C API output parameter pattern: sqlite3MallocInit returns non-pointer (likely using output params)
[2m[DEBUG][0m [SUPPRESSED] C API output parameter pattern: sqlite3PcacheInitialize returns non-pointer (likely using output params)
[2m[DEBUG][0m [SUPPRESSED] C API output parameter pattern: sqlite3OsInit returns non-pointer (likely using output params)
[2m[DEBUG][0m [SUPPRESSED] C API output parameter pattern: sqlite3MemdbInit returns non-pointer (likely using output params)
[2m[DEBUG][0m [SUPPRESSED] C API output parameter pattern: sqlite3_shutdown returns non-pointer (likely using output params)
[2m[DEBUG][0m [SUPPRESSED] C API output parameter pattern: sqlite3MutexEnd returns non-pointer (likely using output params)
[33m[WARN][0m [STACK-TO-GLOBAL] stack alloca -> global in sqlite3_config
[2m[DEBUG][0m [SUPPRESSED] C API output parameter pattern: sqlite3_config returns non-pointer (likely using output params)
[2m[DEBUG][0m [SUPPRESSED] C API output parameter pattern: sqlite3HeaderSizeBtree returns non-pointer (likely using output params)
[2m[DEBUG][0m [SUPPRESSED] C API output parameter pattern: sqlite3HeaderSizePcache returns non-pointer (likely using output params)
[2m[DEBUG][0m [SUPPRESSED] C API output parameter pattern: sqlite3HeaderSizePcache1 returns non-pointer (likely using output params)
[33m[WARN][0m [RETURN-STACK] stack alloca returned from sqlite3_db_mutex
[2m[DEBUG][0m [SUPPRESSED] C API output parameter pattern: sqlite3_db_release_memory returns non-pointer (likely using output params)
[2m[DEBUG][0m [SUPPRESSED] C API output parameter pattern: sqlite3_db_cacheflush returns non-pointer (likely using output params)
[2m[DEBUG][0m [SUPPRESSED] C API output parameter pattern: sqlite3PagerFlush returns non-pointer (likely using output params)
[2m[DEBUG][0m [SUPPRESSED] C API output parameter pattern: sqlite3_db_config returns non-pointer (likely using output params)
[2m[DEBUG][0m [SUPPRESSED] C API output parameter pattern: setupLookaside returns non-pointer (likely using output params)
[2m[DEBUG][0m [SUPPRESSED] C API output parameter pattern: sqlite3_last_insert_rowid returns non-pointer (likely using output params)
[2m[DEBUG][0m [SUPPRESSED] C API output parameter pattern: sqlite3_changes64 returns non-pointer (likely using output params)
[2m[DEBUG][0m [SUPPRESSED] C API output parameter pattern: sqlite3_changes returns non-pointer (likely using output params)
[2m[DEBUG][0m [SUPPRESSED] C API output parameter pattern: sqlite3_total_changes64 returns non-pointer (likely using output params)
[2m[DEBUG][0m [SUPPRESSED] C API output parameter pattern: sqlite3_total_changes returns non-pointer (likely using output params)
[2m[DEBUG][0m [SUPPRESSED] C API output parameter pattern: sqlite3_txn_state returns non-pointer (likely using output params)
[2m[DEBUG][0m [SUPPRESSED] C API output parameter pattern: sqlite3_close returns non-pointer (likely using output params)
[2m[DEBUG][0m [SUPPRESSED] C API output parameter pattern: sqlite3Close returns non-pointer (likely using output params)
[2m[DEBUG][0m [SUPPRESSED] C API output parameter pattern: sqlite3_close_v2 returns non-pointer (likely using output params)
[2m[DEBUG][0m [SUPPRESSED] C API output parameter pattern: sqlite3_busy_handler returns non-pointer (likely using output params)
[33m[WARN][0m [STACK-ESCAPE] stack alloca -> sqlite3_busy_handler() in sqlite3_busy_timeout
[33m[WARN][0m [STACK-ESCAPE] stack alloca -> sqlite3_busy_handler() in sqlite3_busy_timeout
[33m[WARN][0m [STACK-ESCAPE] stack alloca -> sqlite3_busy_handler() in sqlite3_busy_timeout
[2m[DEBUG][0m [SUPPRESSED] C API output parameter pattern: sqlite3_busy_timeout returns non-pointer (likely using output params)
[2m[DEBUG][0m [SUPPRESSED] C API output parameter pattern: sqliteDefaultBusyCallback returns non-pointer (likely using output params)
[2m[DEBUG][0m [SUPPRESSED] C API output parameter pattern: sqlite3_is_interrupted returns non-pointer (likely using output params)
[2m[DEBUG][0m [SUPPRESSED] C API output parameter pattern: sqlite3_create_function returns non-pointer (likely using output params)
[2m[DEBUG][0m [SUPPRESSED] C API output parameter pattern: createFunctionApi returns non-pointer (likely using output params)
[2m[DEBUG][0m [SUPPRESSED] C API output parameter pattern: sqlite3_create_function_v2 returns non-pointer (likely using output params)
[2m[DEBUG][0m [SUPPRESSED] C API output parameter pattern: sqlite3_create_window_function returns non-pointer (likely using output params)
[2m[DEBUG][0m [SUPPRESSED] C API output parameter pattern: sqlite3_create_function16 returns non-pointer (likely using output params)
[33m[WARN][0m [RETURN-STACK] stack alloca returned from sqlite3Utf16to8
[2m[DEBUG][0m [SUPPRESSED] C API output parameter pattern: sqlite3CreateFunc returns non-pointer (likely using output params)
[2m[DEBUG][0m [SUPPRESSED] C API output parameter pattern: sqlite3_overload_function returns non-pointer (likely using output params)
[33m[WARN][0m [RETURN-STACK] stack alloca returned from sqlite3FindFunction
[33m[WARN][0m [RETURN-STACK] stack alloca returned from sqlite3_trace
[2m[DEBUG][0m [SUPPRESSED] C API output parameter pattern: sqlite3_trace_v2 returns non-pointer (likely using output params)
[33m[WARN][0m [RETURN-STACK] stack alloca returned from sqlite3_profile
[33m[WARN][0m [RETURN-STACK] stack alloca returned from sqlite3_commit_hook
[33m[WARN][0m [RETURN-STACK] stack alloca returned from sqlite3_update_hook
[33m[WARN][0m [RETURN-STACK] stack alloca returned from sqlite3_rollback_hook
[2m[DEBUG][0m [SUPPRESSED] C API output parameter pattern: sqlite3_autovacuum_pages returns non-pointer (likely using output params)
[33m[WARN][0m [STACK-ESCAPE] stack alloca -> sqlite3_wal_hook() in sqlite3_wal_autocheckpoint
[33m[WARN][0m [STACK-ESCAPE] stack alloca -> sqlite3_wal_hook() in sqlite3_wal_autocheckpoint
[2m[DEBUG][0m [SUPPRESSED] C API output parameter pattern: sqlite3_wal_autocheckpoint returns non-pointer (likely using output params)
[33m[WARN][0m [RETURN-STACK] stack alloca returned from sqlite3_wal_hook
[2m[DEBUG][0m [SUPPRESSED] C API output parameter pattern: sqlite3WalDefaultHook returns non-pointer (likely using output params)
[2m[DEBUG][0m [SUPPRESSED] C API output parameter pattern: sqlite3_wal_checkpoint_v2 returns non-pointer (likely using output params)
[2m[DEBUG][0m [SUPPRESSED] C API output parameter pattern: sqlite3Checkpoint returns non-pointer (likely using output params)
[2m[DEBUG][0m [SUPPRESSED] C API output parameter pattern: sqlite3_wal_checkpoint returns non-pointer (likely using output params)
[2m[DEBUG][0m [SUPPRESSED] C API output parameter pattern: sqlite3SafetyCheckSickOrOk returns non-pointer (likely using output params)
[2m[DEBUG][0m [SUPPRESSED] C API output parameter pattern: sqlite3_error_offset returns non-pointer (likely using output params)
[33m[WARN][0m [RETURN-STACK] stack alloca returned from sqlite3_errmsg16
[2m[DEBUG][0m [SUPPRESSED] C API output parameter pattern: sqlite3_errcode returns non-pointer (likely using output params)
[2m[DEBUG][0m [SUPPRESSED] C API output parameter pattern: sqlite3_extended_errcode returns non-pointer (likely using output params)
[2m[DEBUG][0m [SUPPRESSED] C API output parameter pattern: sqlite3_system_errno returns non-pointer (likely using output params)
[2m[DEBUG][0m [SUPPRESSED] C API output parameter pattern: sqlite3_limit returns non-pointer (likely using output params)
[2m[DEBUG][0m [SUPPRESSED] C API output parameter pattern: sqlite3_open (known output-param family)
[2m[DEBUG][0m [SUPPRESSED] C API output parameter pattern: openDatabase returns non-pointer (likely using output params)
[2m[DEBUG][0m [SUPPRESSED] C API output parameter pattern: sqlite3_open_v2 (known output-param family)
[2m[DEBUG][0m [SUPPRESSED] C API output parameter pattern: sqlite3_open16 (known output-param family)
[2m[DEBUG][0m [SUPPRESSED] C API output parameter pattern: sqlite3_create_collation returns non-pointer (likely using output params)
[2m[DEBUG][0m [SUPPRESSED] C API output parameter pattern: sqlite3_create_collation_v2 returns non-pointer (likely using output params)
[2m[DEBUG][0m [SUPPRESSED] C API output parameter pattern: createCollation returns non-pointer (likely using output params)
[2m[DEBUG][0m [SUPPRESSED] C API output parameter pattern: sqlite3_create_collation16 returns non-pointer (likely using output params)
[2m[DEBUG][0m [SUPPRESSED] C API output parameter pattern: sqlite3_collation_needed returns non-pointer (likely using output params)
[2m[DEBUG][0m [SUPPRESSED] C API output parameter pattern: sqlite3_collation_needed16 returns non-pointer (likely using output params)
[33m[WARN][0m [RETURN-STACK] stack alloca returned from sqlite3_get_clientdata
[2m[DEBUG][0m [SUPPRESSED] C API output parameter pattern: sqlite3_set_clientdata returns non-pointer (likely using output params)
[2m[DEBUG][0m [SUPPRESSED] C API output parameter pattern: sqlite3_global_recover returns non-pointer (likely using output params)
[2m[DEBUG][0m [SUPPRESSED] C API output parameter pattern: sqlite3_get_autocommit returns non-pointer (likely using output params)
[2m[DEBUG][0m [SUPPRESSED] C API output parameter pattern: sqlite3_table_column_metadata returns non-pointer (likely using output params)
[2m[DEBUG][0m [SUPPRESSED] C API output parameter pattern: sqlite3Init returns non-pointer (likely using output params)
[33m[WARN][0m [RETURN-STACK] stack alloca returned from sqlite3FindTable
[2m[DEBUG][0m [SUPPRESSED] C API output parameter pattern: sqlite3IsRowid returns non-pointer (likely using output params)
[33m[WARN][0m [RETURN-STACK] stack alloca returned from sqlite3ColumnType
[33m[WARN][0m [RETURN-STACK] stack alloca returned from sqlite3ColumnColl
[2m[DEBUG][0m [SUPPRESSED] C API output parameter pattern: sqlite3_sleep returns non-pointer (likely using output params)
[2m[DEBUG][0m [SUPPRESSED] C API output parameter pattern: sqlite3OsSleep returns non-pointer (likely using output params)
[2m[DEBUG][0m [SUPPRESSED] C API output parameter pattern: sqlite3_extended_result_codes returns non-pointer (likely using output params)
[2m[DEBUG][0m [SUPPRESSED] C API output parameter pattern: sqlite3_file_control returns non-pointer (likely using output params)
[33m[WARN][0m [RETURN-STACK] stack alloca returned from sqlite3PagerVfs
[2m[DEBUG][0m [SUPPRESSED] C API output parameter pattern: sqlite3PagerDataVersion returns non-pointer (likely using output params)
[2m[DEBUG][0m [SUPPRESSED] C API output parameter pattern: sqlite3BtreeGetRequestedReserve returns non-pointer (likely using output params)
[2m[DEBUG][0m [SUPPRESSED] C API output parameter pattern: sqlite3BtreeSetPageSize returns non-pointer (likely using output params)
[2m[DEBUG][0m [SUPPRESSED] C API output parameter pattern: sqlite3OsFileControl returns non-pointer (likely using output params)
[33m[WARN][0m [STACK-TO-GLOBAL] stack alloca -> global in sqlite3_test_control
[33m[WARN][0m [STACK-TO-GLOBAL] stack alloca -> global in sqlite3_test_control
[33m[WARN][0m [STACK-TO-GLOBAL] stack alloca -> global in sqlite3_test_control
[2m[DEBUG][0m [SUPPRESSED] C API output parameter pattern: sqlite3_test_control returns non-pointer (likely using output params)
[2m[DEBUG][0m [SUPPRESSED] C API output parameter pattern: sqlite3BitvecBuiltinTest returns non-pointer (likely using output params)
[2m[DEBUG][0m [SUPPRESSED] C API output parameter pattern: sqlite3FaultSim returns non-pointer (likely using output params)
[33m[WARN][0m [STACK-TO-GLOBAL] stack alloca -> global in sqlite3BenignMallocHooks
[2m[DEBUG][0m [SUPPRESSED] C API output parameter pattern: sqlite3LogEstFromDouble returns non-pointer (likely using output params)
[2m[DEBUG][0m [SUPPRESSED] C API output parameter pattern: sqlite3LogEstToInt returns non-pointer (likely using output params)
[2m[DEBUG][0m [SUPPRESSED] C API output parameter pattern: sqlite3LogEst returns non-pointer (likely using output params)
[33m[WARN][0m [RETURN-HEAP] heap via sqlite3_malloc64() returned from sqlite3_create_filename - ownership unclear
[33m[WARN][0m [RETURN-STACK] stack alloca returned from appendText
[33m[WARN][0m [RETURN-STACK] stack alloca returned from databaseName
[33m[WARN][0m [RETURN-STACK] stack alloca returned from sqlite3_uri_parameter
[33m[WARN][0m [RETURN-STACK] stack alloca returned from uriParameter
[33m[WARN][0m [RETURN-STACK] stack alloca returned from sqlite3_uri_key
[2m[DEBUG][0m [SUPPRESSED] C API output parameter pattern: sqlite3_uri_boolean returns non-pointer (likely using output params)
[2m[DEBUG][0m [SUPPRESSED] C API output parameter pattern: sqlite3GetBoolean returns non-pointer (likely using output params)
[2m[DEBUG][0m [SUPPRESSED] C API output parameter pattern: sqlite3_uri_int64 returns non-pointer (likely using output params)
[2m[DEBUG][0m [SUPPRESSED] C API output parameter pattern: sqlite3DecOrHexToI64 returns non-pointer (likely using output params)
[33m[WARN][0m [RETURN-STACK] stack alloca returned from sqlite3_filename_database
[33m[WARN][0m [RETURN-STACK] stack alloca returned from sqlite3_filename_journal
[33m[WARN][0m [RETURN-STACK] stack alloca returned from sqlite3_filename_wal
[33m[WARN][0m [RETURN-STACK] stack alloca returned from sqlite3_db_name
[2m[DEBUG][0m [SUPPRESSED] C API output parameter pattern: sqlite3_db_readonly returns non-pointer (likely using output params)
[2m[DEBUG][0m [SUPPRESSED] C API output parameter pattern: sqlite3BtreeIsReadonly returns non-pointer (likely using output params)
[2m[DEBUG][0m [SUPPRESSED] C API output parameter pattern: sqlite3_compileoption_used returns non-pointer (likely using output params)
[2m[DEBUG][0m [SUPPRESSED] C API output parameter pattern: sqlite3IsIdChar returns non-pointer (likely using output params)
[33m[WARN][0m [RETURN-STACK] stack alloca returned from sqlite3_compileoption_get
[2m[DEBUG][0m [SUPPRESSED] C API output parameter pattern: sqlite3_rtree_geometry_callback returns non-pointer (likely using output params)
[2m[DEBUG][0m [SUPPRESSED] C API output parameter pattern: sqlite3_rtree_query_callback returns non-pointer (likely using output params)
[2m[DEBUG][0m [SUPPRESSED] C API output parameter pattern: countLookasideSlots returns non-pointer (likely using output params)
[2m[DEBUG][0m [SUPPRESSED] C API output parameter pattern: pthreadMutexInit returns non-pointer (likely using output params)
[2m[DEBUG][0m [SUPPRESSED] C API output parameter pattern: pthreadMutexEnd returns non-pointer (likely using output params)
[33m[WARN][0m [RETURN-STACK] stack alloca returned from pthreadMutexAlloc
[2m[DEBUG][0m [SUPPRESSED] C API output parameter pattern: pthreadMutexTry returns non-pointer (likely using output params)
[2m[DEBUG][0m [SUPPRESSED] C API output parameter pattern: noopMutexInit returns non-pointer (likely using output params)
[2m[DEBUG][0m [SUPPRESSED] C API output parameter pattern: noopMutexEnd returns non-pointer (likely using output params)
[2m[DEBUG][0m [SUPPRESSED] C API output parameter pattern: noopMutexTry returns non-pointer (likely using output params)
[2m[DEBUG][0m [SUPPRESSED] C API output parameter pattern: sqlite3ErrorToParser returns non-pointer (likely using output params)
[33m[WARN][0m [RETURN-STACK] stack alloca returned from sqlite3DbRealloc
[33m[WARN][0m [RETURN-STACK] stack alloca returned from sqlite3DbMallocRawNN
[33m[WARN][0m [RETURN-STACK] stack alloca returned from dbReallocFinish
[33m[WARN][0m [RETURN-STACK] stack alloca returned from dbMallocRawFinish
[2m[DEBUG][0m [SUPPRESSED] C API output parameter pattern: isLookaside returns non-pointer (likely using output params)
[2m[DEBUG][0m [SUPPRESSED] C API output parameter pattern: lookasideMallocSize returns non-pointer (likely using output params)
[33m[WARN][0m [RETURN-STACK] stack alloca returned from strAccumFinishRealloc
[33m[WARN][0m [RETURN-STACK] stack alloca returned from autolockIoFinderImpl
[2m[DEBUG][0m [SUPPRESSED] C API output parameter pattern: unixClose returns non-pointer (likely using output params)
[2m[DEBUG][0m [SUPPRESSED] C API output parameter pattern: unixRead returns non-pointer (likely using output params)
[2m[DEBUG][0m [SUPPRESSED] C API output parameter pattern: unixWrite returns non-pointer (likely using output params)
[2m[DEBUG][0m [SUPPRESSED] C API output parameter pattern: unixTruncate returns non-pointer (likely using output params)
[2m[DEBUG][0m [SUPPRESSED] C API output parameter pattern: unixSync returns non-pointer (likely using output params)
[2m[DEBUG][0m [SUPPRESSED] C API output parameter pattern: unixFileSize returns non-pointer (likely using output params)
[2m[DEBUG][0m [SUPPRESSED] C API output parameter pattern: unixLock returns non-pointer (likely using output params)
[2m[DEBUG][0m [SUPPRESSED] C API output parameter pattern: unixUnlock returns non-pointer (likely using output params)
[2m[DEBUG][0m [SUPPRESSED] C API output parameter pattern: unixCheckReservedLock returns non-pointer (likely using output params)
[2m[DEBUG][0m [SUPPRESSED] C API output parameter pattern: unixFileControl returns non-pointer (likely using output params)
[2m[DEBUG][0m [SUPPRESSED] C API output parameter pattern: unixSectorSize returns non-pointer (likely using output params)
[2m[DEBUG][0m [SUPPRESSED] C API output parameter pattern: unixDeviceCharacteristics returns non-pointer (likely using output params)
[2m[DEBUG][0m [SUPPRESSED] C API output parameter pattern: unixShmMap returns non-pointer (likely using output params)
[2m[DEBUG][0m [SUPPRESSED] C API output parameter pattern: unixShmLock returns non-pointer (likely using output params)
[2m[DEBUG][0m [SUPPRESSED] C API output parameter pattern: unixShmUnmap returns non-pointer (likely using output params)
[2m[DEBUG][0m [SUPPRESSED] C API output parameter pattern: unixFetch returns non-pointer (likely using output params)
[2m[DEBUG][0m [SUPPRESSED] C API output parameter pattern: unixUnfetch returns non-pointer (likely using output params)
[33m[WARN][0m [STACK-TO-GLOBAL] stack alloca -> global in releaseInodeInfo
[2m[DEBUG][0m [SUPPRESSED] C API output parameter pattern: closeUnixFile returns non-pointer (likely using output params)
[2m[DEBUG][0m [SUPPRESSED] C API output parameter pattern: fileHasMoved returns non-pointer (likely using output params)
[2m[DEBUG][0m [SUPPRESSED] C API output parameter pattern: unixLogErrorAtLine returns non-pointer (likely using output params)
[2m[DEBUG][0m [SUPPRESSED] C API output parameter pattern: seekAndRead returns non-pointer (likely using output params)
[2m[DEBUG][0m [SUPPRESSED] C API output parameter pattern: seekAndWrite returns non-pointer (likely using output params)
[2m[DEBUG][0m [SUPPRESSED] C API output parameter pattern: seekAndWriteFd returns non-pointer (likely using output params)
[2m[DEBUG][0m [SUPPRESSED] C API output parameter pattern: robust_ftruncate returns non-pointer (likely using output params)
[2m[DEBUG][0m [SUPPRESSED] C API output parameter pattern: full_fsync returns non-pointer (likely using output params)
[2m[DEBUG][0m [SUPPRESSED] C API output parameter pattern: unixFileLock returns non-pointer (likely using output params)
[2m[DEBUG][0m [SUPPRESSED] C API output parameter pattern: sqliteErrorFromPosixError returns non-pointer (likely using output params)
[2m[DEBUG][0m [SUPPRESSED] C API output parameter pattern: posixUnlock returns non-pointer (likely using output params)
[2m[DEBUG][0m [SUPPRESSED] C API output parameter pattern: fcntlSizeHint returns non-pointer (likely using output params)
[2m[DEBUG][0m [SUPPRESSED] C API output parameter pattern: unixGetTempname returns non-pointer (likely using output params)
[2m[DEBUG][0m [SUPPRESSED] C API output parameter pattern: unixMapfile returns non-pointer (likely using output params)
[2m[DEBUG][0m [SUPPRESSED] C API output parameter pattern: proxyFileControl returns non-pointer (likely using output params)
[2m[DEBUG][0m [SUPPRESSED] C API output parameter pattern: unixFcntlExternalReader returns non-pointer (likely using output params)
[33m[WARN][0m [RETURN-STACK] stack alloca returned from unixTempFileDir
[2m[DEBUG][0m [SUPPRESSED] C API output parameter pattern: proxyTakeConch returns non-pointer (likely using output params)
[2m[DEBUG][0m [SUPPRESSED] C API output parameter pattern: switchLockProxyPath returns non-pointer (likely using output params)
[33m[WARN][0m [DOUBLE_FREE] MemoryGraph detected double-free of pointer in proxyTransformUnixFile
[33m[WARN][0m [DOUBLE_FREE] MemoryGraph detected double-free of pointer in proxyTransformUnixFile
[2m[DEBUG][0m [SUPPRESSED] C API output parameter pattern: proxyTransformUnixFile returns non-pointer (likely using output params)
[2m[DEBUG][0m [SUPPRESSED] C API output parameter pattern: proxyClose returns non-pointer (likely using output params)
[2m[DEBUG][0m [SUPPRESSED] C API output parameter pattern: proxyLock returns non-pointer (likely using output params)
[2m[DEBUG][0m [SUPPRESSED] C API output parameter pattern: proxyUnlock returns non-pointer (likely using output params)
[2m[DEBUG][0m [SUPPRESSED] C API output parameter pattern: proxyCheckReservedLock returns non-pointer (likely using output params)
[2m[DEBUG][0m [SUPPRESSED] C API output parameter pattern: proxyReleaseConch returns non-pointer (likely using output params)
[2m[DEBUG][0m [SUPPRESSED] C API output parameter pattern: proxyGetHostID returns non-pointer (likely using output params)
[2m[DEBUG][0m [SUPPRESSED] C API output parameter pattern: proxyConchLock returns non-pointer (likely using output params)
[2m[DEBUG][0m [SUPPRESSED] C API output parameter pattern: proxyGetLockPath returns non-pointer (likely using output params)
[2m[DEBUG][0m [SUPPRESSED] C API output parameter pattern: robust_open returns non-pointer (likely using output params)
[2m[DEBUG][0m [SUPPRESSED] C API output parameter pattern: sqlite3CantopenError returns non-pointer (likely using output params)
[2m[DEBUG][0m [SUPPRESSED] C API output parameter pattern: proxyCreateUnixFile returns non-pointer (likely using output params)
[2m[DEBUG][0m [SUPPRESSED] C API output parameter pattern: proxyBreakConchLock returns non-pointer (likely using output params)
[2m[DEBUG][0m [SUPPRESSED] C API output parameter pattern: sqlite3ReportError returns non-pointer (likely using output params)
[33m[WARN][0m [RETURN-STACK] stack alloca returned from findReusableFd
[2m[DEBUG][0m [SUPPRESSED] C API output parameter pattern: proxyCreateLockPath returns non-pointer (likely using output params)
[2m[DEBUG][0m [SUPPRESSED] C API output parameter pattern: fillInUnixFile returns non-pointer (likely using output params)
[33m[WARN][0m [HEAP-TO-GLOBAL] heap via sqlite3_malloc64() -> global in findInodeInfo
[2m[DEBUG][0m [SUPPRESSED] C API output parameter pattern: findInodeInfo returns non-pointer (likely using output params)
[2m[DEBUG][0m [SUPPRESSED] C API output parameter pattern: proxyGetDbPathForUnixFile returns non-pointer (likely using output params)
[2m[DEBUG][0m [SUPPRESSED] C API output parameter pattern: proxyCreateConchPathname returns non-pointer (likely using output params)
[2m[DEBUG][0m [SUPPRESSED] C API output parameter pattern: unixShmRegionPerMap returns non-pointer (likely using output params)
[2m[DEBUG][0m [SUPPRESSED] C API output parameter pattern: unixOpenSharedMemory returns non-pointer (likely using output params)
[2m[DEBUG][0m [SUPPRESSED] C API output parameter pattern: unixLockSharedMemory returns non-pointer (likely using output params)
[2m[DEBUG][0m [SUPPRESSED] C API output parameter pattern: robustFchown returns non-pointer (likely using output params)
[2m[DEBUG][0m [SUPPRESSED] C API output parameter pattern: unixShmSystemLock returns non-pointer (likely using output params)
[2m[DEBUG][0m [SUPPRESSED] C API output parameter pattern: afpClose returns non-pointer (likely using output params)
[2m[DEBUG][0m [SUPPRESSED] C API output parameter pattern: afpLock returns non-pointer (likely using output params)
[2m[DEBUG][0m [SUPPRESSED] C API output parameter pattern: afpUnlock returns non-pointer (likely using output params)
[2m[DEBUG][0m [SUPPRESSED] C API output parameter pattern: afpCheckReservedLock returns non-pointer (likely using output params)
[2m[DEBUG][0m [SUPPRESSED] C API output parameter pattern: afpSetLock returns non-pointer (likely using output params)
[2m[DEBUG][0m [SUPPRESSED] C API output parameter pattern: nolockClose returns non-pointer (likely using output params)
[2m[DEBUG][0m [SUPPRESSED] C API output parameter pattern: nolockLock returns non-pointer (likely using output params)
[2m[DEBUG][0m [SUPPRESSED] C API output parameter pattern: nolockUnlock returns non-pointer (likely using output params)
[2m[DEBUG][0m [SUPPRESSED] C API output parameter pattern: nolockCheckReservedLock returns non-pointer (likely using output params)
[2m[DEBUG][0m [SUPPRESSED] C API output parameter pattern: posixOpen returns non-pointer (likely using output params)
[2m[DEBUG][0m [SUPPRESSED] C API output parameter pattern: openDirectory returns non-pointer (likely using output params)
[2m[DEBUG][0m [SUPPRESSED] C API output parameter pattern: unixGetpagesize returns non-pointer (likely using output params)
[2m[DEBUG][0m [SUPPRESSED] C API output parameter pattern: nfsUnlock returns non-pointer (likely using output params)
[2m[DEBUG][0m [SUPPRESSED] C API output parameter pattern: dotlockClose returns non-pointer (likely using output params)
[2m[DEBUG][0m [SUPPRESSED] C API output parameter pattern: dotlockLock returns non-pointer (likely using output params)
[2m[DEBUG][0m [SUPPRESSED] C API output parameter pattern: dotlockUnlock returns non-pointer (likely using output params)
[2m[DEBUG][0m [SUPPRESSED] C API output parameter pattern: dotlockCheckReservedLock returns non-pointer (likely using output params)
[2m[DEBUG][0m [SUPPRESSED] C API output parameter pattern: findCreateFileMode returns non-pointer (likely using output params)
[2m[DEBUG][0m [SUPPRESSED] C API output parameter pattern: getFileMode returns non-pointer (likely using output params)
[2m[DEBUG][0m [SUPPRESSED] C API output parameter pattern: flockClose returns non-pointer (likely using output params)
[2m[DEBUG][0m [SUPPRESSED] C API output parameter pattern: flockLock returns non-pointer (likely using output params)
[2m[DEBUG][0m [SUPPRESSED] C API output parameter pattern: flockUnlock returns non-pointer (likely using output params)
[2m[DEBUG][0m [SUPPRESSED] C API output parameter pattern: flockCheckReservedLock returns non-pointer (likely using output params)
[2m[DEBUG][0m [SUPPRESSED] C API output parameter pattern: robust_flock returns non-pointer (likely using output params)
[2m[DEBUG][0m [SUPPRESSED] C API output parameter pattern: memdbClose returns non-pointer (likely using output params)
[2m[DEBUG][0m [SUPPRESSED] C API output parameter pattern: memdbRead returns non-pointer (likely using output params)
[2m[DEBUG][0m [SUPPRESSED] C API output parameter pattern: memdbWrite returns non-pointer (likely using output params)
[2m[DEBUG][0m [SUPPRESSED] C API output parameter pattern: memdbTruncate returns non-pointer (likely using output params)
[2m[DEBUG][0m [SUPPRESSED] C API output parameter pattern: memdbSync returns non-pointer (likely using output params)
[2m[DEBUG][0m [SUPPRESSED] C API output parameter pattern: memdbFileSize returns non-pointer (likely using output params)
[2m[DEBUG][0m [SUPPRESSED] C API output parameter pattern: memdbLock returns non-pointer (likely using output params)
[2m[DEBUG][0m [SUPPRESSED] C API output parameter pattern: memdbUnlock returns non-pointer (likely using output params)
[2m[DEBUG][0m [SUPPRESSED] C API output parameter pattern: memdbFileControl returns non-pointer (likely using output params)
[2m[DEBUG][0m [SUPPRESSED] C API output parameter pattern: memdbDeviceCharacteristics returns non-pointer (likely using output params)
[2m[DEBUG][0m [SUPPRESSED] C API output parameter pattern: memdbFetch returns non-pointer (likely using output params)
[2m[DEBUG][0m [SUPPRESSED] C API output parameter pattern: memdbUnfetch returns non-pointer (likely using output params)
[2m[DEBUG][0m [SUPPRESSED] C API output parameter pattern: memdbEnlarge returns non-pointer (likely using output params)
[2m[DEBUG][0m [SUPPRESSED] C API output parameter pattern: sqlite3OsUnfetch returns non-pointer (likely using output params)
[2m[DEBUG][0m [SUPPRESSED] C API output parameter pattern: sqlite3PcachePagecount returns non-pointer (likely using output params)
[33m[WARN][0m [RETURN-STACK] stack alloca returned from sqlite3VMPrintf
[2m[DEBUG][0m [SUPPRESSED] C API output parameter pattern: sqlite3OsGetLastError returns non-pointer (likely using output params)
[2m[DEBUG][0m [SUPPRESSED] C API output parameter pattern: sqlite3OpenTempDatabase returns non-pointer (likely using output params)
[33m[WARN][0m [STACK-TO-GLOBAL] stack alloca -> global in sqlite3BtreeOpen
[2m[DEBUG][0m [SUPPRESSED] C API output parameter pattern: sqlite3BtreeOpen returns non-pointer (likely using output params)
[2m[DEBUG][0m [SUPPRESSED] C API output parameter pattern: sqlite3TempInMemory returns non-pointer (likely using output params)
[2m[DEBUG][0m [SUPPRESSED] C API output parameter pattern: sqlite3OsFullPathname returns non-pointer (likely using output params)
[33m[WARN][0m [RETURN-STACK] stack alloca returned from sqlite3PagerFilename
[2m[DEBUG][0m [SUPPRESSED] C API output parameter pattern: sqlite3PagerOpen returns non-pointer (likely using output params)
[2m[DEBUG][0m [SUPPRESSED] C API output parameter pattern: sqlite3PagerReadFileheader returns non-pointer (likely using output params)
[2m[DEBUG][0m [SUPPRESSED] C API output parameter pattern: btreeInvokeBusyHandler returns non-pointer (likely using output params)
[2m[DEBUG][0m [SUPPRESSED] C API output parameter pattern: sqlite3PagerIsreadonly returns non-pointer (likely using output params)
[2m[DEBUG][0m [SUPPRESSED] C API output parameter pattern: sqlite3Get4byte returns non-pointer (likely using output params)
[2m[DEBUG][0m [SUPPRESSED] C API output parameter pattern: sqlite3PagerSetPagesize returns non-pointer (likely using output params)
[2m[DEBUG][0m [SUPPRESSED] C API output parameter pattern: sqlite3PagerClose returns non-pointer (likely using output params)
[33m[WARN][0m [RETURN-STACK] stack alloca returned from sqlite3BtreeSchema
[2m[DEBUG][0m [SUPPRESSED] C API output parameter pattern: sqlite3BtreeSetCacheSize returns non-pointer (likely using output params)
[2m[DEBUG][0m [SUPPRESSED] C API output parameter pattern: sqlite3IsMemdb returns non-pointer (likely using output params)
[2m[DEBUG][0m [SUPPRESSED] C API output parameter pattern: memdbOpen returns non-pointer (likely using output params)
[2m[DEBUG][0m [SUPPRESSED] C API output parameter pattern: memdbAccess returns non-pointer (likely using output params)
[2m[DEBUG][0m [SUPPRESSED] C API output parameter pattern: memdbFullPathname returns non-pointer (likely using output params)
[2m[DEBUG][0m [SUPPRESSED] C API output parameter pattern: memdbRandomness returns non-pointer (likely using output params)
[2m[DEBUG][0m [SUPPRESSED] C API output parameter pattern: memdbSleep returns non-pointer (likely using output params)
[2m[DEBUG][0m [SUPPRESSED] C API output parameter pattern: memdbGetLastError returns non-pointer (likely using output params)
[2m[DEBUG][0m [SUPPRESSED] C API output parameter pattern: memdbCurrentTimeInt64 returns non-pointer (likely using output params)
[2m[DEBUG][0m [SUPPRESSED] C API output parameter pattern: sqlite3PcacheSize returns non-pointer (likely using output params)
[2m[DEBUG][0m [SUPPRESSED] C API output parameter pattern: sqlite3JournalSize returns non-pointer (likely using output params)
[2m[DEBUG][0m [SUPPRESSED] C API output parameter pattern: sqlite3OsOpen returns non-pointer (likely using output params)
[2m[DEBUG][0m [SUPPRESSED] C API output parameter pattern: sqlite3OsDeviceCharacteristics returns non-pointer (likely using output params)
[2m[DEBUG][0m [SUPPRESSED] C API output parameter pattern: sqlite3PcacheOpen returns non-pointer (likely using output params)
[2m[DEBUG][0m [SUPPRESSED] C API output parameter pattern: pagerStress returns non-pointer (likely using output params)
[2m[DEBUG][0m [SUPPRESSED] C API output parameter pattern: sqlite3SectorSize returns non-pointer (likely using output params)
[2m[DEBUG][0m [SUPPRESSED] C API output parameter pattern: sqlite3OsSectorSize returns non-pointer (likely using output params)
[2m[DEBUG][0m [SUPPRESSED] C API output parameter pattern: sqlite3PcacheSetPageSize returns non-pointer (likely using output params)
[2m[DEBUG][0m [SUPPRESSED] C API output parameter pattern: numberOfCachePages returns non-pointer (likely using output params)
[2m[DEBUG][0m [SUPPRESSED] C API output parameter pattern: subjournalPageIfRequired returns non-pointer (likely using output params)
[2m[DEBUG][0m [SUPPRESSED] C API output parameter pattern: pagerWalFrames returns non-pointer (likely using output params)
[2m[DEBUG][0m [SUPPRESSED] C API output parameter pattern: syncJournal returns non-pointer (likely using output params)
[2m[DEBUG][0m [SUPPRESSED] C API output parameter pattern: pager_write_pagelist returns non-pointer (likely using output params)
[2m[DEBUG][0m [SUPPRESSED] C API output parameter pattern: pager_error returns non-pointer (likely using output params)
[2m[DEBUG][0m [SUPPRESSED] C API output parameter pattern: subjRequiresPage returns non-pointer (likely using output params)
[2m[DEBUG][0m [SUPPRESSED] C API output parameter pattern: subjournalPage returns non-pointer (likely using output params)
[2m[DEBUG][0m [SUPPRESSED] C API output parameter pattern: sqlite3BitvecTestNotNull returns non-pointer (likely using output params)
[2m[DEBUG][0m [SUPPRESSED] C API output parameter pattern: openSubJournal returns non-pointer (likely using output params)
[2m[DEBUG][0m [SUPPRESSED] C API output parameter pattern: write32bits returns non-pointer (likely using output params)
[2m[DEBUG][0m [SUPPRESSED] C API output parameter pattern: addToSavepointBitvecs returns non-pointer (likely using output params)
[2m[DEBUG][0m [SUPPRESSED] C API output parameter pattern: sqlite3JournalOpen returns non-pointer (likely using output params)
[2m[DEBUG][0m [SUPPRESSED] C API output parameter pattern: memjrnlClose returns non-pointer (likely using output params)
[2m[DEBUG][0m [SUPPRESSED] C API output parameter pattern: memjrnlRead returns non-pointer (likely using output params)
[2m[DEBUG][0m [SUPPRESSED] C API output parameter pattern: memjrnlWrite returns non-pointer (likely using output params)
[2m[DEBUG][0m [SUPPRESSED] C API output parameter pattern: memjrnlTruncate returns non-pointer (likely using output params)
[2m[DEBUG][0m [SUPPRESSED] C API output parameter pattern: memjrnlSync returns non-pointer (likely using output params)
[2m[DEBUG][0m [SUPPRESSED] C API output parameter pattern: memjrnlFileSize returns non-pointer (likely using output params)
[2m[DEBUG][0m [SUPPRESSED] C API output parameter pattern: memjrnlCreateFile returns non-pointer (likely using output params)
[2m[DEBUG][0m [SUPPRESSED] C API output parameter pattern: sqlite3BitvecSet returns non-pointer (likely using output params)
[33m[WARN][0m [RETURN-STACK] stack alloca returned from sqlite3BitvecCreate
[2m[DEBUG][0m [SUPPRESSED] C API output parameter pattern: sqlite3WalFrames returns non-pointer (likely using output params)
[2m[DEBUG][0m [SUPPRESSED] C API output parameter pattern: walFrames returns non-pointer (likely using output params)
[33m[WARN][0m [RETURN-STACK] stack alloca returned from walIndexHdr
[2m[DEBUG][0m [SUPPRESSED] C API output parameter pattern: walRestartLog returns non-pointer (likely using output params)
[2m[DEBUG][0m [SUPPRESSED] C API output parameter pattern: sqlite3OsSync returns non-pointer (likely using output params)
[2m[DEBUG][0m [SUPPRESSED] C API output parameter pattern: sqlite3CorruptError returns non-pointer (likely using output params)
[2m[DEBUG][0m [SUPPRESSED] C API output parameter pattern: walFindFrame returns non-pointer (likely using output params)
[2m[DEBUG][0m [SUPPRESSED] C API output parameter pattern: walWriteOneFrame returns non-pointer (likely using output params)
[2m[DEBUG][0m [SUPPRESSED] C API output parameter pattern: walRewriteChecksums returns non-pointer (likely using output params)
[2m[DEBUG][0m [SUPPRESSED] C API output parameter pattern: walIndexAppend returns non-pointer (likely using output params)
[33m[WARN][0m [RETURN-STACK] stack alloca returned from walCkptInfo
[2m[DEBUG][0m [SUPPRESSED] C API output parameter pattern: walLockExclusive returns non-pointer (likely using output params)
[2m[DEBUG][0m [SUPPRESSED] C API output parameter pattern: walTryBeginRead returns non-pointer (likely using output params)
[2m[DEBUG][0m [SUPPRESSED] C API output parameter pattern: sqlite3OsShmLock returns non-pointer (likely using output params)
[2m[DEBUG][0m [SUPPRESSED] C API output parameter pattern: walIndexReadHdr returns non-pointer (likely using output params)
[2m[DEBUG][0m [SUPPRESSED] C API output parameter pattern: walLockShared returns non-pointer (likely using output params)
[2m[DEBUG][0m [SUPPRESSED] C API output parameter pattern: walBeginShmUnreliable returns non-pointer (likely using output params)
[2m[DEBUG][0m [SUPPRESSED] C API output parameter pattern: walIndexPage returns non-pointer (likely using output params)
[2m[DEBUG][0m [SUPPRESSED] C API output parameter pattern: walIndexTryHdr returns non-pointer (likely using output params)
[2m[DEBUG][0m [SUPPRESSED] C API output parameter pattern: walIndexRecover returns non-pointer (likely using output params)
[2m[DEBUG][0m [SUPPRESSED] C API output parameter pattern: walIndexPageRealloc returns non-pointer (likely using output params)
[2m[DEBUG][0m [SUPPRESSED] C API output parameter pattern: sqlite3OsShmMap returns non-pointer (likely using output params)
[2m[DEBUG][0m [SUPPRESSED] C API output parameter pattern: sqlite3OsFileSize returns non-pointer (likely using output params)
[2m[DEBUG][0m [SUPPRESSED] C API output parameter pattern: sqlite3OsRead returns non-pointer (likely using output params)
[2m[DEBUG][0m [SUPPRESSED] C API output parameter pattern: walFramePage returns non-pointer (likely using output params)
[2m[DEBUG][0m [SUPPRESSED] C API output parameter pattern: walDecodeFrame returns non-pointer (likely using output params)
[2m[DEBUG][0m [SUPPRESSED] C API output parameter pattern: sqlite3OsShmUnmap returns non-pointer (likely using output params)
[2m[DEBUG][0m [SUPPRESSED] C API output parameter pattern: sqlite3WalEndWriteTransaction returns non-pointer (likely using output params)
[2m[DEBUG][0m [SUPPRESSED] C API output parameter pattern: walHashGet returns non-pointer (likely using output params)
[2m[DEBUG][0m [SUPPRESSED] C API output parameter pattern: walHash returns non-pointer (likely using output params)
[2m[DEBUG][0m [SUPPRESSED] C API output parameter pattern: walNextHash returns non-pointer (likely using output params)
[2m[DEBUG][0m [SUPPRESSED] C API output parameter pattern: walWriteToLog returns non-pointer (likely using output params)
[2m[DEBUG][0m [SUPPRESSED] C API output parameter pattern: sqlite3OsTruncate returns non-pointer (likely using output params)
[2m[DEBUG][0m [SUPPRESSED] C API output parameter pattern: sqlite3PagerExclusiveLock returns non-pointer (likely using output params)
[2m[DEBUG][0m [SUPPRESSED] C API output parameter pattern: journalHdrOffset returns non-pointer (likely using output params)
[2m[DEBUG][0m [SUPPRESSED] C API output parameter pattern: writeJournalHdr returns non-pointer (likely using output params)
[2m[DEBUG][0m [SUPPRESSED] C API output parameter pattern: pager_wait_on_lock returns non-pointer (likely using output params)
[2m[DEBUG][0m [SUPPRESSED] C API output parameter pattern: pagerLockDb returns non-pointer (likely using output params)
[2m[DEBUG][0m [SUPPRESSED] C API output parameter pattern: sqlite3OsLock returns non-pointer (likely using output params)
[2m[DEBUG][0m [SUPPRESSED] C API output parameter pattern: pagerOpentemp returns non-pointer (likely using output params)
[2m[DEBUG][0m [SUPPRESSED] C API output parameter pattern: getPageError returns non-pointer (likely using output params)
[2m[DEBUG][0m [SUPPRESSED] C API output parameter pattern: getPageMMap returns non-pointer (likely using output params)
[2m[DEBUG][0m [SUPPRESSED] C API output parameter pattern: getPageNormal returns non-pointer (likely using output params)
[2m[DEBUG][0m [SUPPRESSED] C API output parameter pattern: sqlite3WalFindFrame returns non-pointer (likely using output params)
[2m[DEBUG][0m [SUPPRESSED] C API output parameter pattern: sqlite3OsFetch returns non-pointer (likely using output params)
[33m[WARN][0m [RETURN-STACK] stack alloca returned from sqlite3PagerLookup
[2m[DEBUG][0m [SUPPRESSED] C API output parameter pattern: pagerAcquireMapPage returns non-pointer (likely using output params)
[33m[WARN][0m [RETURN-STACK] stack alloca returned from sqlite3PcacheFetch
[33m[WARN][0m [RETURN-STACK] stack alloca returned from sqlite3PcacheFetchFinish
[2m[DEBUG][0m [SUPPRESSED] C API output parameter pattern: sqlite3PcacheFetchStress returns non-pointer (likely using output params)
[2m[DEBUG][0m [SUPPRESSED] C API output parameter pattern: readDbPage returns non-pointer (likely using output params)
[2m[DEBUG][0m [SUPPRESSED] C API output parameter pattern: sqlite3WalReadFrame returns non-pointer (likely using output params)
[2m[DEBUG][0m [SUPPRESSED] C API output parameter pattern: sqlite3PcacheRefCount returns non-pointer (likely using output params)
[2m[DEBUG][0m [SUPPRESSED] C API output parameter pattern: sqlite3PagerRollback returns non-pointer (likely using output params)
[2m[DEBUG][0m [SUPPRESSED] C API output parameter pattern: pager_end_transaction returns non-pointer (likely using output params)
[2m[DEBUG][0m [SUPPRESSED] C API output parameter pattern: pager_playback returns non-pointer (likely using output params)
[2m[DEBUG][0m [SUPPRESSED] C API output parameter pattern: sqlite3PagerSavepoint returns non-pointer (likely using output params)
[2m[DEBUG][0m [SUPPRESSED] C API output parameter pattern: sqlite3JournalIsInMemory returns non-pointer (likely using output params)
[2m[DEBUG][0m [SUPPRESSED] C API output parameter pattern: pagerPlaybackSavepoint returns non-pointer (likely using output params)
[2m[DEBUG][0m [SUPPRESSED] C API output parameter pattern: pagerRollbackWal returns non-pointer (likely using output params)
[2m[DEBUG][0m [SUPPRESSED] C API output parameter pattern: pager_playback_one_page returns non-pointer (likely using output params)
[2m[DEBUG][0m [SUPPRESSED] C API output parameter pattern: readJournalHdr returns non-pointer (likely using output params)
[2m[DEBUG][0m [SUPPRESSED] C API output parameter pattern: sqlite3WalSavepointUndo returns non-pointer (likely using output params)
[2m[DEBUG][0m [SUPPRESSED] C API output parameter pattern: sqlite3WalUndo returns non-pointer (likely using output params)
[2m[DEBUG][0m [SUPPRESSED] C API output parameter pattern: pagerUndoCallback returns non-pointer (likely using output params)
[2m[DEBUG][0m [SUPPRESSED] C API output parameter pattern: walFramePgno returns non-pointer (likely using output params)
[2m[DEBUG][0m [SUPPRESSED] C API output parameter pattern: sqlite3PcachePageRefcount returns non-pointer (likely using output params)
[33m[WARN][0m [RETURN-STACK] stack alloca returned from pcacheSortDirtyList
[33m[WARN][0m [RETURN-STACK] stack alloca returned from pcacheMergeDirtyList
[2m[DEBUG][0m [SUPPRESSED] C API output parameter pattern: read32bits returns non-pointer (likely using output params)
[2m[DEBUG][0m [SUPPRESSED] C API output parameter pattern: sqlite3BitvecTest returns non-pointer (likely using output params)
[2m[DEBUG][0m [SUPPRESSED] C API output parameter pattern: pager_cksum returns non-pointer (likely using output params)
[2m[DEBUG][0m [SUPPRESSED] C API output parameter pattern: zeroJournalHdr returns non-pointer (likely using output params)
[2m[DEBUG][0m [SUPPRESSED] C API output parameter pattern: sqlite3OsDelete returns non-pointer (likely using output params)
[2m[DEBUG][0m [SUPPRESSED] C API output parameter pattern: pagerFlushOnCommit returns non-pointer (likely using output params)
[2m[DEBUG][0m [SUPPRESSED] C API output parameter pattern: pager_truncate returns non-pointer (likely using output params)
[2m[DEBUG][0m [SUPPRESSED] C API output parameter pattern: sqlite3WalExclusiveMode returns non-pointer (likely using output params)
[2m[DEBUG][0m [SUPPRESSED] C API output parameter pattern: pagerUnlockDb returns non-pointer (likely using output params)
[2m[DEBUG][0m [SUPPRESSED] C API output parameter pattern: sqlite3PCachePercentDirty returns non-pointer (likely using output params)
[2m[DEBUG][0m [SUPPRESSED] C API output parameter pattern: sqlite3OsUnlock returns non-pointer (likely using output params)
[2m[DEBUG][0m [SUPPRESSED] C API output parameter pattern: readSuperJournal returns non-pointer (likely using output params)
[2m[DEBUG][0m [SUPPRESSED] C API output parameter pattern: sqlite3OsAccess returns non-pointer (likely using output params)
[2m[DEBUG][0m [SUPPRESSED] C API output parameter pattern: pager_delsuper returns non-pointer (likely using output params)
[33m[WARN][0m [RETURN-STACK] stack alloca returned from sqlite3PagerGetExtra
[2m[DEBUG][0m [SUPPRESSED] C API output parameter pattern: sqlite3PagerPageRefcount returns non-pointer (likely using output params)
[2m[DEBUG][0m [SUPPRESSED] C API output parameter pattern: btreeInitPage returns non-pointer (likely using output params)
[2m[DEBUG][0m [SUPPRESSED] C API output parameter pattern: decodeFlags returns non-pointer (likely using output params)
[2m[DEBUG][0m [SUPPRESSED] C API output parameter pattern: btreeCellSizeCheck returns non-pointer (likely using output params)
[2m[DEBUG][0m [SUPPRESSED] C API output parameter pattern: cellSizePtrTableLeaf returns non-pointer (likely using output params)
[2m[DEBUG][0m [SUPPRESSED] C API output parameter pattern: cellSizePtrIdxLeaf returns non-pointer (likely using output params)
[2m[DEBUG][0m [SUPPRESSED] C API output parameter pattern: cellSizePtr returns non-pointer (likely using output params)
[2m[DEBUG][0m [SUPPRESSED] C API output parameter pattern: cellSizePtrNoPayload returns non-pointer (likely using output params)
[2m[DEBUG][0m [SUPPRESSED] C API output parameter pattern: sqlite3GetVarint returns non-pointer (likely using output params)
[2m[DEBUG][0m [SUPPRESSED] C API output parameter pattern: sqlite3InvokeBusyHandler returns non-pointer (likely using output params)
[33m[WARN][0m [RETURN-STACK] stack alloca returned from pcache1Alloc
[2m[DEBUG][0m [SUPPRESSED] C API output parameter pattern: databaseIsUnmoved returns non-pointer (likely using output params)
[2m[DEBUG][0m [SUPPRESSED] C API output parameter pattern: sqlite3WalClose returns non-pointer (likely using output params)
[2m[DEBUG][0m [SUPPRESSED] C API output parameter pattern: pagerSyncHotJournal returns non-pointer (likely using output params)
[2m[DEBUG][0m [SUPPRESSED] C API output parameter pattern: sqlite3WalCheckpoint returns non-pointer (likely using output params)
[2m[DEBUG][0m [SUPPRESSED] C API output parameter pattern: walBusyLock returns non-pointer (likely using output params)
[2m[DEBUG][0m [SUPPRESSED] C API output parameter pattern: walPagesize returns non-pointer (likely using output params)
[2m[DEBUG][0m [SUPPRESSED] C API output parameter pattern: walCheckpoint returns non-pointer (likely using output params)
[2m[DEBUG][0m [SUPPRESSED] C API output parameter pattern: btreeBeginTrans returns non-pointer (likely using output params)
[2m[DEBUG][0m [SUPPRESSED] C API output parameter pattern: sqlite3PagerOpenSavepoint returns non-pointer (likely using output params)
[2m[DEBUG][0m [SUPPRESSED] C API output parameter pattern: querySharedCacheTableLock returns non-pointer (likely using output params)
[2m[DEBUG][0m [SUPPRESSED] C API output parameter pattern: lockBtree returns non-pointer (likely using output params)
[2m[DEBUG][0m [SUPPRESSED] C API output parameter pattern: sqlite3PagerBegin returns non-pointer (likely using output params)
[2m[DEBUG][0m [SUPPRESSED] C API output parameter pattern: newDatabase returns non-pointer (likely using output params)
[2m[DEBUG][0m [SUPPRESSED] C API output parameter pattern: sqlite3PagerSharedLock returns non-pointer (likely using output params)
[2m[DEBUG][0m [SUPPRESSED] C API output parameter pattern: btreeGetPage returns non-pointer (likely using output params)
[2m[DEBUG][0m [SUPPRESSED] C API output parameter pattern: sqlite3PagerOpenWal returns non-pointer (likely using output params)
[2m[DEBUG][0m [SUPPRESSED] C API output parameter pattern: sqlite3WritableSchema returns non-pointer (likely using output params)
[2m[DEBUG][0m [SUPPRESSED] C API output parameter pattern: hasHotJournal returns non-pointer (likely using output params)
[2m[DEBUG][0m [SUPPRESSED] C API output parameter pattern: pagerOpenWalIfPresent returns non-pointer (likely using output params)
[2m[DEBUG][0m [SUPPRESSED] C API output parameter pattern: pagerBeginReadTransaction returns non-pointer (likely using output params)
[2m[DEBUG][0m [SUPPRESSED] C API output parameter pattern: pagerPagecount returns non-pointer (likely using output params)
[2m[DEBUG][0m [SUPPRESSED] C API output parameter pattern: sqlite3OsCheckReservedLock returns non-pointer (likely using output params)
[2m[DEBUG][0m [SUPPRESSED] C API output parameter pattern: sqlite3WalBeginReadTransaction returns non-pointer (likely using output params)
[2m[DEBUG][0m [SUPPRESSED] C API output parameter pattern: walBeginReadTransaction returns non-pointer (likely using output params)
[2m[DEBUG][0m [SUPPRESSED] C API output parameter pattern: sqlite3WalDbsize returns non-pointer (likely using output params)
[33m[WARN][0m [RETURN-STACK] stack alloca returned from btreePageFromDbPage
[2m[DEBUG][0m [SUPPRESSED] C API output parameter pattern: sqlite3PagerWalSupported returns non-pointer (likely using output params)
[2m[DEBUG][0m [SUPPRESSED] C API output parameter pattern: pagerOpenWal returns non-pointer (likely using output params)
[2m[DEBUG][0m [SUPPRESSED] C API output parameter pattern: pagerExclusiveLock returns non-pointer (likely using output params)
[2m[DEBUG][0m [SUPPRESSED] C API output parameter pattern: sqlite3WalOpen returns non-pointer (likely using output params)
[2m[DEBUG][0m [SUPPRESSED] C API output parameter pattern: sqlite3WalBeginWriteTransaction returns non-pointer (likely using output params)
[2m[DEBUG][0m [SUPPRESSED] C API output parameter pattern: pagerOpenSavepoint returns non-pointer (likely using output params)
[2m[DEBUG][0m [SUPPRESSED] C API output parameter pattern: btreePagecount returns non-pointer (likely using output params)
[2m[DEBUG][0m [SUPPRESSED] C API output parameter pattern: pagerWriteLargeSector returns non-pointer (likely using output params)
[2m[DEBUG][0m [SUPPRESSED] C API output parameter pattern: pager_write returns non-pointer (likely using output params)
[2m[DEBUG][0m [SUPPRESSED] C API output parameter pattern: pager_open_journal returns non-pointer (likely using output params)
[2m[DEBUG][0m [SUPPRESSED] C API output parameter pattern: pagerAddPageToRollbackJournal returns non-pointer (likely using output params)
[2m[DEBUG][0m [SUPPRESSED] C API output parameter pattern: jrnlBufferSize returns non-pointer (likely using output params)
[2m[DEBUG][0m [SUPPRESSED] C API output parameter pattern: pager_incr_changecounter returns non-pointer (likely using output params)
[2m[DEBUG][0m [SUPPRESSED] C API output parameter pattern: writeSuperJournal returns non-pointer (likely using output params)
[2m[DEBUG][0m [SUPPRESSED] C API output parameter pattern: sqlite3PagerCommitPhaseTwo returns non-pointer (likely using output params)
[2m[DEBUG][0m [SUPPRESSED] C API output parameter pattern: autoVacuumCommit returns non-pointer (likely using output params)
[2m[DEBUG][0m [SUPPRESSED] C API output parameter pattern: ptrmapPageno returns non-pointer (likely using output params)
[2m[DEBUG][0m [SUPPRESSED] C API output parameter pattern: finalDbSize returns non-pointer (likely using output params)
[2m[DEBUG][0m [SUPPRESSED] C API output parameter pattern: saveAllCursors returns non-pointer (likely using output params)
[2m[DEBUG][0m [SUPPRESSED] C API output parameter pattern: incrVacuumStep returns non-pointer (likely using output params)
[2m[DEBUG][0m [SUPPRESSED] C API output parameter pattern: saveCursorsOnList returns non-pointer (likely using output params)
[2m[DEBUG][0m [SUPPRESSED] C API output parameter pattern: saveCursorPosition returns non-pointer (likely using output params)
[2m[DEBUG][0m [SUPPRESSED] C API output parameter pattern: saveCursorKey returns non-pointer (likely using output params)
[2m[DEBUG][0m [SUPPRESSED] C API output parameter pattern: sqlite3BtreeIntegerKey returns non-pointer (likely using output params)
[2m[DEBUG][0m [SUPPRESSED] C API output parameter pattern: sqlite3BtreePayloadSize returns non-pointer (likely using output params)
[2m[DEBUG][0m [SUPPRESSED] C API output parameter pattern: sqlite3BtreePayload returns non-pointer (likely using output params)
[2m[DEBUG][0m [SUPPRESSED] C API output parameter pattern: accessPayload returns non-pointer (likely using output params)
[2m[DEBUG][0m [SUPPRESSED] C API output parameter pattern: copyPayload returns non-pointer (likely using output params)
[2m[DEBUG][0m [SUPPRESSED] C API output parameter pattern: getOverflowPage returns non-pointer (likely using output params)
[2m[DEBUG][0m [SUPPRESSED] C API output parameter pattern: sqlite3PagerDirectReadOk returns non-pointer (likely using output params)
[2m[DEBUG][0m [SUPPRESSED] C API output parameter pattern: ptrmapGet returns non-pointer (likely using output params)
[2m[DEBUG][0m [SUPPRESSED] C API output parameter pattern: sqlite3PCacheIsDirty returns non-pointer (likely using output params)
[2m[DEBUG][0m [SUPPRESSED] C API output parameter pattern: allocateBtreePage returns non-pointer (likely using output params)
[2m[DEBUG][0m [SUPPRESSED] C API output parameter pattern: relocatePage returns non-pointer (likely using output params)
[2m[DEBUG][0m [SUPPRESSED] C API output parameter pattern: btreeGetUnusedPage returns non-pointer (likely using output params)
[2m[DEBUG][0m [SUPPRESSED] C API output parameter pattern: sqlite3AbsInt32 returns non-pointer (likely using output params)
[2m[DEBUG][0m [SUPPRESSED] C API output parameter pattern: btreeGetHasContent returns non-pointer (likely using output params)
[2m[DEBUG][0m [SUPPRESSED] C API output parameter pattern: sqlite3BitvecSize returns non-pointer (likely using output params)
[2m[DEBUG][0m [SUPPRESSED] C API output parameter pattern: sqlite3PagerMovepage returns non-pointer (likely using output params)
[2m[DEBUG][0m [SUPPRESSED] C API output parameter pattern: setChildPtrmaps returns non-pointer (likely using output params)
[2m[DEBUG][0m [SUPPRESSED] C API output parameter pattern: modifyPagePointer returns non-pointer (likely using output params)
[2m[DEBUG][0m [SUPPRESSED] C API output parameter pattern: sqlite3BtreeTripAllCursors returns non-pointer (likely using output params)
[2m[DEBUG][0m [SUPPRESSED] C API output parameter pattern: sqlite3OsCurrentTimeInt64 returns non-pointer (likely using output params)
[2m[DEBUG][0m [SUPPRESSED] C API output parameter pattern: sqlite3VdbeHalt returns non-pointer (likely using output params)
[2m[DEBUG][0m [SUPPRESSED] C API output parameter pattern: sqlite3VdbeTransferError returns non-pointer (likely using output params)
[2m[DEBUG][0m [SUPPRESSED] C API output parameter pattern: sqlite3VdbeCheckFk returns non-pointer (likely using output params)
[2m[DEBUG][0m [SUPPRESSED] C API output parameter pattern: vdbeCommit returns non-pointer (likely using output params)
[2m[DEBUG][0m [SUPPRESSED] C API output parameter pattern: sqlite3VdbeCloseStatement returns non-pointer (likely using output params)
[2m[DEBUG][0m [SUPPRESSED] C API output parameter pattern: sqlite3VdbeFrameRestore returns non-pointer (likely using output params)
[2m[DEBUG][0m [SUPPRESSED] C API output parameter pattern: sqlite3BtreeCloseCursor returns non-pointer (likely using output params)
[2m[DEBUG][0m [SUPPRESSED] C API output parameter pattern: vdbeSorterJoinAll returns non-pointer (likely using output params)
[2m[DEBUG][0m [SUPPRESSED] C API output parameter pattern: vdbeSorterJoinThread returns non-pointer (likely using output params)
[2m[DEBUG][0m [SUPPRESSED] C API output parameter pattern: sqlite3ThreadJoin returns non-pointer (likely using output params)
[2m[DEBUG][0m [SUPPRESSED] C API output parameter pattern: sqlite3BtreeClose returns non-pointer (likely using output params)
[33m[WARN][0m [STACK-TO-GLOBAL] stack alloca -> global in removeFromSharingList
[2m[DEBUG][0m [SUPPRESSED] C API output parameter pattern: removeFromSharingList returns non-pointer (likely using output params)
[2m[DEBUG][0m [SUPPRESSED] C API output parameter pattern: sqlite3VtabRollback returns non-pointer (likely using output params)
[2m[DEBUG][0m [SUPPRESSED] C API output parameter pattern: sqlite3VtabSync returns non-pointer (likely using output params)
[2m[DEBUG][0m [SUPPRESSED] C API output parameter pattern: sqlite3VtabCommit returns non-pointer (likely using output params)
[2m[DEBUG][0m [SUPPRESSED] C API output parameter pattern: sqlite3OsOpenMalloc returns non-pointer (likely using output params)
[33m[WARN][0m [RETURN-STACK] stack alloca returned from sqlite3PagerJournalname
[2m[DEBUG][0m [SUPPRESSED] C API output parameter pattern: vdbeCloseStatement returns non-pointer (likely using output params)
[2m[DEBUG][0m [SUPPRESSED] C API output parameter pattern: sqlite3BtreeSavepoint returns non-pointer (likely using output params)
[2m[DEBUG][0m [SUPPRESSED] C API output parameter pattern: sqlite3VtabSavepoint returns non-pointer (likely using output params)
[2m[DEBUG][0m [SUPPRESSED] C API output parameter pattern: apiHandleError returns non-pointer (likely using output params)
[2m[DEBUG][0m [SUPPRESSED] C API output parameter pattern: sqlite3VdbeMemFinalize returns non-pointer (likely using output params)
[2m[DEBUG][0m [SUPPRESSED] C API output parameter pattern: sqlite3VdbeMemGrow returns non-pointer (likely using output params)
[33m[WARN][0m [RETURN-STACK] stack alloca returned from sqlite3DbReallocOrFree
[2m[DEBUG][0m [SUPPRESSED] C API output parameter pattern: valueBytes returns non-pointer (likely using output params)
[33m[WARN][0m [RETURN-STACK] stack alloca returned from valueToText
[2m[DEBUG][0m [SUPPRESSED] C API output parameter pattern: sqlite3VdbeMemNulTerminate returns non-pointer (likely using output params)
[2m[DEBUG][0m [SUPPRESSED] C API output parameter pattern: sqlite3VdbeMemStringify returns non-pointer (likely using output params)
[2m[DEBUG][0m [SUPPRESSED] C API output parameter pattern: vdbeMemAddTerminator returns non-pointer (likely using output params)
[2m[DEBUG][0m [SUPPRESSED] C API output parameter pattern: sqlite3VdbeMemClearAndResize returns non-pointer (likely using output params)
[2m[DEBUG][0m [SUPPRESSED] C API output parameter pattern: sqlite3Int64ToText returns non-pointer (likely using output params)
[2m[DEBUG][0m [SUPPRESSED] C API output parameter pattern: memRealValue returns non-pointer (likely using output params)
[2m[DEBUG][0m [SUPPRESSED] C API output parameter pattern: sqlite3AtoF returns non-pointer (likely using output params)
[2m[DEBUG][0m [SUPPRESSED] C API output parameter pattern: sqlite3IsNaN returns non-pointer (likely using output params)
[2m[DEBUG][0m [SUPPRESSED] C API output parameter pattern: sqlite3RealToI64 returns non-pointer (likely using output params)
[2m[DEBUG][0m [SUPPRESSED] C API output parameter pattern: memIntValue returns non-pointer (likely using output params)
[2m[DEBUG][0m [SUPPRESSED] C API output parameter pattern: sqlite3Atoi64 returns non-pointer (likely using output params)
[2m[DEBUG][0m [SUPPRESSED] C API output parameter pattern: compare2pow63 returns non-pointer (likely using output params)
[2m[DEBUG][0m [SUPPRESSED] C API output parameter pattern: sqlite3VdbeMemHandleBom returns non-pointer (likely using output params)
[2m[DEBUG][0m [SUPPRESSED] C API output parameter pattern: sqlite3VdbeMemTranslate returns non-pointer (likely using output params)
[2m[DEBUG][0m [SUPPRESSED] C API output parameter pattern: sqlite3VdbeList returns non-pointer (likely using output params)
[2m[DEBUG][0m [SUPPRESSED] C API output parameter pattern: sqlite3VdbeExec returns non-pointer (likely using output params)
[2m[DEBUG][0m [SUPPRESSED] C API output parameter pattern: doWalCallbacks returns non-pointer (likely using output params)
[2m[DEBUG][0m [SUPPRESSED] C API output parameter pattern: sqlite3VdbeNextOpcode returns non-pointer (likely using output params)
[33m[WARN][0m [RETURN-STACK] stack alloca returned from out2Prerelease
[2m[DEBUG][0m [SUPPRESSED] C API output parameter pattern: sqlite3AddInt64 returns non-pointer (likely using output params)
[2m[DEBUG][0m [SUPPRESSED] C API output parameter pattern: sqlite3SubInt64 returns non-pointer (likely using output params)
[2m[DEBUG][0m [SUPPRESSED] C API output parameter pattern: sqlite3MulInt64 returns non-pointer (likely using output params)
[2m[DEBUG][0m [SUPPRESSED] C API output parameter pattern: numericType returns non-pointer (likely using output params)
[2m[DEBUG][0m [SUPPRESSED] C API output parameter pattern: sqlite3VdbeMemIntegerify returns non-pointer (likely using output params)
[2m[DEBUG][0m [SUPPRESSED] C API output parameter pattern: sqlite3VdbeMemRealify returns non-pointer (likely using output params)
[2m[DEBUG][0m [SUPPRESSED] C API output parameter pattern: sqlite3VdbeMemCast returns non-pointer (likely using output params)
[2m[DEBUG][0m [SUPPRESSED] C API output parameter pattern: sqlite3MemCompare returns non-pointer (likely using output params)
[2m[DEBUG][0m [SUPPRESSED] C API output parameter pattern: sqlite3VdbeBooleanValue returns non-pointer (likely using output params)
[2m[DEBUG][0m [SUPPRESSED] C API output parameter pattern: sqlite3VdbeFinishMoveto returns non-pointer (likely using output params)
[2m[DEBUG][0m [SUPPRESSED] C API output parameter pattern: sqlite3BtreeCursorHasMoved returns non-pointer (likely using output params)
[2m[DEBUG][0m [SUPPRESSED] C API output parameter pattern: sqlite3VdbeHandleMovedCursor returns non-pointer (likely using output params)
[2m[DEBUG][0m [SUPPRESSED] C API output parameter pattern: sqlite3GetVarint32 returns non-pointer (likely using output params)
[2m[DEBUG][0m [SUPPRESSED] C API output parameter pattern: sqlite3VdbeMemFromBtreeZeroOffset returns non-pointer (likely using output params)
[2m[DEBUG][0m [SUPPRESSED] C API output parameter pattern: sqlite3VdbeOneByteSerialTypeLen returns non-pointer (likely using output params)
[2m[DEBUG][0m [SUPPRESSED] C API output parameter pattern: sqlite3VdbeSerialTypeLen returns non-pointer (likely using output params)
[2m[DEBUG][0m [SUPPRESSED] C API output parameter pattern: vdbeColumnFromOverflow returns non-pointer (likely using output params)
[2m[DEBUG][0m [SUPPRESSED] C API output parameter pattern: sqlite3VarintLen returns non-pointer (likely using output params)
[2m[DEBUG][0m [SUPPRESSED] C API output parameter pattern: sqlite3PutVarint returns non-pointer (likely using output params)
[2m[DEBUG][0m [SUPPRESSED] C API output parameter pattern: sqlite3BtreeRowCountEst returns non-pointer (likely using output params)
[2m[DEBUG][0m [SUPPRESSED] C API output parameter pattern: sqlite3BtreeCount returns non-pointer (likely using output params)
[2m[DEBUG][0m [SUPPRESSED] C API output parameter pattern: sqlite3BtreeBeginStmt returns non-pointer (likely using output params)
[33m[WARN][0m [RETURN-STACK] stack alloca returned from allocateCursor
[2m[DEBUG][0m [SUPPRESSED] C API output parameter pattern: sqlite3BtreeCursor returns non-pointer (likely using output params)
[2m[DEBUG][0m [SUPPRESSED] C API output parameter pattern: sqlite3BtreeClearTable returns non-pointer (likely using output params)
[2m[DEBUG][0m [SUPPRESSED] C API output parameter pattern: sqlite3BtreeCreateTable returns non-pointer (likely using output params)
[2m[DEBUG][0m [SUPPRESSED] C API output parameter pattern: sqlite3VdbeSorterInit returns non-pointer (likely using output params)
[2m[DEBUG][0m [SUPPRESSED] C API output parameter pattern: sqlite3BtreeLast returns non-pointer (likely using output params)
[2m[DEBUG][0m [SUPPRESSED] C API output parameter pattern: sqlite3IntFloatCompare returns non-pointer (likely using output params)
[2m[DEBUG][0m [SUPPRESSED] C API output parameter pattern: sqlite3BtreeTableMoveto returns non-pointer (likely using output params)
[2m[DEBUG][0m [SUPPRESSED] C API output parameter pattern: sqlite3BtreeCursorHasHint returns non-pointer (likely using output params)
[2m[DEBUG][0m [SUPPRESSED] C API output parameter pattern: sqlite3BtreeIndexMoveto returns non-pointer (likely using output params)
[2m[DEBUG][0m [SUPPRESSED] C API output parameter pattern: sqlite3BtreeNext returns non-pointer (likely using output params)
[2m[DEBUG][0m [SUPPRESSED] C API output parameter pattern: sqlite3BtreePrevious returns non-pointer (likely using output params)
[2m[DEBUG][0m [SUPPRESSED] C API output parameter pattern: sqlite3BtreeEof returns non-pointer (likely using output params)
[2m[DEBUG][0m [SUPPRESSED] C API output parameter pattern: sqlite3BtreeCursorIsValidNN returns non-pointer (likely using output params)
[2m[DEBUG][0m [SUPPRESSED] C API output parameter pattern: sqlite3VdbeIdxKeyCompare returns non-pointer (likely using output params)
[33m[WARN][0m [RETURN-STACK] stack alloca returned from sqlite3VdbeAllocUnpackedRecord
[2m[DEBUG][0m [SUPPRESSED] C API output parameter pattern: sqlite3BtreeInsert returns non-pointer (likely using output params)
[2m[DEBUG][0m [SUPPRESSED] C API output parameter pattern: sqlite3BtreeTransferRow returns non-pointer (likely using output params)
[2m[DEBUG][0m [SUPPRESSED] C API output parameter pattern: sqlite3BtreeDelete returns non-pointer (likely using output params)
[2m[DEBUG][0m [SUPPRESSED] C API output parameter pattern: sqlite3VdbeSorterCompare returns non-pointer (likely using output params)
[2m[DEBUG][0m [SUPPRESSED] C API output parameter pattern: sqlite3VdbeSorterRowkey returns non-pointer (likely using output params)
[2m[DEBUG][0m [SUPPRESSED] C API output parameter pattern: sqlite3VdbeCursorRestore returns non-pointer (likely using output params)
[2m[DEBUG][0m [SUPPRESSED] C API output parameter pattern: sqlite3BtreeFirst returns non-pointer (likely using output params)
[2m[DEBUG][0m [SUPPRESSED] C API output parameter pattern: sqlite3VdbeSorterRewind returns non-pointer (likely using output params)
[2m[DEBUG][0m [SUPPRESSED] C API output parameter pattern: sqlite3VdbeSorterNext returns non-pointer (likely using output params)
[2m[DEBUG][0m [SUPPRESSED] C API output parameter pattern: sqlite3VdbeSorterWrite returns non-pointer (likely using output params)
[2m[DEBUG][0m [SUPPRESSED] C API output parameter pattern: sqlite3VdbeIdxRowid returns non-pointer (likely using output params)
[2m[DEBUG][0m [SUPPRESSED] C API output parameter pattern: sqlite3VdbeRecordCompareWithSkip returns non-pointer (likely using output params)
[2m[DEBUG][0m [SUPPRESSED] C API output parameter pattern: sqlite3BtreeDropTable returns non-pointer (likely using output params)
[2m[DEBUG][0m [SUPPRESSED] C API output parameter pattern: sqlite3BtreeClearTableOfCursor returns non-pointer (likely using output params)
[2m[DEBUG][0m [SUPPRESSED] C API output parameter pattern: sqlite3InitOne returns non-pointer (likely using output params)
[2m[DEBUG][0m [SUPPRESSED] C API output parameter pattern: sqlite3InitCallback returns non-pointer (likely using output params)
[2m[DEBUG][0m [SUPPRESSED] C API output parameter pattern: sqlite3AnalysisLoad returns non-pointer (likely using output params)
[2m[DEBUG][0m [SUPPRESSED] C API output parameter pattern: sqlite3BtreeIntegrityCheck returns non-pointer (likely using output params)
[2m[DEBUG][0m [SUPPRESSED] C API output parameter pattern: sqlite3VdbeMemSetRowSet returns non-pointer (likely using output params)
[2m[DEBUG][0m [SUPPRESSED] C API output parameter pattern: sqlite3RowSetNext returns non-pointer (likely using output params)
[2m[DEBUG][0m [SUPPRESSED] C API output parameter pattern: sqlite3RowSetTest returns non-pointer (likely using output params)
[2m[DEBUG][0m [SUPPRESSED] C API output parameter pattern: sqlite3VdbeMemAggValue returns non-pointer (likely using output params)
[2m[DEBUG][0m [SUPPRESSED] C API output parameter pattern: sqlite3PagerOkToChangeJournalMode returns non-pointer (likely using output params)
[2m[DEBUG][0m [SUPPRESSED] C API output parameter pattern: sqlite3PagerCloseWal returns non-pointer (likely using output params)
[2m[DEBUG][0m [SUPPRESSED] C API output parameter pattern: sqlite3PagerSetJournalMode returns non-pointer (likely using output params)
[33m[WARN][0m [RETURN-STACK] stack alloca returned from sqlite3JournalModename
[2m[DEBUG][0m [SUPPRESSED] C API output parameter pattern: sqlite3RunVacuum returns non-pointer (likely using output params)
[2m[DEBUG][0m [SUPPRESSED] C API output parameter pattern: sqlite3BtreeIncrVacuum returns non-pointer (likely using output params)
[2m[DEBUG][0m [SUPPRESSED] C API output parameter pattern: sqlite3BtreeLockTable returns non-pointer (likely using output params)
[2m[DEBUG][0m [SUPPRESSED] C API output parameter pattern: sqlite3VtabBegin returns non-pointer (likely using output params)
[2m[DEBUG][0m [SUPPRESSED] C API output parameter pattern: sqlite3VtabCallCreate returns non-pointer (likely using output params)
[2m[DEBUG][0m [SUPPRESSED] C API output parameter pattern: sqlite3VtabCallDestroy returns non-pointer (likely using output params)
[2m[DEBUG][0m [SUPPRESSED] C API output parameter pattern: sqlite3BtreeMaxPageCount returns non-pointer (likely using output params)
[2m[DEBUG][0m [SUPPRESSED] C API output parameter pattern: filterHash returns non-pointer (likely using output params)
[33m[WARN][0m [RETURN-STACK] stack alloca returned from out2PrereleaseWithClear
[2m[DEBUG][0m [SUPPRESSED] C API output parameter pattern: computeNumericType returns non-pointer (likely using output params)
[2m[DEBUG][0m [SUPPRESSED] C API output parameter pattern: sqlite3VdbeMemNumerify returns non-pointer (likely using output params)
[2m[DEBUG][0m [SUPPRESSED] C API output parameter pattern: sqlite3RealSameAsInt returns non-pointer (likely using output params)
[2m[DEBUG][0m [SUPPRESSED] C API output parameter pattern: vdbeCompareMemString returns non-pointer (likely using output params)
[2m[DEBUG][0m [SUPPRESSED] C API output parameter pattern: sqlite3BlobCompare returns non-pointer (likely using output params)
[2m[DEBUG][0m [SUPPRESSED] C API output parameter pattern: isAllZero returns non-pointer (likely using output params)
[2m[DEBUG][0m [SUPPRESSED] C API output parameter pattern: sqlite3BtreeCursorRestore returns non-pointer (likely using output params)
[2m[DEBUG][0m [SUPPRESSED] C API output parameter pattern: btreeRestoreCursorPosition returns non-pointer (likely using output params)
[2m[DEBUG][0m [SUPPRESSED] C API output parameter pattern: btreeMoveto returns non-pointer (likely using output params)
[33m[WARN][0m [RETURN-STACK] stack alloca returned from fetchPayload
[2m[DEBUG][0m [SUPPRESSED] C API output parameter pattern: sqlite3VdbeMemFromBtree returns non-pointer (likely using output params)
[2m[DEBUG][0m [SUPPRESSED] C API output parameter pattern: sqlite3BtreeMaxRecordSize returns non-pointer (likely using output params)
[2m[DEBUG][0m [SUPPRESSED] C API output parameter pattern: sqlite3BtreeOffset returns non-pointer (likely using output params)
[33m[WARN][0m [RETURN-HEAP] heap via sqlite3_malloc64() returned from sqlite3RCStrNew - ownership unclear
[33m[WARN][0m [RETURN-STACK] stack alloca returned from sqlite3RCStrRef
[2m[DEBUG][0m [SUPPRESSED] C API output parameter pattern: putVarint64 returns non-pointer (likely using output params)
[2m[DEBUG][0m [SUPPRESSED] C API output parameter pattern: moveToRoot returns non-pointer (likely using output params)
[2m[DEBUG][0m [SUPPRESSED] C API output parameter pattern: moveToChild returns non-pointer (likely using output params)
[2m[DEBUG][0m [SUPPRESSED] C API output parameter pattern: getAndInitPage returns non-pointer (likely using output params)
[2m[DEBUG][0m [SUPPRESSED] C API output parameter pattern: sqlite3BtreeCursorSize returns non-pointer (likely using output params)
[2m[DEBUG][0m [SUPPRESSED] C API output parameter pattern: btreeCursorWithLock returns non-pointer (likely using output params)
[2m[DEBUG][0m [SUPPRESSED] C API output parameter pattern: btreeCursor returns non-pointer (likely using output params)
[2m[DEBUG][0m [SUPPRESSED] C API output parameter pattern: allocateTempSpace returns non-pointer (likely using output params)
[2m[DEBUG][0m [SUPPRESSED] C API output parameter pattern: clearDatabasePage returns non-pointer (likely using output params)
[2m[DEBUG][0m [SUPPRESSED] C API output parameter pattern: clearCellOverflow returns non-pointer (likely using output params)
[33m[WARN][0m [RETURN-STACK] stack alloca returned from btreePageLookup
[2m[DEBUG][0m [SUPPRESSED] C API output parameter pattern: freePage2 returns non-pointer (likely using output params)
[2m[DEBUG][0m [SUPPRESSED] C API output parameter pattern: btreeSetHasContent returns non-pointer (likely using output params)
[2m[DEBUG][0m [SUPPRESSED] C API output parameter pattern: btreeCreateTable returns non-pointer (likely using output params)
[2m[DEBUG][0m [SUPPRESSED] C API output parameter pattern: btreeLast returns non-pointer (likely using output params)
[2m[DEBUG][0m [SUPPRESSED] C API output parameter pattern: moveToRightmost returns non-pointer (likely using output params)
[33m[WARN][0m [RETURN-STACK] stack alloca returned from sqlite3VdbeFindCompare
[2m[DEBUG][0m [SUPPRESSED] C API output parameter pattern: cursorOnLastPage returns non-pointer (likely using output params)
[2m[DEBUG][0m [SUPPRESSED] C API output parameter pattern: indexCellCompare returns non-pointer (likely using output params)
[2m[DEBUG][0m [SUPPRESSED] C API output parameter pattern: sqlite3VdbeRecordCompare returns non-pointer (likely using output params)
[2m[DEBUG][0m [SUPPRESSED] C API output parameter pattern: vdbeRecordCompareInt returns non-pointer (likely using output params)
[2m[DEBUG][0m [SUPPRESSED] C API output parameter pattern: vdbeRecordCompareString returns non-pointer (likely using output params)
[2m[DEBUG][0m [SUPPRESSED] C API output parameter pattern: btreeNext returns non-pointer (likely using output params)
[2m[DEBUG][0m [SUPPRESSED] C API output parameter pattern: moveToLeftmost returns non-pointer (likely using output params)
[2m[DEBUG][0m [SUPPRESSED] C API output parameter pattern: btreePrevious returns non-pointer (likely using output params)
[2m[DEBUG][0m [SUPPRESSED] C API output parameter pattern: btreeOverwriteCell returns non-pointer (likely using output params)
[2m[DEBUG][0m [SUPPRESSED] C API output parameter pattern: btreeComputeFreeSpace returns non-pointer (likely using output params)
[2m[DEBUG][0m [SUPPRESSED] C API output parameter pattern: fillInCell returns non-pointer (likely using output params)
[2m[DEBUG][0m [SUPPRESSED] C API output parameter pattern: insertCellFast returns non-pointer (likely using output params)
[2m[DEBUG][0m [SUPPRESSED] C API output parameter pattern: balance returns non-pointer (likely using output params)
[2m[DEBUG][0m [SUPPRESSED] C API output parameter pattern: btreeOverwriteContent returns non-pointer (likely using output params)
[2m[DEBUG][0m [SUPPRESSED] C API output parameter pattern: btreeOverwriteOverflowCell returns non-pointer (likely using output params)
[2m[DEBUG][0m [SUPPRESSED] C API output parameter pattern: freeSpace returns non-pointer (likely using output params)
[33m[WARN][0m [RETURN-STACK] stack alloca returned from pageFindSlot
[2m[DEBUG][0m [SUPPRESSED] C API output parameter pattern: defragmentPage returns non-pointer (likely using output params)
[33m[WARN][0m [RETURN-STACK] stack alloca returned from sqlite3PagerTempSpace
[2m[DEBUG][0m [SUPPRESSED] C API output parameter pattern: anotherValidCursor returns non-pointer (likely using output params)
[2m[DEBUG][0m [SUPPRESSED] C API output parameter pattern: balance_deeper returns non-pointer (likely using output params)
[2m[DEBUG][0m [SUPPRESSED] C API output parameter pattern: balance_quick returns non-pointer (likely using output params)
[2m[DEBUG][0m [SUPPRESSED] C API output parameter pattern: balance_nonroot returns non-pointer (likely using output params)
[2m[DEBUG][0m [SUPPRESSED] C API output parameter pattern: rebuildPage returns non-pointer (likely using output params)
[2m[DEBUG][0m [SUPPRESSED] C API output parameter pattern: insertCell returns non-pointer (likely using output params)
[2m[DEBUG][0m [SUPPRESSED] C API output parameter pattern: cachedCellSize returns non-pointer (likely using output params)
[2m[DEBUG][0m [SUPPRESSED] C API output parameter pattern: editPage returns non-pointer (likely using output params)
[2m[DEBUG][0m [SUPPRESSED] C API output parameter pattern: computeCellSize returns non-pointer (likely using output params)
[2m[DEBUG][0m [SUPPRESSED] C API output parameter pattern: pageFreeArray returns non-pointer (likely using output params)
[2m[DEBUG][0m [SUPPRESSED] C API output parameter pattern: pageInsertArray returns non-pointer (likely using output params)
[2m[DEBUG][0m [SUPPRESSED] C API output parameter pattern: btreePayloadToLocal returns non-pointer (likely using output params)
[33m[WARN][0m [RETURN-STACK] stack alloca returned from vdbeSorterRowkey
[2m[DEBUG][0m [SUPPRESSED] C API output parameter pattern: vdbeSorterSort returns non-pointer (likely using output params)
[2m[DEBUG][0m [SUPPRESSED] C API output parameter pattern: vdbeSorterFlushPMA returns non-pointer (likely using output params)
[2m[DEBUG][0m [SUPPRESSED] C API output parameter pattern: vdbeSorterSetupMerge returns non-pointer (likely using output params)
[2m[DEBUG][0m [SUPPRESSED] C API output parameter pattern: vdbeSortAllocUnpacked returns non-pointer (likely using output params)
[33m[WARN][0m [RETURN-STACK] stack alloca returned from vdbeSorterGetCompare
[33m[WARN][0m [RETURN-STACK] stack alloca returned from vdbeSorterMerge
[2m[DEBUG][0m [SUPPRESSED] C API output parameter pattern: vdbeSorterCompareInt returns non-pointer (likely using output params)
[2m[DEBUG][0m [SUPPRESSED] C API output parameter pattern: vdbeSorterCompareText returns non-pointer (likely using output params)
[2m[DEBUG][0m [SUPPRESSED] C API output parameter pattern: vdbeSorterCompare returns non-pointer (likely using output params)
[2m[DEBUG][0m [SUPPRESSED] C API output parameter pattern: vdbeSorterCompareTail returns non-pointer (likely using output params)
[2m[DEBUG][0m [SUPPRESSED] C API output parameter pattern: vdbeSorterListToPMA returns non-pointer (likely using output params)
[2m[DEBUG][0m [SUPPRESSED] C API output parameter pattern: vdbeSorterCreateThread returns non-pointer (likely using output params)
[2m[DEBUG][0m [SUPPRESSED] C API output parameter pattern: vdbeSorterOpenTempFile returns non-pointer (likely using output params)
[2m[DEBUG][0m [SUPPRESSED] C API output parameter pattern: vdbePmaWriterFinish returns non-pointer (likely using output params)
[33m[WARN][0m [STACK-ESCAPE] stack alloca -> pthread_create() in sqlite3ThreadCreate
[33m[WARN][0m [STACK-ESCAPE] stack alloca -> pthread_create() in sqlite3ThreadCreate
[33m[WARN][0m [STACK-ESCAPE] stack alloca -> pthread_create() in sqlite3ThreadCreate
[2m[DEBUG][0m [SUPPRESSED] C API output parameter pattern: sqlite3ThreadCreate returns non-pointer (likely using output params)
[2m[DEBUG][0m [SUPPRESSED] C API output parameter pattern: vdbeSorterMergeTreeBuild returns non-pointer (likely using output params)
[2m[DEBUG][0m [SUPPRESSED] C API output parameter pattern: vdbeIncrMergerNew returns non-pointer (likely using output params)
[2m[DEBUG][0m [SUPPRESSED] C API output parameter pattern: vdbePmaReaderIncrInit returns non-pointer (likely using output params)
[2m[DEBUG][0m [SUPPRESSED] C API output parameter pattern: vdbePmaReaderIncrMergeInit returns non-pointer (likely using output params)
[2m[DEBUG][0m [SUPPRESSED] C API output parameter pattern: vdbeMergeEngineInit returns non-pointer (likely using output params)
[33m[WARN][0m [RETURN-STACK] stack alloca returned from vdbeMergeEngineNew
[2m[DEBUG][0m [SUPPRESSED] C API output parameter pattern: vdbeSorterTreeDepth returns non-pointer (likely using output params)
[2m[DEBUG][0m [SUPPRESSED] C API output parameter pattern: vdbeMergeEngineLevel0 returns non-pointer (likely using output params)
[2m[DEBUG][0m [SUPPRESSED] C API output parameter pattern: vdbeSorterAddToTree returns non-pointer (likely using output params)
[2m[DEBUG][0m [SUPPRESSED] C API output parameter pattern: vdbePmaReaderInit returns non-pointer (likely using output params)
[2m[DEBUG][0m [SUPPRESSED] C API output parameter pattern: vdbePmaReaderSeek returns non-pointer (likely using output params)
[2m[DEBUG][0m [SUPPRESSED] C API output parameter pattern: vdbePmaReadVarint returns non-pointer (likely using output params)
[2m[DEBUG][0m [SUPPRESSED] C API output parameter pattern: vdbePmaReaderNext returns non-pointer (likely using output params)
[2m[DEBUG][0m [SUPPRESSED] C API output parameter pattern: vdbeSorterMapFile returns non-pointer (likely using output params)
[2m[DEBUG][0m [SUPPRESSED] C API output parameter pattern: vdbePmaReadBlob returns non-pointer (likely using output params)
[2m[DEBUG][0m [SUPPRESSED] C API output parameter pattern: vdbeIncrSwap returns non-pointer (likely using output params)
[2m[DEBUG][0m [SUPPRESSED] C API output parameter pattern: vdbeIncrBgPopulate returns non-pointer (likely using output params)
[2m[DEBUG][0m [SUPPRESSED] C API output parameter pattern: vdbeIncrPopulate returns non-pointer (likely using output params)
[33m[WARN][0m [RETURN-STACK] stack alloca returned from vdbeIncrPopulateThread
[2m[DEBUG][0m [SUPPRESSED] C API output parameter pattern: vdbeMergeEngineStep returns non-pointer (likely using output params)
[33m[WARN][0m [RETURN-STACK] stack alloca returned from vdbePmaReaderBgIncrInit
[2m[DEBUG][0m [SUPPRESSED] C API output parameter pattern: sqlite3HeapNearlyFull returns non-pointer (likely using output params)
[2m[DEBUG][0m [SUPPRESSED] C API output parameter pattern: serialGet7 returns non-pointer (likely using output params)
[2m[DEBUG][0m [SUPPRESSED] C API output parameter pattern: vdbeRecordDecodeInt returns non-pointer (likely using output params)
[2m[DEBUG][0m [SUPPRESSED] C API output parameter pattern: btreeDropTable returns non-pointer (likely using output params)
[2m[DEBUG][0m [SUPPRESSED] C API output parameter pattern: sqlite3BtreeCommit returns non-pointer (likely using output params)
[33m[WARN][0m [RETURN-STACK] stack alloca returned from sqlite3FindCollSeq
[33m[WARN][0m [RETURN-STACK] stack alloca returned from findCollSeqEntry
[33m[WARN][0m [RETURN-STACK] stack alloca returned from sqlite3HashInsert
[33m[WARN][0m [RETURN-STACK] stack alloca returned from findElementWithHash
[2m[DEBUG][0m [SUPPRESSED] C API output parameter pattern: strHash returns non-pointer (likely using output params)
[2m[DEBUG][0m [SUPPRESSED] C API output parameter pattern: rehash returns non-pointer (likely using output params)
[2m[DEBUG][0m [SUPPRESSED] C API output parameter pattern: sqlite3GetUInt32 returns non-pointer (likely using output params)
[2m[DEBUG][0m [SUPPRESSED] C API output parameter pattern: sqlite3Prepare returns non-pointer (likely using output params)
[33m[WARN][0m [RETURN-STACK] stack alloca returned from sqlite3FindIndex
[2m[DEBUG][0m [SUPPRESSED] C API output parameter pattern: sqlite3IndexHasDuplicateRootPage returns non-pointer (likely using output params)
[2m[DEBUG][0m [SUPPRESSED] C API output parameter pattern: sqlite3BtreeSchemaLocked returns non-pointer (likely using output params)
[33m[WARN][0m [RETURN-STACK] stack alloca returned from sqlite3DbStrNDup
[2m[DEBUG][0m [SUPPRESSED] C API output parameter pattern: sqlite3DbIsNamed returns non-pointer (likely using output params)
[2m[DEBUG][0m [SUPPRESSED] C API output parameter pattern: analysisLoader returns non-pointer (likely using output params)
[2m[DEBUG][0m [SUPPRESSED] C API output parameter pattern: sqlite3Atoi returns non-pointer (likely using output params)
[2m[DEBUG][0m [SUPPRESSED] C API output parameter pattern: sqlite3GetInt32 returns non-pointer (likely using output params)
[2m[DEBUG][0m [SUPPRESSED] C API output parameter pattern: sqlite3HexToInt returns non-pointer (likely using output params)
[2m[DEBUG][0m [SUPPRESSED] C API output parameter pattern: checkTreePage returns non-pointer (likely using output params)
[2m[DEBUG][0m [SUPPRESSED] C API output parameter pattern: getPageReferenced returns non-pointer (likely using output params)
[2m[DEBUG][0m [SUPPRESSED] C API output parameter pattern: checkRef returns non-pointer (likely using output params)
[2m[DEBUG][0m [SUPPRESSED] C API output parameter pattern: btreeHeapPull returns non-pointer (likely using output params)
[33m[WARN][0m [RETURN-STACK] stack alloca returned from sqlite3RowSetInit
[33m[WARN][0m [RETURN-STACK] stack alloca returned from rowSetEntryAlloc
[33m[WARN][0m [RETURN-STACK] stack alloca returned from rowSetEntrySort
[33m[WARN][0m [RETURN-STACK] stack alloca returned from rowSetEntryMerge
[33m[WARN][0m [RETURN-STACK] stack alloca returned from rowSetListToTree
[33m[WARN][0m [RETURN-STACK] stack alloca returned from rowSetNDeepTree
[2m[DEBUG][0m [SUPPRESSED] C API output parameter pattern: execSqlF returns non-pointer (likely using output params)
[2m[DEBUG][0m [SUPPRESSED] C API output parameter pattern: sqlite3BtreeSetSpillSize returns non-pointer (likely using output params)
[2m[DEBUG][0m [SUPPRESSED] C API output parameter pattern: sqlite3BtreeSetPagerFlags returns non-pointer (likely using output params)
[2m[DEBUG][0m [SUPPRESSED] C API output parameter pattern: execSql returns non-pointer (likely using output params)
[2m[DEBUG][0m [SUPPRESSED] C API output parameter pattern: sqlite3BtreeSetAutoVacuum returns non-pointer (likely using output params)
[2m[DEBUG][0m [SUPPRESSED] C API output parameter pattern: sqlite3BtreeGetAutoVacuum returns non-pointer (likely using output params)
[2m[DEBUG][0m [SUPPRESSED] C API output parameter pattern: sqlite3BtreeCopyFile returns non-pointer (likely using output params)
[2m[DEBUG][0m [SUPPRESSED] C API output parameter pattern: sqlite3PagerSetSpillsize returns non-pointer (likely using output params)
[2m[DEBUG][0m [SUPPRESSED] C API output parameter pattern: sqlite3PcacheSetSpillsize returns non-pointer (likely using output params)
[2m[DEBUG][0m [SUPPRESSED] C API output parameter pattern: setSharedCacheTableLock returns non-pointer (likely using output params)
[2m[DEBUG][0m [SUPPRESSED] C API output parameter pattern: growVTrans returns non-pointer (likely using output params)
[2m[DEBUG][0m [SUPPRESSED] C API output parameter pattern: vtabCallConstructor returns non-pointer (likely using output params)
[33m[WARN][0m [RETURN-STACK] stack alloca returned from sqlite3GetVTable
[33m[WARN][0m [RETURN-STACK] stack alloca returned from vtabDisconnectAll
[2m[DEBUG][0m [SUPPRESSED] C API output parameter pattern: sqlite3PagerMaxPageCount returns non-pointer (likely using output params)
[2m[DEBUG][0m [SUPPRESSED] C API output parameter pattern: sqlite3PagerWalCallback returns non-pointer (likely using output params)
[2m[DEBUG][0m [SUPPRESSED] C API output parameter pattern: sqlite3WalCallback returns non-pointer (likely using output params)
[2m[DEBUG][0m [SUPPRESSED] C API output parameter pattern: sqlite3VListNameToNum returns non-pointer (likely using output params)
[2m[DEBUG][0m [SUPPRESSED] C API output parameter pattern: findNextHostParameter returns non-pointer (likely using output params)
[2m[DEBUG][0m [SUPPRESSED] C API output parameter pattern: alsoAnInt returns non-pointer (likely using output params)
[2m[DEBUG][0m [SUPPRESSED] C API output parameter pattern: sqlite3VdbeAddOp2 returns non-pointer (likely using output params)
[2m[DEBUG][0m [SUPPRESSED] C API output parameter pattern: sqlite3VdbeAddOp3 returns non-pointer (likely using output params)
[2m[DEBUG][0m [SUPPRESSED] C API output parameter pattern: growOp3 returns non-pointer (likely using output params)
[2m[DEBUG][0m [SUPPRESSED] C API output parameter pattern: growOpArray returns non-pointer (likely using output params)
[2m[DEBUG][0m [SUPPRESSED] C API output parameter pattern: addOp4IntSlow returns non-pointer (likely using output params)
[2m[DEBUG][0m [SUPPRESSED] C API output parameter pattern: sqlite3BtreeSharable returns non-pointer (likely using output params)
[33m[WARN][0m [RETURN-STACK] stack alloca returned from allocSpace
[2m[DEBUG][0m [SUPPRESSED] C API output parameter pattern: accessPayloadChecked returns non-pointer (likely using output params)
[2m[DEBUG][0m [SUPPRESSED] C API output parameter pattern: sqlite3ReadSchema returns non-pointer (likely using output params)
[33m[WARN][0m [RETURN-STACK] stack alloca returned from sqlite3PragmaVtabRegister
[2m[DEBUG][0m [SUPPRESSED] C API output parameter pattern: sqlite3VtabEponymousTableInit returns non-pointer (likely using output params)
[33m[WARN][0m [RETURN-STACK] stack alloca returned from sqlite3VtabCreateModule
[2m[DEBUG][0m [SUPPRESSED] C API output parameter pattern: pragmaVtabConnect returns non-pointer (likely using output params)
[2m[DEBUG][0m [SUPPRESSED] C API output parameter pattern: pragmaVtabBestIndex returns non-pointer (likely using output params)
[2m[DEBUG][0m [SUPPRESSED] C API output parameter pattern: pragmaVtabDisconnect returns non-pointer (likely using output params)
[2m[DEBUG][0m [SUPPRESSED] C API output parameter pattern: pragmaVtabOpen returns non-pointer (likely using output params)
[2m[DEBUG][0m [SUPPRESSED] C API output parameter pattern: pragmaVtabClose returns non-pointer (likely using output params)
[2m[DEBUG][0m [SUPPRESSED] C API output parameter pattern: pragmaVtabFilter returns non-pointer (likely using output params)
[2m[DEBUG][0m [SUPPRESSED] C API output parameter pattern: pragmaVtabNext returns non-pointer (likely using output params)
[2m[DEBUG][0m [SUPPRESSED] C API output parameter pattern: pragmaVtabEof returns non-pointer (likely using output params)
[2m[DEBUG][0m [SUPPRESSED] C API output parameter pattern: pragmaVtabColumn returns non-pointer (likely using output params)
[2m[DEBUG][0m [SUPPRESSED] C API output parameter pattern: pragmaVtabRowid returns non-pointer (likely using output params)
[2m[DEBUG][0m [SUPPRESSED] C API output parameter pattern: sqlite3Utf8Read returns non-pointer (likely using output params)
[33m[WARN][0m [RETURN-STACK] stack alloca returned from sqlite3VdbeDb
[2m[DEBUG][0m [SUPPRESSED] C API output parameter pattern: sqlite3VdbePrepareFlags returns non-pointer (likely using output params)
[2m[DEBUG][0m [SUPPRESSED] C API output parameter pattern: sqlite3Utf8CharLen returns non-pointer (likely using output params)
[2m[DEBUG][0m [SUPPRESSED] C API output parameter pattern: sqlite3Utf16ByteLen returns non-pointer (likely using output params)
[33m[WARN][0m [RETURN-STACK] stack alloca returned from sqlite3BinaryCompareCollSeq
[33m[WARN][0m [RETURN-STACK] stack alloca returned from sqlite3ExprCollSeq
[33m[WARN][0m [RETURN-STACK] stack alloca returned from sqlite3GetCollSeq
[2m[DEBUG][0m [SUPPRESSED] C API output parameter pattern: sqlite3CheckCollSeq returns non-pointer (likely using output params)
[2m[DEBUG][0m [SUPPRESSED] C API output parameter pattern: synthCollSeq returns non-pointer (likely using output params)
[2m[DEBUG][0m [SUPPRESSED] C API output parameter pattern: valueFromExpr returns non-pointer (likely using output params)
[2m[DEBUG][0m [SUPPRESSED] C API output parameter pattern: sqlite3AffinityType returns non-pointer (likely using output params)
[33m[WARN][0m [RETURN-STACK] stack alloca returned from sqlite3HexToBlob
[2m[DEBUG][0m [SUPPRESSED] C API output parameter pattern: keywordCode returns non-pointer (likely using output params)
[2m[DEBUG][0m [SUPPRESSED] C API output parameter pattern: analyzeWindowKeyword returns non-pointer (likely using output params)
[2m[DEBUG][0m [SUPPRESSED] C API output parameter pattern: analyzeOverKeyword returns non-pointer (likely using output params)
[2m[DEBUG][0m [SUPPRESSED] C API output parameter pattern: analyzeFilterKeyword returns non-pointer (likely using output params)
[2m[DEBUG][0m [SUPPRESSED] C API output parameter pattern: getToken returns non-pointer (likely using output params)
[2m[DEBUG][0m [SUPPRESSED] C API output parameter pattern: sqlite3ParserFallback returns non-pointer (likely using output params)
[2m[DEBUG][0m [SUPPRESSED] C API output parameter pattern: yy_find_shift_action returns non-pointer (likely using output params)
[2m[DEBUG][0m [SUPPRESSED] C API output parameter pattern: yyGrowStack returns non-pointer (likely using output params)
[2m[DEBUG][0m [SUPPRESSED] C API output parameter pattern: yy_reduce returns non-pointer (likely using output params)
[33m[WARN][0m [RETURN-STACK] stack alloca returned from sqlite3PExpr
[33m[WARN][0m [RETURN-STACK] stack alloca returned from tokenExpr
[2m[DEBUG][0m [SUPPRESSED] C API output parameter pattern: sqlite3ExprIdToTrueFalse returns non-pointer (likely using output params)
[2m[DEBUG][0m [SUPPRESSED] C API output parameter pattern: sqlite3Select returns non-pointer (likely using output params)
[33m[WARN][0m [RETURN-STACK] stack alloca returned from attachWithToSelect
[33m[WARN][0m [RETURN-STACK] stack alloca returned from sqlite3SrcListAppendFromTerm
[33m[WARN][0m [RETURN-STACK] stack alloca returned from sqlite3SelectNew
[33m[WARN][0m [RETURN-STACK] stack alloca returned from sqlite3MultiValues
[33m[WARN][0m [RETURN-STACK] stack alloca returned from sqlite3ExprListAppend
[33m[WARN][0m [RETURN-STACK] stack alloca returned from sqlite3SrcListAppend
[33m[WARN][0m [RETURN-STACK] stack alloca returned from sqlite3RenameTokenMap
[33m[WARN][0m [RETURN-STACK] stack alloca returned from sqlite3NameFromToken
[2m[DEBUG][0m [SUPPRESSED] C API output parameter pattern: sqlite3JoinType returns non-pointer (likely using output params)
[33m[WARN][0m [RETURN-STACK] stack alloca returned from sqlite3SrcListAppendList
[33m[WARN][0m [RETURN-STACK] stack alloca returned from sqlite3ExprListAppendVector
[33m[WARN][0m [RETURN-STACK] stack alloca returned from sqlite3UpsertNew
[33m[WARN][0m [RETURN-STACK] stack alloca returned from sqlite3IdListAppend
[33m[WARN][0m [RETURN-STACK] stack alloca returned from sqlite3ExprAlloc
[33m[WARN][0m [RETURN-STACK] stack alloca returned from sqlite3ExprAddCollateToken
[33m[WARN][0m [RETURN-STACK] stack alloca returned from sqlite3ExprFunction
[33m[WARN][0m [RETURN-STACK] stack alloca returned from sqlite3ExprAnd
[2m[DEBUG][0m [SUPPRESSED] C API output parameter pattern: sqlite3ExprIsConstant returns non-pointer (likely using output params)
[33m[WARN][0m [RETURN-STACK] stack alloca returned from sqlite3ExprListToValues
[33m[WARN][0m [RETURN-STACK] stack alloca returned from parserAddExprIdListTerm
[33m[WARN][0m [RETURN-STACK] stack alloca returned from sqlite3TriggerUpdateStep
[33m[WARN][0m [RETURN-STACK] stack alloca returned from sqlite3TriggerInsertStep
[33m[WARN][0m [RETURN-STACK] stack alloca returned from sqlite3TriggerDeleteStep
[33m[WARN][0m [RETURN-STACK] stack alloca returned from sqlite3TriggerSelectStep
[33m[WARN][0m [RETURN-STACK] stack alloca returned from sqlite3WithPush
[33m[WARN][0m [RETURN-STACK] stack alloca returned from sqlite3CteNew
[33m[WARN][0m [RETURN-STACK] stack alloca returned from sqlite3WithAdd
[33m[WARN][0m [RETURN-STACK] stack alloca returned from sqlite3WindowAssemble
[33m[WARN][0m [RETURN-STACK] stack alloca returned from sqlite3WindowAlloc
[2m[DEBUG][0m [SUPPRESSED] C API output parameter pattern: yy_find_reduce_action returns non-pointer (likely using output params)
[33m[WARN][0m [RETURN-STACK] stack alloca returned from sqlite3GetVdbe
[2m[DEBUG][0m [SUPPRESSED] C API output parameter pattern: sqlite3VdbeAddOp0 returns non-pointer (likely using output params)
[2m[DEBUG][0m [SUPPRESSED] C API output parameter pattern: sqlite3VdbeAddOp1 returns non-pointer (likely using output params)
[2m[DEBUG][0m [SUPPRESSED] C API output parameter pattern: sqlite3VdbeAddOp4 returns non-pointer (likely using output params)
[2m[DEBUG][0m [SUPPRESSED] C API output parameter pattern: sqlite3VdbeGoto returns non-pointer (likely using output params)
[33m[WARN][0m [RETURN-STACK] stack alloca returned from sqlite3VdbeGetOp
[2m[DEBUG][0m [SUPPRESSED] C API output parameter pattern: sqlite3VdbeLoadString returns non-pointer (likely using output params)
[33m[WARN][0m [RETURN-STACK] stack alloca returned from sqlite3KeyInfoOfIndex
[33m[WARN][0m [RETURN-STACK] stack alloca returned from sqlite3KeyInfoAlloc
[33m[WARN][0m [RETURN-STACK] stack alloca returned from sqlite3LocateCollSeq
[2m[DEBUG][0m [SUPPRESSED] C API output parameter pattern: sqlite3ExprCodeTarget returns non-pointer (likely using output params)
[33m[WARN][0m [RETURN-STACK] stack alloca returned from sqlite3ExprSkipCollateAndLikely
[2m[DEBUG][0m [SUPPRESSED] C API output parameter pattern: sqlite3IndexedExprLookup returns non-pointer (likely using output params)
[2m[DEBUG][0m [SUPPRESSED] C API output parameter pattern: sqlite3TableColumnAffinity returns non-pointer (likely using output params)
[2m[DEBUG][0m [SUPPRESSED] C API output parameter pattern: sqlite3TableColumnToStorage returns non-pointer (likely using output params)
[2m[DEBUG][0m [SUPPRESSED] C API output parameter pattern: exprPartidxExprLookup returns non-pointer (likely using output params)
[2m[DEBUG][0m [SUPPRESSED] C API output parameter pattern: sqlite3ExprCodeGetColumn returns non-pointer (likely using output params)
[2m[DEBUG][0m [SUPPRESSED] C API output parameter pattern: sqlite3ExprTruthValue returns non-pointer (likely using output params)
[2m[DEBUG][0m [SUPPRESSED] C API output parameter pattern: sqlite3ExprIsVector returns non-pointer (likely using output params)
[2m[DEBUG][0m [SUPPRESSED] C API output parameter pattern: sqlite3ExprCodeTemp returns non-pointer (likely using output params)
[2m[DEBUG][0m [SUPPRESSED] C API output parameter pattern: codeCompare returns non-pointer (likely using output params)
[2m[DEBUG][0m [SUPPRESSED] C API output parameter pattern: sqlite3VdbeCurrentAddr returns non-pointer (likely using output params)
[2m[DEBUG][0m [SUPPRESSED] C API output parameter pattern: sqlite3ExprIsConstantNotJoin returns non-pointer (likely using output params)
[2m[DEBUG][0m [SUPPRESSED] C API output parameter pattern: sqlite3ExprCodeRunJustOnce returns non-pointer (likely using output params)
[2m[DEBUG][0m [SUPPRESSED] C API output parameter pattern: exprCodeInlineFunction returns non-pointer (likely using output params)
[2m[DEBUG][0m [SUPPRESSED] C API output parameter pattern: sqlite3GetTempRange returns non-pointer (likely using output params)
[2m[DEBUG][0m [SUPPRESSED] C API output parameter pattern: sqlite3ExprCodeExprList returns non-pointer (likely using output params)
[33m[WARN][0m [RETURN-STACK] stack alloca returned from sqlite3VtabOverloadFunction
[2m[DEBUG][0m [SUPPRESSED] C API output parameter pattern: sqlite3VdbeAddFunctionCall returns non-pointer (likely using output params)
[2m[DEBUG][0m [SUPPRESSED] C API output parameter pattern: sqlite3CodeSubselect returns non-pointer (likely using output params)
[2m[DEBUG][0m [SUPPRESSED] C API output parameter pattern: sqlite3ExprVectorSize returns non-pointer (likely using output params)
[2m[DEBUG][0m [SUPPRESSED] C API output parameter pattern: sqlite3VdbeMakeLabel returns non-pointer (likely using output params)
[2m[DEBUG][0m [SUPPRESSED] C API output parameter pattern: exprCodeVector returns non-pointer (likely using output params)
[2m[DEBUG][0m [SUPPRESSED] C API output parameter pattern: sqlite3ExprCompare returns non-pointer (likely using output params)
[2m[DEBUG][0m [SUPPRESSED] C API output parameter pattern: sqlite3ExprAffinity returns non-pointer (likely using output params)
[2m[DEBUG][0m [SUPPRESSED] C API output parameter pattern: sqlite3ExprCanReturnSubtype returns non-pointer (likely using output params)
[2m[DEBUG][0m [SUPPRESSED] C API output parameter pattern: exprCompareVariable returns non-pointer (likely using output params)
[2m[DEBUG][0m [SUPPRESSED] C API output parameter pattern: sqlite3WindowCompare returns non-pointer (likely using output params)
[2m[DEBUG][0m [SUPPRESSED] C API output parameter pattern: sqlite3ExprListCompare returns non-pointer (likely using output params)
[33m[WARN][0m [RETURN-STACK] stack alloca returned from sqlite3VdbeGetBoundValue
[2m[DEBUG][0m [SUPPRESSED] C API output parameter pattern: exprNodeCanReturnSubtype returns non-pointer (likely using output params)
[2m[DEBUG][0m [SUPPRESSED] C API output parameter pattern: sqlite3WalkExpr returns non-pointer (likely using output params)
[2m[DEBUG][0m [SUPPRESSED] C API output parameter pattern: sqlite3WalkExprNN returns non-pointer (likely using output params)
[2m[DEBUG][0m [SUPPRESSED] C API output parameter pattern: sqlite3WalkSelect returns non-pointer (likely using output params)
[2m[DEBUG][0m [SUPPRESSED] C API output parameter pattern: sqlite3WalkExprList returns non-pointer (likely using output params)
[2m[DEBUG][0m [SUPPRESSED] C API output parameter pattern: walkWindowList returns non-pointer (likely using output params)
[2m[DEBUG][0m [SUPPRESSED] C API output parameter pattern: sqlite3WalkSelectExpr returns non-pointer (likely using output params)
[2m[DEBUG][0m [SUPPRESSED] C API output parameter pattern: sqlite3WalkSelectFrom returns non-pointer (likely using output params)
[33m[WARN][0m [RETURN-STACK] stack alloca returned from findRightmost
[33m[WARN][0m [RETURN-STACK] stack alloca returned from sqlite3ColumnExpr
[33m[WARN][0m [RETURN-STACK] stack alloca returned from sqlite3VdbeParser
[2m[DEBUG][0m [SUPPRESSED] C API output parameter pattern: sqlite3TableColumnToIndex returns non-pointer (likely using output params)
[2m[DEBUG][0m [SUPPRESSED] C API output parameter pattern: sqlite3VdbeAddOp4Dup8 returns non-pointer (likely using output params)
[2m[DEBUG][0m [SUPPRESSED] C API output parameter pattern: exprCodeSubselect returns non-pointer (likely using output params)
[2m[DEBUG][0m [SUPPRESSED] C API output parameter pattern: exprVectorRegister returns non-pointer (likely using output params)
[33m[WARN][0m [RETURN-STACK] stack alloca returned from sqlite3VectorFieldSubexpr
[2m[DEBUG][0m [SUPPRESSED] C API output parameter pattern: sqlite3GetTempReg returns non-pointer (likely using output params)
[2m[DEBUG][0m [SUPPRESSED] C API output parameter pattern: binaryCompareP5 returns non-pointer (likely using output params)
[2m[DEBUG][0m [SUPPRESSED] C API output parameter pattern: sqlite3CompareAffinity returns non-pointer (likely using output params)
[2m[DEBUG][0m [SUPPRESSED] C API output parameter pattern: exprIsConst returns non-pointer (likely using output params)
[2m[DEBUG][0m [SUPPRESSED] C API output parameter pattern: exprNodeIsConstant returns non-pointer (likely using output params)
[2m[DEBUG][0m [SUPPRESSED] C API output parameter pattern: sqlite3SelectWalkFail returns non-pointer (likely using output params)
[2m[DEBUG][0m [SUPPRESSED] C API output parameter pattern: exprNodeIsConstantFunction returns non-pointer (likely using output params)
[2m[DEBUG][0m [SUPPRESSED] C API output parameter pattern: sqlite3ExprImpliesExpr returns non-pointer (likely using output params)
[2m[DEBUG][0m [SUPPRESSED] C API output parameter pattern: sqlite3ExprImpliesNonNullRow returns non-pointer (likely using output params)
[2m[DEBUG][0m [SUPPRESSED] C API output parameter pattern: exprImpliesNotNull returns non-pointer (likely using output params)
[2m[DEBUG][0m [SUPPRESSED] C API output parameter pattern: impliesNotNullRow returns non-pointer (likely using output params)
[2m[DEBUG][0m [SUPPRESSED] C API output parameter pattern: sqlite3VdbeExplain returns non-pointer (likely using output params)
[2m[DEBUG][0m [SUPPRESSED] C API output parameter pattern: sqlite3ExprDeferredDelete returns non-pointer (likely using output params)
[33m[WARN][0m [RETURN-STACK] stack alloca returned from sqlite3ParserAddCleanup
[2m[DEBUG][0m [SUPPRESSED] C API output parameter pattern: sqlite3ExprCheckIN returns non-pointer (likely using output params)
[33m[WARN][0m [RETURN-STACK] stack alloca returned from exprINAffinity
[2m[DEBUG][0m [SUPPRESSED] C API output parameter pattern: sqlite3FindInIndex returns non-pointer (likely using output params)
[2m[DEBUG][0m [SUPPRESSED] C API output parameter pattern: sqlite3ExprCanBeNull returns non-pointer (likely using output params)
[33m[WARN][0m [RETURN-STACK] stack alloca returned from isCandidateForInOpt
[2m[DEBUG][0m [SUPPRESSED] C API output parameter pattern: sqlite3InRhsIsConstant returns non-pointer (likely using output params)
[2m[DEBUG][0m [SUPPRESSED] C API output parameter pattern: findCompatibleInRhsSubrtn returns non-pointer (likely using output params)
[33m[WARN][0m [RETURN-STACK] stack alloca returned from sqlite3SelectDup
[2m[DEBUG][0m [SUPPRESSED] C API output parameter pattern: sqlite3VdbeChangeToNoop returns non-pointer (likely using output params)
[33m[WARN][0m [RETURN-STACK] stack alloca returned from sqlite3ExprListDup
[33m[WARN][0m [RETURN-STACK] stack alloca returned from sqlite3SrcListDup
[33m[WARN][0m [RETURN-STACK] stack alloca returned from sqlite3WithDup
[33m[WARN][0m [RETURN-STACK] stack alloca returned from sqlite3WindowListDup
[33m[WARN][0m [RETURN-STACK] stack alloca returned from sqlite3IdListDup
[33m[WARN][0m [RETURN-STACK] stack alloca returned from sqlite3WindowDup
[2m[DEBUG][0m [SUPPRESSED] C API output parameter pattern: gatherSelectWindowsCallback returns non-pointer (likely using output params)
[2m[DEBUG][0m [SUPPRESSED] C API output parameter pattern: gatherSelectWindowsSelectCallback returns non-pointer (likely using output params)
[33m[WARN][0m [RETURN-STACK] stack alloca returned from exprDup
[2m[DEBUG][0m [SUPPRESSED] C API output parameter pattern: dupedExprSize returns non-pointer (likely using output params)
[2m[DEBUG][0m [SUPPRESSED] C API output parameter pattern: dupedExprStructSize returns non-pointer (likely using output params)
[2m[DEBUG][0m [SUPPRESSED] C API output parameter pattern: exprStructSize returns non-pointer (likely using output params)
[2m[DEBUG][0m [SUPPRESSED] C API output parameter pattern: dupedExprNodeSize returns non-pointer (likely using output params)
[33m[WARN][0m [RETURN-STACK] stack alloca returned from sqlite3ExprSimplifiedAndOr
[2m[DEBUG][0m [SUPPRESSED] C API output parameter pattern: sqlite3AuthCheck returns non-pointer (likely using output params)
[2m[DEBUG][0m [SUPPRESSED] C API output parameter pattern: sqlite3TwoPartName returns non-pointer (likely using output params)
[2m[DEBUG][0m [SUPPRESSED] C API output parameter pattern: sqlite3CheckObjectName returns non-pointer (likely using output params)
[2m[DEBUG][0m [SUPPRESSED] C API output parameter pattern: sqlite3FindDb returns non-pointer (likely using output params)
[2m[DEBUG][0m [SUPPRESSED] C API output parameter pattern: sqlite3ReadOnlyShadowTables returns non-pointer (likely using output params)
[2m[DEBUG][0m [SUPPRESSED] C API output parameter pattern: sqlite3ShadowTableName returns non-pointer (likely using output params)
[2m[DEBUG][0m [SUPPRESSED] C API output parameter pattern: sqlite3IsShadowTableOf returns non-pointer (likely using output params)
[2m[DEBUG][0m [SUPPRESSED] C API output parameter pattern: sqlite3ResolveSelfReference returns non-pointer (likely using output params)
[33m[WARN][0m [RETURN-STACK] stack alloca returned from sqlite3ResultSetOfSelect
[33m[WARN][0m [RETURN-STACK] stack alloca returned from createTableStmt
[2m[DEBUG][0m [SUPPRESSED] C API output parameter pattern: isDupColumn returns non-pointer (likely using output params)
[2m[DEBUG][0m [SUPPRESSED] C API output parameter pattern: resizeIndexObject returns non-pointer (likely using output params)
[2m[DEBUG][0m [SUPPRESSED] C API output parameter pattern: hasColumn returns non-pointer (likely using output params)
[2m[DEBUG][0m [SUPPRESSED] C API output parameter pattern: sqlite3ResolveExprNames returns non-pointer (likely using output params)
[2m[DEBUG][0m [SUPPRESSED] C API output parameter pattern: sqlite3ResolveExprListNames returns non-pointer (likely using output params)
[2m[DEBUG][0m [SUPPRESSED] C API output parameter pattern: resolveExprStep returns non-pointer (likely using output params)
[2m[DEBUG][0m [SUPPRESSED] C API output parameter pattern: resolveSelectStep returns non-pointer (likely using output params)
[2m[DEBUG][0m [SUPPRESSED] C API output parameter pattern: sqlite3ExprCheckHeight returns non-pointer (likely using output params)
[2m[DEBUG][0m [SUPPRESSED] C API output parameter pattern: lookupName returns non-pointer (likely using output params)
[2m[DEBUG][0m [SUPPRESSED] C API output parameter pattern: exprProbability returns non-pointer (likely using output params)
[2m[DEBUG][0m [SUPPRESSED] C API output parameter pattern: sqlite3ReferencesSrcList returns non-pointer (likely using output params)
[2m[DEBUG][0m [SUPPRESSED] C API output parameter pattern: sqlite3MatchEName returns non-pointer (likely using output params)
[2m[DEBUG][0m [SUPPRESSED] C API output parameter pattern: sqlite3IdListIndex returns non-pointer (likely using output params)
[2m[DEBUG][0m [SUPPRESSED] C API output parameter pattern: isValidSchemaTableName returns non-pointer (likely using output params)
[2m[DEBUG][0m [SUPPRESSED] C API output parameter pattern: sqlite3StrIHash returns non-pointer (likely using output params)
[2m[DEBUG][0m [SUPPRESSED] C API output parameter pattern: areDoubleQuotedStringsEnabled returns non-pointer (likely using output params)
[2m[DEBUG][0m [SUPPRESSED] C API output parameter pattern: sqlite3ExprColUsed returns non-pointer (likely using output params)
[2m[DEBUG][0m [SUPPRESSED] C API output parameter pattern: incrAggDepth returns non-pointer (likely using output params)
[2m[DEBUG][0m [SUPPRESSED] C API output parameter pattern: sqlite3AuthReadCol returns non-pointer (likely using output params)
[33m[WARN][0m [RETURN-STACK] stack alloca returned from windowFind
[2m[DEBUG][0m [SUPPRESSED] C API output parameter pattern: exprRefToSrcList returns non-pointer (likely using output params)
[2m[DEBUG][0m [SUPPRESSED] C API output parameter pattern: selectRefEnter returns non-pointer (likely using output params)
[2m[DEBUG][0m [SUPPRESSED] C API output parameter pattern: resolveOrderGroupBy returns non-pointer (likely using output params)
[2m[DEBUG][0m [SUPPRESSED] C API output parameter pattern: resolveCompoundOrderBy returns non-pointer (likely using output params)
[2m[DEBUG][0m [SUPPRESSED] C API output parameter pattern: sqlite3ExprWalkNoop returns non-pointer (likely using output params)
[2m[DEBUG][0m [SUPPRESSED] C API output parameter pattern: convertCompoundSelectToSubquery returns non-pointer (likely using output params)
[2m[DEBUG][0m [SUPPRESSED] C API output parameter pattern: selectExpander returns non-pointer (likely using output params)
[2m[DEBUG][0m [SUPPRESSED] C API output parameter pattern: sqlite3ExpandSubquery returns non-pointer (likely using output params)
[2m[DEBUG][0m [SUPPRESSED] C API output parameter pattern: resolveFromTermToCte returns non-pointer (likely using output params)
[2m[DEBUG][0m [SUPPRESSED] C API output parameter pattern: cannotBeFunction returns non-pointer (likely using output params)
[2m[DEBUG][0m [SUPPRESSED] C API output parameter pattern: sqlite3ViewGetColumnNames returns non-pointer (likely using output params)
[2m[DEBUG][0m [SUPPRESSED] C API output parameter pattern: sqlite3SrcItemAttachSubquery returns non-pointer (likely using output params)
[2m[DEBUG][0m [SUPPRESSED] C API output parameter pattern: sqlite3IndexedByLookup returns non-pointer (likely using output params)
[2m[DEBUG][0m [SUPPRESSED] C API output parameter pattern: sqlite3ProcessJoin returns non-pointer (likely using output params)
[33m[WARN][0m [RETURN-STACK] stack alloca returned from sqlite3RowidAlias
[2m[DEBUG][0m [SUPPRESSED] C API output parameter pattern: inAnyUsingClause returns non-pointer (likely using output params)
[2m[DEBUG][0m [SUPPRESSED] C API output parameter pattern: sqlite3ColumnsFromExprList returns non-pointer (likely using output params)
[2m[DEBUG][0m [SUPPRESSED] C API output parameter pattern: sqlite3IsTrueOrFalse returns non-pointer (likely using output params)
[33m[WARN][0m [RETURN-STACK] stack alloca returned from searchWith
[2m[DEBUG][0m [SUPPRESSED] C API output parameter pattern: viewGetColumnNames returns non-pointer (likely using output params)
[2m[DEBUG][0m [SUPPRESSED] C API output parameter pattern: sqlite3VtabCallConnect returns non-pointer (likely using output params)
[2m[DEBUG][0m [SUPPRESSED] C API output parameter pattern: sqlite3ExprDataType returns non-pointer (likely using output params)
[33m[WARN][0m [RETURN-STACK] stack alloca returned from columnTypeImpl
[2m[DEBUG][0m [SUPPRESSED] C API output parameter pattern: tableAndColumnIndex returns non-pointer (likely using output params)
[2m[DEBUG][0m [SUPPRESSED] C API output parameter pattern: sqlite3ColumnIndex returns non-pointer (likely using output params)
[33m[WARN][0m [RETURN-STACK] stack alloca returned from sqlite3CreateColumnExpr
[2m[DEBUG][0m [SUPPRESSED] C API output parameter pattern: sqlite3SelectWalkNoop returns non-pointer (likely using output params)
[2m[DEBUG][0m [SUPPRESSED] C API output parameter pattern: resolveAsName returns non-pointer (likely using output params)
[2m[DEBUG][0m [SUPPRESSED] C API output parameter pattern: sqlite3ExprIsInteger returns non-pointer (likely using output params)
[2m[DEBUG][0m [SUPPRESSED] C API output parameter pattern: sqlite3ResolveOrderGroupBy returns non-pointer (likely using output params)
[2m[DEBUG][0m [SUPPRESSED] C API output parameter pattern: resolveRemoveWindowsCb returns non-pointer (likely using output params)
[33m[WARN][0m [RETURN-STACK] stack alloca returned from sqlite3SelectOpName
[2m[DEBUG][0m [SUPPRESSED] C API output parameter pattern: resolveOrderByTermToExprList returns non-pointer (likely using output params)
[33m[WARN][0m [RETURN-STACK] stack alloca returned from sqlite3TableAffinityStr
[2m[DEBUG][0m [SUPPRESSED] C API output parameter pattern: identLength returns non-pointer (likely using output params)
[2m[DEBUG][0m [SUPPRESSED] C API output parameter pattern: sqlite3ExprIsConstantOrFunction returns non-pointer (likely using output params)
[2m[DEBUG][0m [SUPPRESSED] C API output parameter pattern: renameUnmapExprCb returns non-pointer (likely using output params)
[2m[DEBUG][0m [SUPPRESSED] C API output parameter pattern: renameUnmapSelectCb returns non-pointer (likely using output params)
[33m[WARN][0m [RETURN-STACK] stack alloca returned from sqlite3ExprSkipCollate
[2m[DEBUG][0m [SUPPRESSED] C API output parameter pattern: sqlite3HasExplicitNulls returns non-pointer (likely using output params)
[33m[WARN][0m [RETURN-STACK] stack alloca returned from sqlite3SrcListLookup
[2m[DEBUG][0m [SUPPRESSED] C API output parameter pattern: sqlite3FixSrcList returns non-pointer (likely using output params)
[33m[WARN][0m [RETURN-STACK] stack alloca returned from sqlite3AllocateIndexObject
[2m[DEBUG][0m [SUPPRESSED] C API output parameter pattern: fixExprCb returns non-pointer (likely using output params)
[2m[DEBUG][0m [SUPPRESSED] C API output parameter pattern: fixSelectCb returns non-pointer (likely using output params)
[33m[WARN][0m [RETURN-STACK] stack alloca returned from sqlite3KeyInfoRef
[2m[DEBUG][0m [SUPPRESSED] C API output parameter pattern: sqlite3GenerateIndexKey returns non-pointer (likely using output params)
[2m[DEBUG][0m [SUPPRESSED] C API output parameter pattern: sqlite3VdbeDeletePriorOpcode returns non-pointer (likely using output params)
[2m[DEBUG][0m [SUPPRESSED] C API output parameter pattern: tableMayNotBeDropped returns non-pointer (likely using output params)
[33m[WARN][0m [RETURN-STACK] stack alloca returned from sqlite3TriggerList
[2m[DEBUG][0m [SUPPRESSED] C API output parameter pattern: sqlite3FixSelect returns non-pointer (likely using output params)
[2m[DEBUG][0m [SUPPRESSED] C API output parameter pattern: sameSrcAlias returns non-pointer (likely using output params)
[2m[DEBUG][0m [SUPPRESSED] C API output parameter pattern: sqlite3WindowRewrite returns non-pointer (likely using output params)
[2m[DEBUG][0m [SUPPRESSED] C API output parameter pattern: flattenSubquery returns non-pointer (likely using output params)
[2m[DEBUG][0m [SUPPRESSED] C API output parameter pattern: multiSelect returns non-pointer (likely using output params)
[2m[DEBUG][0m [SUPPRESSED] C API output parameter pattern: propagateConstants returns non-pointer (likely using output params)
[2m[DEBUG][0m [SUPPRESSED] C API output parameter pattern: countOfViewOptimization returns non-pointer (likely using output params)
[2m[DEBUG][0m [SUPPRESSED] C API output parameter pattern: sqlite3SelectExprHeight returns non-pointer (likely using output params)
[2m[DEBUG][0m [SUPPRESSED] C API output parameter pattern: pushDownWhereTerms returns non-pointer (likely using output params)
[2m[DEBUG][0m [SUPPRESSED] C API output parameter pattern: disableUnusedSubqueryResultColumns returns non-pointer (likely using output params)
[2m[DEBUG][0m [SUPPRESSED] C API output parameter pattern: fromClauseTermCanBeCoroutine returns non-pointer (likely using output params)
[33m[WARN][0m [RETURN-STACK] stack alloca returned from isSelfJoinView
[33m[WARN][0m [RETURN-STACK] stack alloca returned from sqlite3KeyInfoFromExprList
[33m[WARN][0m [RETURN-STACK] stack alloca returned from sqlite3WhereBegin
[2m[DEBUG][0m [SUPPRESSED] C API output parameter pattern: sqlite3WhereOutputRowCount returns non-pointer (likely using output params)
[2m[DEBUG][0m [SUPPRESSED] C API output parameter pattern: sqlite3WhereIsDistinct returns non-pointer (likely using output params)
[2m[DEBUG][0m [SUPPRESSED] C API output parameter pattern: sqlite3WhereIsOrdered returns non-pointer (likely using output params)
[2m[DEBUG][0m [SUPPRESSED] C API output parameter pattern: sqlite3WhereOrderByLimitOptLabel returns non-pointer (likely using output params)
[2m[DEBUG][0m [SUPPRESSED] C API output parameter pattern: sqlite3WhereContinueLabel returns non-pointer (likely using output params)
[2m[DEBUG][0m [SUPPRESSED] C API output parameter pattern: sqlite3WhereBreakLabel returns non-pointer (likely using output params)
[2m[DEBUG][0m [SUPPRESSED] C API output parameter pattern: minMaxQuery returns non-pointer (likely using output params)
[2m[DEBUG][0m [SUPPRESSED] C API output parameter pattern: sqlite3WhereIsSorted returns non-pointer (likely using output params)
[33m[WARN][0m [RETURN-STACK] stack alloca returned from isSimpleCount
[2m[DEBUG][0m [SUPPRESSED] C API output parameter pattern: sqlite3VdbeSetColName returns non-pointer (likely using output params)
[2m[DEBUG][0m [SUPPRESSED] C API output parameter pattern: disallowAggregatesInOrderByCb returns non-pointer (likely using output params)
[33m[WARN][0m [RETURN-STACK] stack alloca returned from exprListAppendList
[2m[DEBUG][0m [SUPPRESSED] C API output parameter pattern: sqlite3WindowExtraAggFuncDepth returns non-pointer (likely using output params)
[2m[DEBUG][0m [SUPPRESSED] C API output parameter pattern: sqlite3WalkerDepthIncrease returns non-pointer (likely using output params)
[2m[DEBUG][0m [SUPPRESSED] C API output parameter pattern: agginfoPersistExprCb returns non-pointer (likely using output params)
[2m[DEBUG][0m [SUPPRESSED] C API output parameter pattern: selectWindowRewriteExprCb returns non-pointer (likely using output params)
[2m[DEBUG][0m [SUPPRESSED] C API output parameter pattern: selectWindowRewriteSelectCb returns non-pointer (likely using output params)
[2m[DEBUG][0m [SUPPRESSED] C API output parameter pattern: compoundHasDifferentAffinities returns non-pointer (likely using output params)
[33m[WARN][0m [RETURN-STACK] stack alloca returned from sqlite3SubqueryDetach
[33m[WARN][0m [RETURN-STACK] stack alloca returned from sqlite3SrcListEnlarge
[33m[WARN][0m [RETURN-STACK] stack alloca returned from findLeftmostExprlist
[2m[DEBUG][0m [SUPPRESSED] C API output parameter pattern: renumberCursorsCb returns non-pointer (likely using output params)
[33m[WARN][0m [RETURN-STACK] stack alloca returned from substExpr
[2m[DEBUG][0m [SUPPRESSED] C API output parameter pattern: recomputeColumnsUsedExpr returns non-pointer (likely using output params)
[2m[DEBUG][0m [SUPPRESSED] C API output parameter pattern: multiSelectValues returns non-pointer (likely using output params)
[2m[DEBUG][0m [SUPPRESSED] C API output parameter pattern: hasAnchor returns non-pointer (likely using output params)
[2m[DEBUG][0m [SUPPRESSED] C API output parameter pattern: multiSelectOrderBy returns non-pointer (likely using output params)
[2m[DEBUG][0m [SUPPRESSED] C API output parameter pattern: sqlite3LogEstAdd returns non-pointer (likely using output params)
[33m[WARN][0m [RETURN-STACK] stack alloca returned from multiSelectCollSeq
[33m[WARN][0m [RETURN-STACK] stack alloca returned from multiSelectOrderByKeyInfo
[2m[DEBUG][0m [SUPPRESSED] C API output parameter pattern: generateOutputSubroutine returns non-pointer (likely using output params)
[2m[DEBUG][0m [SUPPRESSED] C API output parameter pattern: sqlite3VdbeExplainParent returns non-pointer (likely using output params)
[2m[DEBUG][0m [SUPPRESSED] C API output parameter pattern: propagateConstantExprRewrite returns non-pointer (likely using output params)
[2m[DEBUG][0m [SUPPRESSED] C API output parameter pattern: sqlite3IsBinary returns non-pointer (likely using output params)
[2m[DEBUG][0m [SUPPRESSED] C API output parameter pattern: binCollFunc returns non-pointer (likely using output params)
[2m[DEBUG][0m [SUPPRESSED] C API output parameter pattern: propagateConstantExprRewriteOne returns non-pointer (likely using output params)
[2m[DEBUG][0m [SUPPRESSED] C API output parameter pattern: sqlite3ExprIsSingleTableConstraint returns non-pointer (likely using output params)
[2m[DEBUG][0m [SUPPRESSED] C API output parameter pattern: pushDownWindowCheck returns non-pointer (likely using output params)
[2m[DEBUG][0m [SUPPRESSED] C API output parameter pattern: sqlite3ExprIsTableConstant returns non-pointer (likely using output params)
[2m[DEBUG][0m [SUPPRESSED] C API output parameter pattern: exprSelectWalkTableConstant returns non-pointer (likely using output params)
[2m[DEBUG][0m [SUPPRESSED] C API output parameter pattern: sqlite3ExprIsConstantOrGroupBy returns non-pointer (likely using output params)
[2m[DEBUG][0m [SUPPRESSED] C API output parameter pattern: exprNodeIsConstantOrGroupBy returns non-pointer (likely using output params)
[33m[WARN][0m [RETURN-STACK] stack alloca returned from sqlite3ExprNNCollSeq
[2m[DEBUG][0m [SUPPRESSED] C API output parameter pattern: exprIsDeterministic returns non-pointer (likely using output params)
[2m[DEBUG][0m [SUPPRESSED] C API output parameter pattern: isDistinctRedundant returns non-pointer (likely using output params)
[2m[DEBUG][0m [SUPPRESSED] C API output parameter pattern: whereShortCut returns non-pointer (likely using output params)
[2m[DEBUG][0m [SUPPRESSED] C API output parameter pattern: whereLoopAddAll returns non-pointer (likely using output params)
[2m[DEBUG][0m [SUPPRESSED] C API output parameter pattern: wherePathSolver returns non-pointer (likely using output params)
[2m[DEBUG][0m [SUPPRESSED] C API output parameter pattern: whereOmitNoopJoin returns non-pointer (likely using output params)
[33m[WARN][0m [RETURN-STACK] stack alloca returned from sqlite3WhereMalloc
[2m[DEBUG][0m [SUPPRESSED] C API output parameter pattern: sqlite3WhereExplainOneScan returns non-pointer (likely using output params)
[2m[DEBUG][0m [SUPPRESSED] C API output parameter pattern: sqlite3WhereCodeOneLoopStart returns non-pointer (likely using output params)
[2m[DEBUG][0m [SUPPRESSED] C API output parameter pattern: whereClauseInsert returns non-pointer (likely using output params)
[2m[DEBUG][0m [SUPPRESSED] C API output parameter pattern: sqlite3WhereExprUsage returns non-pointer (likely using output params)
[2m[DEBUG][0m [SUPPRESSED] C API output parameter pattern: exprSelectUsage returns non-pointer (likely using output params)
[2m[DEBUG][0m [SUPPRESSED] C API output parameter pattern: sqlite3WhereExprListUsage returns non-pointer (likely using output params)
[2m[DEBUG][0m [SUPPRESSED] C API output parameter pattern: sqlite3WhereExprUsageNN returns non-pointer (likely using output params)
[2m[DEBUG][0m [SUPPRESSED] C API output parameter pattern: sqlite3WhereGetMask returns non-pointer (likely using output params)
[2m[DEBUG][0m [SUPPRESSED] C API output parameter pattern: allowedOp returns non-pointer (likely using output params)
[2m[DEBUG][0m [SUPPRESSED] C API output parameter pattern: exprMightBeIndexed returns non-pointer (likely using output params)
[2m[DEBUG][0m [SUPPRESSED] C API output parameter pattern: operatorMask returns non-pointer (likely using output params)
[2m[DEBUG][0m [SUPPRESSED] C API output parameter pattern: termIsEquivalence returns non-pointer (likely using output params)
[2m[DEBUG][0m [SUPPRESSED] C API output parameter pattern: exprCommute returns non-pointer (likely using output params)
[2m[DEBUG][0m [SUPPRESSED] C API output parameter pattern: isLikeOrGlob returns non-pointer (likely using output params)
[33m[WARN][0m [RETURN-STACK] stack alloca returned from sqlite3ExprForVectorField
[2m[DEBUG][0m [SUPPRESSED] C API output parameter pattern: isAuxiliaryVtabOperator returns non-pointer (likely using output params)
[2m[DEBUG][0m [SUPPRESSED] C API output parameter pattern: sqlite3WhereExprUsageFull returns non-pointer (likely using output params)
[2m[DEBUG][0m [SUPPRESSED] C API output parameter pattern: exprMightBeIndexed2 returns non-pointer (likely using output params)
[2m[DEBUG][0m [SUPPRESSED] C API output parameter pattern: sqlite3ExprCompareSkip returns non-pointer (likely using output params)
[2m[DEBUG][0m [SUPPRESSED] C API output parameter pattern: sqlite3ExprCollSeqMatch returns non-pointer (likely using output params)
[33m[WARN][0m [RETURN-STACK] stack alloca returned from whereNthSubterm
[2m[DEBUG][0m [SUPPRESSED] C API output parameter pattern: sqlite3IsLikeFunction returns non-pointer (likely using output params)
[2m[DEBUG][0m [SUPPRESSED] C API output parameter pattern: exprNodeIsDeterministic returns non-pointer (likely using output params)
[33m[WARN][0m [RETURN-STACK] stack alloca returned from sqlite3WhereFindTerm
[2m[DEBUG][0m [SUPPRESSED] C API output parameter pattern: findIndexCol returns non-pointer (likely using output params)
[2m[DEBUG][0m [SUPPRESSED] C API output parameter pattern: indexColumnNotNull returns non-pointer (likely using output params)
[33m[WARN][0m [RETURN-STACK] stack alloca returned from whereScanInit
[33m[WARN][0m [RETURN-STACK] stack alloca returned from whereScanNext
[33m[WARN][0m [RETURN-STACK] stack alloca returned from whereRightSubexprIsColumn
[33m[WARN][0m [RETURN-STACK] stack alloca returned from indexInAffinityOk
[2m[DEBUG][0m [SUPPRESSED] C API output parameter pattern: sqlite3IndexAffinityOk returns non-pointer (likely using output params)
[2m[DEBUG][0m [SUPPRESSED] C API output parameter pattern: comparisonAffinity returns non-pointer (likely using output params)
[2m[DEBUG][0m [SUPPRESSED] C API output parameter pattern: whereLoopAddVirtual returns non-pointer (likely using output params)
[2m[DEBUG][0m [SUPPRESSED] C API output parameter pattern: whereLoopAddBtree returns non-pointer (likely using output params)
[2m[DEBUG][0m [SUPPRESSED] C API output parameter pattern: whereLoopAddOr returns non-pointer (likely using output params)
[33m[WARN][0m [RETURN-STACK] stack alloca returned from allocateIndexInfo
[2m[DEBUG][0m [SUPPRESSED] C API output parameter pattern: whereLoopResize returns non-pointer (likely using output params)
[2m[DEBUG][0m [SUPPRESSED] C API output parameter pattern: whereLoopAddVirtualOne returns non-pointer (likely using output params)
[2m[DEBUG][0m [SUPPRESSED] C API output parameter pattern: constraintCompatibleWithOuterJoin returns non-pointer (likely using output params)
[2m[DEBUG][0m [SUPPRESSED] C API output parameter pattern: isLimitTerm returns non-pointer (likely using output params)
[2m[DEBUG][0m [SUPPRESSED] C API output parameter pattern: vtabBestIndex returns non-pointer (likely using output params)
[2m[DEBUG][0m [SUPPRESSED] C API output parameter pattern: allConstraintsUsed returns non-pointer (likely using output params)
[2m[DEBUG][0m [SUPPRESSED] C API output parameter pattern: whereLoopInsert returns non-pointer (likely using output params)
[2m[DEBUG][0m [SUPPRESSED] C API output parameter pattern: whereOrInsert returns non-pointer (likely using output params)
[33m[WARN][0m [RETURN-STACK] stack alloca returned from whereLoopFindLesser
[2m[DEBUG][0m [SUPPRESSED] C API output parameter pattern: whereLoopXfer returns non-pointer (likely using output params)
[2m[DEBUG][0m [SUPPRESSED] C API output parameter pattern: whereLoopCheaperProperSubset returns non-pointer (likely using output params)
[2m[DEBUG][0m [SUPPRESSED] C API output parameter pattern: estLog returns non-pointer (likely using output params)
[2m[DEBUG][0m [SUPPRESSED] C API output parameter pattern: termCanDriveIndex returns non-pointer (likely using output params)
[2m[DEBUG][0m [SUPPRESSED] C API output parameter pattern: whereUsablePartialIndex returns non-pointer (likely using output params)
[2m[DEBUG][0m [SUPPRESSED] C API output parameter pattern: indexMightHelpWithOrderBy returns non-pointer (likely using output params)
[2m[DEBUG][0m [SUPPRESSED] C API output parameter pattern: whereIsCoveringIndex returns non-pointer (likely using output params)
[2m[DEBUG][0m [SUPPRESSED] C API output parameter pattern: sqlite3ExprCoveredByIndex returns non-pointer (likely using output params)
[2m[DEBUG][0m [SUPPRESSED] C API output parameter pattern: whereLoopAddBtreeIndex returns non-pointer (likely using output params)
[2m[DEBUG][0m [SUPPRESSED] C API output parameter pattern: columnIsGoodIndexCandidate returns non-pointer (likely using output params)
[2m[DEBUG][0m [SUPPRESSED] C API output parameter pattern: whereIsCoveringIndexWalkCallback returns non-pointer (likely using output params)
[2m[DEBUG][0m [SUPPRESSED] C API output parameter pattern: exprIsCoveredByIndex returns non-pointer (likely using output params)
[2m[DEBUG][0m [SUPPRESSED] C API output parameter pattern: exprIdxCover returns non-pointer (likely using output params)
[2m[DEBUG][0m [SUPPRESSED] C API output parameter pattern: whereRangeVectorLen returns non-pointer (likely using output params)
[2m[DEBUG][0m [SUPPRESSED] C API output parameter pattern: whereRangeScanEst returns non-pointer (likely using output params)
[2m[DEBUG][0m [SUPPRESSED] C API output parameter pattern: whereRangeAdjust returns non-pointer (likely using output params)
[2m[DEBUG][0m [SUPPRESSED] C API output parameter pattern: computeMxChoice returns non-pointer (likely using output params)
[2m[DEBUG][0m [SUPPRESSED] C API output parameter pattern: wherePathSatisfiesOrderBy returns non-pointer (likely using output params)
[2m[DEBUG][0m [SUPPRESSED] C API output parameter pattern: whereSortingCost returns non-pointer (likely using output params)
[2m[DEBUG][0m [SUPPRESSED] C API output parameter pattern: wherePathMatchSubqueryOB returns non-pointer (likely using output params)
[33m[WARN][0m [RETURN-STACK] stack alloca returned from sqlite3IndexAffinityStr
[33m[WARN][0m [RETURN-STACK] stack alloca returned from computeIndexAffStr
[2m[DEBUG][0m [SUPPRESSED] C API output parameter pattern: sqlite3WhereExplainBloomFilter returns non-pointer (likely using output params)
[33m[WARN][0m [RETURN-STACK] stack alloca returned from explainIndexColumnName
[2m[DEBUG][0m [SUPPRESSED] C API output parameter pattern: codeEqualityTerm returns non-pointer (likely using output params)
[2m[DEBUG][0m [SUPPRESSED] C API output parameter pattern: codeAllEqualityTerms returns non-pointer (likely using output params)
[2m[DEBUG][0m [SUPPRESSED] C API output parameter pattern: whereLoopIsOneRow returns non-pointer (likely using output params)
[2m[DEBUG][0m [SUPPRESSED] C API output parameter pattern: sqlite3WhereUsesDeferredSeek returns non-pointer (likely using output params)
[33m[WARN][0m [RETURN-STACK] stack alloca returned from removeUnindexableInClauseTerms
[33m[WARN][0m [RETURN-STACK] stack alloca returned from sqlite3WhereRealloc
[2m[DEBUG][0m [SUPPRESSED] C API output parameter pattern: sqlite3ExprNeedsNoAffinityChange returns non-pointer (likely using output params)
[2m[DEBUG][0m [SUPPRESSED] C API output parameter pattern: windowExprGtZero returns non-pointer (likely using output params)
[2m[DEBUG][0m [SUPPRESSED] C API output parameter pattern: windowCacheFrame returns non-pointer (likely using output params)
[2m[DEBUG][0m [SUPPRESSED] C API output parameter pattern: windowInitAccum returns non-pointer (likely using output params)
[2m[DEBUG][0m [SUPPRESSED] C API output parameter pattern: windowCodeOp returns non-pointer (likely using output params)
[2m[DEBUG][0m [SUPPRESSED] C API output parameter pattern: windowArgCount returns non-pointer (likely using output params)
[2m[DEBUG][0m [SUPPRESSED] C API output parameter pattern: codeDistinct returns non-pointer (likely using output params)
[2m[DEBUG][0m [SUPPRESSED] C API output parameter pattern: makeSorterRecord returns non-pointer (likely using output params)
[2m[DEBUG][0m [SUPPRESSED] C API output parameter pattern: sqlite3StorageColumnToTable returns non-pointer (likely using output params)
[2m[DEBUG][0m [SUPPRESSED] C API output parameter pattern: havingToWhereExprCb returns non-pointer (likely using output params)
[2m[DEBUG][0m [SUPPRESSED] C API output parameter pattern: analyzeAggregate returns non-pointer (likely using output params)
[2m[DEBUG][0m [SUPPRESSED] C API output parameter pattern: addAggInfoFunc returns non-pointer (likely using output params)
[2m[DEBUG][0m [SUPPRESSED] C API output parameter pattern: addAggInfoColumn returns non-pointer (likely using output params)
[33m[WARN][0m [RETURN-STACK] stack alloca returned from sqlite3ArrayAllocate
[2m[DEBUG][0m [SUPPRESSED] C API output parameter pattern: aggregateIdxEprRefToColCallback returns non-pointer (likely using output params)
[2m[DEBUG][0m [SUPPRESSED] C API output parameter pattern: exprListIsConstant returns non-pointer (likely using output params)
[2m[DEBUG][0m [SUPPRESSED] C API output parameter pattern: exprListIsNoAffinity returns non-pointer (likely using output params)
[33m[WARN][0m [RETURN-STACK] stack alloca returned from sqlite3ExprListAppendNew
[33m[WARN][0m [RETURN-STACK] stack alloca returned from sqlite3ExprListAppendGrow
[33m[WARN][0m [RETURN-STACK] stack alloca returned from sqlite3TriggersExist
[2m[DEBUG][0m [SUPPRESSED] C API output parameter pattern: sqlite3FkRequired returns non-pointer (likely using output params)
[2m[DEBUG][0m [SUPPRESSED] C API output parameter pattern: sqlite3IsReadOnly returns non-pointer (likely using output params)
[2m[DEBUG][0m [SUPPRESSED] C API output parameter pattern: sqlite3WhereOkOnePass returns non-pointer (likely using output params)
[2m[DEBUG][0m [SUPPRESSED] C API output parameter pattern: sqlite3OpenTableAndIndices returns non-pointer (likely using output params)
[2m[DEBUG][0m [SUPPRESSED] C API output parameter pattern: tempTriggersExist returns non-pointer (likely using output params)
[2m[DEBUG][0m [SUPPRESSED] C API output parameter pattern: checkColumnOverlap returns non-pointer (likely using output params)
[2m[DEBUG][0m [SUPPRESSED] C API output parameter pattern: fkChildIsModified returns non-pointer (likely using output params)
[2m[DEBUG][0m [SUPPRESSED] C API output parameter pattern: fkParentIsModified returns non-pointer (likely using output params)
[2m[DEBUG][0m [SUPPRESSED] C API output parameter pattern: tabIsReadOnly returns non-pointer (likely using output params)
[2m[DEBUG][0m [SUPPRESSED] C API output parameter pattern: vtabIsReadOnly returns non-pointer (likely using output params)
[2m[DEBUG][0m [SUPPRESSED] C API output parameter pattern: sqlite3TriggerColmask returns non-pointer (likely using output params)
[2m[DEBUG][0m [SUPPRESSED] C API output parameter pattern: sqlite3FkOldmask returns non-pointer (likely using output params)
[33m[WARN][0m [RETURN-STACK] stack alloca returned from getRowTrigger
[33m[WARN][0m [RETURN-STACK] stack alloca returned from codeRowTrigger
[2m[DEBUG][0m [SUPPRESSED] C API output parameter pattern: codeTriggerProgram returns non-pointer (likely using output params)
[33m[WARN][0m [RETURN-STACK] stack alloca returned from sqlite3VdbeTakeOpArray
[33m[WARN][0m [RETURN-STACK] stack alloca returned from sqlite3TriggerStepSrc
[33m[WARN][0m [RETURN-STACK] stack alloca returned from sqlite3UpsertDup
[2m[DEBUG][0m [SUPPRESSED] C API output parameter pattern: sqlite3FkLocateIndex returns non-pointer (likely using output params)
[33m[WARN][0m [RETURN-STACK] stack alloca returned from sqlite3ExpandReturning
[2m[DEBUG][0m [SUPPRESSED] C API output parameter pattern: isAsteriskTerm returns non-pointer (likely using output params)
[2m[DEBUG][0m [SUPPRESSED] C API output parameter pattern: sqlite3ReturningSubqueryCorrelated returns non-pointer (likely using output params)
[2m[DEBUG][0m [SUPPRESSED] C API output parameter pattern: sqlite3ReturningSubqueryVarSelect returns non-pointer (likely using output params)
[2m[DEBUG][0m [SUPPRESSED] C API output parameter pattern: isSetNullAction returns non-pointer (likely using output params)
[33m[WARN][0m [RETURN-STACK] stack alloca returned from exprTableRegister
[33m[WARN][0m [RETURN-STACK] stack alloca returned from exprTableColumn
[33m[WARN][0m [RETURN-STACK] stack alloca returned from fkActionTrigger
[2m[DEBUG][0m [SUPPRESSED] C API output parameter pattern: sqlite3ExprReferencesUpdatedColumn returns non-pointer (likely using output params)
[2m[DEBUG][0m [SUPPRESSED] C API output parameter pattern: indexWhereClauseMightChange returns non-pointer (likely using output params)
[2m[DEBUG][0m [SUPPRESSED] C API output parameter pattern: indexColumnIsBeingUpdated returns non-pointer (likely using output params)
[2m[DEBUG][0m [SUPPRESSED] C API output parameter pattern: checkConstraintExprNode returns non-pointer (likely using output params)
[33m[WARN][0m [RETURN-STACK] stack alloca returned from exprRowColumn
[2m[DEBUG][0m [SUPPRESSED] C API output parameter pattern: exprColumnFlagUnion returns non-pointer (likely using output params)
[33m[WARN][0m [RETURN-STACK] stack alloca returned from sqlite3UpsertOfIndex
[2m[DEBUG][0m [SUPPRESSED] C API output parameter pattern: sqlite3UpsertNextIsIPK returns non-pointer (likely using output params)
[2m[DEBUG][0m [SUPPRESSED] C API output parameter pattern: xferOptimization returns non-pointer (likely using output params)
[2m[DEBUG][0m [SUPPRESSED] C API output parameter pattern: autoIncBegin returns non-pointer (likely using output params)
[2m[DEBUG][0m [SUPPRESSED] C API output parameter pattern: readsTable returns non-pointer (likely using output params)
[2m[DEBUG][0m [SUPPRESSED] C API output parameter pattern: sqlite3UpsertAnalyzeTarget returns non-pointer (likely using output params)
[2m[DEBUG][0m [SUPPRESSED] C API output parameter pattern: sqlite3VdbeHasSubProgram returns non-pointer (likely using output params)
[2m[DEBUG][0m [SUPPRESSED] C API output parameter pattern: xferCompatibleIndex returns non-pointer (likely using output params)
[33m[WARN][0m [RETURN-STACK] stack alloca returned from sqlite3VListAdd
[2m[DEBUG][0m [SUPPRESSED] C API output parameter pattern: sqlite3ExprListFlags returns non-pointer (likely using output params)
[2m[DEBUG][0m [SUPPRESSED] C API output parameter pattern: sqlite3BtreeSecureDelete returns non-pointer (likely using output params)
[2m[DEBUG][0m [SUPPRESSED] C API output parameter pattern: getLockingMode returns non-pointer (likely using output params)
[2m[DEBUG][0m [SUPPRESSED] C API output parameter pattern: sqlite3PagerLockingMode returns non-pointer (likely using output params)
[2m[DEBUG][0m [SUPPRESSED] C API output parameter pattern: sqlite3PagerJournalSizeLimit returns non-pointer (likely using output params)
[2m[DEBUG][0m [SUPPRESSED] C API output parameter pattern: getAutoVacuum returns non-pointer (likely using output params)
[2m[DEBUG][0m [SUPPRESSED] C API output parameter pattern: sqlite3BtreeSetMmapLimit returns non-pointer (likely using output params)
[2m[DEBUG][0m [SUPPRESSED] C API output parameter pattern: changeTempStorage returns non-pointer (likely using output params)
[2m[DEBUG][0m [SUPPRESSED] C API output parameter pattern: invalidateTempStorage returns non-pointer (likely using output params)
[2m[DEBUG][0m [SUPPRESSED] C API output parameter pattern: getSafetyLevel returns non-pointer (likely using output params)
[33m[WARN][0m [RETURN-STACK] stack alloca returned from sqlite3PreferredTableName
[33m[WARN][0m [RETURN-STACK] stack alloca returned from actionName
[2m[DEBUG][0m [SUPPRESSED] C API output parameter pattern: integrityCheckResultRow returns non-pointer (likely using output params)
[2m[DEBUG][0m [SUPPRESSED] C API output parameter pattern: sqlite3WalHeapMemory returns non-pointer (likely using output params)
[2m[DEBUG][0m [SUPPRESSED] C API output parameter pattern: getTempStore returns non-pointer (likely using output params)
[2m[DEBUG][0m [SUPPRESSED] C API output parameter pattern: sqlite3FixTriggerStep returns non-pointer (likely using output params)
[2m[DEBUG][0m [SUPPRESSED] C API output parameter pattern: sqlite3FixExpr returns non-pointer (likely using output params)
[33m[WARN][0m [RETURN-STACK] stack alloca returned from triggerStepAllocate
[33m[WARN][0m [RETURN-STACK] stack alloca returned from triggerSpanDup
[33m[WARN][0m [RETURN-STACK] stack alloca returned from sqlite3SchemaGet
[2m[DEBUG][0m [SUPPRESSED] C API output parameter pattern: sqlite3ParseUri returns non-pointer (likely using output params)
[2m[DEBUG][0m [SUPPRESSED] C API output parameter pattern: resolveAttachExpr returns non-pointer (likely using output params)
[2m[DEBUG][0m [SUPPRESSED] C API output parameter pattern: sqlite3BtreeIsInBackup returns non-pointer (likely using output params)
[2m[DEBUG][0m [SUPPRESSED] C API output parameter pattern: collationMatch returns non-pointer (likely using output params)
[2m[DEBUG][0m [SUPPRESSED] C API output parameter pattern: isAlterableTable returns non-pointer (likely using output params)
[2m[DEBUG][0m [SUPPRESSED] C API output parameter pattern: isRealTable returns non-pointer (likely using output params)
[33m[WARN][0m [RETURN-STACK] stack alloca returned from sqlite3WindowOffsetExpr
[33m[WARN][0m [RETURN-STACK] stack alloca returned from contextMalloc
[33m[WARN][0m [RETURN-STACK] stack alloca returned from sqlite3GetFuncCollSeq
[2m[DEBUG][0m [SUPPRESSED] C API output parameter pattern: strContainsChar returns non-pointer (likely using output params)
[2m[DEBUG][0m [SUPPRESSED] C API output parameter pattern: sqlite3IsOverflow returns non-pointer (likely using output params)
[2m[DEBUG][0m [SUPPRESSED] C API output parameter pattern: renameParseSql returns non-pointer (likely using output params)
[2m[DEBUG][0m [SUPPRESSED] C API output parameter pattern: renameColumnExprCb returns non-pointer (likely using output params)
[2m[DEBUG][0m [SUPPRESSED] C API output parameter pattern: renameColumnSelectCb returns non-pointer (likely using output params)
[33m[WARN][0m [RETURN-STACK] stack alloca returned from renameTokenFind
[2m[DEBUG][0m [SUPPRESSED] C API output parameter pattern: renameResolveTrigger returns non-pointer (likely using output params)
[2m[DEBUG][0m [SUPPRESSED] C API output parameter pattern: renameEditSql returns non-pointer (likely using output params)
[33m[WARN][0m [RETURN-STACK] stack alloca returned from renameColumnTokenNext
[2m[DEBUG][0m [SUPPRESSED] C API output parameter pattern: renameTableExprCb returns non-pointer (likely using output params)
[2m[DEBUG][0m [SUPPRESSED] C API output parameter pattern: renameTableSelectCb returns non-pointer (likely using output params)
[2m[DEBUG][0m [SUPPRESSED] C API output parameter pattern: renameQuotefixExprCb returns non-pointer (likely using output params)
[2m[DEBUG][0m [SUPPRESSED] C API output parameter pattern: isDate returns non-pointer (likely using output params)
[2m[DEBUG][0m [SUPPRESSED] C API output parameter pattern: sqlite3NotPureFunc returns non-pointer (likely using output params)
[2m[DEBUG][0m [SUPPRESSED] C API output parameter pattern: setDateTimeToCurrent returns non-pointer (likely using output params)
[2m[DEBUG][0m [SUPPRESSED] C API output parameter pattern: parseDateOrTime returns non-pointer (likely using output params)
[2m[DEBUG][0m [SUPPRESSED] C API output parameter pattern: parseModifier returns non-pointer (likely using output params)
[2m[DEBUG][0m [SUPPRESSED] C API output parameter pattern: validJulianDay returns non-pointer (likely using output params)
[2m[DEBUG][0m [SUPPRESSED] C API output parameter pattern: sqlite3StmtCurrentTime returns non-pointer (likely using output params)
[2m[DEBUG][0m [SUPPRESSED] C API output parameter pattern: parseYyyyMmDd returns non-pointer (likely using output params)
[2m[DEBUG][0m [SUPPRESSED] C API output parameter pattern: parseHhMmSs returns non-pointer (likely using output params)
[2m[DEBUG][0m [SUPPRESSED] C API output parameter pattern: getDigits returns non-pointer (likely using output params)
[2m[DEBUG][0m [SUPPRESSED] C API output parameter pattern: parseTimezone returns non-pointer (likely using output params)
[2m[DEBUG][0m [SUPPRESSED] C API output parameter pattern: toLocaltime returns non-pointer (likely using output params)
[2m[DEBUG][0m [SUPPRESSED] C API output parameter pattern: osLocaltime returns non-pointer (likely using output params)
[2m[DEBUG][0m [SUPPRESSED] C API output parameter pattern: daysAfterMonday returns non-pointer (likely using output params)
[2m[DEBUG][0m [SUPPRESSED] C API output parameter pattern: daysAfterJan01 returns non-pointer (likely using output params)
[2m[DEBUG][0m [SUPPRESSED] C API output parameter pattern: daysAfterSunday returns non-pointer (likely using output params)
[33m[WARN][0m [RETURN-STACK] stack alloca returned from jsonParseFuncArg
[2m[DEBUG][0m [SUPPRESSED] C API output parameter pattern: jsonLookupStep returns non-pointer (likely using output params)
[33m[WARN][0m [RETURN-STACK] stack alloca returned from jsonBadPathError
[33m[WARN][0m [RETURN-STACK] stack alloca returned from jsonCacheSearch
[2m[DEBUG][0m [SUPPRESSED] C API output parameter pattern: jsonArgIsJsonb returns non-pointer (likely using output params)
[2m[DEBUG][0m [SUPPRESSED] C API output parameter pattern: jsonBlobMakeEditable returns non-pointer (likely using output params)
[2m[DEBUG][0m [SUPPRESSED] C API output parameter pattern: jsonConvertTextToBlob returns non-pointer (likely using output params)
[2m[DEBUG][0m [SUPPRESSED] C API output parameter pattern: sqlite3ValueIsOfClass returns non-pointer (likely using output params)
[2m[DEBUG][0m [SUPPRESSED] C API output parameter pattern: jsonCacheInsert returns non-pointer (likely using output params)
[2m[DEBUG][0m [SUPPRESSED] C API output parameter pattern: jsonbPayloadSize returns non-pointer (likely using output params)
[2m[DEBUG][0m [SUPPRESSED] C API output parameter pattern: jsonBlobExpand returns non-pointer (likely using output params)
[2m[DEBUG][0m [SUPPRESSED] C API output parameter pattern: jsonTranslateTextToBlob returns non-pointer (likely using output params)
[2m[DEBUG][0m [SUPPRESSED] C API output parameter pattern: json5Whitespace returns non-pointer (likely using output params)
[2m[DEBUG][0m [SUPPRESSED] C API output parameter pattern: jsonIs4HexB returns non-pointer (likely using output params)
[2m[DEBUG][0m [SUPPRESSED] C API output parameter pattern: jsonBlobChangePayloadSize returns non-pointer (likely using output params)
[2m[DEBUG][0m [SUPPRESSED] C API output parameter pattern: jsonIs4Hex returns non-pointer (likely using output params)
[2m[DEBUG][0m [SUPPRESSED] C API output parameter pattern: jsonIs2Hex returns non-pointer (likely using output params)
[2m[DEBUG][0m [SUPPRESSED] C API output parameter pattern: jsonLabelCompare returns non-pointer (likely using output params)
[2m[DEBUG][0m [SUPPRESSED] C API output parameter pattern: jsonCreateEditSubstructure returns non-pointer (likely using output params)
[2m[DEBUG][0m [SUPPRESSED] C API output parameter pattern: jsonbArrayCount returns non-pointer (likely using output params)
[2m[DEBUG][0m [SUPPRESSED] C API output parameter pattern: jsonLabelCompareEscaped returns non-pointer (likely using output params)
[2m[DEBUG][0m [SUPPRESSED] C API output parameter pattern: sqlite3Utf8ReadLimited returns non-pointer (likely using output params)
[2m[DEBUG][0m [SUPPRESSED] C API output parameter pattern: jsonUnescapeOneChar returns non-pointer (likely using output params)
[2m[DEBUG][0m [SUPPRESSED] C API output parameter pattern: jsonHexToInt4 returns non-pointer (likely using output params)
[2m[DEBUG][0m [SUPPRESSED] C API output parameter pattern: jsonHexToInt returns non-pointer (likely using output params)
[2m[DEBUG][0m [SUPPRESSED] C API output parameter pattern: jsonBytesToBypass returns non-pointer (likely using output params)
[2m[DEBUG][0m [SUPPRESSED] C API output parameter pattern: jsonTranslateBlobToText returns non-pointer (likely using output params)
[2m[DEBUG][0m [SUPPRESSED] C API output parameter pattern: jsonStringGrow returns non-pointer (likely using output params)
[33m[WARN][0m [RETURN-HEAP] heap via sqlite3_realloc64() returned from sqlite3RCStrResize - ownership unclear
[2m[DEBUG][0m [SUPPRESSED] C API output parameter pattern: jsonStringTerminate returns non-pointer (likely using output params)
[2m[DEBUG][0m [SUPPRESSED] C API output parameter pattern: jsonFuncArgMightBeBinary returns non-pointer (likely using output params)
[2m[DEBUG][0m [SUPPRESSED] C API output parameter pattern: jsonbValidityCheck returns non-pointer (likely using output params)
[2m[DEBUG][0m [SUPPRESSED] C API output parameter pattern: jsonAllAlphanum returns non-pointer (likely using output params)
[2m[DEBUG][0m [SUPPRESSED] C API output parameter pattern: jsonFunctionArgToBlob returns non-pointer (likely using output params)
[2m[DEBUG][0m [SUPPRESSED] C API output parameter pattern: jsonMergePatch returns non-pointer (likely using output params)
[2m[DEBUG][0m [SUPPRESSED] C API output parameter pattern: jsonTranslateBlobToPrettyText returns non-pointer (likely using output params)
[33m[WARN][0m [RETURN-STACK] stack alloca returned from sqlite3FunctionSearch
[33m[WARN][0m [RETURN-HEAP] heap via malloc_zone_realloc() returned from sqlite3MemRealloc - ownership unclear
[2m[DEBUG][0m [SUPPRESSED] C API output parameter pattern: sqlite3MemSize returns non-pointer (likely using output params)
[2m[DEBUG][0m [SUPPRESSED] C API output parameter pattern: sqlite3MemRoundup returns non-pointer (likely using output params)
[33m[WARN][0m [HEAP-TO-GLOBAL] heap via malloc_default_zone() -> global in sqlite3MemInit
[33m[WARN][0m [HEAP-TO-GLOBAL] heap via malloc_create_zone() -> global in sqlite3MemInit
[2m[DEBUG][0m [SUPPRESSED] C API output parameter pattern: sqlite3MemInit returns non-pointer (likely using output params)
[2m[DEBUG][0m [SUPPRESSED] C API output parameter pattern: pcache1Init returns non-pointer (likely using output params)
[33m[WARN][0m [RETURN-STACK] stack alloca returned from pcache1Create
[2m[DEBUG][0m [SUPPRESSED] C API output parameter pattern: pcache1Pagecount returns non-pointer (likely using output params)
[33m[WARN][0m [RETURN-STACK] stack alloca returned from pcache1PinPage
[33m[WARN][0m [RETURN-STACK] stack alloca returned from pcache1FetchNoMutex
[33m[WARN][0m [RETURN-STACK] stack alloca returned from pcache1FetchStage2
[2m[DEBUG][0m [SUPPRESSED] C API output parameter pattern: pcache1UnderMemoryPressure returns non-pointer (likely using output params)
[33m[WARN][0m [RETURN-STACK] stack alloca returned from pcache1AllocPage
[2m[DEBUG][0m [SUPPRESSED] C API output parameter pattern: pcache1InitBulk returns non-pointer (likely using output params)
[2m[DEBUG][0m [SUPPRESSED] C API output parameter pattern: connectionIsBusy returns non-pointer (likely using output params)
[2m[DEBUG][0m [SUPPRESSED] C API output parameter pattern: matchQuality returns non-pointer (likely using output params)
[2m[DEBUG][0m [SUPPRESSED] C API output parameter pattern: sqlite3BtreeCheckpoint returns non-pointer (likely using output params)
[2m[DEBUG][0m [SUPPRESSED] C API output parameter pattern: sqlite3PagerCheckpoint returns non-pointer (likely using output params)
[2m[DEBUG][0m [SUPPRESSED] C API output parameter pattern: nocaseCollatingFunc returns non-pointer (likely using output params)
[2m[DEBUG][0m [SUPPRESSED] C API output parameter pattern: rtrimCollFunc returns non-pointer (likely using output params)
[2m[DEBUG][0m [SUPPRESSED] C API output parameter pattern: sqlite3Fts5Init returns non-pointer (likely using output params)
[2m[DEBUG][0m [SUPPRESSED] C API output parameter pattern: sqlite3RtreeInit returns non-pointer (likely using output params)
[2m[DEBUG][0m [SUPPRESSED] C API output parameter pattern: sqlite3TestExtInit returns non-pointer (likely using output params)
[2m[DEBUG][0m [SUPPRESSED] C API output parameter pattern: sqlite3JsonTableFunctions returns non-pointer (likely using output params)
[2m[DEBUG][0m [SUPPRESSED] C API output parameter pattern: fts5Init returns non-pointer (likely using output params)
[2m[DEBUG][0m [SUPPRESSED] C API output parameter pattern: fts5CreateMethod returns non-pointer (likely using output params)
[2m[DEBUG][0m [SUPPRESSED] C API output parameter pattern: fts5ConnectMethod returns non-pointer (likely using output params)
[2m[DEBUG][0m [SUPPRESSED] C API output parameter pattern: fts5BestIndexMethod returns non-pointer (likely using output params)
[2m[DEBUG][0m [SUPPRESSED] C API output parameter pattern: fts5DisconnectMethod returns non-pointer (likely using output params)
[2m[DEBUG][0m [SUPPRESSED] C API output parameter pattern: fts5DestroyMethod returns non-pointer (likely using output params)
[2m[DEBUG][0m [SUPPRESSED] C API output parameter pattern: fts5OpenMethod returns non-pointer (likely using output params)
[2m[DEBUG][0m [SUPPRESSED] C API output parameter pattern: fts5CloseMethod returns non-pointer (likely using output params)
[2m[DEBUG][0m [SUPPRESSED] C API output parameter pattern: fts5FilterMethod returns non-pointer (likely using output params)
[2m[DEBUG][0m [SUPPRESSED] C API output parameter pattern: fts5NextMethod returns non-pointer (likely using output params)
[2m[DEBUG][0m [SUPPRESSED] C API output parameter pattern: fts5EofMethod returns non-pointer (likely using output params)
[2m[DEBUG][0m [SUPPRESSED] C API output parameter pattern: fts5ColumnMethod returns non-pointer (likely using output params)
[2m[DEBUG][0m [SUPPRESSED] C API output parameter pattern: fts5RowidMethod returns non-pointer (likely using output params)
[2m[DEBUG][0m [SUPPRESSED] C API output parameter pattern: fts5UpdateMethod returns non-pointer (likely using output params)
[2m[DEBUG][0m [SUPPRESSED] C API output parameter pattern: fts5BeginMethod returns non-pointer (likely using output params)
[2m[DEBUG][0m [SUPPRESSED] C API output parameter pattern: fts5SyncMethod returns non-pointer (likely using output params)
[2m[DEBUG][0m [SUPPRESSED] C API output parameter pattern: fts5CommitMethod returns non-pointer (likely using output params)
[2m[DEBUG][0m [SUPPRESSED] C API output parameter pattern: fts5RollbackMethod returns non-pointer (likely using output params)
[2m[DEBUG][0m [SUPPRESSED] C API output parameter pattern: fts5FindFunctionMethod returns non-pointer (likely using output params)
[2m[DEBUG][0m [SUPPRESSED] C API output parameter pattern: fts5RenameMethod returns non-pointer (likely using output params)
[2m[DEBUG][0m [SUPPRESSED] C API output parameter pattern: fts5SavepointMethod returns non-pointer (likely using output params)
[2m[DEBUG][0m [SUPPRESSED] C API output parameter pattern: fts5ReleaseMethod returns non-pointer (likely using output params)
[2m[DEBUG][0m [SUPPRESSED] C API output parameter pattern: fts5RollbackToMethod returns non-pointer (likely using output params)
[2m[DEBUG][0m [SUPPRESSED] C API output parameter pattern: fts5ShadowName returns non-pointer (likely using output params)
[2m[DEBUG][0m [SUPPRESSED] C API output parameter pattern: fts5IntegrityMethod returns non-pointer (likely using output params)
[2m[DEBUG][0m [SUPPRESSED] C API output parameter pattern: fts5CreateAux returns non-pointer (likely using output params)
[2m[DEBUG][0m [SUPPRESSED] C API output parameter pattern: fts5CreateTokenizer returns non-pointer (likely using output params)
[2m[DEBUG][0m [SUPPRESSED] C API output parameter pattern: fts5FindTokenizer returns non-pointer (likely using output params)
[2m[DEBUG][0m [SUPPRESSED] C API output parameter pattern: fts5CreateTokenizer_v2 returns non-pointer (likely using output params)
[2m[DEBUG][0m [SUPPRESSED] C API output parameter pattern: fts5FindTokenizer_v2 returns non-pointer (likely using output params)
[2m[DEBUG][0m [SUPPRESSED] C API output parameter pattern: sqlite3Fts5IndexInit returns non-pointer (likely using output params)
[2m[DEBUG][0m [SUPPRESSED] C API output parameter pattern: sqlite3Fts5ExprInit returns non-pointer (likely using output params)
[2m[DEBUG][0m [SUPPRESSED] C API output parameter pattern: sqlite3Fts5AuxInit returns non-pointer (likely using output params)
[2m[DEBUG][0m [SUPPRESSED] C API output parameter pattern: sqlite3Fts5TokenizerInit returns non-pointer (likely using output params)
[2m[DEBUG][0m [SUPPRESSED] C API output parameter pattern: sqlite3Fts5VocabInit returns non-pointer (likely using output params)
[2m[DEBUG][0m [SUPPRESSED] C API output parameter pattern: fts5InitVtab returns non-pointer (likely using output params)
[33m[WARN][0m [RETURN-HEAP] heap via sqlite3_malloc64() returned from sqlite3Fts5MallocZero - ownership unclear
[2m[DEBUG][0m [SUPPRESSED] C API output parameter pattern: sqlite3Fts5ConfigParse returns non-pointer (likely using output params)
[2m[DEBUG][0m [SUPPRESSED] C API output parameter pattern: sqlite3Fts5TokenizerPreload returns non-pointer (likely using output params)
[2m[DEBUG][0m [SUPPRESSED] C API output parameter pattern: sqlite3Fts5LoadTokenizer returns non-pointer (likely using output params)
[2m[DEBUG][0m [SUPPRESSED] C API output parameter pattern: sqlite3Fts5IndexOpen returns non-pointer (likely using output params)
[2m[DEBUG][0m [SUPPRESSED] C API output parameter pattern: sqlite3Fts5StorageOpen returns non-pointer (likely using output params)
[2m[DEBUG][0m [SUPPRESSED] C API output parameter pattern: sqlite3Fts5ConfigDeclareVtab returns non-pointer (likely using output params)
[2m[DEBUG][0m [SUPPRESSED] C API output parameter pattern: sqlite3Fts5ConfigLoad returns non-pointer (likely using output params)
[33m[WARN][0m [RETURN-HEAP] heap via sqlite3_malloc() returned from sqlite3Fts5Strndup - ownership unclear
[33m[WARN][0m [RETURN-STACK] stack alloca returned from fts5ConfigGobbleWord
[33m[WARN][0m [RETURN-STACK] stack alloca returned from fts5ConfigSkipWhitespace
[2m[DEBUG][0m [SUPPRESSED] C API output parameter pattern: fts5ConfigParseSpecial returns non-pointer (likely using output params)
[2m[DEBUG][0m [SUPPRESSED] C API output parameter pattern: fts5ConfigParseColumn returns non-pointer (likely using output params)
[33m[WARN][0m [RETURN-STACK] stack alloca returned from sqlite3Fts5Mprintf
[2m[DEBUG][0m [SUPPRESSED] C API output parameter pattern: fts5ConfigMakeExprlist returns non-pointer (likely using output params)
[2m[DEBUG][0m [SUPPRESSED] C API output parameter pattern: fts5_isopenquote returns non-pointer (likely using output params)
[2m[DEBUG][0m [SUPPRESSED] C API output parameter pattern: fts5Dequote returns non-pointer (likely using output params)
[33m[WARN][0m [RETURN-STACK] stack alloca returned from fts5ConfigSkipBareword
[2m[DEBUG][0m [SUPPRESSED] C API output parameter pattern: sqlite3Fts5IsBareword returns non-pointer (likely using output params)
[2m[DEBUG][0m [SUPPRESSED] C API output parameter pattern: fts5_iswhitespace returns non-pointer (likely using output params)
[33m[WARN][0m [RETURN-STACK] stack alloca returned from fts5ConfigSkipLiteral
[2m[DEBUG][0m [SUPPRESSED] C API output parameter pattern: fts5ConfigSetEnum returns non-pointer (likely using output params)
[2m[DEBUG][0m [SUPPRESSED] C API output parameter pattern: fts5_isdigit returns non-pointer (likely using output params)
[2m[DEBUG][0m [SUPPRESSED] C API output parameter pattern: sqlite3Fts5BufferSize returns non-pointer (likely using output params)
[33m[WARN][0m [RETURN-STACK] stack alloca returned from fts5LocateTokenizer
[2m[DEBUG][0m [SUPPRESSED] C API output parameter pattern: sqlite3Fts5TokenizerPattern returns non-pointer (likely using output params)
[2m[DEBUG][0m [SUPPRESSED] C API output parameter pattern: fts5TriCreate returns non-pointer (likely using output params)
[2m[DEBUG][0m [SUPPRESSED] C API output parameter pattern: sqlite3Fts5CreateTable returns non-pointer (likely using output params)
[2m[DEBUG][0m [SUPPRESSED] C API output parameter pattern: sqlite3Fts5IndexReinit returns non-pointer (likely using output params)
[2m[DEBUG][0m [SUPPRESSED] C API output parameter pattern: sqlite3Fts5IndexClose returns non-pointer (likely using output params)
[2m[DEBUG][0m [SUPPRESSED] C API output parameter pattern: fts5ExecPrintf returns non-pointer (likely using output params)
[2m[DEBUG][0m [SUPPRESSED] C API output parameter pattern: fts5IndexReturn returns non-pointer (likely using output params)
[2m[DEBUG][0m [SUPPRESSED] C API output parameter pattern: fts5IndexPrepareStmt returns non-pointer (likely using output params)
[2m[DEBUG][0m [SUPPRESSED] C API output parameter pattern: sqlite3Fts5PutVarint returns non-pointer (likely using output params)
[2m[DEBUG][0m [SUPPRESSED] C API output parameter pattern: fts5PutVarint64 returns non-pointer (likely using output params)
[2m[DEBUG][0m [SUPPRESSED] C API output parameter pattern: sqlite3Fts5StorageConfigValue returns non-pointer (likely using output params)
[2m[DEBUG][0m [SUPPRESSED] C API output parameter pattern: sqlite3Fts5StorageClose returns non-pointer (likely using output params)
[2m[DEBUG][0m [SUPPRESSED] C API output parameter pattern: fts5StorageGetStmt returns non-pointer (likely using output params)
[2m[DEBUG][0m [SUPPRESSED] C API output parameter pattern: sqlite3Fts5IndexSetCookie returns non-pointer (likely using output params)
[2m[DEBUG][0m [SUPPRESSED] C API output parameter pattern: sqlite3Fts5ConfigSetValue returns non-pointer (likely using output params)
[2m[DEBUG][0m [SUPPRESSED] C API output parameter pattern: sqlite3Fts5ConfigParseRank returns non-pointer (likely using output params)
[33m[WARN][0m [RETURN-STACK] stack alloca returned from fts5ConfigSkipArgs
[2m[DEBUG][0m [SUPPRESSED] C API output parameter pattern: fts5UsePatternMatch returns non-pointer (likely using output params)
[2m[DEBUG][0m [SUPPRESSED] C API output parameter pattern: sqlite3Fts5DropAll returns non-pointer (likely using output params)
[2m[DEBUG][0m [SUPPRESSED] C API output parameter pattern: fts5NewTransaction returns non-pointer (likely using output params)
[2m[DEBUG][0m [SUPPRESSED] C API output parameter pattern: sqlite3Fts5StorageReset returns non-pointer (likely using output params)
[2m[DEBUG][0m [SUPPRESSED] C API output parameter pattern: sqlite3Fts5IndexReset returns non-pointer (likely using output params)
[2m[DEBUG][0m [SUPPRESSED] C API output parameter pattern: fts5IndexDataVersion returns non-pointer (likely using output params)
[2m[DEBUG][0m [SUPPRESSED] C API output parameter pattern: fts5StmtType returns non-pointer (likely using output params)
[2m[DEBUG][0m [SUPPRESSED] C API output parameter pattern: fts5ExtractExprText returns non-pointer (likely using output params)
[2m[DEBUG][0m [SUPPRESSED] C API output parameter pattern: fts5SpecialMatch returns non-pointer (likely using output params)
[2m[DEBUG][0m [SUPPRESSED] C API output parameter pattern: sqlite3Fts5ExprNew returns non-pointer (likely using output params)
[2m[DEBUG][0m [SUPPRESSED] C API output parameter pattern: sqlite3Fts5ExprAnd returns non-pointer (likely using output params)
[2m[DEBUG][0m [SUPPRESSED] C API output parameter pattern: sqlite3Fts5ExprPattern returns non-pointer (likely using output params)
[2m[DEBUG][0m [SUPPRESSED] C API output parameter pattern: fts5GetRowidLimit returns non-pointer (likely using output params)
[2m[DEBUG][0m [SUPPRESSED] C API output parameter pattern: sqlite3Fts5IndexLoadConfig returns non-pointer (likely using output params)
[2m[DEBUG][0m [SUPPRESSED] C API output parameter pattern: fts5CursorFirst returns non-pointer (likely using output params)
[2m[DEBUG][0m [SUPPRESSED] C API output parameter pattern: fts5CursorParseRank returns non-pointer (likely using output params)
[2m[DEBUG][0m [SUPPRESSED] C API output parameter pattern: fts5CursorFirstSorted returns non-pointer (likely using output params)
[2m[DEBUG][0m [SUPPRESSED] C API output parameter pattern: sqlite3Fts5StorageStmt returns non-pointer (likely using output params)
[2m[DEBUG][0m [SUPPRESSED] C API output parameter pattern: sqlite3Fts5IsLocaleValue returns non-pointer (likely using output params)
[2m[DEBUG][0m [SUPPRESSED] C API output parameter pattern: sqlite3Fts5DecodeLocaleValue returns non-pointer (likely using output params)
[2m[DEBUG][0m [SUPPRESSED] C API output parameter pattern: sqlite3Fts5IndexReads returns non-pointer (likely using output params)
[33m[WARN][0m [RETURN-STACK] stack alloca returned from sqlite3Fts5ParserAlloc
[33m[WARN][0m [RETURN-HEAP] heap via sqlite3_malloc64() returned from fts5ParseAlloc - ownership unclear
[2m[DEBUG][0m [SUPPRESSED] C API output parameter pattern: fts5ExprGetToken returns non-pointer (likely using output params)
[2m[DEBUG][0m [SUPPRESSED] C API output parameter pattern: fts5ExprIsspace returns non-pointer (likely using output params)
[2m[DEBUG][0m [SUPPRESSED] C API output parameter pattern: fts5yy_find_shift_action returns non-pointer (likely using output params)
[2m[DEBUG][0m [SUPPRESSED] C API output parameter pattern: fts5yy_reduce returns non-pointer (likely using output params)
[33m[WARN][0m [RETURN-STACK] stack alloca returned from sqlite3Fts5ParseColsetInvert
[33m[WARN][0m [RETURN-STACK] stack alloca returned from sqlite3Fts5ParseColset
[33m[WARN][0m [RETURN-STACK] stack alloca returned from sqlite3Fts5ParseNode
[33m[WARN][0m [RETURN-STACK] stack alloca returned from sqlite3Fts5ParseImplicitAnd
[33m[WARN][0m [RETURN-STACK] stack alloca returned from sqlite3Fts5ParseNearset
[33m[WARN][0m [RETURN-STACK] stack alloca returned from sqlite3Fts5ParseTerm
[2m[DEBUG][0m [SUPPRESSED] C API output parameter pattern: fts5yy_find_reduce_action returns non-pointer (likely using output params)
[33m[WARN][0m [RETURN-HEAP] heap via sqlite3_realloc64() returned from fts5ParseColset - ownership unclear
[33m[WARN][0m [RETURN-STACK] stack alloca returned from fts5ParsePhraseToAnd
[2m[DEBUG][0m [SUPPRESSED] C API output parameter pattern: parseGrowPhraseArray returns non-pointer (likely using output params)
[2m[DEBUG][0m [SUPPRESSED] C API output parameter pattern: fts5ExprNodeNext_TERM returns non-pointer (likely using output params)
[2m[DEBUG][0m [SUPPRESSED] C API output parameter pattern: fts5ExprNodeNext_STRING returns non-pointer (likely using output params)
[2m[DEBUG][0m [SUPPRESSED] C API output parameter pattern: fts5ExprNodeNext_OR returns non-pointer (likely using output params)
[2m[DEBUG][0m [SUPPRESSED] C API output parameter pattern: fts5ExprNodeNext_AND returns non-pointer (likely using output params)
[2m[DEBUG][0m [SUPPRESSED] C API output parameter pattern: fts5ExprNodeNext_NOT returns non-pointer (likely using output params)
[2m[DEBUG][0m [SUPPRESSED] C API output parameter pattern: sqlite3Fts5IterNextFrom returns non-pointer (likely using output params)
[2m[DEBUG][0m [SUPPRESSED] C API output parameter pattern: sqlite3Fts5IterNext returns non-pointer (likely using output params)
[2m[DEBUG][0m [SUPPRESSED] C API output parameter pattern: fts5ExprNodeTest_TERM returns non-pointer (likely using output params)
[2m[DEBUG][0m [SUPPRESSED] C API output parameter pattern: fts5MultiIterAdvanceRowid returns non-pointer (likely using output params)
[2m[DEBUG][0m [SUPPRESSED] C API output parameter pattern: fts5MultiIterIsDeleted returns non-pointer (likely using output params)
[2m[DEBUG][0m [SUPPRESSED] C API output parameter pattern: fts5DlidxIterEof returns non-pointer (likely using output params)
[2m[DEBUG][0m [SUPPRESSED] C API output parameter pattern: fts5DlidxIterRowid returns non-pointer (likely using output params)
[2m[DEBUG][0m [SUPPRESSED] C API output parameter pattern: fts5DlidxIterPgno returns non-pointer (likely using output params)
[2m[DEBUG][0m [SUPPRESSED] C API output parameter pattern: fts5DlidxIterNext returns non-pointer (likely using output params)
[2m[DEBUG][0m [SUPPRESSED] C API output parameter pattern: fts5DlidxIterPrev returns non-pointer (likely using output params)
[2m[DEBUG][0m [SUPPRESSED] C API output parameter pattern: fts5DlidxIterNextR returns non-pointer (likely using output params)
[2m[DEBUG][0m [SUPPRESSED] C API output parameter pattern: fts5DlidxLvlNext returns non-pointer (likely using output params)
[33m[WARN][0m [RETURN-HEAP] heap via sqlite3_malloc64() returned from fts5DataRead - ownership unclear
[2m[DEBUG][0m [SUPPRESSED] C API output parameter pattern: sqlite3Fts5GetVarint32 returns non-pointer (likely using output params)
[2m[DEBUG][0m [SUPPRESSED] C API output parameter pattern: sqlite3Fts5GetVarint returns non-pointer (likely using output params)
[2m[DEBUG][0m [SUPPRESSED] C API output parameter pattern: fts5GetU16 returns non-pointer (likely using output params)
[33m[WARN][0m [RETURN-STACK] stack alloca returned from fts5LeafRead
[2m[DEBUG][0m [SUPPRESSED] C API output parameter pattern: fts5DlidxIterPrevR returns non-pointer (likely using output params)
[2m[DEBUG][0m [SUPPRESSED] C API output parameter pattern: fts5DlidxLvlPrev returns non-pointer (likely using output params)
[2m[DEBUG][0m [SUPPRESSED] C API output parameter pattern: fts5GetPoslistSize returns non-pointer (likely using output params)
[2m[DEBUG][0m [SUPPRESSED] C API output parameter pattern: fts5MultiIterDoCompare returns non-pointer (likely using output params)
[2m[DEBUG][0m [SUPPRESSED] C API output parameter pattern: fts5BufferCompare returns non-pointer (likely using output params)
[2m[DEBUG][0m [SUPPRESSED] C API output parameter pattern: fts5IndexTombstoneQuery returns non-pointer (likely using output params)
[2m[DEBUG][0m [SUPPRESSED] C API output parameter pattern: fts5GetU32 returns non-pointer (likely using output params)
[2m[DEBUG][0m [SUPPRESSED] C API output parameter pattern: fts5GetU64 returns non-pointer (likely using output params)
[2m[DEBUG][0m [SUPPRESSED] C API output parameter pattern: sqlite3Fts5PoslistReaderInit returns non-pointer (likely using output params)
[2m[DEBUG][0m [SUPPRESSED] C API output parameter pattern: sqlite3Fts5PoslistReaderNext returns non-pointer (likely using output params)
[2m[DEBUG][0m [SUPPRESSED] C API output parameter pattern: sqlite3Fts5PoslistNext64 returns non-pointer (likely using output params)
[2m[DEBUG][0m [SUPPRESSED] C API output parameter pattern: fts5MultiIterEof returns non-pointer (likely using output params)
[2m[DEBUG][0m [SUPPRESSED] C API output parameter pattern: fts5MultiIterRowid returns non-pointer (likely using output params)
[2m[DEBUG][0m [SUPPRESSED] C API output parameter pattern: fts5ExprSynonymRowid returns non-pointer (likely using output params)
[2m[DEBUG][0m [SUPPRESSED] C API output parameter pattern: fts5ExprNodeTest_STRING returns non-pointer (likely using output params)
[2m[DEBUG][0m [SUPPRESSED] C API output parameter pattern: fts5ExprSynonymAdvanceto returns non-pointer (likely using output params)
[2m[DEBUG][0m [SUPPRESSED] C API output parameter pattern: fts5ExprAdvanceto returns non-pointer (likely using output params)
[2m[DEBUG][0m [SUPPRESSED] C API output parameter pattern: fts5ExprNearTest returns non-pointer (likely using output params)
[33m[WARN][0m [DOUBLE_FREE] MemoryGraph detected double-free of pointer in fts5ExprPhraseIsMatch
[2m[DEBUG][0m [SUPPRESSED] C API output parameter pattern: fts5ExprPhraseIsMatch returns non-pointer (likely using output params)
[2m[DEBUG][0m [SUPPRESSED] C API output parameter pattern: fts5ExprNearIsMatch returns non-pointer (likely using output params)
[2m[DEBUG][0m [SUPPRESSED] C API output parameter pattern: fts5ExprSynonymList returns non-pointer (likely using output params)
[2m[DEBUG][0m [SUPPRESSED] C API output parameter pattern: sqlite3Fts5PoslistWriterAppend returns non-pointer (likely using output params)
[2m[DEBUG][0m [SUPPRESSED] C API output parameter pattern: fts5LookaheadReaderInit returns non-pointer (likely using output params)
[2m[DEBUG][0m [SUPPRESSED] C API output parameter pattern: fts5LookaheadReaderNext returns non-pointer (likely using output params)
[2m[DEBUG][0m [SUPPRESSED] C API output parameter pattern: fts5RowidCmp returns non-pointer (likely using output params)
[2m[DEBUG][0m [SUPPRESSED] C API output parameter pattern: fts5NodeCompare returns non-pointer (likely using output params)
[2m[DEBUG][0m [SUPPRESSED] C API output parameter pattern: fts5ExprNodeTest_AND returns non-pointer (likely using output params)
[2m[DEBUG][0m [SUPPRESSED] C API output parameter pattern: fts5ExprNodeTest_NOT returns non-pointer (likely using output params)
[2m[DEBUG][0m [SUPPRESSED] C API output parameter pattern: fts5ParseStringFromToken returns non-pointer (likely using output params)
[2m[DEBUG][0m [SUPPRESSED] C API output parameter pattern: sqlite3Fts5Tokenize returns non-pointer (likely using output params)
[2m[DEBUG][0m [SUPPRESSED] C API output parameter pattern: fts5ParseTokenize returns non-pointer (likely using output params)
[33m[WARN][0m [RETURN-STACK] stack alloca returned from fts5CloneColset
[2m[DEBUG][0m [SUPPRESSED] C API output parameter pattern: fts5ExprCountChar returns non-pointer (likely using output params)
[33m[WARN][0m [RETURN-STACK] stack alloca returned from fts5StructureRead
[33m[WARN][0m [RETURN-STACK] stack alloca returned from fts5StructureReadUncached
[2m[DEBUG][0m [SUPPRESSED] C API output parameter pattern: fts5StructureDecode returns non-pointer (likely using output params)
[2m[DEBUG][0m [SUPPRESSED] C API output parameter pattern: sqlite3Fts5Get32 returns non-pointer (likely using output params)
[2m[DEBUG][0m [SUPPRESSED] C API output parameter pattern: sqlite3Fts5ExprFirst returns non-pointer (likely using output params)
[2m[DEBUG][0m [SUPPRESSED] C API output parameter pattern: sqlite3Fts5ExprEof returns non-pointer (likely using output params)
[2m[DEBUG][0m [SUPPRESSED] C API output parameter pattern: fts5ExprNodeFirst returns non-pointer (likely using output params)
[2m[DEBUG][0m [SUPPRESSED] C API output parameter pattern: fts5ExprNearInitAll returns non-pointer (likely using output params)
[2m[DEBUG][0m [SUPPRESSED] C API output parameter pattern: fts5ExprNodeTest returns non-pointer (likely using output params)
[2m[DEBUG][0m [SUPPRESSED] C API output parameter pattern: sqlite3Fts5IndexQuery returns non-pointer (likely using output params)
[2m[DEBUG][0m [SUPPRESSED] C API output parameter pattern: fts5IndexCharlen returns non-pointer (likely using output params)
[33m[WARN][0m [RETURN-STACK] stack alloca returned from fts5SetupTokendataIter
[33m[WARN][0m [RETURN-STACK] stack alloca returned from fts5MultiIterAlloc
[2m[DEBUG][0m [SUPPRESSED] C API output parameter pattern: fts5IsTokendataPrefix returns non-pointer (likely using output params)
[33m[WARN][0m [RETURN-HEAP] heap via sqlite3_realloc() returned from fts5AppendTokendataIter - ownership unclear
[2m[DEBUG][0m [SUPPRESSED] C API output parameter pattern: sqlite3Fts5HashIsEmpty returns non-pointer (likely using output params)
[2m[DEBUG][0m [SUPPRESSED] C API output parameter pattern: fts5AllocateSegid returns non-pointer (likely using output params)
[2m[DEBUG][0m [SUPPRESSED] C API output parameter pattern: sqlite3Fts5HashScanInit returns non-pointer (likely using output params)
[2m[DEBUG][0m [SUPPRESSED] C API output parameter pattern: sqlite3Fts5HashScanEof returns non-pointer (likely using output params)
[2m[DEBUG][0m [SUPPRESSED] C API output parameter pattern: fts5PoslistPrefix returns non-pointer (likely using output params)
[2m[DEBUG][0m [SUPPRESSED] C API output parameter pattern: fts5WriteDlidxGrow returns non-pointer (likely using output params)
[2m[DEBUG][0m [SUPPRESSED] C API output parameter pattern: fts5HashEntrySort returns non-pointer (likely using output params)
[33m[WARN][0m [RETURN-STACK] stack alloca returned from fts5HashEntryMerge
[2m[DEBUG][0m [SUPPRESSED] C API output parameter pattern: fts5HashAddPoslistSize returns non-pointer (likely using output params)
[2m[DEBUG][0m [SUPPRESSED] C API output parameter pattern: sqlite3Fts5GetVarintLen returns non-pointer (likely using output params)
[2m[DEBUG][0m [SUPPRESSED] C API output parameter pattern: fts5PrefixCompress returns non-pointer (likely using output params)
[2m[DEBUG][0m [SUPPRESSED] C API output parameter pattern: fts5WriteFlushDlidx returns non-pointer (likely using output params)
[2m[DEBUG][0m [SUPPRESSED] C API output parameter pattern: fts5DlidxExtractFirstRowid returns non-pointer (likely using output params)
[2m[DEBUG][0m [SUPPRESSED] C API output parameter pattern: fts5SegmentSize returns non-pointer (likely using output params)
[2m[DEBUG][0m [SUPPRESSED] C API output parameter pattern: fts5IndexMerge returns non-pointer (likely using output params)
[2m[DEBUG][0m [SUPPRESSED] C API output parameter pattern: fts5IndexFindDeleteMerge returns non-pointer (likely using output params)
[33m[WARN][0m [RETURN-STACK] stack alloca returned from fts5MultiIterTerm
[33m[WARN][0m [RETURN-STACK] stack alloca returned from fts5IdxNextStmt
[2m[DEBUG][0m [SUPPRESSED] C API output parameter pattern: fts5LeafFirstTermOff returns non-pointer (likely using output params)
[33m[WARN][0m [RETURN-HEAP] heap via sqlite3_realloc64() returned from fts5DlidxIterInit - ownership unclear
[2m[DEBUG][0m [SUPPRESSED] C API output parameter pattern: fts5DlidxIterFirst returns non-pointer (likely using output params)
[33m[WARN][0m [RETURN-STACK] stack alloca returned from fts5IdxSelectStmt
[2m[DEBUG][0m [SUPPRESSED] C API output parameter pattern: fts5MultiIterIsEmpty returns non-pointer (likely using output params)
[2m[DEBUG][0m [SUPPRESSED] C API output parameter pattern: sqlite3Fts5HashQuery returns non-pointer (likely using output params)
[2m[DEBUG][0m [SUPPRESSED] C API output parameter pattern: fts5HashKey returns non-pointer (likely using output params)
[2m[DEBUG][0m [SUPPRESSED] C API output parameter pattern: fts5IndexColsetTest returns non-pointer (likely using output params)
[2m[DEBUG][0m [SUPPRESSED] C API output parameter pattern: sqlite3Fts5ExprPhraseCount returns non-pointer (likely using output params)
[2m[DEBUG][0m [SUPPRESSED] C API output parameter pattern: fts5PrepareStatement returns non-pointer (likely using output params)
[2m[DEBUG][0m [SUPPRESSED] C API output parameter pattern: fts5SorterNext returns non-pointer (likely using output params)
[2m[DEBUG][0m [SUPPRESSED] C API output parameter pattern: fts5CursorReseek returns non-pointer (likely using output params)
[2m[DEBUG][0m [SUPPRESSED] C API output parameter pattern: sqlite3Fts5ExprNext returns non-pointer (likely using output params)
[2m[DEBUG][0m [SUPPRESSED] C API output parameter pattern: sqlite3Fts5ExprRowid returns non-pointer (likely using output params)
[2m[DEBUG][0m [SUPPRESSED] C API output parameter pattern: fts5PoslistBlob returns non-pointer (likely using output params)
[2m[DEBUG][0m [SUPPRESSED] C API output parameter pattern: fts5FindRankFunction returns non-pointer (likely using output params)
[2m[DEBUG][0m [SUPPRESSED] C API output parameter pattern: fts5SeekCursor returns non-pointer (likely using output params)
[2m[DEBUG][0m [SUPPRESSED] C API output parameter pattern: fts5TextFromStmt returns non-pointer (likely using output params)
[2m[DEBUG][0m [SUPPRESSED] C API output parameter pattern: sqlite3Fts5ExprPoslist returns non-pointer (likely using output params)
[2m[DEBUG][0m [SUPPRESSED] C API output parameter pattern: sqlite3Fts5ExprPhraseCollist returns non-pointer (likely using output params)
[33m[WARN][0m [RETURN-STACK] stack alloca returned from fts5FindAuxiliary
[33m[WARN][0m [RETURN-STACK] stack alloca returned from fts5ApiUserData
[2m[DEBUG][0m [SUPPRESSED] C API output parameter pattern: fts5ApiColumnCount returns non-pointer (likely using output params)
[2m[DEBUG][0m [SUPPRESSED] C API output parameter pattern: fts5ApiRowCount returns non-pointer (likely using output params)
[2m[DEBUG][0m [SUPPRESSED] C API output parameter pattern: fts5ApiColumnTotalSize returns non-pointer (likely using output params)
[2m[DEBUG][0m [SUPPRESSED] C API output parameter pattern: fts5ApiTokenize returns non-pointer (likely using output params)
[2m[DEBUG][0m [SUPPRESSED] C API output parameter pattern: fts5ApiPhraseCount returns non-pointer (likely using output params)
[2m[DEBUG][0m [SUPPRESSED] C API output parameter pattern: fts5ApiPhraseSize returns non-pointer (likely using output params)
[2m[DEBUG][0m [SUPPRESSED] C API output parameter pattern: fts5ApiInstCount returns non-pointer (likely using output params)
[2m[DEBUG][0m [SUPPRESSED] C API output parameter pattern: fts5ApiInst returns non-pointer (likely using output params)
[2m[DEBUG][0m [SUPPRESSED] C API output parameter pattern: fts5ApiRowid returns non-pointer (likely using output params)
[2m[DEBUG][0m [SUPPRESSED] C API output parameter pattern: fts5ApiColumnText returns non-pointer (likely using output params)
[2m[DEBUG][0m [SUPPRESSED] C API output parameter pattern: fts5ApiColumnSize returns non-pointer (likely using output params)
[2m[DEBUG][0m [SUPPRESSED] C API output parameter pattern: fts5ApiQueryPhrase returns non-pointer (likely using output params)
[2m[DEBUG][0m [SUPPRESSED] C API output parameter pattern: fts5ApiSetAuxdata returns non-pointer (likely using output params)
[33m[WARN][0m [RETURN-STACK] stack alloca returned from fts5ApiGetAuxdata
[2m[DEBUG][0m [SUPPRESSED] C API output parameter pattern: fts5ApiPhraseFirst returns non-pointer (likely using output params)
[2m[DEBUG][0m [SUPPRESSED] C API output parameter pattern: fts5ApiPhraseFirstColumn returns non-pointer (likely using output params)
[2m[DEBUG][0m [SUPPRESSED] C API output parameter pattern: fts5ApiQueryToken returns non-pointer (likely using output params)
[2m[DEBUG][0m [SUPPRESSED] C API output parameter pattern: fts5ApiInstToken returns non-pointer (likely using output params)
[2m[DEBUG][0m [SUPPRESSED] C API output parameter pattern: fts5ApiColumnLocale returns non-pointer (likely using output params)
[2m[DEBUG][0m [SUPPRESSED] C API output parameter pattern: fts5ApiTokenize_v2 returns non-pointer (likely using output params)
[2m[DEBUG][0m [SUPPRESSED] C API output parameter pattern: sqlite3Fts5StorageRowCount returns non-pointer (likely using output params)
[2m[DEBUG][0m [SUPPRESSED] C API output parameter pattern: fts5StorageLoadTotals returns non-pointer (likely using output params)
[2m[DEBUG][0m [SUPPRESSED] C API output parameter pattern: sqlite3Fts5IndexGetAverages returns non-pointer (likely using output params)
[2m[DEBUG][0m [SUPPRESSED] C API output parameter pattern: sqlite3Fts5StorageSize returns non-pointer (likely using output params)
[2m[DEBUG][0m [SUPPRESSED] C API output parameter pattern: sqlite3Fts5ExprPhraseSize returns non-pointer (likely using output params)
[2m[DEBUG][0m [SUPPRESSED] C API output parameter pattern: fts5CacheInstArray returns non-pointer (likely using output params)
[2m[DEBUG][0m [SUPPRESSED] C API output parameter pattern: fts5CsrPoslist returns non-pointer (likely using output params)
[2m[DEBUG][0m [SUPPRESSED] C API output parameter pattern: fts5IsContentless returns non-pointer (likely using output params)
[33m[WARN][0m [RETURN-HEAP] heap via sqlite3_malloc64() returned from sqlite3Fts5ExprClearPoslists - ownership unclear
[2m[DEBUG][0m [SUPPRESSED] C API output parameter pattern: sqlite3Fts5ExprPopulatePoslists returns non-pointer (likely using output params)
[2m[DEBUG][0m [SUPPRESSED] C API output parameter pattern: fts5ExprColsetTest returns non-pointer (likely using output params)
[2m[DEBUG][0m [SUPPRESSED] C API output parameter pattern: fts5ExprPopulatePoslistsCb returns non-pointer (likely using output params)
[2m[DEBUG][0m [SUPPRESSED] C API output parameter pattern: fts5QueryTerm returns non-pointer (likely using output params)
[2m[DEBUG][0m [SUPPRESSED] C API output parameter pattern: sqlite3Fts5IndexIterWriteTokendata returns non-pointer (likely using output params)
[2m[DEBUG][0m [SUPPRESSED] C API output parameter pattern: fts5ExprCheckPoslists returns non-pointer (likely using output params)
[2m[DEBUG][0m [SUPPRESSED] C API output parameter pattern: fts5CursorRowid returns non-pointer (likely using output params)
[2m[DEBUG][0m [SUPPRESSED] C API output parameter pattern: sqlite3Fts5StorageDocsize returns non-pointer (likely using output params)
[2m[DEBUG][0m [SUPPRESSED] C API output parameter pattern: fts5ColumnSizeCb returns non-pointer (likely using output params)
[2m[DEBUG][0m [SUPPRESSED] C API output parameter pattern: fts5StorageDecodeSizeArray returns non-pointer (likely using output params)
[2m[DEBUG][0m [SUPPRESSED] C API output parameter pattern: sqlite3Fts5ExprClonePhrase returns non-pointer (likely using output params)
[2m[DEBUG][0m [SUPPRESSED] C API output parameter pattern: sqlite3Fts5ExprQueryToken returns non-pointer (likely using output params)
[2m[DEBUG][0m [SUPPRESSED] C API output parameter pattern: sqlite3Fts5ExprInstToken returns non-pointer (likely using output params)
[2m[DEBUG][0m [SUPPRESSED] C API output parameter pattern: sqlite3Fts5IterToken returns non-pointer (likely using output params)
[2m[DEBUG][0m [SUPPRESSED] C API output parameter pattern: fts5SpecialDelete returns non-pointer (likely using output params)
[2m[DEBUG][0m [SUPPRESSED] C API output parameter pattern: fts5SpecialInsert returns non-pointer (likely using output params)
[2m[DEBUG][0m [SUPPRESSED] C API output parameter pattern: sqlite3Fts5StorageDelete returns non-pointer (likely using output params)
[2m[DEBUG][0m [SUPPRESSED] C API output parameter pattern: fts5ContentlessUpdate returns non-pointer (likely using output params)
[2m[DEBUG][0m [SUPPRESSED] C API output parameter pattern: sqlite3Fts5StorageFindDeleteRow returns non-pointer (likely using output params)
[2m[DEBUG][0m [SUPPRESSED] C API output parameter pattern: sqlite3Fts5StorageContentInsert returns non-pointer (likely using output params)
[2m[DEBUG][0m [SUPPRESSED] C API output parameter pattern: sqlite3Fts5StorageIndexInsert returns non-pointer (likely using output params)
[2m[DEBUG][0m [SUPPRESSED] C API output parameter pattern: sqlite3Fts5StorageDeleteAll returns non-pointer (likely using output params)
[2m[DEBUG][0m [SUPPRESSED] C API output parameter pattern: sqlite3Fts5StorageRebuild returns non-pointer (likely using output params)
[2m[DEBUG][0m [SUPPRESSED] C API output parameter pattern: sqlite3Fts5StorageOptimize returns non-pointer (likely using output params)
[2m[DEBUG][0m [SUPPRESSED] C API output parameter pattern: sqlite3Fts5StorageMerge returns non-pointer (likely using output params)
[2m[DEBUG][0m [SUPPRESSED] C API output parameter pattern: sqlite3Fts5StorageIntegrity returns non-pointer (likely using output params)
[2m[DEBUG][0m [SUPPRESSED] C API output parameter pattern: sqlite3Fts5FlushToDisk returns non-pointer (likely using output params)
[2m[DEBUG][0m [SUPPRESSED] C API output parameter pattern: sqlite3Fts5IndexBeginWrite returns non-pointer (likely using output params)
[2m[DEBUG][0m [SUPPRESSED] C API output parameter pattern: fts5StorageInsertCallback returns non-pointer (likely using output params)
[2m[DEBUG][0m [SUPPRESSED] C API output parameter pattern: fts5StorageInsertDocsize returns non-pointer (likely using output params)
[2m[DEBUG][0m [SUPPRESSED] C API output parameter pattern: fts5StorageSaveTotals returns non-pointer (likely using output params)
[2m[DEBUG][0m [SUPPRESSED] C API output parameter pattern: sqlite3Fts5HashNew returns non-pointer (likely using output params)
[2m[DEBUG][0m [SUPPRESSED] C API output parameter pattern: sqlite3Fts5IndexWrite returns non-pointer (likely using output params)
[2m[DEBUG][0m [SUPPRESSED] C API output parameter pattern: sqlite3Fts5HashWrite returns non-pointer (likely using output params)
[2m[DEBUG][0m [SUPPRESSED] C API output parameter pattern: sqlite3Fts5IndexCharlenToBytelen returns non-pointer (likely using output params)
[2m[DEBUG][0m [SUPPRESSED] C API output parameter pattern: fts5HashKey2 returns non-pointer (likely using output params)
[2m[DEBUG][0m [SUPPRESSED] C API output parameter pattern: fts5HashResize returns non-pointer (likely using output params)
[2m[DEBUG][0m [SUPPRESSED] C API output parameter pattern: sqlite3Fts5IndexGetOrigin returns non-pointer (likely using output params)
[2m[DEBUG][0m [SUPPRESSED] C API output parameter pattern: sqlite3Fts5IndexSetAverages returns non-pointer (likely using output params)
[2m[DEBUG][0m [SUPPRESSED] C API output parameter pattern: sqlite3Fts5IndexOptimize returns non-pointer (likely using output params)
[33m[WARN][0m [RETURN-STACK] stack alloca returned from fts5IndexOptimizeStruct
[2m[DEBUG][0m [SUPPRESSED] C API output parameter pattern: sqlite3Fts5IndexMerge returns non-pointer (likely using output params)
[2m[DEBUG][0m [SUPPRESSED] C API output parameter pattern: sqlite3Fts5TermsetNew returns non-pointer (likely using output params)
[2m[DEBUG][0m [SUPPRESSED] C API output parameter pattern: fts5StorageIntegrityCallback returns non-pointer (likely using output params)
[2m[DEBUG][0m [SUPPRESSED] C API output parameter pattern: fts5StorageCount returns non-pointer (likely using output params)
[2m[DEBUG][0m [SUPPRESSED] C API output parameter pattern: sqlite3Fts5IndexIntegrityCheck returns non-pointer (likely using output params)
[2m[DEBUG][0m [SUPPRESSED] C API output parameter pattern: sqlite3Fts5TermsetAdd returns non-pointer (likely using output params)
[2m[DEBUG][0m [SUPPRESSED] C API output parameter pattern: sqlite3Fts5IndexEntryCksum returns non-pointer (likely using output params)
[2m[DEBUG][0m [SUPPRESSED] C API output parameter pattern: sqlite3Fts5StorageSync returns non-pointer (likely using output params)
[2m[DEBUG][0m [SUPPRESSED] C API output parameter pattern: sqlite3Fts5IndexSync returns non-pointer (likely using output params)
[2m[DEBUG][0m [SUPPRESSED] C API output parameter pattern: fts5StorageContentlessDelete returns non-pointer (likely using output params)
[2m[DEBUG][0m [SUPPRESSED] C API output parameter pattern: fts5StorageDeleteFromIndex returns non-pointer (likely using output params)
[2m[DEBUG][0m [SUPPRESSED] C API output parameter pattern: sqlite3Fts5IndexContentlessDelete returns non-pointer (likely using output params)
[2m[DEBUG][0m [SUPPRESSED] C API output parameter pattern: fts5IndexTombstoneAddToPage returns non-pointer (likely using output params)
[2m[DEBUG][0m [SUPPRESSED] C API output parameter pattern: fts5IndexTombstoneRehash returns non-pointer (likely using output params)
[2m[DEBUG][0m [SUPPRESSED] C API output parameter pattern: fts5StorageNewRowid returns non-pointer (likely using output params)
[2m[DEBUG][0m [SUPPRESSED] C API output parameter pattern: sqlite3Fts5StorageRollback returns non-pointer (likely using output params)
[2m[DEBUG][0m [SUPPRESSED] C API output parameter pattern: sqlite3Fts5IndexRollback returns non-pointer (likely using output params)
[33m[WARN][0m [RETURN-STACK] stack alloca returned from fts5CursorFromCsrid
[2m[DEBUG][0m [SUPPRESSED] C API output parameter pattern: sqlite3Fts5StorageRename returns non-pointer (likely using output params)
[2m[DEBUG][0m [SUPPRESSED] C API output parameter pattern: fts5NewTokenizerModule returns non-pointer (likely using output params)
[2m[DEBUG][0m [SUPPRESSED] C API output parameter pattern: fts5VtoVCreate returns non-pointer (likely using output params)
[2m[DEBUG][0m [SUPPRESSED] C API output parameter pattern: fts5V2toV1Tokenize returns non-pointer (likely using output params)
[2m[DEBUG][0m [SUPPRESSED] C API output parameter pattern: fts5V1toV2Tokenize returns non-pointer (likely using output params)
[2m[DEBUG][0m [SUPPRESSED] C API output parameter pattern: sqlite3Fts5ParserFallback returns non-pointer (likely using output params)
[2m[DEBUG][0m [SUPPRESSED] C API output parameter pattern: fts5SentenceFinderCb returns non-pointer (likely using output params)
[2m[DEBUG][0m [SUPPRESSED] C API output parameter pattern: fts5SnippetScore returns non-pointer (likely using output params)
[2m[DEBUG][0m [SUPPRESSED] C API output parameter pattern: fts5CInstIterInit returns non-pointer (likely using output params)
[2m[DEBUG][0m [SUPPRESSED] C API output parameter pattern: fts5CInstIterNext returns non-pointer (likely using output params)
[2m[DEBUG][0m [SUPPRESSED] C API output parameter pattern: fts5HighlightCb returns non-pointer (likely using output params)
[2m[DEBUG][0m [SUPPRESSED] C API output parameter pattern: fts5SentenceFinderAdd returns non-pointer (likely using output params)
[2m[DEBUG][0m [SUPPRESSED] C API output parameter pattern: fts5Bm25GetData returns non-pointer (likely using output params)
[2m[DEBUG][0m [SUPPRESSED] C API output parameter pattern: fts5CountCb returns non-pointer (likely using output params)
[2m[DEBUG][0m [SUPPRESSED] C API output parameter pattern: fts5UnicodeCreate returns non-pointer (likely using output params)
[2m[DEBUG][0m [SUPPRESSED] C API output parameter pattern: fts5UnicodeTokenize returns non-pointer (likely using output params)
[2m[DEBUG][0m [SUPPRESSED] C API output parameter pattern: fts5AsciiCreate returns non-pointer (likely using output params)
[2m[DEBUG][0m [SUPPRESSED] C API output parameter pattern: fts5AsciiTokenize returns non-pointer (likely using output params)
[2m[DEBUG][0m [SUPPRESSED] C API output parameter pattern: fts5TriTokenize returns non-pointer (likely using output params)
[2m[DEBUG][0m [SUPPRESSED] C API output parameter pattern: fts5PorterCreate returns non-pointer (likely using output params)
[2m[DEBUG][0m [SUPPRESSED] C API output parameter pattern: fts5PorterTokenize returns non-pointer (likely using output params)
[2m[DEBUG][0m [SUPPRESSED] C API output parameter pattern: unicodeSetCategories returns non-pointer (likely using output params)
[2m[DEBUG][0m [SUPPRESSED] C API output parameter pattern: fts5UnicodeAddExceptions returns non-pointer (likely using output params)
[2m[DEBUG][0m [SUPPRESSED] C API output parameter pattern: sqlite3Fts5UnicodeCatParse returns non-pointer (likely using output params)
[2m[DEBUG][0m [SUPPRESSED] C API output parameter pattern: sqlite3Fts5UnicodeCategory returns non-pointer (likely using output params)
[2m[DEBUG][0m [SUPPRESSED] C API output parameter pattern: sqlite3Fts5UnicodeIsdiacritic returns non-pointer (likely using output params)
[2m[DEBUG][0m [SUPPRESSED] C API output parameter pattern: fts5UnicodeIsAlnum returns non-pointer (likely using output params)
[2m[DEBUG][0m [SUPPRESSED] C API output parameter pattern: sqlite3Fts5UnicodeFold returns non-pointer (likely using output params)
[2m[DEBUG][0m [SUPPRESSED] C API output parameter pattern: fts5UnicodeIsException returns non-pointer (likely using output params)
[2m[DEBUG][0m [SUPPRESSED] C API output parameter pattern: fts5_remove_diacritic returns non-pointer (likely using output params)
[2m[DEBUG][0m [SUPPRESSED] C API output parameter pattern: fts5PorterCb returns non-pointer (likely using output params)
[2m[DEBUG][0m [SUPPRESSED] C API output parameter pattern: fts5PorterStep1B returns non-pointer (likely using output params)
[2m[DEBUG][0m [SUPPRESSED] C API output parameter pattern: fts5PorterStep1B2 returns non-pointer (likely using output params)
[2m[DEBUG][0m [SUPPRESSED] C API output parameter pattern: fts5PorterIsVowel returns non-pointer (likely using output params)
[2m[DEBUG][0m [SUPPRESSED] C API output parameter pattern: fts5Porter_MEq1 returns non-pointer (likely using output params)
[2m[DEBUG][0m [SUPPRESSED] C API output parameter pattern: fts5Porter_Ostar returns non-pointer (likely using output params)
[2m[DEBUG][0m [SUPPRESSED] C API output parameter pattern: fts5Porter_Vowel returns non-pointer (likely using output params)
[2m[DEBUG][0m [SUPPRESSED] C API output parameter pattern: fts5PorterStep2 returns non-pointer (likely using output params)
[2m[DEBUG][0m [SUPPRESSED] C API output parameter pattern: fts5PorterStep3 returns non-pointer (likely using output params)
[2m[DEBUG][0m [SUPPRESSED] C API output parameter pattern: fts5PorterStep4 returns non-pointer (likely using output params)
[2m[DEBUG][0m [SUPPRESSED] C API output parameter pattern: fts5Porter_MGt1 returns non-pointer (likely using output params)
[2m[DEBUG][0m [SUPPRESSED] C API output parameter pattern: fts5Porter_MGt0 returns non-pointer (likely using output params)
[2m[DEBUG][0m [SUPPRESSED] C API output parameter pattern: fts5PorterGobbleVC returns non-pointer (likely using output params)
[2m[DEBUG][0m [SUPPRESSED] C API output parameter pattern: fts5Porter_MGt1_and_S_or_T returns non-pointer (likely using output params)
[2m[DEBUG][0m [SUPPRESSED] C API output parameter pattern: fts5VocabCreateMethod returns non-pointer (likely using output params)
[2m[DEBUG][0m [SUPPRESSED] C API output parameter pattern: fts5VocabConnectMethod returns non-pointer (likely using output params)
[2m[DEBUG][0m [SUPPRESSED] C API output parameter pattern: fts5VocabBestIndexMethod returns non-pointer (likely using output params)
[2m[DEBUG][0m [SUPPRESSED] C API output parameter pattern: fts5VocabDisconnectMethod returns non-pointer (likely using output params)
[2m[DEBUG][0m [SUPPRESSED] C API output parameter pattern: fts5VocabDestroyMethod returns non-pointer (likely using output params)
[2m[DEBUG][0m [SUPPRESSED] C API output parameter pattern: fts5VocabOpenMethod returns non-pointer (likely using output params)
[2m[DEBUG][0m [SUPPRESSED] C API output parameter pattern: fts5VocabCloseMethod returns non-pointer (likely using output params)
[2m[DEBUG][0m [SUPPRESSED] C API output parameter pattern: fts5VocabFilterMethod returns non-pointer (likely using output params)
[2m[DEBUG][0m [SUPPRESSED] C API output parameter pattern: fts5VocabNextMethod returns non-pointer (likely using output params)
[2m[DEBUG][0m [SUPPRESSED] C API output parameter pattern: fts5VocabEofMethod returns non-pointer (likely using output params)
[2m[DEBUG][0m [SUPPRESSED] C API output parameter pattern: fts5VocabColumnMethod returns non-pointer (likely using output params)
[2m[DEBUG][0m [SUPPRESSED] C API output parameter pattern: fts5VocabRowidMethod returns non-pointer (likely using output params)
[2m[DEBUG][0m [SUPPRESSED] C API output parameter pattern: fts5VocabInitVtab returns non-pointer (likely using output params)
[2m[DEBUG][0m [SUPPRESSED] C API output parameter pattern: fts5VocabTableType returns non-pointer (likely using output params)
[33m[WARN][0m [RETURN-STACK] stack alloca returned from sqlite3Fts5TableFromCsrid
[33m[WARN][0m [RETURN-STACK] stack alloca returned from sqlite3Fts5StructureRef
[2m[DEBUG][0m [SUPPRESSED] C API output parameter pattern: fts5VocabInstanceNewTerm returns non-pointer (likely using output params)
[2m[DEBUG][0m [SUPPRESSED] C API output parameter pattern: sqlite3Fts5StructureTest returns non-pointer (likely using output params)
[2m[DEBUG][0m [SUPPRESSED] C API output parameter pattern: fts5VocabInstanceNext returns non-pointer (likely using output params)
[2m[DEBUG][0m [SUPPRESSED] C API output parameter pattern: sqlite3Fts5IterNextScan returns non-pointer (likely using output params)
[2m[DEBUG][0m [SUPPRESSED] C API output parameter pattern: readInt16 returns non-pointer (likely using output params)
[2m[DEBUG][0m [SUPPRESSED] C API output parameter pattern: nodeGetRowid returns non-pointer (likely using output params)
[2m[DEBUG][0m [SUPPRESSED] C API output parameter pattern: readInt64 returns non-pointer (likely using output params)
[2m[DEBUG][0m [SUPPRESSED] C API output parameter pattern: rtreeCheckTable returns non-pointer (likely using output params)
[33m[WARN][0m [RETURN-STACK] stack alloca returned from rtreeCheckPrepare
[33m[WARN][0m [RETURN-HEAP] heap via sqlite3_malloc64() returned from rtreeCheckGetNode - ownership unclear
[2m[DEBUG][0m [SUPPRESSED] C API output parameter pattern: rtreeCreate returns non-pointer (likely using output params)
[2m[DEBUG][0m [SUPPRESSED] C API output parameter pattern: rtreeConnect returns non-pointer (likely using output params)
[2m[DEBUG][0m [SUPPRESSED] C API output parameter pattern: rtreeBestIndex returns non-pointer (likely using output params)
[2m[DEBUG][0m [SUPPRESSED] C API output parameter pattern: rtreeDisconnect returns non-pointer (likely using output params)
[2m[DEBUG][0m [SUPPRESSED] C API output parameter pattern: rtreeDestroy returns non-pointer (likely using output params)
[2m[DEBUG][0m [SUPPRESSED] C API output parameter pattern: rtreeOpen returns non-pointer (likely using output params)
[2m[DEBUG][0m [SUPPRESSED] C API output parameter pattern: rtreeClose returns non-pointer (likely using output params)
[2m[DEBUG][0m [SUPPRESSED] C API output parameter pattern: rtreeFilter returns non-pointer (likely using output params)
[2m[DEBUG][0m [SUPPRESSED] C API output parameter pattern: rtreeNext returns non-pointer (likely using output params)
[2m[DEBUG][0m [SUPPRESSED] C API output parameter pattern: rtreeEof returns non-pointer (likely using output params)
[2m[DEBUG][0m [SUPPRESSED] C API output parameter pattern: rtreeColumn returns non-pointer (likely using output params)
[2m[DEBUG][0m [SUPPRESSED] C API output parameter pattern: rtreeRowid returns non-pointer (likely using output params)
[2m[DEBUG][0m [SUPPRESSED] C API output parameter pattern: rtreeUpdate returns non-pointer (likely using output params)
[2m[DEBUG][0m [SUPPRESSED] C API output parameter pattern: rtreeBeginTransaction returns non-pointer (likely using output params)
[2m[DEBUG][0m [SUPPRESSED] C API output parameter pattern: rtreeEndTransaction returns non-pointer (likely using output params)
[2m[DEBUG][0m [SUPPRESSED] C API output parameter pattern: rtreeRollback returns non-pointer (likely using output params)
[2m[DEBUG][0m [SUPPRESSED] C API output parameter pattern: rtreeRename returns non-pointer (likely using output params)
[2m[DEBUG][0m [SUPPRESSED] C API output parameter pattern: rtreeSavepoint returns non-pointer (likely using output params)
[2m[DEBUG][0m [SUPPRESSED] C API output parameter pattern: rtreeShadowName returns non-pointer (likely using output params)
[2m[DEBUG][0m [SUPPRESSED] C API output parameter pattern: rtreeIntegrity returns non-pointer (likely using output params)
[2m[DEBUG][0m [SUPPRESSED] C API output parameter pattern: rtreeInit returns non-pointer (likely using output params)
[2m[DEBUG][0m [SUPPRESSED] C API output parameter pattern: rtreeTokenLength returns non-pointer (likely using output params)
[2m[DEBUG][0m [SUPPRESSED] C API output parameter pattern: getNodeSize returns non-pointer (likely using output params)
[2m[DEBUG][0m [SUPPRESSED] C API output parameter pattern: rtreeSqlInit returns non-pointer (likely using output params)
[2m[DEBUG][0m [SUPPRESSED] C API output parameter pattern: getIntFromStmt returns non-pointer (likely using output params)
[2m[DEBUG][0m [SUPPRESSED] C API output parameter pattern: rtreeQueryStat1 returns non-pointer (likely using output params)
[2m[DEBUG][0m [SUPPRESSED] C API output parameter pattern: nodeRelease returns non-pointer (likely using output params)
[2m[DEBUG][0m [SUPPRESSED] C API output parameter pattern: nodeWrite returns non-pointer (likely using output params)
[2m[DEBUG][0m [SUPPRESSED] C API output parameter pattern: nodeHash returns non-pointer (likely using output params)
[2m[DEBUG][0m [SUPPRESSED] C API output parameter pattern: findLeafNode returns non-pointer (likely using output params)
[33m[WARN][0m [RETURN-STACK] stack alloca returned from rtreeSearchPointNew
[2m[DEBUG][0m [SUPPRESSED] C API output parameter pattern: nodeRowidIndex returns non-pointer (likely using output params)
[2m[DEBUG][0m [SUPPRESSED] C API output parameter pattern: nodeAcquire returns non-pointer (likely using output params)
[2m[DEBUG][0m [SUPPRESSED] C API output parameter pattern: deserializeGeometry returns non-pointer (likely using output params)
[2m[DEBUG][0m [SUPPRESSED] C API output parameter pattern: rtreeStepToLeaf returns non-pointer (likely using output params)
[33m[WARN][0m [RETURN-STACK] stack alloca returned from rtreeEnqueue
[2m[DEBUG][0m [SUPPRESSED] C API output parameter pattern: rtreeSearchPointCompare returns non-pointer (likely using output params)
[33m[WARN][0m [RETURN-STACK] stack alloca returned from nodeHashLookup
[33m[WARN][0m [RETURN-STACK] stack alloca returned from rtreeNodeOfFirstSearchPoint
[2m[DEBUG][0m [SUPPRESSED] C API output parameter pattern: rtreeCallbackConstraint returns non-pointer (likely using output params)
[2m[DEBUG][0m [SUPPRESSED] C API output parameter pattern: rtreeValueDown returns non-pointer (likely using output params)
[2m[DEBUG][0m [SUPPRESSED] C API output parameter pattern: rtreeValueUp returns non-pointer (likely using output params)
[2m[DEBUG][0m [SUPPRESSED] C API output parameter pattern: rtreeConstraintError returns non-pointer (likely using output params)
[2m[DEBUG][0m [SUPPRESSED] C API output parameter pattern: rtreeDeleteRowid returns non-pointer (likely using output params)
[2m[DEBUG][0m [SUPPRESSED] C API output parameter pattern: rtreeNewRowid returns non-pointer (likely using output params)
[2m[DEBUG][0m [SUPPRESSED] C API output parameter pattern: ChooseLeaf returns non-pointer (likely using output params)
[2m[DEBUG][0m [SUPPRESSED] C API output parameter pattern: rtreeInsertCell returns non-pointer (likely using output params)
[2m[DEBUG][0m [SUPPRESSED] C API output parameter pattern: deleteCell returns non-pointer (likely using output params)
[2m[DEBUG][0m [SUPPRESSED] C API output parameter pattern: removeNode returns non-pointer (likely using output params)
[2m[DEBUG][0m [SUPPRESSED] C API output parameter pattern: reinsertNodeContent returns non-pointer (likely using output params)
[2m[DEBUG][0m [SUPPRESSED] C API output parameter pattern: fixLeafParent returns non-pointer (likely using output params)
[2m[DEBUG][0m [SUPPRESSED] C API output parameter pattern: fixBoundingBox returns non-pointer (likely using output params)
[2m[DEBUG][0m [SUPPRESSED] C API output parameter pattern: nodeParentIndex returns non-pointer (likely using output params)
[2m[DEBUG][0m [SUPPRESSED] C API output parameter pattern: writeInt64 returns non-pointer (likely using output params)
[2m[DEBUG][0m [SUPPRESSED] C API output parameter pattern: writeCoord returns non-pointer (likely using output params)
[2m[DEBUG][0m [SUPPRESSED] C API output parameter pattern: cellContains returns non-pointer (likely using output params)
[2m[DEBUG][0m [SUPPRESSED] C API output parameter pattern: cellArea returns non-pointer (likely using output params)
[2m[DEBUG][0m [SUPPRESSED] C API output parameter pattern: nodeInsertCell returns non-pointer (likely using output params)
[2m[DEBUG][0m [SUPPRESSED] C API output parameter pattern: SplitNode returns non-pointer (likely using output params)
[2m[DEBUG][0m [SUPPRESSED] C API output parameter pattern: AdjustTree returns non-pointer (likely using output params)
[2m[DEBUG][0m [SUPPRESSED] C API output parameter pattern: rowidWrite returns non-pointer (likely using output params)
[2m[DEBUG][0m [SUPPRESSED] C API output parameter pattern: parentWrite returns non-pointer (likely using output params)
[33m[WARN][0m [RETURN-HEAP] heap via sqlite3_malloc64() returned from nodeNew - ownership unclear
[2m[DEBUG][0m [SUPPRESSED] C API output parameter pattern: splitNodeStartree returns non-pointer (likely using output params)
[2m[DEBUG][0m [SUPPRESSED] C API output parameter pattern: updateMapping returns non-pointer (likely using output params)
[2m[DEBUG][0m [SUPPRESSED] C API output parameter pattern: cellMargin returns non-pointer (likely using output params)
[2m[DEBUG][0m [SUPPRESSED] C API output parameter pattern: cellOverlap returns non-pointer (likely using output params)
[2m[DEBUG][0m [SUPPRESSED] C API output parameter pattern: jsonEachConnect returns non-pointer (likely using output params)
[2m[DEBUG][0m [SUPPRESSED] C API output parameter pattern: jsonEachBestIndex returns non-pointer (likely using output params)
[2m[DEBUG][0m [SUPPRESSED] C API output parameter pattern: jsonEachDisconnect returns non-pointer (likely using output params)
[2m[DEBUG][0m [SUPPRESSED] C API output parameter pattern: jsonEachOpenEach returns non-pointer (likely using output params)
[2m[DEBUG][0m [SUPPRESSED] C API output parameter pattern: jsonEachClose returns non-pointer (likely using output params)
[2m[DEBUG][0m [SUPPRESSED] C API output parameter pattern: jsonEachFilter returns non-pointer (likely using output params)
[2m[DEBUG][0m [SUPPRESSED] C API output parameter pattern: jsonEachNext returns non-pointer (likely using output params)
[2m[DEBUG][0m [SUPPRESSED] C API output parameter pattern: jsonEachEof returns non-pointer (likely using output params)
[2m[DEBUG][0m [SUPPRESSED] C API output parameter pattern: jsonEachColumn returns non-pointer (likely using output params)
[2m[DEBUG][0m [SUPPRESSED] C API output parameter pattern: jsonEachRowid returns non-pointer (likely using output params)
[2m[DEBUG][0m [SUPPRESSED] C API output parameter pattern: jsonSkipLabel returns non-pointer (likely using output params)
[2m[DEBUG][0m [SUPPRESSED] C API output parameter pattern: jsonEachPathLength returns non-pointer (likely using output params)
[2m[DEBUG][0m [SUPPRESSED] C API output parameter pattern: jsonEachOpenTree returns non-pointer (likely using output params)
[33m[WARN][0m [RETURN-STACK] stack alloca returned from sqlite3WalFile
[2m[DEBUG][0m [SUPPRESSED] C API output parameter pattern: sqlite3BtreeGetReserveNoMutex returns non-pointer (likely using output params)
[32m[INFO][0m PtrLifetime: analyzed 3250 funcs, tracked 20131 ptrs, found 357 violations
[33m[WARN][0m [FREE-ORPHAN] 1 frees vs 0 allocs in sqlite3_initialize
[33m[WARN][0m [MALLOC-LEAK] 1 allocs vs 0 frees in sqlite3Malloc
[33m[WARN][0m [FREE-ORPHAN] 1 frees vs 0 allocs in sqlite3Realloc
[33m[WARN][0m [FREE-ORPHAN] 1 frees vs 0 allocs in sqlite3_str_finish
[33m[WARN][0m [MALLOC-LEAK] 1 allocs vs 0 frees in sqlite3_str_new
[33m[WARN][0m [FREE-ORPHAN] 2 frees vs 1 allocs in unixOpen
[33m[WARN][0m [MALLOC-LEAK] 2 allocs vs 1 frees in sqlite3_serialize
[33m[WARN][0m [FREE-ORPHAN] 2 frees vs 0 allocs in sqlite3_deserialize
[33m[WARN][0m [FREE-ORPHAN] 1 frees vs 0 allocs in sqlite3_backup_init
[33m[WARN][0m [FREE-ORPHAN] 1 frees vs 0 allocs in sqlite3_backup_finish
[33m[WARN][0m [FREE-ORPHAN] 3 frees vs 0 allocs in sqlite3LeaveMutexAndCloseZombie
[33m[WARN][0m [MALLOC-LEAK] 1 allocs vs 0 frees in sqlite3_value_dup
[33m[WARN][0m [FREE-ORPHAN] 1 frees vs 0 allocs in sqlite3VdbeChangeP4
[33m[WARN][0m [FREE-ORPHAN] 4 frees vs 3 allocs in sqlite3LoadExtension
[33m[WARN][0m [FREE-ORPHAN] 1 frees vs 0 allocs in sqlite3_reset_auto_extension
[33m[WARN][0m [FREE-ORPHAN] 6 frees vs 1 allocs in sqlite3_get_table
[33m[WARN][0m [FREE-ORPHAN] 2 frees vs 0 allocs in sqlite3_free_table
[33m[WARN][0m [FREE-ORPHAN] 1 frees vs 0 allocs in sqlite3RunParser
[33m[WARN][0m [FREE-ORPHAN] 1 frees vs 0 allocs in setupLookaside
[33m[WARN][0m [FREE-ORPHAN] 1 frees vs 0 allocs in sqlite3Close
[33m[WARN][0m [FREE-ORPHAN] 1 frees vs 0 allocs in createFunctionApi
[33m[WARN][0m [FREE-ORPHAN] 1 frees vs 0 allocs in sqlite3InvalidFunction
[33m[WARN][0m [FREE-ORPHAN] 3 frees vs 0 allocs in openDatabase
[33m[WARN][0m [FREE-ORPHAN] 1 frees vs 0 allocs in sqlite3BtreeSetPageSize
[33m[WARN][0m [FREE-ORPHAN] 2 frees vs 1 allocs in sqlite3BitvecBuiltinTest
[33m[WARN][0m [MALLOC-LEAK] 1 allocs vs 0 frees in sqlite3_create_filename
[33m[WARN][0m [FREE-ORPHAN] 1 frees vs 0 allocs in sqlite3_free_filename
[33m[WARN][0m [MALLOC-LEAK] 1 allocs vs 0 frees in sqlite3_rtree_geometry_callback
[33m[WARN][0m [MALLOC-LEAK] 1 allocs vs 0 frees in geomCallback
[33m[WARN][0m [FREE-ORPHAN] 1 frees vs 0 allocs in rtreeFreeCallback
[33m[WARN][0m [MALLOC-LEAK] 1 allocs vs 0 frees in sqlite3_rtree_query_callback
[33m[WARN][0m [FREE-ORPHAN] 1 frees vs 0 allocs in pthreadMutexFree
[33m[WARN][0m [FREE-ORPHAN] 1 frees vs 0 allocs in sqlite3DbFreeNN
[33m[WARN][0m [MALLOC-LEAK] 1 allocs vs 0 frees in unixFileControl
[33m[WARN][0m [MALLOC-LEAK] 1 allocs vs 0 frees in unixShmMap
[33m[WARN][0m [FREE-ORPHAN] 1 frees vs 0 allocs in unixShmUnmap
[33m[WARN][0m [FREE-ORPHAN] 2 frees vs 0 allocs in releaseInodeInfo
[33m[WARN][0m [FREE-ORPHAN] 1 frees vs 0 allocs in closeUnixFile
[33m[WARN][0m [FREE-ORPHAN] 1 frees vs 0 allocs in closePendingFds
[33m[WARN][0m [FREE-ORPHAN] 2 frees vs 0 allocs in switchLockProxyPath
[33m[WARN][0m [FREE-ORPHAN] 3 frees vs 1 allocs in proxyTransformUnixFile
[33m[WARN][0m [FREE-ORPHAN] 4 frees vs 0 allocs in proxyClose
[33m[WARN][0m [MALLOC-LEAK] 2 allocs vs 1 frees in fillInUnixFile
[33m[WARN][0m [MALLOC-LEAK] 1 allocs vs 0 frees in proxyCreateConchPathname
[33m[WARN][0m [MALLOC-LEAK] 2 allocs vs 1 frees in unixOpenSharedMemory
[33m[WARN][0m [FREE-ORPHAN] 4 frees vs 0 allocs in unixShmPurge
[33m[WARN][0m [FREE-ORPHAN] 1 frees vs 0 allocs in afpClose
[33m[WARN][0m [FREE-ORPHAN] 1 frees vs 0 allocs in dotlockClose
[33m[WARN][0m [FREE-ORPHAN] 4 frees vs 0 allocs in memdbClose
[33m[WARN][0m [FREE-ORPHAN] 8 frees vs 0 allocs in sqlite3BtreeOpen
[33m[WARN][0m [FREE-ORPHAN] 1 frees vs 0 allocs in sqlite3PagerOpen
[33m[WARN][0m [FREE-ORPHAN] 1 frees vs 0 allocs in sqlite3PagerClose
[33m[WARN][0m [FREE-ORPHAN] 2 frees vs 0 allocs in memdbOpen
[33m[WARN][0m [MALLOC-LEAK] 1 allocs vs 0 frees in memjrnlWrite
[33m[WARN][0m [FREE-ORPHAN] 1 frees vs 0 allocs in memjrnlFreeChunks
[33m[WARN][0m [FREE-ORPHAN] 2 frees vs 1 allocs in walBeginShmUnreliable
[33m[WARN][0m [FREE-ORPHAN] 1 frees vs 0 allocs in walIndexClose
[33m[WARN][0m [FREE-ORPHAN] 1 frees vs 0 allocs in pcache1Free
[33m[WARN][0m [FREE-ORPHAN] 1 frees vs 0 allocs in sqlite3BitvecDestroy
[33m[WARN][0m [FREE-ORPHAN] 1 frees vs 0 allocs in releaseAllSavepoints
[33m[WARN][0m [FREE-ORPHAN] 2 frees vs 0 allocs in pager_delsuper
[33m[WARN][0m [FREE-ORPHAN] 1 frees vs 0 allocs in pagerFreeMapHdrs
[33m[WARN][0m [FREE-ORPHAN] 2 frees vs 0 allocs in sqlite3WalClose
[33m[WARN][0m [FREE-ORPHAN] 1 frees vs 0 allocs in lockBtree
[33m[WARN][0m [FREE-ORPHAN] 1 frees vs 0 allocs in sqlite3WalOpen
[33m[WARN][0m [FREE-ORPHAN] 1 frees vs 0 allocs in clearAllSharedCacheTableLocks
[33m[WARN][0m [FREE-ORPHAN] 1 frees vs 0 allocs in saveCursorKey
[33m[WARN][0m [FREE-ORPHAN] 1 frees vs 0 allocs in sqlite3BtreeClearCursor
[33m[WARN][0m [FREE-ORPHAN] 1 frees vs 0 allocs in sqlite3DbNNFreeNN
[33m[WARN][0m [FREE-ORPHAN] 1 frees vs 0 allocs in vdbeFreeOpArray
[33m[WARN][0m [FREE-ORPHAN] 3 frees vs 0 allocs in freeP4
[33m[WARN][0m [FREE-ORPHAN] 1 frees vs 0 allocs in freeP4FuncCtx
[33m[WARN][0m [FREE-ORPHAN] 1 frees vs 0 allocs in sqlite3VdbeFreeCursorNN
[33m[WARN][0m [FREE-ORPHAN] 1 frees vs 0 allocs in sqlite3VdbeSorterClose
[33m[WARN][0m [FREE-ORPHAN] 2 frees vs 0 allocs in sqlite3BtreeCloseCursor
[33m[WARN][0m [FREE-ORPHAN] 1 frees vs 0 allocs in sqlite3RCStrUnref
[33m[WARN][0m [FREE-ORPHAN] 2 frees vs 0 allocs in vdbePmaReaderClear
[33m[WARN][0m [FREE-ORPHAN] 1 frees vs 0 allocs in vdbeMergeEngineFree
[33m[WARN][0m [FREE-ORPHAN] 1 frees vs 0 allocs in vdbeSortSubtaskCleanup
[33m[WARN][0m [FREE-ORPHAN] 1 frees vs 0 allocs in sqlite3ThreadJoin
[33m[WARN][0m [FREE-ORPHAN] 1 frees vs 0 allocs in vdbeIncrFree
[33m[WARN][0m [FREE-ORPHAN] 1 frees vs 0 allocs in sqlite3OsCloseFree
[33m[WARN][0m [FREE-ORPHAN] 3 frees vs 0 allocs in sqlite3BtreeClose
[33m[WARN][0m [FREE-ORPHAN] 1 frees vs 0 allocs in removeFromSharingList
[33m[WARN][0m [FREE-ORPHAN] 1 frees vs 0 allocs in sqlite3OsOpenMalloc
[33m[WARN][0m [FREE-ORPHAN] 1 frees vs 0 allocs in sqlite3VtabImportErrmsg
[33m[WARN][0m [FREE-ORPHAN] 1 frees vs 0 allocs in sqlite3VdbeMemGrow
[33m[WARN][0m [FREE-ORPHAN] 4 frees vs 1 allocs in sqlite3VdbeExec
[33m[WARN][0m [FREE-ORPHAN] 2 frees vs 0 allocs in sqlite3BtreeIndexMoveto
[33m[WARN][0m [FREE-ORPHAN] 1 frees vs 0 allocs in sqlite3BtreeIntegrityCheck
[33m[WARN][0m [FREE-ORPHAN] 1 frees vs 0 allocs in sqlite3VdbeValueListFree
[33m[WARN][0m [FREE-ORPHAN] 1 frees vs 0 allocs in btreeRestoreCursorPosition
[33m[WARN][0m [MALLOC-LEAK] 1 allocs vs 0 frees in sqlite3RCStrNew
[33m[WARN][0m [FREE-ORPHAN] 1 frees vs 0 allocs in clearDatabasePage
[33m[WARN][0m [FREE-ORPHAN] 1 frees vs 0 allocs in clearCellOverflow
[33m[WARN][0m [FREE-ORPHAN] 1 frees vs 0 allocs in freePage
[33m[WARN][0m [FREE-ORPHAN] 1 frees vs 0 allocs in dropCell
[33m[WARN][0m [FREE-ORPHAN] 2 frees vs 0 allocs in balance_nonroot
[33m[WARN][0m [FREE-ORPHAN] 2 frees vs 0 allocs in pageFreeArray
[33m[WARN][0m [FREE-ORPHAN] 1 frees vs 0 allocs in vdbeSorterListToPMA
[33m[WARN][0m [FREE-ORPHAN] 1 frees vs 0 allocs in vdbePmaWriterFinish
[33m[WARN][0m [FREE-ORPHAN] 3 frees vs 0 allocs in btreeDropTable
[33m[WARN][0m [FREE-ORPHAN] 2 frees vs 0 allocs in sqlite3HashClear
[33m[WARN][0m [FREE-ORPHAN] 1 frees vs 0 allocs in removeElementGivenHash
[33m[WARN][0m [FREE-ORPHAN] 1 frees vs 0 allocs in rehash
[33m[WARN][0m [FREE-ORPHAN] 1 frees vs 0 allocs in vtabCallConstructor
[33m[WARN][0m [MALLOC-LEAK] 1 allocs vs 0 frees in pragmaVtabConnect
[33m[WARN][0m [FREE-ORPHAN] 1 frees vs 0 allocs in pragmaVtabDisconnect
[33m[WARN][0m [MALLOC-LEAK] 1 allocs vs 0 frees in pragmaVtabOpen
[33m[WARN][0m [FREE-ORPHAN] 1 frees vs 0 allocs in pragmaVtabClose
[33m[WARN][0m [FREE-ORPHAN] 1 frees vs 0 allocs in pragmaVtabFilter
[33m[WARN][0m [FREE-ORPHAN] 1 frees vs 0 allocs in pragmaVtabCursorClear
[33m[WARN][0m [FREE-ORPHAN] 1 frees vs 0 allocs in sqlite3ParserFinalize
[33m[WARN][0m [FREE-ORPHAN] 3 frees vs 0 allocs in sqlite3Pragma
[33m[WARN][0m [FREE-ORPHAN] 1 frees vs 0 allocs in sqlite3VdbeAppendP4
[33m[WARN][0m [FREE-ORPHAN] 1 frees vs 0 allocs in sqlite3VdbeAddFunctionCall
[33m[WARN][0m [FREE-ORPHAN] 1 frees vs 0 allocs in sqlite3VdbeChangeToNoop
[33m[WARN][0m [FREE-ORPHAN] 2 frees vs 0 allocs in whereLoopAddVirtual
[33m[WARN][0m [FREE-ORPHAN] 1 frees vs 0 allocs in freeIndexInfo
[33m[WARN][0m [FREE-ORPHAN] 5 frees vs 0 allocs in whereLoopAddVirtualOne
[33m[WARN][0m [FREE-ORPHAN] 1 frees vs 0 allocs in freeIdxStr
[33m[WARN][0m [FREE-ORPHAN] 1 frees vs 0 allocs in vtabBestIndex
[33m[WARN][0m [FREE-ORPHAN] 1 frees vs 0 allocs in whereLoopClearUnion
[33m[WARN][0m [FREE-ORPHAN] 2 frees vs 0 allocs in attachFunc
[33m[WARN][0m [MALLOC-LEAK] 2 allocs vs 1 frees in sqlite3ParseUri
[33m[WARN][0m [FREE-ORPHAN] 1 frees vs 0 allocs in loadExt
[33m[WARN][0m [FREE-ORPHAN] 1 frees vs 0 allocs in trimFunc
[33m[WARN][0m [FREE-ORPHAN] 2 frees vs 0 allocs in instrFunc
[33m[WARN][0m [MALLOC-LEAK] 1 allocs vs 0 frees in charFunc
[33m[WARN][0m [FREE-ORPHAN] 1 frees vs 0 allocs in roundFunc
[33m[WARN][0m [FREE-ORPHAN] 1 frees vs 0 allocs in unhexFunc
[33m[WARN][0m [FREE-ORPHAN] 2 frees vs 0 allocs in replaceFunc
[33m[WARN][0m [MALLOC-LEAK] 1 allocs vs 0 frees in groupConcatStep
[33m[WARN][0m [FREE-ORPHAN] 1 frees vs 0 allocs in groupConcatFinalize
[33m[WARN][0m [FREE-ORPHAN] 1 frees vs 0 allocs in groupConcatInverse
[33m[WARN][0m [MALLOC-LEAK] 1 allocs vs 0 frees in concatFuncCore
[33m[WARN][0m [FREE-ORPHAN] 1 frees vs 0 allocs in dropColumnFunc
[33m[WARN][0m [FREE-ORPHAN] 1 frees vs 0 allocs in renameEditSql
[33m[WARN][0m [FREE-ORPHAN] 1 frees vs 0 allocs in last_valueStepFunc
[33m[WARN][0m [FREE-ORPHAN] 1 frees vs 0 allocs in last_valueFinalizeFunc
[33m[WARN][0m [FREE-ORPHAN] 1 frees vs 0 allocs in last_valueInvFunc
[33m[WARN][0m [FREE-ORPHAN] 1 frees vs 0 allocs in nth_valueFinalizeFunc
[33m[WARN][0m [FREE-ORPHAN] 1 frees vs 0 allocs in first_valueFinalizeFunc
[33m[WARN][0m [FREE-ORPHAN] 1 frees vs 0 allocs in sqlite3NotPureFunc
[33m[WARN][0m [FREE-ORPHAN] 1 frees vs 0 allocs in jsonBadPathError
[33m[WARN][0m [FREE-ORPHAN] 1 frees vs 0 allocs in sqlite3RCStrResize
[33m[WARN][0m [FREE-ORPHAN] 1 frees vs 0 allocs in jsonWrongNumArgs
[33m[WARN][0m [MALLOC-LEAK] 2 allocs vs 0 frees in sqlite3MemRealloc
[33m[WARN][0m [MALLOC-LEAK] 1 allocs vs 0 frees in sqlite3MemSize
[33m[WARN][0m [MALLOC-LEAK] 3 allocs vs 0 frees in sqlite3MemInit
[33m[WARN][0m [FREE-ORPHAN] 3 frees vs 0 allocs in pcache1Destroy
[33m[WARN][0m [FREE-ORPHAN] 1 frees vs 0 allocs in pcache1ResizeHash
[33m[WARN][0m [FREE-ORPHAN] 1 frees vs 0 allocs in pcache1EnforceMaxPage
[33m[WARN][0m [FREE-ORPHAN] 1 frees vs 0 allocs in sqlite3AutoLoadExtensions
[33m[WARN][0m [MALLOC-LEAK] 1 allocs vs 0 frees in fts5Init
[33m[WARN][0m [MALLOC-LEAK] 1 allocs vs 0 frees in fts5BestIndexMethod
[33m[WARN][0m [MALLOC-LEAK] 1 allocs vs 0 frees in fts5OpenMethod
[33m[WARN][0m [FREE-ORPHAN] 1 frees vs 0 allocs in fts5CloseMethod
[33m[WARN][0m [FREE-ORPHAN] 1 frees vs 0 allocs in fts5FilterMethod
[33m[WARN][0m [MALLOC-LEAK] 1 allocs vs 0 frees in fts5CreateAux
[33m[WARN][0m [FREE-ORPHAN] 3 frees vs 0 allocs in fts5ModuleDestroy
[33m[WARN][0m [MALLOC-LEAK] 1 allocs vs 0 frees in fts5LocaleFunc
[33m[WARN][0m [MALLOC-LEAK] 1 allocs vs 0 frees in sqlite3Fts5MallocZero
[33m[WARN][0m [FREE-ORPHAN] 2 frees vs 1 allocs in sqlite3Fts5ConfigParse
[33m[WARN][0m [MALLOC-LEAK] 2 allocs vs 1 frees in sqlite3Fts5StorageOpen
[33m[WARN][0m [FREE-ORPHAN] 1 frees vs 0 allocs in sqlite3Fts5ConfigDeclareVtab
[33m[WARN][0m [FREE-ORPHAN] 1 frees vs 0 allocs in sqlite3Fts5ConfigLoad
[33m[WARN][0m [FREE-ORPHAN] 1 frees vs 0 allocs in fts5FreeVtab
[33m[WARN][0m [MALLOC-LEAK] 1 allocs vs 0 frees in sqlite3Fts5Strndup
[33m[WARN][0m [FREE-ORPHAN] 1 frees vs 0 allocs in fts5ConfigParseSpecial
[33m[WARN][0m [FREE-ORPHAN] 12 frees vs 0 allocs in sqlite3Fts5ConfigFree
[33m[WARN][0m [FREE-ORPHAN] 1 frees vs 0 allocs in sqlite3Fts5BufferAppendPrintf
[33m[WARN][0m [FREE-ORPHAN] 1 frees vs 0 allocs in sqlite3Fts5ConfigErrmsg
[33m[WARN][0m [MALLOC-LEAK] 1 allocs vs 0 frees in fts5TriCreate
[33m[WARN][0m [FREE-ORPHAN] 1 frees vs 0 allocs in fts5TriDelete
[33m[WARN][0m [FREE-ORPHAN] 1 frees vs 0 allocs in sqlite3Fts5CreateTable
[33m[WARN][0m [FREE-ORPHAN] 2 frees vs 0 allocs in sqlite3Fts5IndexClose
[33m[WARN][0m [FREE-ORPHAN] 1 frees vs 0 allocs in fts5ExecPrintf
[33m[WARN][0m [FREE-ORPHAN] 2 frees vs 0 allocs in fts5StructureRelease
[33m[WARN][0m [FREE-ORPHAN] 1 frees vs 0 allocs in sqlite3Fts5HashClear
[33m[WARN][0m [FREE-ORPHAN] 1 frees vs 0 allocs in fts5IndexPrepareStmt
[33m[WARN][0m [FREE-ORPHAN] 1 frees vs 0 allocs in sqlite3Fts5BufferFree
[33m[WARN][0m [FREE-ORPHAN] 2 frees vs 0 allocs in sqlite3Fts5HashFree
[33m[WARN][0m [FREE-ORPHAN] 1 frees vs 0 allocs in sqlite3Fts5StorageClose
[33m[WARN][0m [FREE-ORPHAN] 2 frees vs 0 allocs in fts5StorageGetStmt
[33m[WARN][0m [FREE-ORPHAN] 2 frees vs 0 allocs in sqlite3Fts5ConfigSetValue
[33m[WARN][0m [FREE-ORPHAN] 1 frees vs 0 allocs in sqlite3Fts5ConfigParseRank
[33m[WARN][0m [FREE-ORPHAN] 7 frees vs 0 allocs in fts5FreeCursorComponents
[33m[WARN][0m [FREE-ORPHAN] 2 frees vs 0 allocs in sqlite3Fts5ExprFree
[33m[WARN][0m [FREE-ORPHAN] 1 frees vs 0 allocs in sqlite3Fts5ParseNodeFree
[33m[WARN][0m [FREE-ORPHAN] 2 frees vs 0 allocs in sqlite3Fts5ParseNearsetFree
[33m[WARN][0m [FREE-ORPHAN] 3 frees vs 0 allocs in fts5ExprPhraseFree
[33m[WARN][0m [FREE-ORPHAN] 3 frees vs 0 allocs in fts5TokendataIterDelete
[33m[WARN][0m [FREE-ORPHAN] 1 frees vs 0 allocs in fts5MultiIterFree
[33m[WARN][0m [FREE-ORPHAN] 1 frees vs 0 allocs in fts5SegIterClear
[33m[WARN][0m [FREE-ORPHAN] 1 frees vs 0 allocs in fts5DataRelease
[33m[WARN][0m [FREE-ORPHAN] 1 frees vs 0 allocs in fts5TombstoneArrayDelete
[33m[WARN][0m [FREE-ORPHAN] 1 frees vs 0 allocs in fts5DlidxIterFree
[33m[WARN][0m [FREE-ORPHAN] 2 frees vs 1 allocs in sqlite3Fts5ExprNew
[33m[WARN][0m [FREE-ORPHAN] 2 frees vs 0 allocs in sqlite3Fts5ExprAnd
[33m[WARN][0m [FREE-ORPHAN] 1 frees vs 0 allocs in fts5SetVtabError
[33m[WARN][0m [MALLOC-LEAK] 1 allocs vs 0 frees in fts5ParseAlloc
[33m[WARN][0m [FREE-ORPHAN] 1 frees vs 0 allocs in fts5ParseFree
[33m[WARN][0m [FREE-ORPHAN] 1 frees vs 0 allocs in sqlite3Fts5ParseSetColset
[33m[WARN][0m [FREE-ORPHAN] 1 frees vs 0 allocs in fts5yy_destructor
[33m[WARN][0m [FREE-ORPHAN] 1 frees vs 0 allocs in sqlite3Fts5ParseColsetInvert
[33m[WARN][0m [FREE-ORPHAN] 2 frees vs 0 allocs in sqlite3Fts5ParseColset
[33m[WARN][0m [MALLOC-LEAK] 1 allocs vs 0 frees in sqlite3Fts5ParseNearset
[33m[WARN][0m [FREE-ORPHAN] 1 frees vs 0 allocs in sqlite3Fts5ParseTerm
[33m[WARN][0m [FREE-ORPHAN] 1 frees vs 0 allocs in fts5ExprAddChildren
[33m[WARN][0m [FREE-ORPHAN] 3 frees vs 1 allocs in fts5ExprPhraseIsMatch
[33m[WARN][0m [FREE-ORPHAN] 1 frees vs 0 allocs in fts5ExprNearIsMatch
[33m[WARN][0m [FREE-ORPHAN] 2 frees vs 1 allocs in fts5ExprSynonymList
[33m[WARN][0m [MALLOC-LEAK] 1 allocs vs 0 frees in fts5ParseTokenize
[33m[WARN][0m [FREE-ORPHAN] 1 frees vs 0 allocs in fts5SetupPrefixIter
[33m[WARN][0m [FREE-ORPHAN] 1 frees vs 0 allocs in fts5WriteFinish
[33m[WARN][0m [FREE-ORPHAN] 1 frees vs 0 allocs in fts5DoSecureDelete
[33m[WARN][0m [FREE-ORPHAN] 1 frees vs 0 allocs in fts5SecureDeleteOverflow
[33m[WARN][0m [FREE-ORPHAN] 2 frees vs 0 allocs in fts5StructureMakeWritable
[33m[WARN][0m [MALLOC-LEAK] 1 allocs vs 0 frees in sqlite3Fts5HashQuery
[33m[WARN][0m [FREE-ORPHAN] 1 frees vs 0 allocs in fts5PrepareStatement
[33m[WARN][0m [FREE-ORPHAN] 1 frees vs 0 allocs in fts5FindRankFunction
[33m[WARN][0m [FREE-ORPHAN] 1 frees vs 0 allocs in fts5CsrPoslist
[33m[WARN][0m [MALLOC-LEAK] 1 allocs vs 0 frees in sqlite3Fts5ExprClearPoslists
[33m[WARN][0m [FREE-ORPHAN] 1 frees vs 0 allocs in sqlite3Fts5StorageIndexInsert
[33m[WARN][0m [FREE-ORPHAN] 1 frees vs 0 allocs in sqlite3Fts5StorageRebuild
[33m[WARN][0m [FREE-ORPHAN] 1 frees vs 0 allocs in fts5StorageSaveTotals
[33m[WARN][0m [MALLOC-LEAK] 2 allocs vs 1 frees in sqlite3Fts5HashNew
[33m[WARN][0m [MALLOC-LEAK] 1 allocs vs 0 frees in sqlite3Fts5HashWrite
[33m[WARN][0m [FREE-ORPHAN] 1 frees vs 0 allocs in fts5IndexOptimizeStruct
[33m[WARN][0m [FREE-ORPHAN] 2 frees vs 0 allocs in sqlite3Fts5TermsetFree
[33m[WARN][0m [FREE-ORPHAN] 1 frees vs 0 allocs in fts5StorageCount
[33m[WARN][0m [FREE-ORPHAN] 1 frees vs 0 allocs in fts5IndexFreeArray
[33m[WARN][0m [FREE-ORPHAN] 1 frees vs 0 allocs in fts5ApiCallback
[33m[WARN][0m [FREE-ORPHAN] 1 frees vs 0 allocs in fts5ResultError
[33m[WARN][0m [FREE-ORPHAN] 1 frees vs 0 allocs in fts5VtoVCreate
[33m[WARN][0m [FREE-ORPHAN] 1 frees vs 0 allocs in fts5VtoVDelete
[33m[WARN][0m [FREE-ORPHAN] 3 frees vs 1 allocs in fts5SnippetFunction
[33m[WARN][0m [FREE-ORPHAN] 1 frees vs 0 allocs in fts5HighlightFunction
[33m[WARN][0m [MALLOC-LEAK] 2 allocs vs 0 frees in fts5UnicodeCreate
[33m[WARN][0m [FREE-ORPHAN] 3 frees vs 0 allocs in fts5UnicodeDelete
[33m[WARN][0m [MALLOC-LEAK] 1 allocs vs 0 frees in fts5AsciiCreate
[33m[WARN][0m [FREE-ORPHAN] 1 frees vs 0 allocs in fts5AsciiDelete
[33m[WARN][0m [FREE-ORPHAN] 2 frees vs 1 allocs in fts5AsciiTokenize
[33m[WARN][0m [MALLOC-LEAK] 1 allocs vs 0 frees in fts5PorterCreate
[33m[WARN][0m [FREE-ORPHAN] 1 frees vs 0 allocs in fts5PorterDelete
[33m[WARN][0m [FREE-ORPHAN] 1 frees vs 0 allocs in fts5VocabDisconnectMethod
[33m[WARN][0m [FREE-ORPHAN] 1 frees vs 0 allocs in fts5VocabDestroyMethod
[33m[WARN][0m [FREE-ORPHAN] 1 frees vs 0 allocs in fts5VocabOpenMethod
[33m[WARN][0m [FREE-ORPHAN] 1 frees vs 0 allocs in fts5VocabCloseMethod
[33m[WARN][0m [MALLOC-LEAK] 1 allocs vs 0 frees in fts5VocabFilterMethod
[33m[WARN][0m [FREE-ORPHAN] 1 frees vs 0 allocs in fts5VocabTableType
[33m[WARN][0m [FREE-ORPHAN] 1 frees vs 0 allocs in fts5VocabResetCursor
[33m[WARN][0m [FREE-ORPHAN] 1 frees vs 0 allocs in rtreecheck
[33m[WARN][0m [FREE-ORPHAN] 1 frees vs 0 allocs in rtreeCheckPrepare
[33m[WARN][0m [FREE-ORPHAN] 2 frees vs 0 allocs in rtreeCheckNode
[33m[WARN][0m [MALLOC-LEAK] 1 allocs vs 0 frees in rtreeCheckGetNode
[33m[WARN][0m [MALLOC-LEAK] 1 allocs vs 0 frees in rtreeBestIndex
[33m[WARN][0m [FREE-ORPHAN] 1 frees vs 0 allocs in rtreeDestroy
[33m[WARN][0m [MALLOC-LEAK] 1 allocs vs 0 frees in rtreeOpen
[33m[WARN][0m [FREE-ORPHAN] 1 frees vs 0 allocs in rtreeClose
[33m[WARN][0m [MALLOC-LEAK] 1 allocs vs 0 frees in rtreeFilter
[33m[WARN][0m [FREE-ORPHAN] 1 frees vs 0 allocs in rtreeRename
[33m[WARN][0m [FREE-ORPHAN] 1 frees vs 0 allocs in getNodeSize
[33m[WARN][0m [FREE-ORPHAN] 3 frees vs 0 allocs in rtreeSqlInit
[33m[WARN][0m [FREE-ORPHAN] 2 frees vs 0 allocs in rtreeRelease
[33m[WARN][0m [FREE-ORPHAN] 1 frees vs 0 allocs in rtreeQueryStat1
[33m[WARN][0m [FREE-ORPHAN] 3 frees vs 0 allocs in resetCursor
[33m[WARN][0m [FREE-ORPHAN] 1 frees vs 0 allocs in nodeRelease
[33m[WARN][0m [MALLOC-LEAK] 1 allocs vs 0 frees in deserializeGeometry
[33m[WARN][0m [FREE-ORPHAN] 1 frees vs 0 allocs in rtreeConstraintError
[33m[WARN][0m [FREE-ORPHAN] 1 frees vs 0 allocs in rtreeDeleteRowid
[33m[WARN][0m [MALLOC-LEAK] 1 allocs vs 0 frees in nodeNew
[33m[WARN][0m [FREE-ORPHAN] 3 frees vs 0 allocs in jsonEachFilter
[33m[WARN][0m [FREE-ORPHAN] 2 frees vs 0 allocs in rtreeMatchArgFree
[32m[INFO][0m CallbackEscape: analyzed 3250 funcs, 0 cgo boundaries, 384 issues found
[32m[INFO][0m ReturnCheck: Analyzed functions, found 0 unchecked return values
[32m[INFO][0m MemorySafety: Analyzed functions, found 0 memory issues
[32m[INFO][0m FreeValidation: Analyzed functions, found 0 invalid free calls
[32m[INFO][0m RC-Container: 167 functions identified as refcount-managed (skipped)
[33m[WARN][0m MEMORY LEAK [MEDIUM]: Memory allocated but never freed in sqlite3_exec
[33m[WARN][0m MEMORY LEAK [MEDIUM]: Memory allocated but never freed in execSql
[33m[WARN][0m MEMORY LEAK [MEDIUM]: Memory allocated but never freed in pragmaVtabFilter
[33m[WARN][0m MEMORY LEAK [MEDIUM]: Memory allocated but never freed in sqlite3MemInit
[33m[WARN][0m MEMORY LEAK [MEDIUM]: Memory allocated but never freed in rtreeSqlInit
[33m[WARN][0m MEMORY LEAK [MEDIUM]: Memory allocated but never freed in sqlite3MemMalloc
[33m[WARN][0m MEMORY LEAK [MEDIUM]: Memory allocated but never freed in rtreeConstraintError
[33m[WARN][0m MEMORY LEAK [MEDIUM]: Memory allocated but never freed in rtreeColumn
[33m[WARN][0m MEMORY LEAK [MEDIUM]: Memory allocated but never freed in getIntFromStmt
[33m[WARN][0m MEMORY LEAK [MEDIUM]: Memory allocated but never freed in rtreeQueryStat1
[32m[INFO][0m PointerOwnership: Found 10 memory leaks (formalized as issues)
[32m[INFO][0m PointerOwnership: Found 26 allocations, 51 frees, 26 tracked pointers
[32m[INFO][0m PointerOwnership: No cross-language ownership violations detected
[32m[INFO][0m   (Checks for Rust-alloc/C-free or C-alloc/Rust-free mismatches)
[32m[INFO][0m PointerOwnership: Memory pool stats - allocated: 26, reused: 0, in_use: 26

[36m═══════════════════════════════════════════════════════════════[0m
[1mZone Classification Summary[0m
[36m═══════════════════════════════════════════════════════════════[0m

  Total functions analyzed:    10038
  Safe zone (skipped):         0 (0.2%)
  Runtime internal (skipped):  24
  Unsafe zone (analyzed):      0
  FFI zone (analyzed):         756
  Unknown zone:                9258

[32m  Escape zone functions:       756 (7.5% of total)[0m
[33m  Issues found:              633[0m

    [1mIssue breakdown by category:[0m
      Memory leak:              66
      Use after free:           1
      Double free:               225
      FFI unsafe call:          8
      Borrow escape:            327
      Invalid free:             1
      Unchecked return:         3
      Malloc unchecked:         2

[36m═══════════════════════════════════════════════════════════════[0m


=== Performance Profile Report ===

Operation                           Calls   Total (ms)     Avg (us)     Max (us)
--------------------------------------------------------------------------------
init                                    1      3457.02   3457020.42   3457020.42
detect                                  2       323.41    161702.65    161767.13
total                                   1      3457.03   3457034.42   3457034.42
analysis                                1      3004.44   3004438.96   3004438.96
[32m[INFO][0m PointerOwnership: 4 ops, 10241.90ms total
[32m[INFO][0m FFIUnsafe: Analyzed 1359 boundaries, found 0 issues
[32m[INFO][0m FFIBodyCheck: Analyzing 1359 FFI boundaries for dangerous function calls
[32m[INFO][0m FFIBodyCheck: Found 0 dangerous function calls
[INFO] Analysis complete

[INFO] Functions processed: 3346

[INFO] Facts generated: 77

[INFO] Report saved to: /Users/scc/code/zigcode/OmniScope/outputs/realworld/sqlite3.json

